fill_id,timestamp_ms,arm,venue,instrument,side,fill_price,fill_size,quote_price,spread_bps_at_placement,top5_imbalance,flow_1s,realised_vol_10s,queue_ahead,fill_reason,is_primary_pessimistic_fill,is_queue_depleted_fill,mid_1s,mid_10s,mid_60s,far_touch_exit_10s,exit_time_ms,round_trip_edge_bps,rt_net_hl,rt_net_binance_vip0,rt_net_binance_bnb,rt_net_zero_fee
1,1791441811481,A,hyperliquid,GRIFFAIN,SELL,0.01591800,628.61453357,0.01591800,12.57,0.3101,0.0000,0.00,17369.0000,queue_depleted,False,True,,,,,,,,,,
2,1791441811481,B,hyperliquid,GRIFFAIN,SELL,0.01591800,628.61453357,0.01591800,12.57,0.3101,0.0000,0.00,17369.0000,queue_depleted,False,True,,,,,,,,,,
3,1791441811481,C,hyperliquid,GRIFFAIN,SELL,0.01591800,628.61453357,0.01591800,12.57,0.3101,0.0000,0.00,17369.0000,queue_depleted,False,True,,,,,,,,,,
15,1791441829267,A,hyperliquid,GRIFFAIN,SELL,0.01592800,628.08152498,0.01592800,8.17,0.2731,0.0000,0.00,3139.0000,queue_depleted,False,True,,,,,,,,,,
16,1791441829267,B,hyperliquid,GRIFFAIN,SELL,0.01592800,628.08152498,0.01592800,8.17,0.2731,0.0000,0.00,3139.0000,queue_depleted,False,True,,,,,,,,,,
17,1791441829267,C,hyperliquid,GRIFFAIN,SELL,0.01592800,628.08152498,0.01592800,8.17,0.2731,0.0000,0.00,3139.0000,queue_depleted,False,True,,,,,,,,,,
24,1791441855210,A,hyperliquid,MINA,SELL,0.08849800,113.01095076,0.08849800,2.49,0.6051,0.0000,0.00,510.0000,queue_depleted,False,True,,,,,,,,,,
27,1791441917884,A,hyperliquid,CASHCAT,BUY,0.12164000,82.18277449,0.12164000,6.57,0.5525,0.0000,0.00,33.0000,queue_depleted,False,True,,,,,,,,,,
28,1791441921904,A,hyperliquid,CASHCAT,BUY,0.12156000,82.24022369,0.12156000,5.76,0.0939,0.0000,0.00,135.0000,queue_depleted,False,True,,,,,,,,,,
37,1791441992839,A,hyperliquid,LIT,BUY,3.56200000,2.80705694,3.56200000,2.53,0.3366,0.0000,0.00,29.0000,queue_depleted,False,True,,,,,,,,,,
42,1791442179797,B,hyperliquid,CASHCAT,BUY,0.12148000,82.30113987,0.12148000,4.12,0.6179,0.0000,0.00,107.0000,queue_depleted,False,True,,,,,,,,,,
43,1791442179797,C,hyperliquid,CASHCAT,BUY,0.12148000,82.30113987,0.12148000,4.12,0.6179,0.0000,0.00,107.0000,queue_depleted,False,True,,,,,,,,,,
45,1791442201739,B,hyperliquid,CASHCAT,SELL,0.12156000,82.29098091,0.12156000,6.58,0.3235,0.0000,0.00,119.0000,queue_depleted,False,True,,,,,,,,,,
46,1791442201739,C,hyperliquid,CASHCAT,SELL,0.12156000,82.29098091,0.12156000,6.58,0.3235,0.0000,0.00,119.0000,queue_depleted,False,True,,,,,,,,,,
48,1791442208208,A,hyperliquid,CASHCAT,BUY,0.12156000,82.25037013,0.12156000,3.29,0.1971,0.0000,0.00,114.0000,queue_depleted,False,True,,,,,,,,,,
54,1791442238734,A,hyperliquid,CASHCAT,SELL,0.12157000,82.28420966,0.12157000,6.58,0.5573,0.0000,0.00,159.0000,queue_depleted,False,True,,,,,,,,,,
57,1791442241867,A,hyperliquid,VVV,BUY,24.96200000,0.40056881,24.96200000,2.00,0.8838,0.0000,0.00,6.4500,queue_depleted,False,True,,,,,,,,,,
58,1791442241867,B,hyperliquid,VVV,BUY,24.96200000,0.40056881,24.96200000,2.00,0.8838,0.0000,0.00,6.4500,queue_depleted,False,True,,,,,,,,,,
59,1791442241867,C,hyperliquid,VVV,BUY,24.96200000,0.40056881,24.96200000,2.00,0.8838,0.0000,0.00,6.4500,queue_depleted,False,True,,,,,,,,,,
74,1791442325695,A,hyperliquid,kPEPE,SELL,0.00403300,2479.85120893,0.00403300,2.48,0.5782,0.0000,0.00,12394.0000,queue_depleted,False,True,,,,,,,,,,
81,1791442412398,A,hyperliquid,GRIFFAIN,SELL,0.01602400,624.39511723,0.01602400,10.61,0.2935,0.0000,0.00,1251.0000,queue_depleted,False,True,,,,,,,,,,
82,1791442412398,B,hyperliquid,GRIFFAIN,SELL,0.01602400,624.39511723,0.01602400,10.61,0.2935,0.0000,0.00,1251.0000,queue_depleted,False,True,,,,,,,,,,
83,1791442412398,C,hyperliquid,GRIFFAIN,SELL,0.01602400,624.39511723,0.01602400,10.61,0.2935,0.0000,0.00,1251.0000,queue_depleted,False,True,,,,,,,,,,
90,1791442431425,A,hyperliquid,VVV,SELL,24.98700000,0.40027219,24.98700000,3.20,0.7410,0.0000,0.00,1.8700,queue_depleted,False,True,,,,,,,,,,
95,1791442449946,A,hyperliquid,GRIFFAIN,SELL,0.01603700,623.88869826,0.01603700,10.61,0.3220,0.0000,0.00,1250.0000,queue_depleted,False,True,,,,,,,,,,
96,1791442449946,B,hyperliquid,GRIFFAIN,SELL,0.01603700,623.88869826,0.01603700,10.61,0.3220,0.0000,0.00,1250.0000,queue_depleted,False,True,,,,,,,,,,
97,1791442449946,C,hyperliquid,GRIFFAIN,SELL,0.01603700,623.88869826,0.01603700,10.61,0.3220,0.0000,0.00,1250.0000,queue_depleted,False,True,,,,,,,,,,
101,1791442460780,A,hyperliquid,kPEPE,SELL,0.00403600,2478.00768182,0.00403600,2.48,0.5682,0.0000,0.00,12388.0000,queue_depleted,False,True,,,,,,,,,,
106,1791442482959,A,hyperliquid,GRIFFAIN,SELL,0.01604300,623.73304226,0.01604300,13.10,0.3286,0.0000,0.00,23586.0000,queue_depleted,False,True,,,,,,,,,,
107,1791442482959,B,hyperliquid,GRIFFAIN,SELL,0.01604300,623.73304226,0.01604300,13.10,0.3286,0.0000,0.00,23586.0000,queue_depleted,False,True,,,,,,,,,,
108,1791442482959,C,hyperliquid,GRIFFAIN,SELL,0.01604300,623.73304226,0.01604300,13.10,0.3286,0.0000,0.00,23586.0000,queue_depleted,False,True,,,,,,,,,,
116,1791442500349,A,hyperliquid,GRIFFAIN,SELL,0.01604500,623.69414039,0.01604500,14.34,0.4078,0.0000,0.00,17369.0000,queue_depleted,False,True,,,,,,,,,,
138,1791442745927,A,hyperliquid,CRV,SELL,0.39170000,25.53332738,0.39170000,2.81,0.6915,0.0000,0.00,112.5000,queue_depleted,False,True,,,,,,,,,,
147,1791442812164,A,hyperliquid,kPEPE,BUY,0.00403600,2477.39378174,0.00403600,2.48,0.5042,0.0000,0.00,5821.0000,queue_depleted,False,True,,,,,,,,,,
158,1791442949856,A,hyperliquid,PONS,BUY,0.41164000,24.28953121,0.41164000,2.91,0.3792,0.0000,0.00,517.0000,queue_depleted,False,True,,,,,,,,,,
160,1791442951542,A,hyperliquid,VVV,BUY,24.93300000,0.40099447,24.93300000,4.01,0.1999,0.0000,0.00,2.0000,queue_depleted,False,True,,,,,,,,,,
162,1791442955993,A,hyperliquid,PONS,BUY,0.41143000,24.29926981,0.41143000,5.10,0.5629,931.0000,0.00,31.0000,queue_depleted,False,True,,,,,,,,,,
177,1791443020853,A,hyperliquid,kPEPE,BUY,0.00402300,2485.39828508,0.00402300,2.49,0.2679,0.0000,0.00,556.0000,queue_depleted,False,True,,,,,,,,,,
184,1791443078114,A,hyperliquid,CASHCAT,SELL,0.12211000,81.92692119,0.12211000,8.19,0.7684,0.0000,0.00,250.0000,queue_depleted,False,True,,,,,,,,,,
191,1791443122694,A,hyperliquid,kPEPE,SELL,0.00402700,2483.54650441,0.00402700,2.48,0.6021,0.0000,0.00,12706.0000,queue_depleted,False,True,,,,,,,,,,
194,1791443136354,A,hyperliquid,kPEPE,SELL,0.00403000,2481.69748108,0.00403000,2.48,0.6841,0.0000,0.00,12406.0000,queue_depleted,False,True,,,,,,,,,,
195,1791443136419,A,hyperliquid,LIT,SELL,3.54820000,2.81876735,3.54820000,3.10,0.9458,0.0000,0.00,28.0000,queue_depleted,False,True,,,,,,,,,,
198,1791443281472,A,hyperliquid,kPEPE,SELL,0.00403600,2478.00768182,0.00403600,2.48,0.5614,0.0000,0.00,12388.0000,queue_depleted,False,True,,,,,,,,,,
205,1791443416117,A,hyperliquid,AVAX,SELL,10.85800000,0.92114959,10.85800000,3.68,0.5747,1.0200,0.00,4.6000,queue_depleted,False,True,,,,,,,,,,
207,1791443444537,A,hyperliquid,kPEPE,SELL,0.00403400,2479.23639519,0.00403400,2.48,0.6709,0.0000,0.00,9504.0000,queue_depleted,False,True,,,,,,,,,,
218,1791443521236,A,hyperliquid,CASHCAT,BUY,0.12316000,81.17212549,0.12316000,5.68,0.3359,0.0000,0.00,42.0000,queue_depleted,False,True,,,,,,,,,,
222,1791443557542,A,hyperliquid,CASHCAT,SELL,0.12324000,81.15236356,0.12324000,2.43,0.6047,0.0000,0.00,92.0000,queue_depleted,False,True,,,,,,,,,,
271,1791444001609,A,hyperliquid,kPEPE,SELL,0.00405400,2467.00382386,0.00405400,2.47,0.6794,0.0000,0.00,40947.0000,queue_depleted,False,True,,,,,,,,,,
274,1791444028522,A,hyperliquid,CASHCAT,BUY,0.12407000,80.58017728,0.12407000,4.83,0.6464,0.0000,0.00,107.0000,queue_depleted,False,True,,,,,,,,,,
275,1791444028522,B,hyperliquid,CASHCAT,BUY,0.12407000,80.58017728,0.12407000,4.83,0.6464,0.0000,0.00,107.0000,queue_depleted,False,True,,,,,,,,,,
276,1791444028522,C,hyperliquid,CASHCAT,BUY,0.12407000,80.58017728,0.12407000,4.83,0.6464,0.0000,0.00,107.0000,queue_depleted,False,True,,,,,,,,,,
282,1791444089009,A,hyperliquid,kPEPE,SELL,0.00405600,2465.78720256,0.00405600,2.47,0.5938,0.0000,0.00,12324.0000,queue_depleted,False,True,,,,,,,,,,
289,1791444131240,A,hyperliquid,CASHCAT,SELL,0.12436000,80.43758044,0.12436000,6.44,0.5307,0.0000,0.00,207.0000,queue_depleted,False,True,,,,,,,,,,
291,1791444135011,A,hyperliquid,VVV,SELL,25.05300000,0.39923347,25.05300000,3.99,0.2690,0.0000,0.00,12.0300,queue_depleted,False,True,,,,,,,,,,
292,1791444135011,B,hyperliquid,VVV,SELL,25.05300000,0.39923347,25.05300000,3.99,0.2690,0.0000,0.00,12.0300,queue_depleted,False,True,,,,,,,,,,
293,1791444135011,C,hyperliquid,VVV,SELL,25.05300000,0.39923347,25.05300000,3.99,0.2690,0.0000,0.00,12.0300,queue_depleted,False,True,,,,,,,,,,
297,1791444152187,A,hyperliquid,CASHCAT,SELL,0.12449000,80.36001286,0.12449000,8.04,0.6784,0.0000,0.00,156.0000,queue_depleted,False,True,,,,,,,,,,
299,1791444156657,A,hyperliquid,CASHCAT,SELL,0.12452000,80.32451102,0.12452000,4.02,0.7604,0.0000,0.00,134.0000,queue_depleted,False,True,,,,,,,,,,
321,1791444624932,A,binance,HEMIUSDT,SELL,0.00624000,1603.84923817,0.00624000,16.04,0.3935,0.0000,0.00,369747.7000,queue_depleted,False,True,,,,,,,,,,
322,1791444624932,B,binance,HEMIUSDT,SELL,0.00624000,1603.84923817,0.00624000,16.04,0.3935,0.0000,0.00,369747.7000,queue_depleted,False,True,,,,,,,,,,
323,1791444624932,C,binance,HEMIUSDT,SELL,0.00624000,1603.84923817,0.00624000,16.04,0.3935,0.0000,0.00,369747.7000,queue_depleted,False,True,,,,,,,,,,
327,1791444631429,A,binance,ENAUSDT,SELL,0.22160000,45.13653803,0.22160000,4.51,0.5433,0.0000,0.96,47.3800,queue_depleted,False,True,,,,,,,,,,
335,1791444633165,A,hyperliquid,VVV,BUY,24.99400000,0.40003200,24.99400000,3.20,0.1173,0.0000,0.00,2.1500,queue_depleted,False,True,,,,,,,,,,
344,1791444650883,A,binance,MOVRUSDT,BUY,1.90600000,5.24521374,1.90600000,5.25,0.5449,0.0000,1.12,2.9000,queue_depleted,False,True,,,,,,,,,,
349,1791444673388,A,hyperliquid,GRAM,SELL,1.42780000,7.00451791,1.42780000,2.10,0.3968,0.0000,0.00,103.0000,queue_depleted,False,True,,,,,,,,,,
350,1791444673388,B,hyperliquid,GRAM,SELL,1.42780000,7.00451791,1.42780000,2.10,0.3968,0.0000,0.00,103.0000,queue_depleted,False,True,,,,,,,,,,
351,1791444673388,C,hyperliquid,GRAM,SELL,1.42780000,7.00451791,1.42780000,2.10,0.3968,0.0000,0.00,103.0000,queue_depleted,False,True,,,,,,,,,,
360,1791444712176,A,binance,ADAUSDT,SELL,0.25390000,39.39334253,0.25390000,3.94,0.5772,0.0000,0.00,2567.1000,queue_depleted,False,True,,,,,,,,,,
362,1791444720449,A,binance,ORCAUSDT,SELL,2.73000000,3.66367467,2.73000000,3.66,0.4335,0.0000,0.46,17.7600,queue_depleted,False,True,,,,,,,,,,
363,1791444721003,A,binance,FETUSDT,SELL,0.23290000,42.94610264,0.23290000,4.29,0.4926,0.0000,0.81,2422.6000,queue_depleted,False,True,,,,,,,,,,
364,1791444721012,A,hyperliquid,CASHCAT,SELL,0.12421000,80.52502315,0.12421000,4.03,0.5269,0.0000,0.00,368.0000,queue_depleted,False,True,,,,,,,,,,
366,1791444724107,A,binance,ORCAUSDT,SELL,2.73200000,3.66166239,2.73200000,7.32,0.3418,34.2400,1.12,1296.7100,queue_depleted,False,True,,,,,,,,,,
367,1791444724107,B,binance,ORCAUSDT,SELL,2.73200000,3.66166239,2.73200000,7.32,0.3418,34.2400,1.12,1296.7100,queue_depleted,False,True,,,,,,,,,,
368,1791444724107,C,binance,ORCAUSDT,SELL,2.73200000,3.66166239,2.73200000,7.32,0.3418,34.2400,1.12,1296.7100,queue_depleted,False,True,,,,,,,,,,
374,1791444768857,A,binance,FETUSDT,BUY,0.23280000,42.94610264,0.23280000,4.29,0.4335,0.0000,0.99,151.3000,queue_depleted,False,True,,,,,,,,,,
377,1791444790758,A,binance,TAOUSDT,BUY,286.20000000,0.03493450,286.20000000,3.49,0.5671,0.0000,0.48,5.0492,queue_depleted,False,True,,,,,,,,,,
381,1791444806331,A,binance,ENAUSDT,BUY,0.22190000,45.05519261,0.22190000,4.51,0.5704,70.9800,1.23,47.3200,queue_depleted,False,True,,,,,,,,,,
391,1791444826027,A,binance,ADAUSDT,BUY,0.25370000,39.40886700,0.25370000,3.94,0.4873,0.0000,0.63,187.9000,queue_depleted,False,True,,,,,,,,,,
395,1791444845457,A,binance,ZROUSDT,SELL,2.11500000,4.72925041,2.11500000,4.73,0.7480,0.0000,0.68,86.2500,queue_depleted,False,True,,,,,,,,,,
396,1791444855030,A,hyperliquid,VVV,SELL,25.00400000,0.39999200,25.00400000,2.80,0.1376,0.0000,0.00,20.0000,queue_depleted,False,True,,,,,,,,,,
397,1791444855030,B,hyperliquid,VVV,SELL,25.00400000,0.39999200,25.00400000,2.80,0.1376,0.0000,0.00,20.0000,queue_depleted,False,True,,,,,,,,,,
398,1791444855030,C,hyperliquid,VVV,SELL,25.00400000,0.39999200,25.00400000,2.80,0.1376,0.0000,0.00,20.0000,queue_depleted,False,True,,,,,,,,,,
402,1791444871729,A,binance,ADAUSDT,SELL,0.25390000,39.39334253,0.25390000,3.94,0.5875,0.0000,0.53,2787.7000,queue_depleted,False,True,,,,,,,,,,
403,1791444871730,A,binance,FETUSDT,SELL,0.23250000,43.02000430,0.23250000,4.30,0.5384,0.0000,0.70,2146.3000,queue_depleted,False,True,,,,,,,,,,
406,1791444885637,A,binance,FETUSDT,BUY,0.23250000,43.00150505,0.23250000,4.30,0.5767,0.0000,0.00,3851.9000,queue_depleted,False,True,,,,,,,,,,
408,1791444890000,A,binance,ZROUSDT,BUY,2.11500000,4.72701489,2.11500000,4.73,0.5773,0.0000,0.84,241.2000,queue_depleted,False,True,,,,,,,,,,
410,1791444892254,A,binance,FETUSDT,BUY,0.23250000,43.00150505,0.23250000,4.30,0.5466,0.0000,0.00,22.6000,queue_depleted,False,True,,,,,,,,,,
413,1791444904625,A,binance,FETUSDT,SELL,0.23250000,43.02000430,0.23250000,4.30,0.6933,0.0000,0.00,22.6000,queue_depleted,False,True,,,,,,,,,,
414,1791444905691,A,binance,ZROUSDT,SELL,2.11400000,4.73148805,2.11400000,4.73,0.6555,0.0000,0.57,114.4400,queue_depleted,False,True,,,,,,,,,,
415,1791444909478,A,binance,FETUSDT,BUY,0.23250000,43.00150505,0.23250000,4.30,0.4760,0.0000,0.72,303.8000,queue_depleted,False,True,,,,,,,,,,
416,1791444912517,A,hyperliquid,ZRO,BUY,2.11390000,4.73003335,2.11390000,2.37,0.4780,0.0000,0.00,30.5000,queue_depleted,False,True,,,,,,,,,,
419,1791444925635,B,binance,FETUSDT,BUY,0.23230000,43.03851947,0.23230000,4.30,0.6139,0.0000,0.75,1126.3000,queue_depleted,False,True,,,,,,,,,,
420,1791444925635,C,binance,FETUSDT,BUY,0.23230000,43.03851947,0.23230000,4.30,0.6139,0.0000,0.75,1126.3000,queue_depleted,False,True,,,,,,,,,,
423,1791444925784,A,binance,ENAUSDT,SELL,0.22120000,45.21817771,0.22120000,4.52,0.6976,0.0000,0.89,70.5300,queue_depleted,False,True,,,,,,,,,,
427,1791444939023,A,binance,ZROUSDT,SELL,2.11400000,4.73148805,2.11400000,4.73,0.7360,0.0000,0.57,99.2900,queue_depleted,False,True,,,,,,,,,,
431,1791444945635,A,binance,FETUSDT,BUY,0.23230000,43.03851947,0.23230000,4.30,0.5029,0.0000,0.00,22.6000,queue_depleted,False,True,,,,,,,,,,
433,1791444947441,A,binance,FETUSDT,BUY,0.23220000,43.05705059,0.23220000,4.31,0.5551,0.0000,0.81,46.3000,queue_depleted,False,True,,,,,,,,,,
439,1791444955856,A,binance,FETUSDT,BUY,0.23220000,43.05705059,0.23220000,4.31,0.5535,0.0000,1.22,5910.9000,queue_depleted,False,True,,,,,,,,,,
443,1791444960089,A,binance,ADAUSDT,SELL,0.25370000,39.42440371,0.25370000,3.94,0.5910,0.0000,0.00,2228.2000,queue_depleted,False,True,,,,,,,,,,
444,1791444961143,A,hyperliquid,CASHCAT,SELL,0.12440000,80.39877794,0.12440000,3.22,0.4095,0.0000,0.00,1700.0000,queue_depleted,False,True,,,,,,,,,,
450,1791444969386,A,hyperliquid,CASHCAT,BUY,0.12444000,80.35032743,0.12444000,2.41,0.4319,0.0000,0.00,135.0000,queue_depleted,False,True,,,,,,,,,,
452,1791444984114,A,binance,FETUSDT,SELL,0.23230000,43.05705059,0.23230000,4.31,0.5494,0.0000,0.69,5812.6000,queue_depleted,False,True,,,,,,,,,,
453,1791444984545,A,hyperliquid,CASHCAT,SELL,0.12447000,80.37616043,0.12447000,8.84,0.6330,0.0000,0.00,1903.0000,queue_depleted,False,True,,,,,,,,,,
455,1791444985883,A,hyperliquid,PONS,BUY,0.40518000,24.67764822,0.40518000,2.22,0.0236,0.0000,0.00,31.0000,queue_depleted,False,True,,,,,,,,,,
461,1791444996216,A,hyperliquid,CASHCAT,BUY,0.12428000,80.43434547,0.12428000,7.24,0.8572,0.0000,0.00,386.0000,queue_depleted,False,True,,,,,,,,,,
462,1791444996216,B,hyperliquid,CASHCAT,BUY,0.12428000,80.43434547,0.12428000,7.24,0.8572,0.0000,0.00,386.0000,queue_depleted,False,True,,,,,,,,,,
463,1791444996216,C,hyperliquid,CASHCAT,BUY,0.12428000,80.43434547,0.12428000,7.24,0.8572,0.0000,0.00,386.0000,queue_depleted,False,True,,,,,,,,,,
464,1791445002933,A,binance,FETUSDT,SELL,0.23230000,43.05705059,0.23230000,4.31,0.5691,0.0000,0.94,4114.6000,queue_depleted,False,True,,,,,,,,,,
469,1791445027279,A,binance,ADAUSDT,BUY,0.25400000,39.36233025,0.25400000,3.94,0.4419,0.0000,0.72,120.7000,queue_depleted,False,True,,,,,,,,,,
483,1791445092107,A,hyperliquid,kPEPE,BUY,0.00406400,2460.32722352,0.00406400,2.46,0.5348,0.0000,0.00,7726.0000,queue_depleted,False,True,,,,,,,,,,
485,1791445095078,A,hyperliquid,VVV,SELL,25.04800000,0.39928129,25.04800000,2.40,0.0622,0.0000,0.00,3.9900,queue_depleted,False,True,,,,,,,,,,
486,1791445095078,B,hyperliquid,VVV,SELL,25.04800000,0.39928129,25.04800000,2.40,0.0622,0.0000,0.00,3.9900,queue_depleted,False,True,,,,,,,,,,
487,1791445095078,C,hyperliquid,VVV,SELL,25.04800000,0.39928129,25.04800000,2.40,0.0622,0.0000,0.00,3.9900,queue_depleted,False,True,,,,,,,,,,
492,1791445102838,A,binance,ADAUSDT,SELL,0.25400000,39.37783028,0.25400000,3.94,0.5561,0.0000,0.00,1756.4000,queue_depleted,False,True,,,,,,,,,,
493,1791445103426,A,hyperliquid,VVV,BUY,25.06300000,0.39893087,25.06300000,3.19,0.0400,0.0000,0.00,1.9600,queue_depleted,False,True,,,,,,,,,,
495,1791445104002,A,binance,TAOUSDT,SELL,286.50000000,0.03491011,286.50000000,3.49,0.5428,0.0000,0.50,0.0184,queue_depleted,False,True,,,,,,,,,,
497,1791445111475,A,binance,ENAUSDT,SELL,0.22210000,45.03490205,0.22210000,4.50,0.5412,0.0000,0.61,35318.3800,queue_depleted,False,True,,,,,,,,,,
507,1791445133884,A,hyperliquid,VVV,SELL,25.06700000,0.39898657,25.06700000,2.79,0.1183,0.0000,0.00,1.9000,queue_depleted,False,True,,,,,,,,,,
508,1791445133884,B,hyperliquid,VVV,SELL,25.06700000,0.39898657,25.06700000,2.79,0.1183,0.0000,0.00,1.9000,queue_depleted,False,True,,,,,,,,,,
509,1791445133884,C,hyperliquid,VVV,SELL,25.06700000,0.39898657,25.06700000,2.79,0.1183,0.0000,0.00,1.9000,queue_depleted,False,True,,,,,,,,,,
513,1791445142580,A,binance,ADAUSDT,BUY,0.25390000,39.37783028,0.25390000,3.94,0.4710,0.0000,0.58,6054.2000,queue_depleted,False,True,,,,,,,,,,
514,1791445152791,A,binance,TAOUSDT,BUY,286.30000000,0.03492230,286.30000000,3.49,0.4429,0.0000,0.81,0.0646,queue_depleted,False,True,,,,,,,,,,
518,1791445167296,A,hyperliquid,CRV,SELL,0.39498000,25.32158412,0.39498000,3.04,0.7498,0.0000,0.00,110.7000,queue_depleted,False,True,,,,,,,,,,
525,1791445214541,B,hyperliquid,CASHCAT,BUY,0.12380000,80.73305615,0.12380000,10.50,0.6517,0.0000,0.00,88.0000,queue_depleted,False,True,,,,,,,,,,
526,1791445214541,C,hyperliquid,CASHCAT,BUY,0.12380000,80.73305615,0.12380000,10.50,0.6517,0.0000,0.00,88.0000,queue_depleted,False,True,,,,,,,,,,
530,1791445218328,A,binance,RAYUSDT,SELL,2.50720000,3.98946780,2.50720000,4.79,0.6739,320.0000,1.07,2.2000,queue_depleted,False,True,,,,,,,,,,
531,1791445220912,A,binance,ZROUSDT,SELL,2.11800000,4.72255018,2.11800000,4.72,0.3946,14.1000,1.26,224.1300,queue_depleted,False,True,,,,,,,,,,
534,1791445229359,A,binance,ENAUSDT,BUY,0.22170000,45.09582864,0.22170000,4.51,0.6219,0.0000,0.78,152.3800,queue_depleted,False,True,,,,,,,,,,
535,1791445229359,B,binance,ENAUSDT,BUY,0.22170000,45.09582864,0.22170000,4.51,0.6219,0.0000,0.78,152.3800,queue_depleted,False,True,,,,,,,,,,
536,1791445229359,C,binance,ENAUSDT,BUY,0.22170000,45.09582864,0.22170000,4.51,0.6219,0.0000,0.78,152.3800,queue_depleted,False,True,,,,,,,,,,
541,1791445231502,A,binance,ZROUSDT,BUY,2.11800000,4.72032098,2.11800000,4.72,0.3404,0.0000,1.35,49.7100,queue_depleted,False,True,,,,,,,,,,
542,1791445231545,A,hyperliquid,kPEPE,BUY,0.00405500,2465.78720256,0.00405500,2.47,0.3979,0.0000,0.00,9853.0000,queue_depleted,False,True,,,,,,,,,,
553,1791445264489,A,hyperliquid,CASHCAT,SELL,0.12391000,80.72653885,0.12391000,5.65,0.7323,0.0000,0.00,2009.0000,queue_depleted,False,True,,,,,,,,,,
558,1791445276017,A,hyperliquid,kPEPE,BUY,0.00405300,2467.00382386,0.00405300,2.47,0.3948,0.0000,0.00,3166.0000,queue_depleted,False,True,,,,,,,,,,
560,1791445283136,A,hyperliquid,kPEPE,BUY,0.00405200,2467.61258482,0.00405200,2.47,0.4931,0.0000,0.00,461874.0000,queue_depleted,False,True,,,,,,,,,,
562,1791445286734,A,hyperliquid,VVV,BUY,25.00500000,0.39987204,25.00500000,2.40,0.3322,0.0000,0.00,1.8100,queue_depleted,False,True,,,,,,,,,,
564,1791445290592,A,hyperliquid,CASHCAT,BUY,0.12396000,80.65491793,0.12396000,4.03,0.5118,0.0000,0.00,4.0000,queue_depleted,False,True,,,,,,,,,,
565,1791445295894,A,hyperliquid,CASHCAT,BUY,0.12388000,80.69396813,0.12388000,7.26,0.4633,100.0000,0.00,101.0000,queue_depleted,False,True,,,,,,,,,,
568,1791445305043,A,hyperliquid,VVV,SELL,25.00900000,0.39990402,25.00900000,2.40,0.1241,0.0000,0.00,19.2800,queue_depleted,False,True,,,,,,,,,,
569,1791445305043,B,hyperliquid,VVV,SELL,25.00900000,0.39990402,25.00900000,2.40,0.1241,0.0000,0.00,19.2800,queue_depleted,False,True,,,,,,,,,,
570,1791445305043,C,hyperliquid,VVV,SELL,25.00900000,0.39990402,25.00900000,2.40,0.1241,0.0000,0.00,19.2800,queue_depleted,False,True,,,,,,,,,,
575,1791445307636,A,binance,TAOUSDT,BUY,286.00000000,0.03495892,286.00000000,3.50,0.4834,0.0000,0.88,1.6356,queue_depleted,False,True,,,,,,,,,,
577,1791445318509,A,hyperliquid,CASHCAT,BUY,0.12388000,80.70048017,0.12388000,5.65,0.4247,0.0000,0.00,10.0000,queue_depleted,False,True,,,,,,,,,,
578,1791445325400,A,binance,ENAUSDT,SELL,0.22190000,45.07550146,0.22190000,4.51,0.6147,0.0000,0.00,47.3400,queue_depleted,False,True,,,,,,,,,,
579,1791445329938,A,binance,ADAUSDT,SELL,0.25360000,39.43995267,0.25360000,3.94,0.5958,0.0000,0.00,3586.0000,queue_depleted,False,True,,,,,,,,,,
580,1791445334903,A,hyperliquid,CASHCAT,BUY,0.12390000,80.69396813,0.12390000,4.03,0.7794,0.0000,0.00,807.0000,queue_depleted,False,True,,,,,,,,,,
581,1791445334903,B,hyperliquid,CASHCAT,BUY,0.12390000,80.69396813,0.12390000,4.03,0.7794,0.0000,0.00,807.0000,queue_depleted,False,True,,,,,,,,,,
582,1791445334903,C,hyperliquid,CASHCAT,BUY,0.12390000,80.69396813,0.12390000,4.03,0.7794,0.0000,0.00,807.0000,queue_depleted,False,True,,,,,,,,,,
583,1791445335038,A,hyperliquid,VVV,SELL,25.00300000,0.40000800,25.00300000,2.80,0.3315,0.0000,0.00,8.3600,queue_depleted,False,True,,,,,,,,,,
584,1791445335038,B,hyperliquid,VVV,SELL,25.00300000,0.40000800,25.00300000,2.80,0.3315,0.0000,0.00,8.3600,queue_depleted,False,True,,,,,,,,,,
585,1791445335038,C,hyperliquid,VVV,SELL,25.00300000,0.40000800,25.00300000,2.80,0.3315,0.0000,0.00,8.3600,queue_depleted,False,True,,,,,,,,,,
593,1791445341843,A,binance,ENAUSDT,BUY,0.22200000,45.03490205,0.22200000,4.50,0.5171,1215.8000,0.00,15908.0800,queue_depleted,False,True,,,,,,,,,,
596,1791445358084,A,binance,ORCAUSDT,SELL,2.72400000,3.67174592,2.72400000,3.67,0.6352,2.4300,0.92,51.5700,queue_depleted,False,True,,,,,,,,,,
599,1791445372411,A,binance,ZROUSDT,BUY,2.11900000,4.71809389,2.11900000,4.72,0.5306,0.0000,0.00,380.2300,queue_depleted,False,True,,,,,,,,,,
601,1791445375810,A,binance,ZROUSDT,BUY,2.11700000,4.72255018,2.11700000,4.72,0.5834,1366.4500,2.41,94.5000,queue_depleted,False,True,,,,,,,,,,
604,1791445383097,A,binance,ENAUSDT,BUY,0.22170000,45.09582864,0.22170000,4.51,0.6058,1235.3000,0.63,152.3700,queue_depleted,False,True,,,,,,,,,,
605,1791445383097,B,binance,ENAUSDT,BUY,0.22170000,45.09582864,0.22170000,4.51,0.6058,1235.3000,0.63,152.3700,queue_depleted,False,True,,,,,,,,,,
611,1791445432672,A,binance,XLMUSDT,BUY,0.19940000,50.13787917,0.19940000,5.01,0.4223,0.0000,0.00,4751.0000,queue_depleted,False,True,,,,,,,,,,
612,1791445433106,A,binance,TAOUSDT,BUY,285.80000000,0.03498338,285.80000000,3.50,0.4327,0.0000,0.67,0.0184,queue_depleted,False,True,,,,,,,,,,
616,1791445437342,A,binance,FETUSDT,BUY,0.23170000,43.14994606,0.23170000,4.31,0.5347,0.0000,0.00,22.7000,queue_depleted,False,True,,,,,,,,,,
618,1791445443599,A,binance,FETUSDT,BUY,0.23160000,43.16857328,0.23160000,4.32,0.5969,0.0000,0.68,8014.7000,queue_depleted,False,True,,,,,,,,,,
619,1791445447084,A,binance,FETUSDT,SELL,0.23160000,43.18721658,0.23160000,4.32,0.6446,0.0000,0.95,1909.5000,queue_depleted,False,True,,,,,,,,,,
621,1791445449107,A,binance,FETUSDT,SELL,0.23160000,43.18721658,0.23160000,4.32,0.6451,0.0000,0.72,1102.7000,queue_depleted,False,True,,,,,,,,,,
625,1791445456723,A,binance,XLMUSDT,BUY,0.19930000,50.16302985,0.19930000,5.02,0.4743,0.0000,0.00,68130.0000,queue_depleted,False,True,,,,,,,,,,
626,1791445461997,A,binance,FETUSDT,SELL,0.23160000,43.18721658,0.23160000,4.32,0.7068,0.0000,0.00,150.0000,queue_depleted,False,True,,,,,,,,,,
627,1791445464947,A,binance,FETUSDT,BUY,0.23160000,43.16857328,0.23160000,4.32,0.5157,0.0000,0.79,0.4000,queue_depleted,False,True,,,,,,,,,,
628,1791445469065,A,binance,RAYUSDT,SELL,2.49730000,4.00496616,2.49730000,3.20,0.6226,0.0000,0.48,12.7000,queue_depleted,False,True,,,,,,,,,,
639,1791445496076,A,binance,RAYUSDT,SELL,2.49920000,4.00208108,2.49920000,4.00,0.5771,0.0000,0.33,23.2000,queue_depleted,False,True,,,,,,,,,,
641,1791445501133,A,binance,ENAUSDT,BUY,0.22120000,45.19774011,0.22120000,4.52,0.6073,0.0000,0.00,4566.3100,queue_depleted,False,True,,,,,,,,,,
645,1791445523055,A,hyperliquid,JUP,BUY,0.37845000,26.41903227,0.37845000,3.43,0.0640,0.0000,0.00,132.0000,queue_depleted,False,True,,,,,,,,,,
655,1791445531632,A,binance,FETUSDT,BUY,0.23150000,43.18721658,0.23150000,4.32,0.4770,0.0000,0.72,22.7000,queue_depleted,False,True,,,,,,,,,,
657,1791445538755,A,hyperliquid,CASHCAT,BUY,0.12396000,80.64516129,0.12396000,6.45,0.5854,0.0000,0.00,88.0000,queue_depleted,False,True,,,,,,,,,,
659,1791445545670,A,binance,FETUSDT,SELL,0.23150000,43.20587600,0.23150000,4.32,0.6215,0.0000,0.00,1544.4000,queue_depleted,False,True,,,,,,,,,,
660,1791445551870,A,binance,FETUSDT,BUY,0.23150000,43.18721658,0.23150000,4.32,0.4921,0.0000,1.34,22.7000,queue_depleted,False,True,,,,,,,,,,
669,1791445568368,A,binance,ADAUSDT,BUY,0.25270000,39.56478734,0.25270000,3.96,0.4430,0.0000,0.50,12585.4000,queue_depleted,False,True,,,,,,,,,,
670,1791445571875,A,hyperliquid,CASHCAT,BUY,0.12388000,80.69071250,0.12388000,8.07,0.1907,0.0000,0.00,101.0000,queue_depleted,False,True,,,,,,,,,,
676,1791445608933,A,hyperliquid,VVV,BUY,24.90500000,0.40147744,24.90500000,2.41,0.3526,0.0000,0.00,1.7000,queue_depleted,False,True,,,,,,,,,,
678,1791445614725,A,hyperliquid,CASHCAT,BUY,0.12372000,80.79502303,0.12372000,8.08,0.2980,0.0000,0.00,66.0000,queue_depleted,False,True,,,,,,,,,,
680,1791445633263,A,binance,TAOUSDT,BUY,285.00000000,0.03508156,285.00000000,3.51,0.4293,0.0000,0.57,0.0370,queue_depleted,False,True,,,,,,,,,,
681,1791445635063,A,hyperliquid,VVV,SELL,24.91200000,0.40145326,24.91200000,2.01,0.8904,0.0000,0.00,20.0700,queue_depleted,False,True,,,,,,,,,,
684,1791445635528,A,binance,TAOUSDT,BUY,284.80000000,0.03510620,284.80000000,3.51,0.5034,0.6634,0.93,1.6108,queue_depleted,False,True,,,,,,,,,,
686,1791445640306,A,hyperliquid,kPEPE,BUY,0.00404400,2472.49350970,0.00404400,2.47,0.5506,0.0000,0.00,2720.0000,queue_depleted,False,True,,,,,,,,,,
694,1791445684515,A,binance,RAYUSDT,SELL,2.49200000,4.01356585,2.49200000,3.61,0.1107,0.0000,0.27,20.8000,queue_depleted,False,True,,,,,,,,,,
695,1791445684515,B,binance,RAYUSDT,SELL,2.49200000,4.01356585,2.49200000,3.61,0.1107,0.0000,0.27,20.8000,queue_depleted,False,True,,,,,,,,,,
696,1791445684515,C,binance,RAYUSDT,SELL,2.49200000,4.01356585,2.49200000,3.61,0.1107,0.0000,0.27,20.8000,queue_depleted,False,True,,,,,,,,,,
700,1791445687041,A,binance,RAYUSDT,SELL,2.49220000,4.01324370,2.49220000,3.61,0.2121,0.0000,0.34,1033.0000,queue_depleted,False,True,,,,,,,,,,
701,1791445687041,B,binance,RAYUSDT,SELL,2.49220000,4.01324370,2.49220000,3.61,0.2121,0.0000,0.34,1033.0000,queue_depleted,False,True,,,,,,,,,,
702,1791445687041,C,binance,RAYUSDT,SELL,2.49220000,4.01324370,2.49220000,3.61,0.2121,0.0000,0.34,1033.0000,queue_depleted,False,True,,,,,,,,,,
706,1791445691224,A,binance,FETUSDT,SELL,0.23090000,43.31817197,0.23090000,4.33,0.6398,0.0000,0.00,622.8000,queue_depleted,False,True,,,,,,,,,,
707,1791445693120,A,binance,XLMUSDT,SELL,0.19900000,50.26388540,0.19900000,5.03,0.5533,0.0000,0.00,2604.0000,queue_depleted,False,True,,,,,,,,,,
710,1791445696858,A,binance,ENAUSDT,SELL,0.22020000,45.42357484,0.22020000,4.54,0.5709,0.0000,0.69,1328.6800,queue_depleted,False,True,,,,,,,,,,
711,1791445701556,A,binance,FETUSDT,SELL,0.23100000,43.29941546,0.23100000,4.33,0.5592,0.0000,0.00,15242.9000,queue_depleted,False,True,,,,,,,,,,
713,1791445715207,A,binance,ADAUSDT,SELL,0.25250000,39.61180432,0.25250000,3.96,0.5741,0.0000,0.00,2012.6000,queue_depleted,False,True,,,,,,,,,,
718,1791445725282,A,binance,FETUSDT,BUY,0.23120000,43.24324324,0.23120000,4.32,0.5977,0.0000,0.67,4367.1000,queue_depleted,False,True,,,,,,,,,,
720,1791445727305,A,binance,FETUSDT,SELL,0.23120000,43.26195111,0.23120000,4.33,0.7154,0.0000,0.98,22.8000,queue_depleted,False,True,,,,,,,,,,
730,1791445765027,A,binance,ADAUSDT,SELL,0.25260000,39.59611958,0.25260000,3.96,0.5917,0.0000,0.78,6390.6000,queue_depleted,False,True,,,,,,,,,,
731,1791445768970,A,binance,XLMUSDT,BUY,0.19910000,50.21340698,0.19910000,5.02,0.5105,0.0000,0.00,30635.0000,queue_depleted,False,True,,,,,,,,,,
732,1791445769263,A,binance,RAYUSDT,BUY,2.49130000,4.01316318,2.49130000,4.01,0.2177,0.0000,0.46,10.0000,queue_depleted,False,True,,,,,,,,,,
734,1791445770415,A,binance,FETUSDT,BUY,0.23110000,43.26195111,0.23110000,4.33,0.5626,0.0000,0.94,122.8000,queue_depleted,False,True,,,,,,,,,,
736,1791445795035,A,binance,TAOUSDT,BUY,284.70000000,0.03511853,284.70000000,3.51,0.4143,16.3694,0.59,0.5484,queue_depleted,False,True,,,,,,,,,,
739,1791445808329,A,binance,TAOUSDT,BUY,284.60000000,0.03513086,284.60000000,3.51,0.4282,0.0000,0.00,0.0834,queue_depleted,False,True,,,,,,,,,,
741,1791445811278,A,binance,TAOUSDT,SELL,284.50000000,0.03515556,284.50000000,3.52,0.5549,0.0000,0.68,0.0370,queue_depleted,False,True,,,,,,,,,,
754,1791445864198,A,binance,ZROUSDT,BUY,2.10700000,4.74495848,2.10700000,4.74,0.7733,0.0000,0.71,3.0000,queue_depleted,False,True,,,,,,,,,,
755,1791445864198,B,binance,ZROUSDT,BUY,2.10700000,4.74495848,2.10700000,4.74,0.7733,0.0000,0.71,3.0000,queue_depleted,False,True,,,,,,,,,,
756,1791445864198,C,binance,ZROUSDT,BUY,2.10700000,4.74495848,2.10700000,4.74,0.7733,0.0000,0.71,3.0000,queue_depleted,False,True,,,,,,,,,,
757,1791445865020,A,binance,ZROUSDT,BUY,2.10600000,4.74721101,2.10600000,4.75,0.7625,3.0000,0.95,90.7100,queue_depleted,False,True,,,,,,,,,,
758,1791445865020,B,binance,ZROUSDT,BUY,2.10600000,4.74721101,2.10600000,4.75,0.7625,3.0000,0.95,90.7100,queue_depleted,False,True,,,,,,,,,,
759,1791445865020,C,binance,ZROUSDT,BUY,2.10600000,4.74721101,2.10600000,4.75,0.7625,3.0000,0.95,90.7100,queue_depleted,False,True,,,,,,,,,,
760,1791445868727,A,hyperliquid,kPEPE,BUY,0.00403500,2478.00768182,0.00403500,2.48,0.5019,0.0000,0.00,7134.0000,queue_depleted,False,True,,,,,,,,,,
763,1791445875647,A,binance,ENAUSDT,BUY,0.22000000,45.44421722,0.22000000,4.54,0.5415,0.0000,0.66,47.7200,queue_depleted,False,True,,,,,,,,,,
764,1791445878783,A,hyperliquid,CASHCAT,BUY,0.12356000,80.89633135,0.12356000,8.90,0.3405,0.0000,0.00,87.0000,queue_depleted,False,True,,,,,,,,,,
767,1791445893133,A,hyperliquid,MON,BUY,0.02606100,383.67096378,0.02606100,2.30,0.7367,0.0000,0.00,1662.0000,queue_depleted,False,True,,,,,,,,,,
768,1791445893133,B,hyperliquid,MON,BUY,0.02606100,383.67096378,0.02606100,2.30,0.7367,0.0000,0.00,1662.0000,queue_depleted,False,True,,,,,,,,,,
769,1791445893133,C,hyperliquid,MON,BUY,0.02606100,383.67096378,0.02606100,2.30,0.7367,0.0000,0.00,1662.0000,queue_depleted,False,True,,,,,,,,,,
780,1791445907791,A,hyperliquid,CASHCAT,SELL,0.12364000,80.90942190,0.12364000,7.28,0.2610,0.0000,0.00,83.0000,queue_depleted,False,True,,,,,,,,,,
781,1791445907791,B,hyperliquid,CASHCAT,SELL,0.12364000,80.90942190,0.12364000,7.28,0.2610,0.0000,0.00,83.0000,queue_depleted,False,True,,,,,,,,,,
782,1791445907791,C,hyperliquid,CASHCAT,SELL,0.12364000,80.90942190,0.12364000,7.28,0.2610,0.0000,0.00,83.0000,queue_depleted,False,True,,,,,,,,,,
786,1791445933400,A,hyperliquid,CASHCAT,SELL,0.12372000,80.86362350,0.12372000,8.89,0.3348,0.0000,0.00,313.0000,queue_depleted,False,True,,,,,,,,,,
787,1791445933400,B,hyperliquid,CASHCAT,SELL,0.12372000,80.86362350,0.12372000,8.89,0.3348,0.0000,0.00,313.0000,queue_depleted,False,True,,,,,,,,,,
788,1791445933400,C,hyperliquid,CASHCAT,SELL,0.12372000,80.86362350,0.12372000,8.89,0.3348,0.0000,0.00,313.0000,queue_depleted,False,True,,,,,,,,,,
812,1791445980450,A,binance,TAOUSDT,BUY,284.70000000,0.03511853,284.70000000,3.51,0.4158,0.0000,0.00,0.0370,queue_depleted,False,True,,,,,,,,,,
817,1791446000395,A,binance,ZROUSDT,BUY,2.11100000,4.73596969,2.11100000,4.74,0.5182,0.0000,0.00,26.3000,queue_depleted,False,True,,,,,,,,,,
818,1791446000730,A,binance,TAOUSDT,BUY,284.70000000,0.03511853,284.70000000,3.51,0.4097,0.0000,0.57,0.0370,queue_depleted,False,True,,,,,,,,,,
819,1791446003124,A,binance,ZROUSDT,BUY,2.11000000,4.73821369,2.11000000,4.74,0.5461,0.0000,0.93,3.0000,queue_depleted,False,True,,,,,,,,,,
823,1791446009214,A,binance,ADAUSDT,BUY,0.25230000,39.62750149,0.25230000,3.96,0.5165,0.0000,0.70,10891.4000,queue_depleted,False,True,,,,,,,,,,
825,1791446022306,A,binance,TAOUSDT,BUY,284.70000000,0.03511853,284.70000000,3.51,0.4355,0.0000,0.53,0.0370,queue_depleted,False,True,,,,,,,,,,
827,1791446029474,A,hyperliquid,CASHCAT,SELL,0.12380000,80.81134591,0.12380000,8.89,0.2448,0.0000,0.00,83.0000,queue_depleted,False,True,,,,,,,,,,
828,1791446029474,B,hyperliquid,CASHCAT,SELL,0.12380000,80.81134591,0.12380000,8.89,0.2448,0.0000,0.00,83.0000,queue_depleted,False,True,,,,,,,,,,
829,1791446029474,C,hyperliquid,CASHCAT,SELL,0.12380000,80.81134591,0.12380000,8.89,0.2448,0.0000,0.00,83.0000,queue_depleted,False,True,,,,,,,,,,
833,1791446039363,A,binance,ADAUSDT,BUY,0.25230000,39.62750149,0.25230000,3.96,0.5081,0.0000,0.00,3894.7000,queue_depleted,False,True,,,,,,,,,,
834,1791446040565,A,binance,TAOUSDT,BUY,284.50000000,0.03514321,284.50000000,3.51,0.4304,0.0000,0.56,0.1113,queue_depleted,False,True,,,,,,,,,,
838,1791446054137,A,binance,TAOUSDT,BUY,284.50000000,0.03514321,284.50000000,3.51,0.4512,0.0000,0.65,8.2261,queue_depleted,False,True,,,,,,,,,,
842,1791446073831,A,binance,FETUSDT,SELL,0.23020000,43.44992396,0.23020000,4.34,0.7454,0.0000,1.12,322.9000,queue_depleted,False,True,,,,,,,,,,
847,1791446078095,A,binance,TAOUSDT,BUY,284.40000000,0.03515556,284.40000000,3.52,0.4615,0.7030,0.62,0.7780,queue_depleted,False,True,,,,,,,,,,
848,1791446089151,A,binance,TAOUSDT,BUY,284.40000000,0.03515556,284.40000000,3.52,0.4801,0.0000,0.61,0.0888,queue_depleted,False,True,,,,,,,,,,
850,1791446093505,A,binance,TAOUSDT,BUY,284.40000000,0.03515556,284.40000000,3.52,0.4494,0.0000,0.89,0.0185,queue_depleted,False,True,,,,,,,,,,
851,1791446104656,A,binance,TAOUSDT,BUY,284.40000000,0.03515556,284.40000000,3.52,0.4713,0.0000,0.64,0.0185,queue_depleted,False,True,,,,,,,,,,
852,1791446104668,A,binance,ENAUSDT,BUY,0.22020000,45.40295119,0.22020000,4.54,0.5060,0.0000,0.62,47.7000,queue_depleted,False,True,,,,,,,,,,
860,1791446111965,A,hyperliquid,GRAM,SELL,1.42460000,7.02025343,1.42460000,2.11,0.3272,0.0000,0.00,70.0000,queue_depleted,False,True,,,,,,,,,,
861,1791446111965,B,hyperliquid,GRAM,SELL,1.42460000,7.02025343,1.42460000,2.11,0.3272,0.0000,0.00,70.0000,queue_depleted,False,True,,,,,,,,,,
862,1791446111965,C,hyperliquid,GRAM,SELL,1.42460000,7.02025343,1.42460000,2.11,0.3272,0.0000,0.00,70.0000,queue_depleted,False,True,,,,,,,,,,
869,1791446119651,A,binance,FETUSDT,BUY,0.23020000,43.43105320,0.23020000,4.34,0.6576,0.0000,1.05,111.9000,queue_depleted,False,True,,,,,,,,,,
870,1791446119651,B,binance,FETUSDT,BUY,0.23020000,43.43105320,0.23020000,4.34,0.6576,0.0000,1.05,111.9000,queue_depleted,False,True,,,,,,,,,,
871,1791446119651,C,binance,FETUSDT,BUY,0.23020000,43.43105320,0.23020000,4.34,0.6576,0.0000,1.05,111.9000,queue_depleted,False,True,,,,,,,,,,
880,1791446134014,A,binance,RAYUSDT,SELL,2.49930000,4.00184085,2.49930000,3.60,0.0583,0.0000,0.15,54.0000,queue_depleted,False,True,,,,,,,,,,
881,1791446134014,B,binance,RAYUSDT,SELL,2.49930000,4.00184085,2.49930000,3.60,0.0583,0.0000,0.15,54.0000,queue_depleted,False,True,,,,,,,,,,
882,1791446134014,C,binance,RAYUSDT,SELL,2.49930000,4.00184085,2.49930000,3.60,0.0583,0.0000,0.15,54.0000,queue_depleted,False,True,,,,,,,,,,
886,1791446137937,A,binance,RAYUSDT,SELL,2.50160000,3.99816085,2.50160000,3.60,0.8106,0.0000,1.12,23.0000,queue_depleted,False,True,,,,,,,,,,
892,1791446181869,A,binance,ENAUSDT,BUY,0.22030000,45.38234627,0.22030000,4.54,0.4787,0.0000,0.00,890.1700,queue_depleted,False,True,,,,,,,,,,
896,1791446193306,A,binance,MOVRUSDT,SELL,1.91200000,5.23149359,1.91200000,5.23,0.3983,0.0000,0.72,2.9000,queue_depleted,False,True,,,,,,,,,,
897,1791446193306,B,binance,MOVRUSDT,SELL,1.91200000,5.23149359,1.91200000,5.23,0.3983,0.0000,0.72,2.9000,queue_depleted,False,True,,,,,,,,,,
898,1791446193306,C,binance,MOVRUSDT,SELL,1.91200000,5.23149359,1.91200000,5.23,0.3983,0.0000,0.72,2.9000,queue_depleted,False,True,,,,,,,,,,
902,1791446198862,A,binance,TAOUSDT,SELL,284.40000000,0.03516793,284.40000000,3.52,0.5900,0.0000,0.00,0.0370,queue_depleted,False,True,,,,,,,,,,
905,1791446202145,A,binance,ENAUSDT,BUY,0.22060000,45.32064355,0.22060000,4.53,0.4063,1277.3000,1.51,32576.0700,queue_depleted,False,True,,,,,,,,,,
913,1791446212638,A,binance,RAYUSDT,BUY,2.50510000,3.99106003,2.50510000,3.99,0.6275,0.0000,0.30,64.2000,queue_depleted,False,True,,,,,,,,,,
914,1791446212638,B,binance,RAYUSDT,BUY,2.50510000,3.99106003,2.50510000,3.99,0.6275,0.0000,0.30,64.2000,queue_depleted,False,True,,,,,,,,,,
915,1791446212638,C,binance,RAYUSDT,BUY,2.50510000,3.99106003,2.50510000,3.99,0.6275,0.0000,0.30,64.2000,queue_depleted,False,True,,,,,,,,,,
919,1791446212829,A,binance,RAYUSDT,SELL,2.50610000,3.99106003,2.50610000,3.99,0.6275,0.0000,0.30,2.3000,queue_depleted,False,True,,,,,,,,,,
920,1791446214073,A,binance,ENAUSDT,BUY,0.22060000,45.32064355,0.22060000,4.53,0.4773,0.0000,0.62,30491.6600,queue_depleted,False,True,,,,,,,,,,
921,1791446220382,A,binance,TAOUSDT,BUY,284.40000000,0.03515556,284.40000000,3.52,0.5516,0.0000,0.00,7.7960,queue_depleted,False,True,,,,,,,,,,
923,1791446222312,A,binance,ENAUSDT,BUY,0.22060000,45.32064355,0.22060000,4.53,0.4578,0.0000,1.30,47.6100,queue_depleted,False,True,,,,,,,,,,
927,1791446230487,B,binance,ZROUSDT,SELL,2.11000000,4.74045982,2.11000000,4.74,0.3570,0.0000,1.47,136.8600,queue_depleted,False,True,,,,,,,,,,
928,1791446230487,C,binance,ZROUSDT,SELL,2.11000000,4.74045982,2.11000000,4.74,0.3570,0.0000,1.47,136.8600,queue_depleted,False,True,,,,,,,,,,
929,1791446235004,A,hyperliquid,VVV,SELL,24.87500000,0.40205854,24.87500000,2.41,0.7095,0.0000,0.00,20.1000,queue_depleted,False,True,,,,,,,,,,
935,1791446248248,A,hyperliquid,VVV,BUY,24.87100000,0.40199389,24.87100000,4.02,0.1851,0.0000,0.00,1.4900,queue_depleted,False,True,,,,,,,,,,
937,1791446250042,A,binance,ENAUSDT,BUY,0.22060000,45.32064355,0.22060000,4.53,0.4115,0.0000,0.00,9647.4200,queue_depleted,False,True,,,,,,,,,,
939,1791446251316,A,binance,FETUSDT,BUY,0.23060000,43.35573380,0.23060000,4.34,0.5386,0.0000,0.00,22.8000,queue_depleted,False,True,,,,,,,,,,
940,1791446255051,A,hyperliquid,AERO,SELL,0.77580000,12.89124942,0.77580000,2.06,0.5587,0.0000,0.00,43.0000,queue_depleted,False,True,,,,,,,,,,
943,1791446261678,A,binance,ZROUSDT,SELL,2.10900000,4.74270809,2.10900000,4.74,0.6247,0.0000,0.00,165.4700,queue_depleted,False,True,,,,,,,,,,
944,1791446265057,A,hyperliquid,VVV,SELL,24.86500000,0.40222835,24.86500000,2.82,0.7219,0.0000,0.00,1.6900,queue_depleted,False,True,,,,,,,,,,
946,1791446271053,A,hyperliquid,AERO,SELL,0.77574000,12.89266214,0.77574000,2.71,0.5859,0.0000,0.00,43.0000,queue_depleted,False,True,,,,,,,,,,
948,1791446281394,A,binance,ADAUSDT,BUY,0.25230000,39.62750149,0.25230000,3.96,0.5344,0.0000,0.00,37067.1000,queue_depleted,False,True,,,,,,,,,,
949,1791446281578,A,binance,FETUSDT,BUY,0.23040000,43.39336082,0.23040000,4.34,0.6504,0.0000,0.92,379.7000,queue_depleted,False,True,,,,,,,,,,
950,1791446281578,B,binance,FETUSDT,BUY,0.23040000,43.39336082,0.23040000,4.34,0.6504,0.0000,0.92,379.7000,queue_depleted,False,True,,,,,,,,,,
951,1791446281578,C,binance,FETUSDT,BUY,0.23040000,43.39336082,0.23040000,4.34,0.6504,0.0000,0.92,379.7000,queue_depleted,False,True,,,,,,,,,,
968,1791446356649,A,hyperliquid,VVV,BUY,24.83300000,0.40264943,24.83300000,2.01,0.0605,0.0000,0.00,0.4900,queue_depleted,False,True,,,,,,,,,,
970,1791446359548,A,binance,FETUSDT,BUY,0.23010000,43.44992396,0.23010000,4.34,0.6761,0.0000,0.00,46.9000,queue_depleted,False,True,,,,,,,,,,
971,1791446359548,B,binance,FETUSDT,BUY,0.23010000,43.44992396,0.23010000,4.34,0.6761,0.0000,0.00,46.9000,queue_depleted,False,True,,,,,,,,,,
972,1791446359548,C,binance,FETUSDT,BUY,0.23010000,43.44992396,0.23010000,4.34,0.6761,0.0000,0.00,46.9000,queue_depleted,False,True,,,,,,,,,,
974,1791446379468,A,hyperliquid,CRV,BUY,0.39000000,25.63741011,0.39000000,2.82,0.7498,0.0000,0.00,3734.6000,queue_depleted,False,True,,,,,,,,,,
975,1791446379468,B,hyperliquid,CRV,BUY,0.39000000,25.63741011,0.39000000,2.82,0.7498,0.0000,0.00,3734.6000,queue_depleted,False,True,,,,,,,,,,
976,1791446379468,C,hyperliquid,CRV,BUY,0.39000000,25.63741011,0.39000000,2.82,0.7498,0.0000,0.00,3734.6000,queue_depleted,False,True,,,,,,,,,,
977,1791446379468,A,hyperliquid,CASHCAT,BUY,0.12303000,81.25787186,0.12303000,5.69,0.4789,0.0000,0.00,1375.0000,queue_depleted,False,True,,,,,,,,,,
988,1791446382497,A,binance,FETUSDT,BUY,0.23010000,43.44992396,0.23010000,4.34,0.6234,0.0000,0.00,22.9000,queue_depleted,False,True,,,,,,,,,,
989,1791446382497,B,binance,FETUSDT,BUY,0.23010000,43.44992396,0.23010000,4.34,0.6234,0.0000,0.00,22.9000,queue_depleted,False,True,,,,,,,,,,
990,1791446382497,C,binance,FETUSDT,BUY,0.23010000,43.44992396,0.23010000,4.34,0.6234,0.0000,0.00,22.9000,queue_depleted,False,True,,,,,,,,,,
997,1791446406665,A,hyperliquid,AERO,BUY,0.77440000,12.91130578,0.77440000,2.97,0.1468,0.0000,0.00,6.0000,queue_depleted,False,True,,,,,,,,,,
999,1791446407452,A,binance,ADAUSDT,BUY,0.25190000,39.69041476,0.25190000,3.97,0.4621,0.0000,0.56,15005.3000,queue_depleted,False,True,,,,,,,,,,
1006,1791446411897,A,binance,TAOUSDT,BUY,284.00000000,0.03520507,284.00000000,3.52,0.3717,0.0000,0.72,0.0185,queue_depleted,False,True,,,,,,,,,,
1007,1791446410720,A,hyperliquid,ZRO,BUY,2.10620000,4.74721101,2.10620000,2.85,0.1717,0.0000,0.00,27.8000,queue_depleted,False,True,,,,,,,,,,
1013,1791446417739,A,binance,ADAUSDT,SELL,0.25200000,39.69041476,0.25200000,3.97,0.5340,0.0000,0.00,31291.5000,queue_depleted,False,True,,,,,,,,,,
1020,1791446433581,A,binance,RAYUSDT,BUY,2.49420000,4.00833734,2.49420000,4.81,0.4377,0.0000,0.98,3.1000,queue_depleted,False,True,,,,,,,,,,
1029,1791446443581,A,hyperliquid,ZRO,BUY,2.10510000,4.74957847,2.10510000,3.32,0.5092,0.0000,0.00,22.8000,queue_depleted,False,True,,,,,,,,,,
1031,1791446445038,A,hyperliquid,VVV,SELL,24.85300000,0.40242258,24.85300000,2.82,0.7871,0.0000,0.00,1.5200,queue_depleted,False,True,,,,,,,,,,
1039,1791446455571,A,hyperliquid,VVV,SELL,24.83800000,0.40267375,24.83800000,3.22,0.4114,0.0000,0.00,1.2100,queue_depleted,False,True,,,,,,,,,,
1043,1791446461019,A,hyperliquid,CASHCAT,BUY,0.12288000,81.35703535,0.12288000,5.69,0.3509,0.0000,0.00,250.0000,queue_depleted,False,True,,,,,,,,,,
1054,1791446481143,A,hyperliquid,CASHCAT,BUY,0.12288000,81.36365486,0.12288000,4.07,0.1988,84.0000,0.00,250.0000,queue_depleted,False,True,,,,,,,,,,
1056,1791446486014,A,binance,ADAUSDT,SELL,0.25180000,39.72194638,0.25180000,3.97,0.5608,0.0000,0.83,57310.0000,queue_depleted,False,True,,,,,,,,,,
1065,1791446495034,A,hyperliquid,AERO,SELL,0.77441000,12.91522447,0.77441000,3.36,0.8360,0.0000,0.00,45.0000,queue_depleted,False,True,,,,,,,,,,
1067,1791446523013,A,hyperliquid,AERO,SELL,0.77372000,12.92649349,0.77372000,2.97,0.9168,16.0000,0.00,20.0000,queue_depleted,False,True,,,,,,,,,,
1071,1791446565745,A,binance,XLMUSDT,SELL,0.19860000,50.36514732,0.19860000,5.04,0.5582,0.0000,0.82,54.0000,queue_depleted,False,True,,,,,,,,,,
1103,1791446742640,A,binance,ORCAUSDT,SELL,2.72700000,3.66837858,2.72700000,7.34,0.4922,0.0000,0.73,2.6300,queue_depleted,False,True,,,,,,,,,,
1105,1791446786370,A,hyperliquid,CASHCAT,BUY,0.12309000,81.23146907,0.12309000,2.44,0.3925,0.0000,0.00,250.0000,queue_depleted,False,True,,,,,,,,,,
1110,1791446840781,A,binance,XLMUSDT,SELL,0.19900000,50.26388540,0.19900000,5.03,0.6122,0.0000,0.00,2981.0000,queue_depleted,False,True,,,,,,,,,,
1113,1791446850558,A,binance,ADAUSDT,SELL,0.25240000,39.62750149,0.25240000,3.96,0.5613,0.0000,0.80,20819.3000,queue_depleted,False,True,,,,,,,,,,
1120,1791446873828,A,binance,FETUSDT,SELL,0.23100000,43.29941546,0.23100000,4.33,0.5597,0.0000,0.79,208.7000,queue_depleted,False,True,,,,,,,,,,
1124,1791446886468,A,binance,FETUSDT,BUY,0.23080000,43.31817197,0.23080000,4.33,0.6338,0.0000,1.40,9947.6000,queue_depleted,False,True,,,,,,,,,,
1125,1791446886468,B,binance,FETUSDT,BUY,0.23080000,43.31817197,0.23080000,4.33,0.6338,0.0000,1.40,9947.6000,queue_depleted,False,True,,,,,,,,,,
1126,1791446886468,C,binance,FETUSDT,BUY,0.23080000,43.31817197,0.23080000,4.33,0.6338,0.0000,1.40,9947.6000,queue_depleted,False,True,,,,,,,,,,
1136,1791446925013,A,hyperliquid,VVV,SELL,24.86400000,0.40222835,24.86400000,2.01,0.1820,0.0000,0.00,19.6800,queue_depleted,False,True,,,,,,,,,,
1137,1791446925013,B,hyperliquid,VVV,SELL,24.86400000,0.40222835,24.86400000,2.01,0.1820,0.0000,0.00,19.6800,queue_depleted,False,True,,,,,,,,,,
1138,1791446925013,C,hyperliquid,VVV,SELL,24.86400000,0.40222835,24.86400000,2.01,0.1820,0.0000,0.00,19.6800,queue_depleted,False,True,,,,,,,,,,
1143,1791446928667,A,binance,ADAUSDT,BUY,0.25220000,39.64321110,0.25220000,3.96,0.4798,0.0000,0.00,109.5000,queue_depleted,False,True,,,,,,,,,,
1147,1791446935083,A,binance,ADAUSDT,BUY,0.25220000,39.64321110,0.25220000,3.96,0.4847,0.0000,0.00,62.1000,queue_depleted,False,True,,,,,,,,,,
1149,1791446937926,A,binance,XLMUSDT,BUY,0.19900000,50.23863351,0.19900000,5.02,0.5183,0.0000,0.00,2179.0000,queue_depleted,False,True,,,,,,,,,,
1156,1791446941853,A,hyperliquid,CASHCAT,BUY,0.12308000,81.23806816,0.12308000,2.44,0.1260,250.0000,0.00,86.0000,queue_depleted,False,True,,,,,,,,,,
1160,1791446955116,A,hyperliquid,VVV,SELL,24.83500000,0.40273051,24.83500000,3.62,0.4101,0.0000,0.00,6.0300,queue_depleted,False,True,,,,,,,,,,
1169,1791447021619,A,binance,ADAUSDT,BUY,0.25200000,39.67466772,0.25200000,3.97,0.4560,0.0000,0.66,7587.5000,queue_depleted,False,True,,,,,,,,,,
1171,1791447028445,A,binance,ENAUSDT,BUY,0.22050000,45.34119247,0.22050000,4.53,0.5810,0.0000,0.93,27657.2300,queue_depleted,False,True,,,,,,,,,,
1175,1791447040631,A,binance,ADAUSDT,BUY,0.25190000,39.69041476,0.25190000,3.97,0.4647,0.0000,0.00,177.8000,queue_depleted,False,True,,,,,,,,,,
1176,1791447045025,A,hyperliquid,VVV,SELL,24.82800000,0.40281974,24.82800000,2.42,0.1871,0.0000,0.00,4.0200,queue_depleted,False,True,,,,,,,,,,
1177,1791447045025,B,hyperliquid,VVV,SELL,24.82800000,0.40281974,24.82800000,2.42,0.1871,0.0000,0.00,4.0200,queue_depleted,False,True,,,,,,,,,,
1178,1791447045025,C,hyperliquid,VVV,SELL,24.82800000,0.40281974,24.82800000,2.42,0.1871,0.0000,0.00,4.0200,queue_depleted,False,True,,,,,,,,,,
1182,1791447051512,A,binance,RAYUSDT,SELL,2.48580000,4.02374007,2.48580000,4.43,0.9516,3.1000,0.25,3.1000,queue_depleted,False,True,,,,,,,,,,
1184,1791447052950,A,binance,RAYUSDT,SELL,2.48660000,4.02220256,2.48660000,3.22,0.9613,15.5000,0.45,3.1000,queue_depleted,False,True,,,,,,,,,,
1190,1791447057327,A,binance,ADAUSDT,BUY,0.25190000,39.69041476,0.25190000,3.97,0.5067,0.0000,0.95,482.0000,queue_depleted,False,True,,,,,,,,,,
1198,1791447075068,A,hyperliquid,VVV,SELL,24.84800000,0.40248737,24.84800000,2.01,0.2907,0.0000,0.00,20.1200,queue_depleted,False,True,,,,,,,,,,
1199,1791447075068,B,hyperliquid,VVV,SELL,24.84800000,0.40248737,24.84800000,2.01,0.2907,0.0000,0.00,20.1200,queue_depleted,False,True,,,,,,,,,,
1200,1791447075068,C,hyperliquid,VVV,SELL,24.84800000,0.40248737,24.84800000,2.01,0.2907,0.0000,0.00,20.1200,queue_depleted,False,True,,,,,,,,,,
1204,1791447081060,A,hyperliquid,MON,SELL,0.02591000,386.00351263,0.02591000,2.70,0.5276,0.0000,0.00,2133.0000,queue_depleted,False,True,,,,,,,,,,
1205,1791447084096,A,binance,ADAUSDT,BUY,0.25180000,39.70617431,0.25180000,3.97,0.4981,0.0000,0.00,4185.4000,queue_depleted,False,True,,,,,,,,,,
1206,1791447088537,A,hyperliquid,AERO,BUY,0.77458000,12.90855579,0.77458000,2.58,0.0223,0.0000,0.00,34.0000,queue_depleted,False,True,,,,,,,,,,
1214,1791447110724,A,binance,XLMUSDT,SELL,0.19900000,50.26388540,0.19900000,5.03,0.5960,0.0000,0.00,54.0000,queue_depleted,False,True,,,,,,,,,,
1215,1791447125103,A,binance,XLMUSDT,SELL,0.19900000,50.26388540,0.19900000,5.03,0.5938,0.0000,0.00,20769.0000,queue_depleted,False,True,,,,,,,,,,
1222,1791447178875,A,binance,FETUSDT,SELL,0.22970000,43.54452428,0.22970000,4.35,0.6547,0.0000,1.28,22.9000,queue_depleted,False,True,,,,,,,,,,
1223,1791447179291,A,binance,ADAUSDT,BUY,0.25160000,39.73773098,0.25160000,3.97,0.5195,402.3000,0.79,9295.2000,queue_depleted,False,True,,,,,,,,,,
1224,1791447189068,A,binance,ADAUSDT,BUY,0.25170000,39.72194638,0.25170000,3.97,0.4943,0.0000,0.55,82.0000,queue_depleted,False,True,,,,,,,,,,
1229,1791447204671,A,binance,ZROUSDT,SELL,2.09800000,4.76758045,2.09800000,4.77,0.6243,403.7700,1.53,83.2500,queue_depleted,False,True,,,,,,,,,,
1230,1791447204825,A,binance,ADAUSDT,BUY,0.25150000,39.75352813,0.25150000,3.98,0.5332,0.0000,0.57,210449.1000,queue_depleted,False,True,,,,,,,,,,
1231,1791447208297,A,binance,FETUSDT,SELL,0.22970000,43.54452428,0.22970000,4.35,0.6816,0.0000,1.27,1865.6000,queue_depleted,False,True,,,,,,,,,,
1233,1791447223581,A,binance,ENAUSDT,SELL,0.21970000,45.52697473,0.21970000,4.55,0.6056,18877.3000,1.07,1741.4900,queue_depleted,False,True,,,,,,,,,,
1234,1791447231883,A,binance,FETUSDT,SELL,0.22980000,43.52557127,0.22980000,4.35,0.6608,0.0000,0.74,22.9000,queue_depleted,False,True,,,,,,,,,,
1242,1791447247303,A,hyperliquid,CASHCAT,BUY,0.12209000,81.89337483,0.12209000,3.28,0.8047,0.0000,0.00,819.0000,queue_depleted,False,True,,,,,,,,,,
1243,1791447247303,B,hyperliquid,CASHCAT,BUY,0.12209000,81.89337483,0.12209000,3.28,0.8047,0.0000,0.00,819.0000,queue_depleted,False,True,,,,,,,,,,
1244,1791447247303,C,hyperliquid,CASHCAT,BUY,0.12209000,81.89337483,0.12209000,3.28,0.8047,0.0000,0.00,819.0000,queue_depleted,False,True,,,,,,,,,,
1250,1791447254466,A,binance,TAOUSDT,BUY,283.40000000,0.03527959,283.40000000,3.53,0.5114,0.0000,1.04,7.8788,queue_depleted,False,True,,,,,,,,,,
1256,1791447266024,A,hyperliquid,VVV,BUY,24.82600000,0.40274673,24.82600000,2.82,0.2148,0.0000,0.00,1.0700,queue_depleted,False,True,,,,,,,,,,
1258,1791447268355,A,binance,TAOUSDT,BUY,283.40000000,0.03527959,283.40000000,3.53,0.5997,0.0000,0.72,17.4098,queue_depleted,False,True,,,,,,,,,,
1260,1791447274219,B,hyperliquid,VVV,BUY,24.82000000,0.40283597,24.82000000,3.22,0.8763,0.0000,0.00,1.0700,queue_depleted,False,True,,,,,,,,,,
1261,1791447274219,C,hyperliquid,VVV,BUY,24.82000000,0.40283597,24.82000000,3.22,0.8763,0.0000,0.00,1.0700,queue_depleted,False,True,,,,,,,,,,
1266,1791447282596,A,hyperliquid,kPEPE,SELL,0.00403400,2479.23639519,0.00403400,2.48,0.7109,0.0000,0.00,5484.0000,queue_depleted,False,True,,,,,,,,,,
1267,1791447283345,A,binance,ENAUSDT,BUY,0.22000000,45.44421722,0.22000000,4.54,0.4198,499.8600,0.67,307.7400,queue_depleted,False,True,,,,,,,,,,
1268,1791447284957,A,hyperliquid,CASHCAT,BUY,0.12214000,81.85315544,0.12214000,4.91,0.3514,0.0000,0.00,818.0000,queue_depleted,False,True,,,,,,,,,,
1270,1791447288301,A,binance,ORCAUSDT,SELL,2.74900000,3.63834819,2.74900000,3.64,0.1234,0.0000,1.13,411.8200,queue_depleted,False,True,,,,,,,,,,
1271,1791447288301,B,binance,ORCAUSDT,SELL,2.74900000,3.63834819,2.74900000,3.64,0.1234,0.0000,1.13,411.8200,queue_depleted,False,True,,,,,,,,,,
1272,1791447288301,C,binance,ORCAUSDT,SELL,2.74900000,3.63834819,2.74900000,3.64,0.1234,0.0000,1.13,411.8200,queue_depleted,False,True,,,,,,,,,,
1276,1791447292833,A,hyperliquid,kPEPE,SELL,0.00403500,2478.62188623,0.00403500,2.48,0.6565,0.0000,0.00,3578.0000,queue_depleted,False,True,,,,,,,,,,
1278,1791447293103,A,binance,ORCAUSDT,SELL,2.74900000,3.63834819,2.74900000,3.64,0.1268,0.0000,0.00,522.7800,queue_depleted,False,True,,,,,,,,,,
1279,1791447293103,B,binance,ORCAUSDT,SELL,2.74900000,3.63834819,2.74900000,3.64,0.1268,0.0000,0.00,522.7800,queue_depleted,False,True,,,,,,,,,,
1280,1791447293103,C,binance,ORCAUSDT,SELL,2.74900000,3.63834819,2.74900000,3.64,0.1268,0.0000,0.00,522.7800,queue_depleted,False,True,,,,,,,,,,
1281,1791447294587,A,binance,ZROUSDT,SELL,2.10400000,4.75398146,2.10400000,4.75,0.5563,0.0000,1.05,19.6400,queue_depleted,False,True,,,,,,,,,,
1286,1791447307367,A,binance,ORCAUSDT,SELL,2.74900000,3.63834819,2.74900000,3.64,0.1275,0.0000,0.00,316.8100,queue_depleted,False,True,,,,,,,,,,
1287,1791447307367,B,binance,ORCAUSDT,SELL,2.74900000,3.63834819,2.74900000,3.64,0.1275,0.0000,0.00,316.8100,queue_depleted,False,True,,,,,,,,,,
1288,1791447307367,C,binance,ORCAUSDT,SELL,2.74900000,3.63834819,2.74900000,3.64,0.1275,0.0000,0.00,316.8100,queue_depleted,False,True,,,,,,,,,,
1292,1791447307369,A,binance,ORCAUSDT,BUY,2.74800000,3.63834819,2.74800000,3.64,0.1275,0.0000,0.00,453.1600,queue_depleted,False,True,,,,,,,,,,
1294,1791447315739,A,binance,ADAUSDT,BUY,0.25180000,39.70617431,0.25180000,3.97,0.4655,0.0000,0.72,4866.1000,queue_depleted,False,True,,,,,,,,,,
1298,1791447329909,A,binance,ADAUSDT,BUY,0.25170000,39.72194638,0.25170000,3.97,0.5038,2521.4000,0.92,8916.1000,queue_depleted,False,True,,,,,,,,,,
1300,1791447358572,A,binance,XLMUSDT,SELL,0.19940000,50.16302985,0.19940000,5.02,0.5787,0.0000,0.65,4691.0000,queue_depleted,False,True,,,,,,,,,,
1301,1791447371526,A,hyperliquid,GRAM,SELL,1.42500000,7.01852892,1.42500000,2.81,0.3624,0.0000,0.00,39.0000,queue_depleted,False,True,,,,,,,,,,
1302,1791447371526,B,hyperliquid,GRAM,SELL,1.42500000,7.01852892,1.42500000,2.81,0.3624,0.0000,0.00,39.0000,queue_depleted,False,True,,,,,,,,,,
1303,1791447371526,C,hyperliquid,GRAM,SELL,1.42500000,7.01852892,1.42500000,2.81,0.3624,0.0000,0.00,39.0000,queue_depleted,False,True,,,,,,,,,,
1304,1791447374503,A,binance,HEMIUSDT,BUY,0.00628000,1591.08989658,0.00628000,15.91,0.5335,0.0000,0.00,202696.9000,queue_depleted,False,True,,,,,,,,,,
1310,1791447466887,A,binance,XLMUSDT,SELL,0.19970000,50.08765339,0.19970000,5.01,0.5666,0.0000,0.96,2193.0000,queue_depleted,False,True,,,,,,,,,,
1311,1791447500492,A,hyperliquid,CASHCAT,SELL,0.12239000,81.74275555,0.12239000,8.99,0.5919,0.0000,0.00,250.0000,queue_depleted,False,True,,,,,,,,,,
1327,1791447601721,A,binance,ZROUSDT,BUY,2.10200000,4.75624257,2.10200000,4.76,0.7515,0.0000,0.00,102.7300,queue_depleted,False,True,,,,,,,,,,
1328,1791447601721,B,binance,ZROUSDT,BUY,2.10200000,4.75624257,2.10200000,4.76,0.7515,0.0000,0.00,102.7300,queue_depleted,False,True,,,,,,,,,,
1329,1791447601721,C,binance,ZROUSDT,BUY,2.10200000,4.75624257,2.10200000,4.76,0.7515,0.0000,0.00,102.7300,queue_depleted,False,True,,,,,,,,,,
1330,1791447604945,A,binance,ADAUSDT,SELL,0.25260000,39.59611958,0.25260000,3.96,0.5913,0.0000,0.93,805.7000,queue_depleted,False,True,,,,,,,,,,
1331,1791447609919,A,binance,FETUSDT,SELL,0.23200000,43.11273981,0.23200000,4.31,0.4146,22.7000,1.48,7375.7000,queue_depleted,False,True,,,,,,,,,,
1334,1791447614528,A,binance,FETUSDT,BUY,0.23190000,43.11273981,0.23190000,4.31,0.4774,0.0000,1.60,2642.0000,queue_depleted,False,True,,,,,,,,,,
1340,1791447628135,A,hyperliquid,CRV,BUY,0.39455000,25.34243972,0.39455000,2.28,0.4473,0.0000,0.00,188.1000,queue_depleted,False,True,,,,,,,,,,
1343,1791447637318,A,binance,XLMUSDT,BUY,0.19960000,50.08765339,0.19960000,5.01,0.4704,0.0000,0.00,1249.0000,queue_depleted,False,True,,,,,,,,,,
1344,1791447637855,A,binance,ZROUSDT,BUY,2.10100000,4.75850583,2.10100000,4.76,0.6109,0.0000,0.00,6.5700,queue_depleted,False,True,,,,,,,,,,
1345,1791447637855,B,binance,ZROUSDT,BUY,2.10100000,4.75850583,2.10100000,4.76,0.6109,0.0000,0.00,6.5700,queue_depleted,False,True,,,,,,,,,,
1346,1791447637855,C,binance,ZROUSDT,BUY,2.10100000,4.75850583,2.10100000,4.76,0.6109,0.0000,0.00,6.5700,queue_depleted,False,True,,,,,,,,,,
1350,1791447643113,A,hyperliquid,CASHCAT,BUY,0.12260000,81.53946510,0.12260000,6.52,0.6113,0.0000,0.00,85.0000,queue_depleted,False,True,,,,,,,,,,
1351,1791447643113,B,hyperliquid,CASHCAT,BUY,0.12260000,81.53946510,0.12260000,6.52,0.6113,0.0000,0.00,85.0000,queue_depleted,False,True,,,,,,,,,,
1352,1791447643113,C,hyperliquid,CASHCAT,BUY,0.12260000,81.53946510,0.12260000,6.52,0.6113,0.0000,0.00,85.0000,queue_depleted,False,True,,,,,,,,,,
1356,1791447645062,A,hyperliquid,VVV,SELL,24.88300000,0.40193734,24.88300000,2.81,0.8433,0.0000,0.00,0.8900,queue_depleted,False,True,,,,,,,,,,
1361,1791447654663,A,binance,TAOUSDT,BUY,284.40000000,0.03515556,284.40000000,3.52,0.3284,0.0000,0.00,5.7865,queue_depleted,False,True,,,,,,,,,,
1362,1791447656620,A,binance,FETUSDT,BUY,0.23170000,43.14994606,0.23170000,4.31,0.4559,0.0000,0.00,1554.0000,queue_depleted,False,True,,,,,,,,,,
1363,1791447659471,A,hyperliquid,VVV,BUY,24.87100000,0.40201813,24.87100000,2.81,0.4981,0.0000,0.00,1.0500,queue_depleted,False,True,,,,,,,,,,
1369,1791447666414,A,binance,ZROUSDT,BUY,2.10000000,4.76077124,2.10000000,4.76,0.7241,0.0000,1.30,482.7600,queue_depleted,False,True,,,,,,,,,,
1370,1791447666414,B,binance,ZROUSDT,BUY,2.10000000,4.76077124,2.10000000,4.76,0.7241,0.0000,1.30,482.7600,queue_depleted,False,True,,,,,,,,,,
1371,1791447666414,C,binance,ZROUSDT,BUY,2.10000000,4.76077124,2.10000000,4.76,0.7241,0.0000,1.30,482.7600,queue_depleted,False,True,,,,,,,,,,
1385,1791447737501,A,hyperliquid,W,SELL,0.01645000,608.08756461,0.01645000,6.08,0.6447,0.0000,0.00,1204.2000,queue_depleted,False,True,,,,,,,,,,
1386,1791447750815,A,binance,ENAUSDT,SELL,0.22030000,45.40295119,0.22030000,4.54,0.5910,0.0000,1.17,1231.8400,queue_depleted,False,True,,,,,,,,,,
1387,1791447751571,A,binance,FETUSDT,BUY,0.23100000,43.28067518,0.23100000,4.33,0.5756,0.0000,0.00,6999.5000,queue_depleted,False,True,,,,,,,,,,
1388,1791447753799,A,hyperliquid,kPEPE,BUY,0.00404100,2474.32883830,0.00404100,2.47,0.4469,0.0000,0.00,12373.0000,queue_depleted,False,True,,,,,,,,,,
1399,1791447764138,A,binance,FETUSDT,BUY,0.23090000,43.29941546,0.23090000,4.33,0.6484,0.0000,0.00,11831.4000,queue_depleted,False,True,,,,,,,,,,
1400,1791447764138,B,binance,FETUSDT,BUY,0.23090000,43.29941546,0.23090000,4.33,0.6484,0.0000,0.00,11831.4000,queue_depleted,False,True,,,,,,,,,,
1401,1791447764138,C,binance,FETUSDT,BUY,0.23090000,43.29941546,0.23090000,4.33,0.6484,0.0000,0.00,11831.4000,queue_depleted,False,True,,,,,,,,,,
1403,1791447764818,A,hyperliquid,CASHCAT,SELL,0.12252000,81.65264963,0.12252000,8.17,0.3766,0.0000,0.00,180.0000,queue_depleted,False,True,,,,,,,,,,
1404,1791447764818,B,hyperliquid,CASHCAT,SELL,0.12252000,81.65264963,0.12252000,8.17,0.3766,0.0000,0.00,180.0000,queue_depleted,False,True,,,,,,,,,,
1405,1791447764818,C,hyperliquid,CASHCAT,SELL,0.12252000,81.65264963,0.12252000,8.17,0.3766,0.0000,0.00,180.0000,queue_depleted,False,True,,,,,,,,,,
1406,1791447765015,A,hyperliquid,VVV,SELL,24.84800000,0.40250357,24.84800000,2.82,0.7324,0.0000,0.00,0.4700,queue_depleted,False,True,,,,,,,,,,
1409,1791447768620,A,binance,ENAUSDT,BUY,0.22000000,45.44421722,0.22000000,4.54,0.5598,64.5300,0.93,11201.2500,queue_depleted,False,True,,,,,,,,,,
1430,1791447881938,A,binance,FETUSDT,SELL,0.23070000,43.35573380,0.23070000,4.34,0.4784,0.0000,0.00,810.0000,queue_depleted,False,True,,,,,,,,,,
1435,1791447888482,A,binance,FETUSDT,BUY,0.23070000,43.33694475,0.23070000,4.33,0.4430,0.0000,0.87,651.8000,queue_depleted,False,True,,,,,,,,,,
1436,1791447897033,A,binance,ENAUSDT,BUY,0.22020000,45.40295119,0.22020000,4.54,0.4473,0.0000,0.00,7149.6200,queue_depleted,False,True,,,,,,,,,,
1440,1791447926130,A,binance,FETUSDT,SELL,0.23070000,43.35573380,0.23070000,4.34,0.5540,0.0000,0.00,810.0000,queue_depleted,False,True,,,,,,,,,,
1441,1791447930480,A,binance,XLMUSDT,SELL,0.19950000,50.13787917,0.19950000,5.01,0.4983,0.0000,0.00,4787.0000,queue_depleted,False,True,,,,,,,,,,
1442,1791447930951,A,binance,ADAUSDT,BUY,0.25240000,39.61180432,0.25240000,3.96,0.4829,0.0000,0.80,10477.3000,queue_depleted,False,True,,,,,,,,,,
1447,1791447942125,A,hyperliquid,CASHCAT,SELL,0.12267000,81.54943935,0.12267000,7.34,0.6552,0.0000,0.00,250.0000,queue_depleted,False,True,,,,,,,,,,
1450,1791447980730,A,binance,FETUSDT,SELL,0.23100000,43.29941546,0.23100000,4.33,0.5067,0.0000,0.00,62.5000,queue_depleted,False,True,,,,,,,,,,
1451,1791447983766,A,binance,FETUSDT,BUY,0.23090000,43.29941546,0.23090000,4.33,0.4567,0.0000,0.00,622.8000,queue_depleted,False,True,,,,,,,,,,
1460,1791448008848,A,binance,ADAUSDT,SELL,0.25240000,39.62750149,0.25240000,3.96,0.5904,0.0000,0.00,805.8000,queue_depleted,False,True,,,,,,,,,,
1463,1791448035072,A,binance,ENAUSDT,BUY,0.22010000,45.42357484,0.22010000,4.54,0.5001,0.0000,0.00,8944.5200,queue_depleted,False,True,,,,,,,,,,
1467,1791448045085,A,binance,FETUSDT,BUY,0.23090000,43.29941546,0.23090000,4.33,0.4679,0.0000,0.00,1022.8000,queue_depleted,False,True,,,,,,,,,,
1471,1791448046726,A,binance,ZROUSDT,SELL,2.09100000,4.78354461,2.09100000,4.78,0.4203,911.4600,1.33,80.6100,queue_depleted,False,True,,,,,,,,,,
1473,1791448055991,A,binance,ZROUSDT,SELL,2.09000000,4.78583393,2.09000000,4.79,0.8208,0.0000,0.82,162.5000,queue_depleted,False,True,,,,,,,,,,
1474,1791448062551,A,binance,ADAUSDT,SELL,0.25230000,39.64321110,0.25230000,3.96,0.5788,0.0000,0.00,62.1000,queue_depleted,False,True,,,,,,,,,,
1479,1791448068378,A,binance,TAOUSDT,SELL,284.60000000,0.03514321,284.60000000,3.51,0.3741,0.0000,0.00,2.7372,queue_depleted,False,True,,,,,,,,,,
1480,1791448068378,B,binance,TAOUSDT,SELL,284.60000000,0.03514321,284.60000000,3.51,0.3741,0.0000,0.00,2.7372,queue_depleted,False,True,,,,,,,,,,
1481,1791448068378,C,binance,TAOUSDT,SELL,284.60000000,0.03514321,284.60000000,3.51,0.3741,0.0000,0.00,2.7372,queue_depleted,False,True,,,,,,,,,,
1482,1791448068497,A,binance,FETUSDT,SELL,0.23090000,43.31817197,0.23090000,4.33,0.5930,0.0000,0.00,22.8000,queue_depleted,False,True,,,,,,,,,,
1483,1791448070510,A,hyperliquid,CASHCAT,SELL,0.12253000,81.63598514,0.12253000,5.71,0.3098,0.0000,0.00,97.0000,queue_depleted,False,True,,,,,,,,,,
1484,1791448070510,B,hyperliquid,CASHCAT,SELL,0.12253000,81.63598514,0.12253000,5.71,0.3098,0.0000,0.00,97.0000,queue_depleted,False,True,,,,,,,,,,
1485,1791448070510,C,hyperliquid,CASHCAT,SELL,0.12253000,81.63598514,0.12253000,5.71,0.3098,0.0000,0.00,97.0000,queue_depleted,False,True,,,,,,,,,,
1486,1791448072148,A,binance,ADAUSDT,SELL,0.25250000,39.61180432,0.25250000,3.96,0.5089,0.0000,0.83,2556.2000,queue_depleted,False,True,,,,,,,,,,
1487,1791448075351,A,binance,ZROUSDT,SELL,2.09000000,4.78583393,2.09000000,4.79,0.5310,0.0000,0.85,165.5100,queue_depleted,False,True,,,,,,,,,,
1489,1791448080594,A,hyperliquid,VVV,BUY,24.84700000,0.40239020,24.84700000,3.62,0.2848,0.0000,0.00,17.0900,queue_depleted,False,True,,,,,,,,,,
1491,1791448082402,A,binance,FETUSDT,BUY,0.23100000,43.28067518,0.23100000,4.33,0.4681,0.0000,0.00,922.8000,queue_depleted,False,True,,,,,,,,,,
1496,1791448089981,A,hyperliquid,CRV,BUY,0.39411000,25.37072979,0.39411000,2.28,0.6630,0.0000,0.00,2144.8000,queue_depleted,False,True,,,,,,,,,,
1497,1791448089981,B,hyperliquid,CRV,BUY,0.39411000,25.37072979,0.39411000,2.28,0.6630,0.0000,0.00,2144.8000,queue_depleted,False,True,,,,,,,,,,
1498,1791448089981,C,hyperliquid,CRV,BUY,0.39411000,25.37072979,0.39411000,2.28,0.6630,0.0000,0.00,2144.8000,queue_depleted,False,True,,,,,,,,,,
1501,1791448112328,A,hyperliquid,JUP,SELL,0.37651000,26.56395272,0.37651000,3.19,0.3288,0.0000,0.00,30.0000,queue_depleted,False,True,,,,,,,,,,
1502,1791448112328,B,hyperliquid,JUP,SELL,0.37651000,26.56395272,0.37651000,3.19,0.3288,0.0000,0.00,30.0000,queue_depleted,False,True,,,,,,,,,,
1503,1791448112328,C,hyperliquid,JUP,SELL,0.37651000,26.56395272,0.37651000,3.19,0.3288,0.0000,0.00,30.0000,queue_depleted,False,True,,,,,,,,,,
1504,1791448123637,A,binance,TAOUSDT,SELL,284.60000000,0.03514321,284.60000000,3.51,0.3634,0.0000,0.00,2.8617,queue_depleted,False,True,,,,,,,,,,
1505,1791448123637,B,binance,TAOUSDT,SELL,284.60000000,0.03514321,284.60000000,3.51,0.3634,0.0000,0.00,2.8617,queue_depleted,False,True,,,,,,,,,,
1506,1791448123637,C,binance,TAOUSDT,SELL,284.60000000,0.03514321,284.60000000,3.51,0.3634,0.0000,0.00,2.8617,queue_depleted,False,True,,,,,,,,,,
1510,1791448139174,A,binance,TAOUSDT,SELL,284.60000000,0.03514321,284.60000000,3.51,0.3848,0.0000,0.00,0.0370,queue_depleted,False,True,,,,,,,,,,
1511,1791448139174,B,binance,TAOUSDT,SELL,284.60000000,0.03514321,284.60000000,3.51,0.3848,0.0000,0.00,0.0370,queue_depleted,False,True,,,,,,,,,,
1512,1791448139174,C,binance,TAOUSDT,SELL,284.60000000,0.03514321,284.60000000,3.51,0.3848,0.0000,0.00,0.0370,queue_depleted,False,True,,,,,,,,,,
1516,1791448150646,A,binance,RAYUSDT,BUY,2.51250000,3.97907009,2.51250000,5.17,0.4202,0.0000,0.41,57.3000,queue_depleted,False,True,,,,,,,,,,
1518,1791448154866,A,binance,RAYUSDT,SELL,2.51320000,3.97978270,2.51320000,3.98,0.5656,16.6000,0.58,3.3000,queue_depleted,False,True,,,,,,,,,,
1521,1791448160879,A,binance,RAYUSDT,BUY,2.51350000,3.97780385,2.51350000,3.58,0.4405,0.0000,0.82,3.3000,queue_depleted,False,True,,,,,,,,,,
1522,1791448164281,A,binance,ADAUSDT,SELL,0.25260000,39.59611958,0.25260000,3.96,0.5462,0.0000,0.70,851.3000,queue_depleted,False,True,,,,,,,,,,
1523,1791448168261,A,binance,FETUSDT,SELL,0.23110000,43.28067518,0.23110000,4.33,0.4783,0.0000,0.00,22.8000,queue_depleted,False,True,,,,,,,,,,
1527,1791448172396,A,binance,ORCAUSDT,BUY,2.73800000,3.65096751,2.73800000,7.30,0.4533,4.4100,0.85,51.6000,queue_depleted,False,True,,,,,,,,,,
1529,1791448175959,A,binance,XLMUSDT,SELL,0.19940000,50.16302985,0.19940000,5.02,0.5179,12730.0000,0.00,11056.0000,queue_depleted,False,True,,,,,,,,,,
1530,1791448180640,A,binance,ORCAUSDT,SELL,2.74000000,3.65096751,2.74000000,7.30,0.4851,0.0000,1.40,54.0000,queue_depleted,False,True,,,,,,,,,,
1534,1791448195080,A,binance,FETUSDT,SELL,0.23110000,43.28067518,0.23110000,4.33,0.5784,0.0000,0.00,22.8000,queue_depleted,False,True,,,,,,,,,,
1535,1791448196638,A,binance,TAOUSDT,SELL,284.80000000,0.03511853,284.80000000,3.51,0.3728,0.0000,0.00,2.1038,queue_depleted,False,True,,,,,,,,,,
1538,1791448197446,A,binance,RAYUSDT,BUY,2.51080000,3.98215992,2.51080000,3.19,0.3589,114.3000,0.21,35.7000,queue_depleted,False,True,,,,,,,,,,
1539,1791448200288,A,binance,FETUSDT,BUY,0.23110000,43.26195111,0.23110000,4.33,0.4600,0.0000,0.77,22.8000,queue_depleted,False,True,,,,,,,,,,
1540,1791448202028,A,binance,ADAUSDT,BUY,0.25250000,39.59611958,0.25250000,3.96,0.4675,10078.0000,0.83,4404.7000,queue_depleted,False,True,,,,,,,,,,
1541,1791448202061,A,binance,FETUSDT,BUY,0.23100000,43.28067518,0.23100000,4.33,0.3885,0.0000,1.02,787.8000,queue_depleted,False,True,,,,,,,,,,
1555,1791448315246,A,binance,MOVRUSDT,SELL,1.94300000,5.14800515,1.94300000,5.15,0.5164,27.4160,1.58,13.0240,queue_depleted,False,True,,,,,,,,,,
1558,1791448324148,A,hyperliquid,CASHCAT,BUY,0.12220000,81.80293673,0.12220000,7.36,0.4016,0.0000,0.00,86.0000,queue_depleted,False,True,,,,,,,,,,
1559,1791448325912,A,binance,ADAUSDT,BUY,0.25200000,39.67466772,0.25200000,3.97,0.4368,0.0000,0.00,3757.8000,queue_depleted,False,True,,,,,,,,,,
1561,1791448326783,A,binance,ENAUSDT,BUY,0.21960000,45.52697473,0.21960000,4.55,0.5640,271.4200,0.00,16902.8600,queue_depleted,False,True,,,,,,,,,,
1562,1791448327583,A,binance,ENAUSDT,SELL,0.21960000,45.54771123,0.21960000,4.55,0.6202,0.0000,0.75,16531.1200,queue_depleted,False,True,,,,,,,,,,
1563,1791448330452,A,hyperliquid,VVV,BUY,24.78200000,0.40344542,24.78200000,3.63,0.5646,0.0000,0.00,1.0000,queue_depleted,False,True,,,,,,,,,,
1569,1791448367106,A,hyperliquid,kPEPE,BUY,0.00402900,2481.69748108,0.00402900,2.48,0.5989,0.0000,0.00,94409.0000,queue_depleted,False,True,,,,,,,,,,
1570,1791448368466,A,binance,ENAUSDT,SELL,0.21960000,45.54771123,0.21960000,4.55,0.5068,25595.8600,1.27,27238.1300,queue_depleted,False,True,,,,,,,,,,
1571,1791448372141,A,binance,ENAUSDT,SELL,0.21960000,45.54771123,0.21960000,4.55,0.4680,2006.8500,0.94,2715.5300,queue_depleted,False,True,,,,,,,,,,
1572,1791448376111,A,binance,ENAUSDT,SELL,0.21960000,45.54771123,0.21960000,4.55,0.4031,99228.2200,0.56,3152.3400,queue_depleted,False,True,,,,,,,,,,
1573,1791448377680,A,binance,ENAUSDT,SELL,0.21960000,45.54771123,0.21960000,4.55,0.4051,4865.1800,0.00,3211.0600,queue_depleted,False,True,,,,,,,,,,
1574,1791448381883,A,binance,ENAUSDT,SELL,0.21960000,45.54771123,0.21960000,4.55,0.3862,6355.7200,0.85,1608.9800,queue_depleted,False,True,,,,,,,,,,
1575,1791448381883,B,binance,ENAUSDT,SELL,0.21960000,45.54771123,0.21960000,4.55,0.3862,6355.7200,0.85,1608.9800,queue_depleted,False,True,,,,,,,,,,
1576,1791448382884,A,binance,ENAUSDT,SELL,0.21960000,45.54771123,0.21960000,4.55,0.3881,4819.9700,0.83,1712.8200,queue_depleted,False,True,,,,,,,,,,
1577,1791448382884,B,binance,ENAUSDT,SELL,0.21960000,45.54771123,0.21960000,4.55,0.3881,4819.9700,0.83,1712.8200,queue_depleted,False,True,,,,,,,,,,
1578,1791448385335,A,binance,ENAUSDT,SELL,0.21960000,45.54771123,0.21960000,4.55,0.4039,0.0000,0.86,1712.8300,queue_depleted,False,True,,,,,,,,,,
1579,1791448385335,B,binance,ENAUSDT,SELL,0.21960000,45.54771123,0.21960000,4.55,0.3944,1712.8300,0.86,1712.8400,queue_depleted,False,True,,,,,,,,,,
1582,1791448396229,A,binance,ENAUSDT,SELL,0.21960000,45.54771123,0.21960000,4.55,0.4729,1712.8400,0.68,1712.8400,queue_depleted,False,True,,,,,,,,,,
1601,1791448571312,A,binance,FETUSDT,BUY,0.22990000,43.48771472,0.22990000,4.35,0.6568,0.0000,0.00,417.7000,queue_depleted,False,True,,,,,,,,,,
1602,1791448571312,B,binance,FETUSDT,BUY,0.22990000,43.48771472,0.22990000,4.35,0.6568,0.0000,0.00,417.7000,queue_depleted,False,True,,,,,,,,,,
1603,1791448571312,C,binance,FETUSDT,BUY,0.22990000,43.48771472,0.22990000,4.35,0.6568,0.0000,0.00,417.7000,queue_depleted,False,True,,,,,,,,,,
1604,1791448571837,A,hyperliquid,CASHCAT,BUY,0.12228000,81.74275555,0.12228000,8.99,0.3240,0.0000,0.00,603.0000,queue_depleted,False,True,,,,,,,,,,
1605,1791448576810,A,hyperliquid,CASHCAT,BUY,0.12220000,81.80293673,0.12220000,7.36,0.5112,0.0000,0.00,87.0000,queue_depleted,False,True,,,,,,,,,,
1606,1791448578646,A,binance,XLMUSDT,BUY,0.19910000,50.21340698,0.19910000,5.02,0.4431,0.0000,0.00,1080.0000,queue_depleted,False,True,,,,,,,,,,
1609,1791448614687,A,binance,ENAUSDT,SELL,0.21960000,45.54771123,0.21960000,4.55,0.5255,0.0000,0.76,22616.0600,queue_depleted,False,True,,,,,,,,,,
1610,1791448615247,A,binance,ENAUSDT,SELL,0.21960000,45.54771123,0.21960000,4.55,0.4553,24305.6700,0.74,47.8400,queue_depleted,False,True,,,,,,,,,,
1611,1791448616419,A,binance,TAOUSDT,BUY,282.90000000,0.03534193,282.90000000,3.53,0.6448,0.0000,0.74,14.7018,queue_depleted,False,True,,,,,,,,,,
1612,1791448616419,B,binance,TAOUSDT,BUY,282.90000000,0.03534193,282.90000000,3.53,0.6116,0.0000,0.74,14.7018,queue_depleted,False,True,,,,,,,,,,
1613,1791448616419,C,binance,TAOUSDT,BUY,282.90000000,0.03534193,282.90000000,3.53,0.6116,0.0000,0.74,14.7018,queue_depleted,False,True,,,,,,,,,,
1614,1791448616478,A,binance,ENAUSDT,SELL,0.21960000,45.54771123,0.21960000,4.55,0.4659,1712.8400,0.74,1712.8400,queue_depleted,False,True,,,,,,,,,,
1616,1791448630596,A,binance,ENAUSDT,SELL,0.21960000,45.54771123,0.21960000,4.55,0.4801,0.0000,0.00,47.8400,queue_depleted,False,True,,,,,,,,,,
1618,1791448639978,A,binance,ENAUSDT,SELL,0.21950000,45.56846662,0.21950000,4.56,0.5102,0.0000,1.05,1736.0900,queue_depleted,False,True,,,,,,,,,,
1619,1791448647658,A,binance,ENAUSDT,SELL,0.21960000,45.54771123,0.21960000,4.55,0.4486,1202.3200,1.18,85.5600,queue_depleted,False,True,,,,,,,,,,
1620,1791448647869,A,binance,RAYUSDT,BUY,2.47670000,4.03681576,2.47670000,4.04,0.2864,0.0000,0.53,10.0000,queue_depleted,False,True,,,,,,,,,,
1622,1791448649371,A,binance,ENAUSDT,SELL,0.21960000,45.54771123,0.21960000,4.55,0.4492,724.7100,1.22,707.4100,queue_depleted,False,True,,,,,,,,,,
1627,1791448662621,A,hyperliquid,CASHCAT,BUY,0.12196000,81.96385394,0.12196000,7.38,0.3785,0.0000,0.00,82.0000,queue_depleted,False,True,,,,,,,,,,
1628,1791448667907,A,hyperliquid,ZRO,SELL,2.07430000,4.82160077,2.07430000,2.89,0.6999,96.5000,0.00,69.6000,queue_depleted,False,True,,,,,,,,,,
1637,1791448675638,A,binance,ORCAUSDT,SELL,2.74700000,3.64099763,2.74700000,3.64,0.7953,0.0000,1.17,54.0000,queue_depleted,False,True,,,,,,,,,,
1644,1791448684198,A,hyperliquid,CASHCAT,SELL,0.12211000,81.92692119,0.12211000,8.19,0.8180,0.0000,0.00,98.0000,queue_depleted,False,True,,,,,,,,,,
1647,1791448686488,A,binance,ORCAUSDT,BUY,2.74400000,3.64365094,2.74400000,3.64,0.6266,0.0000,0.72,2.0100,queue_depleted,False,True,,,,,,,,,,
1648,1791448686488,B,binance,ORCAUSDT,BUY,2.74400000,3.64365094,2.74400000,3.64,0.6266,0.0000,0.69,2.0100,queue_depleted,False,True,,,,,,,,,,
1649,1791448686488,C,binance,ORCAUSDT,BUY,2.74400000,3.64365094,2.74400000,3.64,0.6266,0.0000,0.69,2.0100,queue_depleted,False,True,,,,,,,,,,
1655,1791448692084,A,hyperliquid,ZRO,BUY,2.07660000,4.81486831,2.07660000,2.89,0.3521,0.0000,0.00,164.2000,queue_depleted,False,True,,,,,,,,,,
1660,1791448696322,A,binance,XLMUSDT,SELL,0.19900000,50.26388540,0.19900000,5.03,0.5494,0.0000,0.76,4112.0000,queue_depleted,False,True,,,,,,,,,,
1661,1791448697051,A,hyperliquid,CASHCAT,SELL,0.12218000,81.85650555,0.12218000,2.46,0.6997,0.0000,0.00,149.0000,queue_depleted,False,True,,,,,,,,,,
1668,1791448725037,A,hyperliquid,VVV,SELL,24.83900000,0.40265754,24.83900000,3.22,0.5011,0.0000,0.00,20.1300,queue_depleted,False,True,,,,,,,,,,
1678,1791448755001,A,hyperliquid,VVV,SELL,24.82400000,0.40290900,24.82400000,3.63,0.6526,0.0000,0.00,1.2400,queue_depleted,False,True,,,,,,,,,,
1682,1791448783423,A,binance,XLMUSDT,SELL,0.19920000,50.21340698,0.19920000,5.02,0.5424,0.0000,0.00,23059.0000,queue_depleted,False,True,,,,,,,,,,
1683,1791448789354,A,binance,FETUSDT,BUY,0.23010000,43.44992396,0.23010000,4.34,0.5891,0.0000,0.00,3652.5000,queue_depleted,False,True,,,,,,,,,,
1685,1791448797120,A,binance,FETUSDT,BUY,0.23000000,43.46881113,0.23000000,4.35,0.5930,0.0000,0.70,251.3000,queue_depleted,False,True,,,,,,,,,,
1686,1791448797120,B,binance,FETUSDT,BUY,0.23000000,43.46881113,0.23000000,4.35,0.6178,0.0000,0.71,251.3000,queue_depleted,False,True,,,,,,,,,,
1687,1791448797120,C,binance,FETUSDT,BUY,0.23000000,43.46881113,0.23000000,4.35,0.6178,0.0000,0.71,251.3000,queue_depleted,False,True,,,,,,,,,,
1689,1791448804556,A,hyperliquid,CASHCAT,SELL,0.12232000,81.79290038,0.12232000,9.82,0.7445,0.0000,0.00,250.0000,queue_depleted,False,True,,,,,,,,,,
1696,1791448814099,A,binance,FETUSDT,SELL,0.23000000,43.48771472,0.23000000,4.35,0.7727,0.0000,0.00,330.7000,queue_depleted,False,True,,,,,,,,,,
1697,1791448814099,A,binance,TAOUSDT,SELL,283.90000000,0.03522987,283.90000000,3.52,0.4900,0.0000,0.56,0.0370,queue_depleted,False,True,,,,,,,,,,
1700,1791448816191,A,hyperliquid,JUP,SELL,0.37567000,26.62654933,0.37567000,5.59,0.9306,60.0000,0.00,30.0000,queue_depleted,False,True,,,,,,,,,,
1709,1791448822100,A,binance,FETUSDT,BUY,0.23000000,43.46881113,0.23000000,4.35,0.6533,0.0000,0.82,22.9000,queue_depleted,False,True,,,,,,,,,,
1710,1791448822100,B,binance,FETUSDT,BUY,0.23000000,43.46881113,0.23000000,4.35,0.6533,0.0000,0.82,22.9000,queue_depleted,False,True,,,,,,,,,,
1711,1791448822100,C,binance,FETUSDT,BUY,0.23000000,43.46881113,0.23000000,4.35,0.6533,0.0000,0.82,22.9000,queue_depleted,False,True,,,,,,,,,,
1712,1791448823284,A,binance,ADAUSDT,BUY,0.25220000,39.64321110,0.25220000,3.96,0.5845,0.0000,0.00,5299.7000,queue_depleted,False,True,,,,,,,,,,
1717,1791448828354,A,binance,XLMUSDT,BUY,0.19920000,50.18820577,0.19920000,5.02,0.5064,0.0000,0.00,29570.0000,queue_depleted,False,True,,,,,,,,,,
1718,1791448835209,A,binance,RAYUSDT,SELL,2.48410000,4.02633221,2.48410000,3.62,0.2710,0.0000,0.42,54.0000,queue_depleted,False,True,,,,,,,,,,
1719,1791448835646,A,binance,RAYUSDT,BUY,2.48320000,4.02633221,2.48320000,3.62,0.3173,0.0000,0.41,91.1000,queue_depleted,False,True,,,,,,,,,,
1722,1791448845911,A,hyperliquid,CRV,BUY,0.39184000,25.51671345,0.39184000,3.06,0.2574,0.0000,0.00,248.4000,queue_depleted,False,True,,,,,,,,,,
1724,1791448848462,A,hyperliquid,CASHCAT,BUY,0.12220000,81.80293673,0.12220000,7.36,0.1104,336.0000,0.00,82.0000,queue_depleted,False,True,,,,,,,,,,
1725,1791448849233,A,binance,ENAUSDT,SELL,0.21980000,45.50625711,0.21980000,4.55,0.6235,0.0000,0.69,73.0400,queue_depleted,False,True,,,,,,,,,,
1726,1791448852647,A,binance,ORCAUSDT,BUY,2.75700000,3.62647325,2.75700000,3.63,0.5216,0.0000,0.80,15.2800,queue_depleted,False,True,,,,,,,,,,
1727,1791448857302,A,binance,ORCAUSDT,SELL,2.75700000,3.62778886,2.75700000,3.63,0.5588,0.0000,0.68,54.0000,queue_depleted,False,True,,,,,,,,,,
1728,1791448860639,A,binance,ORCAUSDT,SELL,2.75700000,3.62778886,2.75700000,3.63,0.4597,0.0000,0.74,54.0000,queue_depleted,False,True,,,,,,,,,,
1730,1791448863447,A,binance,ADAUSDT,BUY,0.25200000,39.67466772,0.25200000,3.97,0.6198,0.0000,0.00,362.1000,queue_depleted,False,True,,,,,,,,,,
1731,1791448863447,B,binance,ADAUSDT,BUY,0.25200000,39.67466772,0.25200000,3.97,0.6198,0.0000,0.00,362.1000,queue_depleted,False,True,,,,,,,,,,
1732,1791448863447,C,binance,ADAUSDT,BUY,0.25200000,39.67466772,0.25200000,3.97,0.6198,0.0000,0.00,362.1000,queue_depleted,False,True,,,,,,,,,,
1738,1791448872499,A,binance,ENAUSDT,BUY,0.21970000,45.50625711,0.21970000,4.55,0.3919,167.3000,0.60,47.8000,queue_depleted,False,True,,,,,,,,,,
1739,1791448876427,A,hyperliquid,CASHCAT,BUY,0.12218000,81.82301681,0.12218000,5.73,0.1836,0.0000,0.00,35.0000,queue_depleted,False,True,,,,,,,,,,
1740,1791448887032,A,binance,ENAUSDT,BUY,0.21970000,45.50625711,0.21970000,4.55,0.4128,0.0000,0.65,47.8000,queue_depleted,False,True,,,,,,,,,,
1741,1791448890037,A,binance,ENAUSDT,BUY,0.21960000,45.52697473,0.21960000,4.55,0.4870,0.0000,0.96,201.7300,queue_depleted,False,True,,,,,,,,,,
1748,1791448906407,A,binance,RAYUSDT,SELL,2.48320000,4.02811625,2.48320000,5.24,0.8372,5.4000,0.63,2.3000,queue_depleted,False,True,,,,,,,,,,
1750,1791448915438,A,binance,TAOUSDT,BUY,283.40000000,0.03527959,283.40000000,3.53,0.4939,0.0000,0.00,0.0368,queue_depleted,False,True,,,,,,,,,,
1751,1791448919637,A,binance,RAYUSDT,BUY,2.48200000,4.02835965,2.48200000,3.22,0.7385,0.0000,0.52,41.0000,queue_depleted,False,True,,,,,,,,,,
1752,1791448919637,B,binance,RAYUSDT,BUY,2.48200000,4.02835965,2.48200000,3.22,0.7385,0.0000,0.52,41.0000,queue_depleted,False,True,,,,,,,,,,
1753,1791448919637,C,binance,RAYUSDT,BUY,2.48200000,4.02835965,2.48200000,3.22,0.7385,0.0000,0.52,41.0000,queue_depleted,False,True,,,,,,,,,,
1757,1791448920638,A,binance,RAYUSDT,BUY,2.48090000,4.02973948,2.48090000,5.24,0.5058,219.6000,0.62,3.1000,queue_depleted,False,True,,,,,,,,,,
1761,1791448922017,A,binance,RAYUSDT,SELL,2.48160000,4.03055158,2.48160000,4.43,0.6368,0.0000,0.65,2.3000,queue_depleted,False,True,,,,,,,,,,
1763,1791448926685,A,binance,TAOUSDT,SELL,283.50000000,0.03527959,283.50000000,3.53,0.4292,0.0000,0.49,0.0372,queue_depleted,False,True,,,,,,,,,,
1765,1791448929538,A,binance,RAYUSDT,BUY,2.48160000,4.02868423,2.48160000,4.83,0.6431,0.0000,0.78,2.3000,queue_depleted,False,True,,,,,,,,,,
1766,1791448929538,B,binance,RAYUSDT,BUY,2.48160000,4.02868423,2.48160000,4.83,0.6431,0.0000,0.78,2.3000,queue_depleted,False,True,,,,,,,,,,
1767,1791448929538,C,binance,RAYUSDT,BUY,2.48160000,4.02868423,2.48160000,4.83,0.6431,0.0000,0.78,2.3000,queue_depleted,False,True,,,,,,,,,,
1771,1791448934480,A,hyperliquid,CASHCAT,SELL,0.12220000,81.86320658,0.12220000,7.37,0.5326,0.0000,0.00,180.0000,queue_depleted,False,True,,,,,,,,,,
1772,1791448935045,A,hyperliquid,VVV,SELL,24.78400000,0.40353497,24.78400000,2.42,0.6944,0.0000,0.00,20.1700,queue_depleted,False,True,,,,,,,,,,
1774,1791448935658,A,binance,RAYUSDT,BUY,2.48290000,4.02681861,2.48290000,3.62,0.6713,0.0000,0.68,24.3000,queue_depleted,False,True,,,,,,,,,,
1775,1791448935658,B,binance,RAYUSDT,BUY,2.48290000,4.02681861,2.48290000,3.62,0.6713,0.0000,0.68,24.3000,queue_depleted,False,True,,,,,,,,,,
1776,1791448935658,C,binance,RAYUSDT,BUY,2.48290000,4.02681861,2.48290000,3.62,0.6713,0.0000,0.68,24.3000,queue_depleted,False,True,,,,,,,,,,
1781,1791448949560,A,hyperliquid,CASHCAT,BUY,0.12220000,81.79290038,0.12220000,9.82,0.2876,0.0000,0.00,95.0000,queue_depleted,False,True,,,,,,,,,,
1783,1791448959983,A,hyperliquid,CHIP,BUY,0.05160900,193.72523949,0.05160900,4.07,0.6982,0.0000,0.00,6082.0000,queue_depleted,False,True,,,,,,,,,,
1784,1791448959983,B,hyperliquid,CHIP,BUY,0.05160900,193.72523949,0.05160900,4.07,0.6982,0.0000,0.00,6082.0000,queue_depleted,False,True,,,,,,,,,,
1785,1791448959983,C,hyperliquid,CHIP,BUY,0.05160900,193.72523949,0.05160900,4.07,0.6982,0.0000,0.00,6082.0000,queue_depleted,False,True,,,,,,,,,,
1786,1791448960880,A,hyperliquid,CASHCAT,BUY,0.12212000,81.85315544,0.12212000,8.19,0.5471,0.0000,0.00,85.0000,queue_depleted,False,True,,,,,,,,,,
1788,1791448973095,A,binance,FETUSDT,SELL,0.22960000,43.56349379,0.22960000,4.36,0.7088,0.0000,0.00,322.9000,queue_depleted,False,True,,,,,,,,,,
1789,1791448976361,A,binance,FETUSDT,BUY,0.22960000,43.54452428,0.22960000,4.35,0.4411,0.0000,0.73,4484.6000,queue_depleted,False,True,,,,,,,,,,
1792,1791448978314,A,binance,ZROUSDT,BUY,2.07700000,4.81347774,2.07700000,4.81,0.7096,0.0000,1.82,358.9600,queue_depleted,False,True,,,,,,,,,,
1793,1791448978314,B,binance,ZROUSDT,BUY,2.07700000,4.81347774,2.07700000,4.81,0.7096,0.0000,1.82,358.9600,queue_depleted,False,True,,,,,,,,,,
1794,1791448979528,A,hyperliquid,CASHCAT,SELL,0.12225000,81.83640902,0.12225000,9.00,0.6034,0.0000,0.00,250.0000,queue_depleted,False,True,,,,,,,,,,
1797,1791448995032,A,hyperliquid,VVV,SELL,24.77600000,0.40368158,24.77600000,3.23,0.4283,0.0000,0.00,1.0700,queue_depleted,False,True,,,,,,,,,,
1801,1791449017911,A,binance,FETUSDT,SELL,0.22980000,43.52557127,0.22980000,4.35,0.6431,0.0000,0.00,246.9000,queue_depleted,False,True,,,,,,,,,,
1809,1791449025009,A,binance,ENAUSDT,BUY,0.21990000,45.46487838,0.21990000,4.55,0.4244,616.9100,0.73,71.6200,queue_depleted,False,True,,,,,,,,,,
1810,1791449027112,A,binance,ENAUSDT,BUY,0.21990000,45.46487838,0.21990000,4.55,0.4343,0.0000,0.69,47.7400,queue_depleted,False,True,,,,,,,,,,
1811,1791449030667,A,binance,TAOUSDT,SELL,283.40000000,0.03529204,283.40000000,3.53,0.5735,0.0000,0.47,0.0372,queue_depleted,False,True,,,,,,,,,,
1812,1791449033235,A,hyperliquid,CASHCAT,SELL,0.12228000,81.81297554,0.12228000,8.18,0.4149,0.0000,0.00,168.0000,queue_depleted,False,True,,,,,,,,,,
1816,1791449044346,A,binance,FETUSDT,SELL,0.23000000,43.48771472,0.23000000,4.35,0.6248,0.0000,0.00,121.9000,queue_depleted,False,True,,,,,,,,,,
1817,1791449048196,A,binance,TAOUSDT,SELL,283.60000000,0.03526715,283.60000000,3.53,0.4954,0.0000,0.76,1.5645,queue_depleted,False,True,,,,,,,,,,
1824,1791449062903,A,hyperliquid,CASHCAT,SELL,0.12232000,81.76949180,0.12232000,4.09,0.3755,0.0000,0.00,152.0000,queue_depleted,False,True,,,,,,,,,,
1825,1791449062903,B,hyperliquid,CASHCAT,SELL,0.12232000,81.76949180,0.12232000,4.09,0.3755,0.0000,0.00,152.0000,queue_depleted,False,True,,,,,,,,,,
1826,1791449062903,C,hyperliquid,CASHCAT,SELL,0.12232000,81.76949180,0.12232000,4.09,0.3755,0.0000,0.00,152.0000,queue_depleted,False,True,,,,,,,,,,
1830,1791449065971,A,hyperliquid,kPEPE,BUY,0.00402900,2481.69748108,0.00402900,2.48,0.5601,0.0000,0.00,7167.0000,queue_depleted,False,True,,,,,,,,,,
1831,1791449067566,A,hyperliquid,CASHCAT,SELL,0.12239000,81.74275555,0.12239000,8.99,0.3711,0.0000,0.00,332.0000,queue_depleted,False,True,,,,,,,,,,
1832,1791449067566,B,hyperliquid,CASHCAT,SELL,0.12239000,81.74275555,0.12239000,8.99,0.3711,0.0000,0.00,332.0000,queue_depleted,False,True,,,,,,,,,,
1833,1791449067566,C,hyperliquid,CASHCAT,SELL,0.12239000,81.74275555,0.12239000,8.99,0.3711,0.0000,0.00,332.0000,queue_depleted,False,True,,,,,,,,,,
1837,1791449073644,A,binance,FETUSDT,SELL,0.23010000,43.46881113,0.23010000,4.35,0.6586,0.0000,0.77,222.9000,queue_depleted,False,True,,,,,,,,,,
1838,1791449074220,A,binance,XLMUSDT,SELL,0.19920000,50.21340698,0.19920000,5.02,0.5571,0.0000,0.75,1054.0000,queue_depleted,False,True,,,,,,,,,,
1850,1791449099834,A,hyperliquid,kPEPE,BUY,0.00402900,2481.69748108,0.00402900,2.48,0.5714,0.0000,0.00,188070.0000,queue_depleted,False,True,,,,,,,,,,
1854,1791449106122,A,binance,FETUSDT,SELL,0.23000000,43.48771472,0.23000000,4.35,0.5683,0.0000,2.25,592.9000,queue_depleted,False,True,,,,,,,,,,
1855,1791449111361,A,binance,FETUSDT,SELL,0.23010000,43.46881113,0.23010000,4.35,0.6131,0.0000,0.95,122.9000,queue_depleted,False,True,,,,,,,,,,
1857,1791449130175,A,hyperliquid,PONS,SELL,0.40568000,24.65726403,0.40568000,5.92,0.7861,0.0000,0.00,31.0000,queue_depleted,False,True,,,,,,,,,,
1860,1791449139835,A,binance,XLMUSDT,BUY,0.19920000,50.18820577,0.19920000,5.02,0.5088,0.0000,0.00,4999.0000,queue_depleted,False,True,,,,,,,,,,
1861,1791449143018,A,hyperliquid,PONS,BUY,0.40543000,24.66030431,0.40543000,3.95,0.5779,0.0000,0.00,29.0000,queue_depleted,False,True,,,,,,,,,,
1864,1791449148231,A,hyperliquid,AERO,BUY,0.77753000,12.85991692,0.77753000,2.06,0.2178,0.0000,0.00,38.0000,queue_depleted,False,True,,,,,,,,,,
1869,1791449154167,A,binance,FETUSDT,SELL,0.23010000,43.46881113,0.23010000,4.35,0.6733,0.0000,0.00,122.9000,queue_depleted,False,True,,,,,,,,,,
1871,1791449155654,A,binance,ORCAUSDT,SELL,2.75600000,3.62976407,2.75600000,7.26,0.6512,0.0000,0.00,50.4400,queue_depleted,False,True,,,,,,,,,,
1873,1791449155623,A,hyperliquid,CASHCAT,BUY,0.12209000,81.89672823,0.12209000,2.46,0.3805,0.0000,0.00,82.0000,queue_depleted,False,True,,,,,,,,,,
1875,1791449156911,A,hyperliquid,PONS,SELL,0.40549000,24.66669133,0.40549000,4.19,0.6629,0.0000,0.00,246.0000,queue_depleted,False,True,,,,,,,,,,
1877,1791449161289,A,hyperliquid,CASHCAT,SELL,0.12212000,81.90679007,0.12212000,4.91,0.3598,0.0000,0.00,2048.0000,queue_depleted,False,True,,,,,,,,,,
1878,1791449161289,B,hyperliquid,CASHCAT,SELL,0.12212000,81.90679007,0.12212000,4.91,0.3598,0.0000,0.00,2048.0000,queue_depleted,False,True,,,,,,,,,,
1879,1791449161289,C,hyperliquid,CASHCAT,SELL,0.12212000,81.90679007,0.12212000,4.91,0.3598,0.0000,0.00,2048.0000,queue_depleted,False,True,,,,,,,,,,
1881,1791449170643,A,binance,ORCAUSDT,SELL,2.75700000,3.62844702,2.75700000,7.26,0.5557,0.0000,0.98,36.9500,queue_depleted,False,True,,,,,,,,,,
1885,1791449176725,A,binance,ORCAUSDT,SELL,2.75500000,3.63042294,2.75500000,3.63,0.6586,0.0000,1.47,54.0000,queue_depleted,False,True,,,,,,,,,,
1887,1791449195646,A,binance,RAYUSDT,BUY,2.47960000,4.03225806,2.47960000,3.23,0.5564,2.7000,0.81,54.0000,queue_depleted,False,True,,,,,,,,,,
1892,1791449200861,A,binance,XLMUSDT,SELL,0.19930000,50.18820577,0.19930000,5.02,0.5745,0.0000,0.00,4728.0000,queue_depleted,False,True,,,,,,,,,,
1893,1791449201676,A,binance,ADAUSDT,SELL,0.25240000,39.62750149,0.25240000,3.96,0.6511,0.0000,0.00,3898.3000,queue_depleted,False,True,,,,,,,,,,
1894,1791449202547,A,hyperliquid,CASHCAT,SELL,0.12216000,81.88666885,0.12216000,6.55,0.8213,0.0000,0.00,2048.0000,queue_depleted,False,True,,,,,,,,,,
1896,1791449205652,A,binance,RAYUSDT,BUY,2.48040000,4.03087651,2.48040000,3.63,0.6589,0.0000,0.57,54.0000,queue_depleted,False,True,,,,,,,,,,
1897,1791449205652,B,binance,RAYUSDT,BUY,2.48040000,4.03087651,2.48040000,3.63,0.6589,0.0000,0.57,54.0000,queue_depleted,False,True,,,,,,,,,,
1898,1791449205652,C,binance,RAYUSDT,BUY,2.48040000,4.03087651,2.48040000,3.63,0.6589,0.0000,0.57,54.0000,queue_depleted,False,True,,,,,,,,,,
1902,1791449208512,A,binance,FETUSDT,SELL,0.23030000,43.43105320,0.23030000,4.34,0.6345,0.0000,0.98,22.8000,queue_depleted,False,True,,,,,,,,,,
1903,1791449210201,A,binance,ENAUSDT,SELL,0.22040000,45.38234627,0.22040000,4.54,0.4849,1322.0000,0.64,48.2700,queue_depleted,False,True,,,,,,,,,,
1904,1791449211127,A,hyperliquid,CASHCAT,BUY,0.12220000,81.81632236,0.12220000,4.09,0.3581,0.0000,0.00,85.0000,queue_depleted,False,True,,,,,,,,,,
1905,1791449213854,A,binance,RAYUSDT,SELL,2.48100000,4.03128275,2.48100000,3.23,0.7038,0.0000,0.26,54.0000,queue_depleted,False,True,,,,,,,,,,
1906,1791449224658,A,binance,FETUSDT,BUY,0.23020000,43.43105320,0.23020000,4.34,0.5967,0.0000,0.00,5965.8000,queue_depleted,False,True,,,,,,,,,,
1907,1791449225680,A,binance,ORCAUSDT,BUY,2.75400000,3.63042294,2.75400000,3.63,0.6704,0.0000,1.47,54.0000,queue_depleted,False,True,,,,,,,,,,
1908,1791449225680,B,binance,ORCAUSDT,BUY,2.75400000,3.63042294,2.75400000,3.63,0.6704,0.0000,1.47,54.0000,queue_depleted,False,True,,,,,,,,,,
1909,1791449225680,C,binance,ORCAUSDT,BUY,2.75400000,3.63042294,2.75400000,3.63,0.6704,0.0000,1.47,54.0000,queue_depleted,False,True,,,,,,,,,,
1913,1791449227065,A,hyperliquid,CASHCAT,BUY,0.12212000,81.87326019,0.12212000,3.27,0.2293,0.0000,0.00,86.0000,queue_depleted,False,True,,,,,,,,,,
1915,1791449230297,A,binance,ORCAUSDT,BUY,2.75300000,3.63108206,2.75300000,7.26,0.6846,0.0000,1.56,54.1400,queue_depleted,False,True,,,,,,,,,,
1916,1791449230297,B,binance,ORCAUSDT,BUY,2.75300000,3.63108206,2.75300000,7.26,0.6846,0.0000,1.56,54.1400,queue_depleted,False,True,,,,,,,,,,
1917,1791449230297,C,binance,ORCAUSDT,BUY,2.75300000,3.63108206,2.75300000,7.26,0.6750,0.0000,1.59,54.1400,queue_depleted,False,True,,,,,,,,,,
1920,1791449235017,A,hyperliquid,VVV,SELL,24.86300000,0.40226071,24.86300000,2.82,0.8791,0.0000,0.00,4.0200,queue_depleted,False,True,,,,,,,,,,
1925,1791449240378,A,binance,ADAUSDT,SELL,0.25240000,39.62750149,0.25240000,3.96,0.6951,39.0000,0.00,1808.5000,queue_depleted,False,True,,,,,,,,,,
1935,1791449257077,A,hyperliquid,CASHCAT,BUY,0.12204000,81.91685439,0.12204000,5.73,0.3556,0.0000,0.00,103.0000,queue_depleted,False,True,,,,,,,,,,
1937,1791449260647,A,binance,ORCAUSDT,SELL,2.75600000,3.62910543,2.75600000,3.63,0.5831,27.3000,1.25,56.0000,queue_depleted,False,True,,,,,,,,,,
1945,1791449285774,A,hyperliquid,CASHCAT,BUY,0.12197000,81.97057256,0.12197000,4.10,0.2439,0.0000,0.00,152.0000,queue_depleted,False,True,,,,,,,,,,
1947,1791449288796,A,hyperliquid,CASHCAT,BUY,0.12188000,82.03108978,0.12188000,4.10,0.5396,0.0000,0.00,95.0000,queue_depleted,False,True,,,,,,,,,,
1951,1791449297317,A,binance,ENAUSDT,BUY,0.21980000,45.48555834,0.21980000,4.55,0.5271,0.0000,0.00,4500.8700,queue_depleted,False,True,,,,,,,,,,
1952,1791449297336,A,binance,ADAUSDT,BUY,0.25200000,39.67466772,0.25200000,3.97,0.6218,0.0000,0.00,253.4000,queue_depleted,False,True,,,,,,,,,,
1953,1791449297336,B,binance,ADAUSDT,BUY,0.25200000,39.67466772,0.25200000,3.97,0.6218,0.0000,0.00,253.4000,queue_depleted,False,True,,,,,,,,,,
1954,1791449297336,C,binance,ADAUSDT,BUY,0.25200000,39.67466772,0.25200000,3.97,0.6218,0.0000,0.00,253.4000,queue_depleted,False,True,,,,,,,,,,
1957,1791449316997,C,binance,ZROUSDT,BUY,2.07900000,4.80884828,2.07900000,4.81,0.6996,0.0000,0.56,83.2500,queue_depleted,False,True,,,,,,,,,,
1961,1791449326079,A,binance,FETUSDT,SELL,0.22980000,43.52557127,0.22980000,4.35,0.6504,0.0000,0.68,46.9000,queue_depleted,False,True,,,,,,,,,,
1962,1791449328849,A,binance,ENAUSDT,BUY,0.22000000,45.44421722,0.22000000,4.54,0.4336,0.0000,0.94,6875.2100,queue_depleted,False,True,,,,,,,,,,
1966,1791449353428,A,binance,TAOUSDT,SELL,283.50000000,0.03527959,283.50000000,3.53,0.5491,0.0000,0.49,0.0372,queue_depleted,False,True,,,,,,,,,,
1968,1791449354216,A,binance,TAOUSDT,BUY,283.50000000,0.03526715,283.50000000,3.53,0.4181,0.0000,0.69,0.0372,queue_depleted,False,True,,,,,,,,,,
1977,1791449399999,A,binance,ENAUSDT,BUY,0.22000000,45.44421722,0.22000000,4.54,0.4584,25.2600,0.00,8064.8800,queue_depleted,False,True,,,,,,,,,,
1978,1791449404022,A,hyperliquid,JUP,BUY,0.37690000,26.52942113,0.37690000,2.12,0.2074,0.0000,0.00,386.0000,queue_depleted,False,True,,,,,,,,,,
1981,1791449411100,A,binance,ADAUSDT,SELL,0.25240000,39.62750149,0.25240000,3.96,0.6017,0.0000,0.00,1290.9000,queue_depleted,False,True,,,,,,,,,,
1989,1791449435394,A,binance,ORCAUSDT,BUY,2.74800000,3.63834819,2.74800000,3.64,0.4441,0.0000,0.94,69.6800,queue_depleted,False,True,,,,,,,,,,
1990,1791449435658,A,binance,ORCAUSDT,SELL,2.74900000,3.63834819,2.74900000,3.64,0.4441,0.0000,0.94,56.8500,queue_depleted,False,True,,,,,,,,,,
1993,1791449451287,A,binance,XLMUSDT,BUY,0.19920000,50.18820577,0.19920000,5.02,0.5202,0.0000,0.00,1243.0000,queue_depleted,False,True,,,,,,,,,,
1994,1791449453420,A,binance,ORCAUSDT,BUY,2.74700000,3.63967243,2.74700000,3.64,0.5834,0.0000,1.42,56.0100,queue_depleted,False,True,,,,,,,,,,
1996,1791449459639,A,binance,FETUSDT,SELL,0.22980000,43.52557127,0.22980000,4.35,0.6648,0.0000,0.00,592.9000,queue_depleted,False,True,,,,,,,,,,
1998,1791449460292,A,binance,XLMUSDT,SELL,0.19930000,50.18820577,0.19930000,5.02,0.5479,0.0000,1.26,31267.0000,queue_depleted,False,True,,,,,,,,,,
2002,1791449463296,A,hyperliquid,PONS,SELL,0.40493000,24.70325218,0.40493000,6.18,0.6939,248.0000,0.00,27.0000,queue_depleted,False,True,,,,,,,,,,
2012,1791449474812,A,binance,FETUSDT,SELL,0.22990000,43.50663476,0.22990000,4.35,0.6296,0.0000,0.00,122.9000,queue_depleted,False,True,,,,,,,,,,
2016,1791449506239,A,binance,ZROUSDT,BUY,2.08100000,4.80422772,2.08100000,4.80,0.4906,0.0000,0.55,3.0000,queue_depleted,False,True,,,,,,,,,,
2017,1791449518424,A,binance,FETUSDT,BUY,0.22980000,43.50663476,0.22980000,4.35,0.5698,0.0000,0.71,301.7000,queue_depleted,False,True,,,,,,,,,,
2018,1791449519765,A,binance,ADAUSDT,BUY,0.25230000,39.62750149,0.25230000,3.96,0.4939,0.0000,0.00,221.7000,queue_depleted,False,True,,,,,,,,,,
2019,1791449522208,A,binance,FETUSDT,BUY,0.22970000,43.52557127,0.22970000,4.35,0.6371,0.0000,0.71,112.3000,queue_depleted,False,True,,,,,,,,,,
2020,1791449522208,B,binance,FETUSDT,BUY,0.22970000,43.52557127,0.22970000,4.35,0.6371,0.0000,0.71,112.3000,queue_depleted,False,True,,,,,,,,,,
2021,1791449522208,C,binance,FETUSDT,BUY,0.22970000,43.52557127,0.22970000,4.35,0.6371,0.0000,0.71,112.3000,queue_depleted,False,True,,,,,,,,,,
2025,1791449534387,A,binance,XLMUSDT,BUY,0.19940000,50.13787917,0.19940000,5.01,0.5331,58.0000,0.00,29506.0000,queue_depleted,False,True,,,,,,,,,,
2027,1791449559956,A,binance,ADAUSDT,BUY,0.25210000,39.65893317,0.25210000,3.97,0.4766,0.0000,0.82,62.1000,queue_depleted,False,True,,,,,,,,,,
2030,1791449622562,A,binance,ZROUSDT,BUY,2.07300000,4.82276344,2.07300000,4.82,0.5525,0.0000,0.56,120.6800,queue_depleted,False,True,,,,,,,,,,
2032,1791449631505,A,binance,XLMUSDT,SELL,0.19940000,50.16302985,0.19940000,5.02,0.5745,0.0000,0.00,19737.0000,queue_depleted,False,True,,,,,,,,,,
2033,1791449640549,A,binance,ZROUSDT,BUY,2.07400000,4.82043866,2.07400000,4.82,0.3819,0.0000,1.06,167.3600,queue_depleted,False,True,,,,,,,,,,
2034,1791449644733,A,binance,ZROUSDT,SELL,2.07600000,4.81811612,2.07600000,4.82,0.4931,0.0000,1.69,3.0000,queue_depleted,False,True,,,,,,,,,,
2036,1791449654019,A,binance,FETUSDT,SELL,0.22950000,43.58247984,0.22950000,4.36,0.7677,0.0000,1.03,122.9000,queue_depleted,False,True,,,,,,,,,,
2037,1791449660559,A,hyperliquid,PONS,BUY,0.40324000,24.79451545,0.40324000,3.72,0.6586,0.0000,0.00,524.0000,queue_depleted,False,True,,,,,,,,,,
2038,1791449660559,B,hyperliquid,PONS,BUY,0.40324000,24.79451545,0.40324000,3.72,0.6586,0.0000,0.00,524.0000,queue_depleted,False,True,,,,,,,,,,
2039,1791449660559,C,hyperliquid,PONS,BUY,0.40324000,24.79451545,0.40324000,3.72,0.6586,0.0000,0.00,524.0000,queue_depleted,False,True,,,,,,,,,,
2040,1791449663645,A,binance,ENAUSDT,SELL,0.21930000,45.61003421,0.21930000,4.56,0.5396,0.0000,0.85,47.8800,queue_depleted,False,True,,,,,,,,,,
2042,1791449666354,A,binance,FETUSDT,SELL,0.22970000,43.54452428,0.22970000,4.35,0.3669,0.0000,1.80,1226.9000,queue_depleted,False,True,,,,,,,,,,
2043,1791449666354,B,binance,FETUSDT,SELL,0.22970000,43.54452428,0.22970000,4.35,0.3669,0.0000,1.80,1226.9000,queue_depleted,False,True,,,,,,,,,,
2044,1791449666354,C,binance,FETUSDT,SELL,0.22970000,43.54452428,0.22970000,4.35,0.3669,0.0000,1.80,1226.9000,queue_depleted,False,True,,,,,,,,,,
2049,1791449680534,A,binance,RAYUSDT,BUY,2.47920000,4.03290853,2.47920000,3.23,0.1016,0.0000,0.44,2.3000,queue_depleted,False,True,,,,,,,,,,
2051,1791449681771,A,hyperliquid,VVV,BUY,24.87100000,0.40203429,24.87100000,2.01,0.4407,0.0000,0.00,2.0100,queue_depleted,False,True,,,,,,,,,,
2059,1791449715871,A,binance,TAOUSDT,BUY,282.40000000,0.03540450,282.40000000,3.54,0.4876,0.0000,0.00,0.1692,queue_depleted,False,True,,,,,,,,,,
2060,1791449720558,A,hyperliquid,CASHCAT,BUY,0.12085000,82.73351535,0.12085000,3.31,0.2319,0.0000,0.00,151.0000,queue_depleted,False,True,,,,,,,,,,
2062,1791449731943,A,hyperliquid,CASHCAT,BUY,0.12078000,82.78145695,0.12078000,3.31,0.2086,0.0000,0.00,151.0000,queue_depleted,False,True,,,,,,,,,,
2067,1791449741754,A,hyperliquid,kPEPE,BUY,0.00402400,2484.78071810,0.00402400,2.48,0.4581,0.0000,0.00,248681.0000,queue_depleted,False,True,,,,,,,,,,
2068,1791449743940,A,binance,ENAUSDT,SELL,0.21920000,45.63084645,0.21920000,4.56,0.5676,0.0000,0.85,73.2600,queue_depleted,False,True,,,,,,,,,,
2069,1791449746428,A,binance,FETUSDT,SELL,0.22960000,43.56349379,0.22960000,4.36,0.5894,0.0000,0.93,22.9000,queue_depleted,False,True,,,,,,,,,,
2072,1791449747870,A,binance,ENAUSDT,SELL,0.21930000,45.61003421,0.21930000,4.56,0.5651,116.0000,0.85,24.3200,queue_depleted,False,True,,,,,,,,,,
2073,1791449748440,A,binance,FETUSDT,BUY,0.22960000,43.54452428,0.22960000,4.35,0.3987,0.0000,0.91,22.9000,queue_depleted,False,True,,,,,,,,,,
2075,1791449756594,A,hyperliquid,PONS,BUY,0.40107000,24.92802034,0.40107000,4.24,0.3859,0.0000,0.00,4.0000,queue_depleted,False,True,,,,,,,,,,
2080,1791449758364,A,binance,ENAUSDT,SELL,0.21940000,45.58924094,0.21940000,4.56,0.4533,0.0000,0.66,246.0600,queue_depleted,False,True,,,,,,,,,,
2088,1791449775010,A,hyperliquid,VVV,SELL,24.84000000,0.40263322,24.84000000,2.82,0.3298,0.0000,0.00,1.2500,queue_depleted,False,True,,,,,,,,,,
2089,1791449775010,B,hyperliquid,VVV,SELL,24.84000000,0.40263322,24.84000000,2.82,0.3298,0.0000,0.00,1.2500,queue_depleted,False,True,,,,,,,,,,
2090,1791449775010,C,hyperliquid,VVV,SELL,24.84000000,0.40263322,24.84000000,2.82,0.3298,0.0000,0.00,1.2500,queue_depleted,False,True,,,,,,,,,,
2094,1791449788742,A,binance,ZROUSDT,SELL,2.07800000,4.81347774,2.07800000,4.81,0.4455,0.0000,0.00,3.0000,queue_depleted,False,True,,,,,,,,,,
2096,1791449808408,A,binance,ZROUSDT,BUY,2.07600000,4.81579581,2.07600000,4.82,0.5502,0.0000,1.03,120.4700,queue_depleted,False,True,,,,,,,,,,
2103,1791449834298,A,binance,TAOUSDT,BUY,282.60000000,0.03537944,282.60000000,3.54,0.3920,0.0000,0.48,0.0186,queue_depleted,False,True,,,,,,,,,,
2106,1791449844191,A,binance,FETUSDT,BUY,0.22980000,43.50663476,0.22980000,4.35,0.5651,0.0000,0.00,1052.9000,queue_depleted,False,True,,,,,,,,,,
2107,1791449845994,A,binance,TAOUSDT,SELL,282.50000000,0.03540450,282.50000000,3.54,0.5807,1.7060,0.59,0.0372,queue_depleted,False,True,,,,,,,,,,
2108,1791449847446,A,binance,TAOUSDT,SELL,282.50000000,0.03540450,282.50000000,3.54,0.5656,1.1520,0.57,3.9744,queue_depleted,False,True,,,,,,,,,,
2111,1791449864710,A,binance,TAOUSDT,SELL,282.60000000,0.03539197,282.60000000,3.54,0.5466,0.0000,0.00,0.0372,queue_depleted,False,True,,,,,,,,,,
2112,1791449865058,A,hyperliquid,VVV,SELL,24.78600000,0.40349426,24.78600000,2.02,0.3180,0.0000,0.00,19.6800,queue_depleted,False,True,,,,,,,,,,
2113,1791449865058,B,hyperliquid,VVV,SELL,24.78600000,0.40349426,24.78600000,2.02,0.3180,0.0000,0.00,19.6800,queue_depleted,False,True,,,,,,,,,,
2114,1791449865058,C,hyperliquid,VVV,SELL,24.78600000,0.40349426,24.78600000,2.02,0.3180,0.0000,0.00,19.6800,queue_depleted,False,True,,,,,,,,,,
2118,1791449865966,A,binance,ORCAUSDT,BUY,2.75200000,3.63240102,2.75200000,7.26,0.4199,0.0000,0.64,68.7700,queue_depleted,False,True,,,,,,,,,,
2119,1791449866635,A,binance,ENAUSDT,BUY,0.21920000,45.61003421,0.21920000,4.56,0.5475,0.0000,0.00,1924.1000,queue_depleted,False,True,,,,,,,,,,
2121,1791449870374,A,hyperliquid,CASHCAT,BUY,0.12084000,82.72667108,0.12084000,6.62,0.3460,0.0000,0.00,85.0000,queue_depleted,False,True,,,,,,,,,,
2126,1791449882843,A,hyperliquid,CASHCAT,SELL,0.12092000,82.71982794,0.12092000,4.96,0.3102,0.0000,0.00,349.0000,queue_depleted,False,True,,,,,,,,,,
2127,1791449882843,B,hyperliquid,CASHCAT,SELL,0.12092000,82.71982794,0.12092000,4.96,0.3102,0.0000,0.00,349.0000,queue_depleted,False,True,,,,,,,,,,
2128,1791449882843,C,hyperliquid,CASHCAT,SELL,0.12092000,82.71982794,0.12092000,4.96,0.3102,0.0000,0.00,349.0000,queue_depleted,False,True,,,,,,,,,,
2132,1791449889693,A,binance,ADAUSDT,BUY,0.25190000,39.69041476,0.25190000,3.97,0.4712,0.0000,0.00,84.0000,queue_depleted,False,True,,,,,,,,,,
2133,1791449890389,A,binance,FETUSDT,SELL,0.22970000,43.54452428,0.22970000,4.35,0.6375,0.0000,0.00,22.9000,queue_depleted,False,True,,,,,,,,,,
2135,1791449895012,A,hyperliquid,VVV,SELL,24.79400000,0.40338033,24.79400000,2.82,0.8100,0.0000,0.00,1.2600,queue_depleted,False,True,,,,,,,,,,
2137,1791449897854,A,binance,ADAUSDT,SELL,0.25200000,39.69041476,0.25200000,3.97,0.6116,39.7000,0.90,823.6000,queue_depleted,False,True,,,,,,,,,,
2138,1791449898923,A,binance,RAYUSDT,BUY,2.47860000,4.03372192,2.47860000,4.03,0.2284,0.0000,0.47,2.4000,queue_depleted,False,True,,,,,,,,,,
2139,1791449908559,A,hyperliquid,JUP,BUY,0.37555000,26.62406816,0.37555000,2.66,0.0870,0.0000,0.00,30.0000,queue_depleted,False,True,,,,,,,,,,
2147,1791449926838,A,binance,FETUSDT,BUY,0.22980000,43.50663476,0.22980000,4.35,0.5277,0.0000,0.87,652.9000,queue_depleted,False,True,,,,,,,,,,
2154,1791449950025,A,binance,FETUSDT,SELL,0.22980000,43.52557127,0.22980000,4.35,0.6024,0.0000,0.00,22.9000,queue_depleted,False,True,,,,,,,,,,
2156,1791449955001,A,hyperliquid,VVV,SELL,24.78300000,0.40354311,24.78300000,2.02,0.6001,0.0000,0.00,2.8200,queue_depleted,False,True,,,,,,,,,,
2161,1791449986432,A,binance,RAYUSDT,BUY,2.47420000,4.04064893,2.47420000,5.25,0.5769,0.0000,0.51,54.3000,queue_depleted,False,True,,,,,,,,,,
2162,1791449986432,B,binance,RAYUSDT,BUY,2.47420000,4.04064893,2.47420000,5.25,0.6239,0.0000,0.51,54.3000,queue_depleted,False,True,,,,,,,,,,
2163,1791449986432,C,binance,RAYUSDT,BUY,2.47420000,4.04064893,2.47420000,5.25,0.6239,0.0000,0.51,54.3000,queue_depleted,False,True,,,,,,,,,,
2167,1791449988905,A,binance,ORCAUSDT,BUY,2.75000000,3.63570260,2.75000000,3.64,0.6135,0.0000,0.71,52.0100,queue_depleted,False,True,,,,,,,,,,
2168,1791449988905,B,binance,ORCAUSDT,BUY,2.75000000,3.63570260,2.75000000,3.64,0.6135,0.0000,0.71,52.0100,queue_depleted,False,True,,,,,,,,,,
2169,1791449988905,C,binance,ORCAUSDT,BUY,2.75000000,3.63570260,2.75000000,3.64,0.6135,0.0000,0.71,52.0100,queue_depleted,False,True,,,,,,,,,,
2175,1791450014378,A,binance,FETUSDT,SELL,0.22980000,43.52557127,0.22980000,4.35,0.6024,0.0000,0.00,22.9000,queue_depleted,False,True,,,,,,,,,,
2176,1791450017644,A,binance,RAYUSDT,SELL,2.47680000,4.03828292,2.47680000,4.04,0.6789,0.0000,0.69,2.3000,queue_depleted,False,True,,,,,,,,,,
2187,1791450033626,A,hyperliquid,CASHCAT,BUY,0.12124000,82.44702778,0.12124000,8.24,0.3253,0.0000,0.00,96.0000,queue_depleted,False,True,,,,,,,,,,
2189,1791450037132,A,binance,ADAUSDT,SELL,0.25210000,39.67466772,0.25210000,3.97,0.5667,0.0000,0.68,1536.6000,queue_depleted,False,True,,,,,,,,,,
2191,1791450041135,A,hyperliquid,ZRO,BUY,2.07610000,4.81591177,2.07610000,3.37,0.3757,0.0000,0.00,67.2000,queue_depleted,False,True,,,,,,,,,,
2193,1791450043812,A,binance,FETUSDT,SELL,0.23010000,43.46881113,0.23010000,4.35,0.6736,0.0000,1.01,22.9000,queue_depleted,False,True,,,,,,,,,,
2194,1791450047039,A,binance,FETUSDT,SELL,0.23020000,43.44992396,0.23020000,4.34,0.5328,0.0000,1.12,368.8000,queue_depleted,False,True,,,,,,,,,,
2195,1791450047527,A,hyperliquid,PONS,SELL,0.40185000,24.88769428,0.40185000,2.24,0.7205,0.0000,0.00,465.0000,queue_depleted,False,True,,,,,,,,,,
2199,1791450048055,A,binance,ORCAUSDT,BUY,2.74900000,3.63702491,2.74900000,3.64,0.6367,0.0000,0.00,54.0000,queue_depleted,False,True,,,,,,,,,,
2200,1791450048055,B,binance,ORCAUSDT,BUY,2.74900000,3.63702491,2.74900000,3.64,0.6367,0.0000,0.00,54.0000,queue_depleted,False,True,,,,,,,,,,
2201,1791450048055,C,binance,ORCAUSDT,BUY,2.74900000,3.63702491,2.74900000,3.64,0.6367,0.0000,0.00,54.0000,queue_depleted,False,True,,,,,,,,,,
2202,1791450048146,A,binance,FETUSDT,SELL,0.23030000,43.43105320,0.23030000,4.34,0.5371,368.8000,1.31,177.3000,queue_depleted,False,True,,,,,,,,,,
2214,1791450057650,A,binance,ORCAUSDT,BUY,2.74800000,3.63834819,2.74800000,3.64,0.4792,0.0000,1.25,54.0000,queue_depleted,False,True,,,,,,,,,,
2223,1791450132691,C,binance,ZROUSDT,SELL,2.08400000,4.79961603,2.08400000,4.80,0.3672,0.0000,1.03,213.1100,queue_depleted,False,True,,,,,,,,,,
2224,1791450135009,A,hyperliquid,VVV,SELL,24.86000000,0.40234163,24.86000000,4.43,0.9839,0.0000,0.00,1.2400,queue_depleted,False,True,,,,,,,,,,
2226,1791450137500,A,binance,XLMUSDT,SELL,0.19980000,50.06257822,0.19980000,5.01,0.5929,0.0000,0.78,4751.0000,queue_depleted,False,True,,,,,,,,,,
2227,1791450145000,A,hyperliquid,kPEPE,BUY,0.00403700,2476.78018576,0.00403700,2.48,0.4197,0.0000,0.00,247888.0000,queue_depleted,False,True,,,,,,,,,,
2234,1791450165032,A,hyperliquid,VVV,SELL,24.87000000,0.40214747,24.87000000,2.82,0.8650,0.0000,0.00,4.4600,queue_depleted,False,True,,,,,,,,,,
2239,1791450198602,A,binance,ORCAUSDT,SELL,2.75600000,3.62910543,2.75600000,3.63,0.5728,0.0000,0.00,2.0000,queue_depleted,False,True,,,,,,,,,,
2246,1791450225026,A,hyperliquid,VVV,SELL,24.87000000,0.40214747,24.87000000,2.82,0.3123,0.0000,0.00,10.1000,queue_depleted,False,True,,,,,,,,,,
2247,1791450225026,B,hyperliquid,VVV,SELL,24.87000000,0.40214747,24.87000000,2.82,0.3123,0.0000,0.00,10.1000,queue_depleted,False,True,,,,,,,,,,
2248,1791450225026,C,hyperliquid,VVV,SELL,24.87000000,0.40214747,24.87000000,2.82,0.3123,0.0000,0.00,10.1000,queue_depleted,False,True,,,,,,,,,,
2253,1791450229375,A,binance,FETUSDT,BUY,0.23200000,43.09416074,0.23200000,4.31,0.3946,0.0000,0.92,22.7000,queue_depleted,False,True,,,,,,,,,,
2254,1791450233745,A,binance,FETUSDT,BUY,0.23190000,43.11273981,0.23190000,4.31,0.4496,0.0000,0.92,22.7000,queue_depleted,False,True,,,,,,,,,,
2264,1791450243187,A,binance,FETUSDT,SELL,0.23190000,43.13133491,0.23190000,4.31,0.5275,0.0000,0.69,22.7000,queue_depleted,False,True,,,,,,,,,,
2266,1791450255027,A,hyperliquid,VVV,SELL,24.86700000,0.40217981,24.86700000,2.01,0.8413,14.0700,0.00,23.2900,queue_depleted,False,True,,,,,,,,,,
2271,1791450264884,A,binance,FETUSDT,SELL,0.23200000,43.11273981,0.23200000,4.31,0.4242,0.0000,0.00,1559.5000,queue_depleted,False,True,,,,,,,,,,
2273,1791450266769,A,hyperliquid,ZRO,SELL,2.08490000,4.79719844,2.08490000,3.36,0.0764,1000.0000,0.00,58.4000,queue_depleted,False,True,,,,,,,,,,
2274,1791450266769,B,hyperliquid,ZRO,SELL,2.08490000,4.79719844,2.08490000,3.36,0.0764,1000.0000,0.00,58.4000,queue_depleted,False,True,,,,,,,,,,
2281,1791450276464,A,binance,FETUSDT,BUY,0.23200000,43.09416074,0.23200000,4.31,0.3919,0.0000,0.00,22.7000,queue_depleted,False,True,,,,,,,,,,
2283,1791450279883,A,hyperliquid,AERO,SELL,0.77884000,12.84117394,0.77884000,2.44,0.3843,0.0000,0.00,1216.0000,queue_depleted,False,True,,,,,,,,,,
2284,1791450279883,B,hyperliquid,AERO,SELL,0.77884000,12.84117394,0.77884000,2.44,0.3843,0.0000,0.00,1216.0000,queue_depleted,False,True,,,,,,,,,,
2285,1791450279883,C,hyperliquid,AERO,SELL,0.77884000,12.84117394,0.77884000,2.44,0.3843,0.0000,0.00,1216.0000,queue_depleted,False,True,,,,,,,,,,
2289,1791450280089,A,hyperliquid,ZRO,SELL,2.08300000,4.80134438,2.08300000,2.40,0.6342,0.0000,0.00,206.8000,queue_depleted,False,True,,,,,,,,,,
2293,1791450286243,A,hyperliquid,ZRO,SELL,2.08370000,4.79984640,2.08370000,2.88,0.1508,0.0000,0.00,24.0000,queue_depleted,False,True,,,,,,,,,,
2294,1791450286243,B,hyperliquid,ZRO,SELL,2.08370000,4.79984640,2.08370000,2.88,0.1508,0.0000,0.00,24.0000,queue_depleted,False,True,,,,,,,,,,
2295,1791450286243,C,hyperliquid,ZRO,SELL,2.08370000,4.79984640,2.08370000,2.88,0.1508,0.0000,0.00,24.0000,queue_depleted,False,True,,,,,,,,,,
2301,1791450292596,A,hyperliquid,ZRO,SELL,2.08350000,4.80019201,2.08350000,2.40,0.1512,0.0000,0.00,81.3000,queue_depleted,False,True,,,,,,,,,,
2302,1791450292596,B,hyperliquid,ZRO,SELL,2.08350000,4.80019201,2.08350000,2.40,0.1512,0.0000,0.00,81.3000,queue_depleted,False,True,,,,,,,,,,
2303,1791450292596,C,hyperliquid,ZRO,SELL,2.08350000,4.80019201,2.08350000,2.40,0.1512,0.0000,0.00,81.3000,queue_depleted,False,True,,,,,,,,,,
2311,1791450306798,A,binance,ZROUSDT,SELL,2.08500000,4.79731350,2.08500000,4.80,0.5188,0.0000,0.71,3.0000,queue_depleted,False,True,,,,,,,,,,
2313,1791450307032,A,binance,ENAUSDT,BUY,0.22030000,45.38234627,0.22030000,4.54,0.4881,271.4100,0.00,62337.0300,queue_depleted,False,True,,,,,,,,,,
2316,1791450315021,A,hyperliquid,VVV,SELL,24.87100000,0.40212321,24.87100000,2.41,0.7395,0.0000,0.00,17.3000,queue_depleted,False,True,,,,,,,,,,
2317,1791450315945,A,hyperliquid,CRV,BUY,0.39350000,25.40844068,0.39350000,3.56,0.7164,0.0000,0.00,4932.6000,queue_depleted,False,True,,,,,,,,,,
2318,1791450315945,B,hyperliquid,CRV,BUY,0.39350000,25.40844068,0.39350000,3.56,0.7164,0.0000,0.00,4932.6000,queue_depleted,False,True,,,,,,,,,,
2319,1791450315945,C,hyperliquid,CRV,BUY,0.39350000,25.40844068,0.39350000,3.56,0.7164,0.0000,0.00,4932.6000,queue_depleted,False,True,,,,,,,,,,
2323,1791450326940,A,binance,TAOUSDT,SELL,284.40000000,0.03516793,284.40000000,3.52,0.4611,0.0000,0.00,8.1876,queue_depleted,False,True,,,,,,,,,,
2325,1791450327934,A,binance,XLMUSDT,SELL,0.20030000,49.93757803,0.20030000,4.99,0.5262,565.0000,0.00,33387.0000,queue_depleted,False,True,,,,,,,,,,
2327,1791450328053,A,binance,RAYUSDT,SELL,2.49510000,4.00857836,2.49510000,3.61,0.5141,195.4000,0.58,60.2000,queue_depleted,False,True,,,,,,,,,,
2330,1791450337978,A,binance,XLMUSDT,SELL,0.20030000,49.93757803,0.20030000,4.99,0.5643,0.0000,0.00,13060.0000,queue_depleted,False,True,,,,,,,,,,
2337,1791450377689,A,hyperliquid,kPEPE,SELL,0.00404400,2473.10498331,0.00404400,2.47,0.5760,0.0000,0.00,1030452.0000,queue_depleted,False,True,,,,,,,,,,
2340,1791450384418,A,binance,ENAUSDT,BUY,0.22020000,45.40295119,0.22020000,4.54,0.4118,0.0000,0.00,47.7000,queue_depleted,False,True,,,,,,,,,,
2341,1791450393360,A,binance,ADAUSDT,SELL,0.25320000,39.50227138,0.25320000,3.95,0.6181,0.0000,0.00,941.5000,queue_depleted,False,True,,,,,,,,,,
2347,1791450421811,A,binance,ZROUSDT,SELL,2.08500000,4.79731350,2.08500000,4.80,0.5379,0.0000,0.00,409.7100,queue_depleted,False,True,,,,,,,,,,
2353,1791450429976,A,binance,ZROUSDT,SELL,2.08400000,4.79961603,2.08400000,4.80,0.6925,0.0000,1.72,83.2500,queue_depleted,False,True,,,,,,,,,,
2355,1791450432872,A,hyperliquid,kPEPE,SELL,0.00404400,2473.10498331,0.00404400,2.47,0.4876,0.0000,0.00,1392994.0000,queue_depleted,False,True,,,,,,,,,,
2361,1791450443122,A,binance,FETUSDT,BUY,0.23160000,43.16857328,0.23160000,4.32,0.4763,0.0000,0.79,1441.7000,queue_depleted,False,True,,,,,,,,,,
2362,1791450443122,A,binance,ADAUSDT,BUY,0.25300000,39.51788184,0.25300000,3.95,0.4972,0.0000,0.00,4074.9000,queue_depleted,False,True,,,,,,,,,,
2363,1791450445184,A,binance,ENAUSDT,SELL,0.22000000,45.46487838,0.22000000,4.55,0.6271,0.0000,0.80,47.7200,queue_depleted,False,True,,,,,,,,,,
2364,1791450449716,A,binance,FETUSDT,BUY,0.23160000,43.16857328,0.23160000,4.32,0.4504,0.0000,0.99,222.7000,queue_depleted,False,True,,,,,,,,,,
2366,1791450456741,A,binance,ADAUSDT,SELL,0.25300000,39.53350465,0.25300000,3.95,0.5827,0.0000,0.63,1865.2000,queue_depleted,False,True,,,,,,,,,,
2367,1791450457889,A,binance,ENAUSDT,BUY,0.21990000,45.46487838,0.21990000,4.55,0.5324,0.0000,0.64,30208.1700,queue_depleted,False,True,,,,,,,,,,
2371,1791450461059,A,binance,FETUSDT,SELL,0.23160000,43.18721658,0.23160000,4.32,0.5258,0.0000,0.00,22.7000,queue_depleted,False,True,,,,,,,,,,
2372,1791450465061,A,hyperliquid,VVV,SELL,24.86300000,0.40225261,24.86300000,2.41,0.0630,0.0000,0.00,0.9800,queue_depleted,False,True,,,,,,,,,,
2373,1791450465061,B,hyperliquid,VVV,SELL,24.86300000,0.40225261,24.86300000,2.41,0.0630,0.0000,0.00,0.9800,queue_depleted,False,True,,,,,,,,,,
2374,1791450465061,C,hyperliquid,VVV,SELL,24.86300000,0.40225261,24.86300000,2.41,0.0630,0.0000,0.00,0.9800,queue_depleted,False,True,,,,,,,,,,
2378,1791450480761,A,binance,ZROUSDT,SELL,2.08600000,4.79501319,2.08600000,4.80,0.4532,0.0000,0.00,469.8300,queue_depleted,False,True,,,,,,,,,,
2380,1791450487253,A,binance,XLMUSDT,BUY,0.20010000,49.96252810,0.20010000,5.00,0.4691,0.0000,0.81,4803.0000,queue_depleted,False,True,,,,,,,,,,
2384,1791450491750,A,binance,ADAUSDT,SELL,0.25320000,39.50227138,0.25320000,3.95,0.5502,0.0000,0.00,2527.0000,queue_depleted,False,True,,,,,,,,,,
2387,1791450496237,A,binance,FETUSDT,BUY,0.23200000,43.09416074,0.23200000,4.31,0.3617,0.0000,0.74,22.7000,queue_depleted,False,True,,,,,,,,,,
2389,1791450516262,A,binance,FETUSDT,BUY,0.23180000,43.13133491,0.23180000,4.31,0.5612,0.0000,0.88,46.5000,queue_depleted,False,True,,,,,,,,,,
2399,1791450557810,A,binance,ENAUSDT,SELL,0.22000000,45.46487838,0.22000000,4.55,0.5659,0.0000,1.45,47.7200,queue_depleted,False,True,,,,,,,,,,
2401,1791450570386,A,binance,FETUSDT,SELL,0.23170000,43.16857328,0.23170000,4.32,0.5048,0.0000,0.00,722.4000,queue_depleted,False,True,,,,,,,,,,
2402,1791450571428,A,binance,ZROUSDT,SELL,2.08300000,4.80192077,2.08300000,4.80,0.5836,0.0000,0.00,499.4800,queue_depleted,False,True,,,,,,,,,,
2410,1791450583009,A,binance,FETUSDT,BUY,0.23170000,43.14994606,0.23170000,4.31,0.4107,0.0000,0.00,109.0000,queue_depleted,False,True,,,,,,,,,,
2411,1791450584011,A,hyperliquid,AERO,BUY,0.77603000,12.88460547,0.77603000,2.32,0.1482,0.0000,0.00,515.0000,queue_depleted,False,True,,,,,,,,,,
2418,1791450603386,A,binance,ZROUSDT,SELL,2.08200000,4.80422772,2.08200000,4.80,0.6127,0.0000,0.00,44.5500,queue_depleted,False,True,,,,,,,,,,
2429,1791450665527,A,hyperliquid,CASHCAT,SELL,0.12228000,81.79624555,0.12228000,4.09,0.3463,0.0000,0.00,85.0000,queue_depleted,False,True,,,,,,,,,,
2430,1791450665527,B,hyperliquid,CASHCAT,SELL,0.12228000,81.79624555,0.12228000,4.09,0.3463,0.0000,0.00,85.0000,queue_depleted,False,True,,,,,,,,,,
2431,1791450665527,C,hyperliquid,CASHCAT,SELL,0.12228000,81.79624555,0.12228000,4.09,0.3463,0.0000,0.00,85.0000,queue_depleted,False,True,,,,,,,,,,
2432,1791450668406,A,hyperliquid,CASHCAT,SELL,0.12236000,81.74275555,0.12236000,4.09,0.2611,0.0000,0.00,98.0000,queue_depleted,False,True,,,,,,,,,,
2433,1791450668406,B,hyperliquid,CASHCAT,SELL,0.12236000,81.74275555,0.12236000,4.09,0.2611,0.0000,0.00,98.0000,queue_depleted,False,True,,,,,,,,,,
2434,1791450668406,C,hyperliquid,CASHCAT,SELL,0.12236000,81.74275555,0.12236000,4.09,0.2611,0.0000,0.00,98.0000,queue_depleted,False,True,,,,,,,,,,
2435,1791450669010,A,binance,ENAUSDT,SELL,0.22020000,45.42357484,0.22020000,4.54,0.4894,0.0000,0.71,95.1400,queue_depleted,False,True,,,,,,,,,,
2446,1791450680330,A,binance,ENAUSDT,SELL,0.22030000,45.40295119,0.22030000,4.54,0.4497,0.0000,0.00,2584.2100,queue_depleted,False,True,,,,,,,,,,
2447,1791450695192,A,binance,ADAUSDT,SELL,0.25230000,39.64321110,0.25230000,3.96,0.5268,0.0000,0.68,14706.2000,queue_depleted,False,True,,,,,,,,,,
2452,1791450714022,A,binance,FETUSDT,BUY,0.23180000,43.13133491,0.23180000,4.31,0.4617,0.0000,1.00,212.8000,queue_depleted,False,True,,,,,,,,,,
2454,1791450739464,A,binance,TAOUSDT,SELL,283.80000000,0.03524229,283.80000000,3.52,0.6161,0.0000,0.59,11.9122,queue_depleted,False,True,,,,,,,,,,
2456,1791450755090,A,binance,ENAUSDT,BUY,0.22010000,45.42357484,0.22010000,4.54,0.3565,0.0000,0.00,508.6500,queue_depleted,False,True,,,,,,,,,,
2457,1791450757339,A,binance,TAOUSDT,BUY,283.70000000,0.03524229,283.70000000,3.52,0.5402,0.0000,0.83,0.1083,queue_depleted,False,True,,,,,,,,,,
2460,1791450765026,A,hyperliquid,VVV,SELL,24.83500000,0.40271429,24.83500000,2.82,0.5022,0.7200,0.00,0.6000,queue_depleted,False,True,,,,,,,,,,
2469,1791450783854,A,hyperliquid,MINA,SELL,0.08838500,113.16185540,0.08838500,3.62,0.5286,0.0000,0.00,1131.0000,queue_depleted,False,True,,,,,,,,,,
2473,1791450786570,A,hyperliquid,CASHCAT,SELL,0.12228000,81.79624555,0.12228000,4.09,0.9112,0.0000,0.00,85.0000,queue_depleted,False,True,,,,,,,,,,
2475,1791450793851,A,binance,ENAUSDT,BUY,0.21990000,45.46487838,0.21990000,4.55,0.4441,0.0000,0.80,16523.3000,queue_depleted,False,True,,,,,,,,,,
2477,1791450793956,A,binance,FETUSDT,SELL,0.23180000,43.14994606,0.23180000,4.31,0.4561,0.0000,1.22,68.3000,queue_depleted,False,True,,,,,,,,,,
2478,1791450795022,A,hyperliquid,VVV,SELL,24.83100000,0.40277106,24.83100000,2.42,0.5297,0.0000,0.00,20.1400,queue_depleted,False,True,,,,,,,,,,
2480,1791450801930,A,binance,ENAUSDT,SELL,0.22010000,45.44421722,0.22010000,4.54,0.4446,0.0000,0.71,2734.6900,queue_depleted,False,True,,,,,,,,,,
2482,1791450807808,A,binance,ENAUSDT,SELL,0.22020000,45.42357484,0.22020000,4.54,0.4460,0.0000,0.60,2607.8300,queue_depleted,False,True,,,,,,,,,,
2487,1791450823546,A,hyperliquid,PONS,SELL,0.40193000,24.88397845,0.40193000,3.23,0.4967,0.0000,0.00,25.0000,queue_depleted,False,True,,,,,,,,,,
2489,1791450825917,A,binance,ADAUSDT,SELL,0.25240000,39.62750149,0.25240000,3.96,0.5832,0.0000,0.00,1955.1000,queue_depleted,False,True,,,,,,,,,,
2492,1791450831287,A,binance,RAYUSDT,SELL,2.47500000,4.04122045,2.47500000,4.04,0.9625,0.0000,0.25,3.1000,queue_depleted,False,True,,,,,,,,,,
2493,1791450832013,A,binance,RAYUSDT,SELL,2.47580000,4.03991435,2.47580000,4.04,0.9689,15.5000,0.50,3.1000,queue_depleted,False,True,,,,,,,,,,
2502,1791450868530,A,binance,MOVRUSDT,BUY,1.91300000,5.22602561,1.91300000,5.23,0.6239,0.0000,0.58,6.8200,queue_depleted,False,True,,,,,,,,,,
2503,1791450868530,B,binance,MOVRUSDT,BUY,1.91300000,5.22602561,1.91300000,5.23,0.6239,0.0000,0.58,6.8200,queue_depleted,False,True,,,,,,,,,,
2504,1791450868530,C,binance,MOVRUSDT,BUY,1.91300000,5.22602561,1.91300000,5.23,0.6239,0.0000,0.58,6.8200,queue_depleted,False,True,,,,,,,,,,
2507,1791450875673,A,binance,XLMUSDT,BUY,0.19980000,50.03752815,0.19980000,5.00,0.4748,0.0000,0.00,1395.0000,queue_depleted,False,True,,,,,,,,,,
2509,1791450877108,A,binance,ENAUSDT,BUY,0.22030000,45.38234627,0.22030000,4.54,0.3576,0.0000,0.00,1153.8400,queue_depleted,False,True,,,,,,,,,,
2510,1791450877121,A,binance,ADAUSDT,BUY,0.25250000,39.59611958,0.25250000,3.96,0.5293,0.0000,0.00,358.7000,queue_depleted,False,True,,,,,,,,,,
2514,1791450887051,A,binance,MOVRUSDT,BUY,1.91100000,5.23012552,1.91100000,10.46,0.4716,0.0000,0.62,194.0280,queue_depleted,False,True,,,,,,,,,,
2517,1791450890619,A,binance,FETUSDT,BUY,0.23200000,43.09416074,0.23200000,4.31,0.4051,0.0000,0.00,122.7000,queue_depleted,False,True,,,,,,,,,,
2519,1791450892852,A,binance,FETUSDT,SELL,0.23190000,43.13133491,0.23190000,4.31,0.5352,0.0000,1.09,22.7000,queue_depleted,False,True,,,,,,,,,,
2521,1791450902945,A,binance,TAOUSDT,BUY,283.60000000,0.03525472,283.60000000,3.53,0.4029,0.0000,0.73,1.5197,queue_depleted,False,True,,,,,,,,,,
2524,1791450923488,A,hyperliquid,CRV,BUY,0.39259000,25.46927132,0.39259000,2.04,0.6898,0.0000,0.00,127.3000,queue_depleted,False,True,,,,,,,,,,
2525,1791450923488,B,hyperliquid,CRV,BUY,0.39259000,25.46927132,0.39259000,2.04,0.6898,0.0000,0.00,127.3000,queue_depleted,False,True,,,,,,,,,,
2526,1791450923488,C,hyperliquid,CRV,BUY,0.39259000,25.46927132,0.39259000,2.04,0.6898,0.0000,0.00,127.3000,queue_depleted,False,True,,,,,,,,,,
2531,1791450926292,A,binance,TAOUSDT,BUY,283.40000000,0.03527959,283.40000000,3.53,0.5005,0.0000,0.00,0.1323,queue_depleted,False,True,,,,,,,,,,
2532,1791450929304,A,binance,TAOUSDT,BUY,283.30000000,0.03529204,283.30000000,3.53,0.4609,0.0000,0.49,0.0651,queue_depleted,False,True,,,,,,,,,,
2537,1791450943602,A,binance,TAOUSDT,BUY,283.30000000,0.03529204,283.30000000,3.53,0.4310,0.0000,0.69,0.0372,queue_depleted,False,True,,,,,,,,,,
2549,1791450990119,A,binance,RAYUSDT,BUY,2.47410000,4.04105714,2.47410000,4.04,0.4789,0.0000,0.42,92.0000,queue_depleted,False,True,,,,,,,,,,
2552,1791451015653,A,binance,FETUSDT,BUY,0.23090000,43.29941546,0.23090000,4.33,0.3850,866.0000,0.82,279.6000,queue_depleted,False,True,,,,,,,,,,
2566,1791451027296,A,binance,XLMUSDT,BUY,0.19930000,50.16302985,0.19930000,5.02,0.4780,0.0000,0.72,2045.0000,queue_depleted,False,True,,,,,,,,,,
2592,1791451145037,A,hyperliquid,kPEPE,SELL,0.00403400,2479.23639519,0.00403400,2.48,0.5580,0.0000,0.00,60000.0000,queue_depleted,False,True,,,,,,,,,,
2597,1791451155029,A,hyperliquid,VVV,SELL,24.75500000,0.40400776,24.75500000,2.42,0.0448,0.0000,0.00,20.2000,queue_depleted,False,True,,,,,,,,,,
2598,1791451155029,B,hyperliquid,VVV,SELL,24.75500000,0.40400776,24.75500000,2.42,0.0448,0.0000,0.00,20.2000,queue_depleted,False,True,,,,,,,,,,
2599,1791451155029,C,hyperliquid,VVV,SELL,24.75500000,0.40400776,24.75500000,2.42,0.0448,0.0000,0.00,20.2000,queue_depleted,False,True,,,,,,,,,,
2603,1791451161038,A,hyperliquid,kPEPE,SELL,0.00403500,2478.62188623,0.00403500,2.48,0.4642,0.0000,0.00,1193193.0000,queue_depleted,False,True,,,,,,,,,,
2604,1791451164498,A,binance,ZROUSDT,SELL,2.07900000,4.81116190,2.07900000,4.81,0.4723,0.0000,0.67,113.6800,queue_depleted,False,True,,,,,,,,,,
2605,1791451173920,A,binance,ZROUSDT,SELL,2.08000000,4.80884828,2.08000000,4.81,0.6002,0.0000,0.75,430.8900,queue_depleted,False,True,,,,,,,,,,
2607,1791451201530,A,binance,FETUSDT,BUY,0.23090000,43.29941546,0.23090000,4.33,0.5682,0.0000,0.00,1350.4000,queue_depleted,False,True,,,,,,,,,,
2609,1791451215068,A,hyperliquid,VVV,SELL,24.76000000,0.40395064,24.76000000,3.64,0.5006,0.0000,0.00,10.2400,queue_depleted,False,True,,,,,,,,,,
2611,1791451215696,A,binance,TAOUSDT,BUY,282.90000000,0.03534193,282.90000000,3.53,0.4865,0.0000,0.00,0.2179,queue_depleted,False,True,,,,,,,,,,
2612,1791451215785,A,binance,FETUSDT,BUY,0.23090000,43.29941546,0.23090000,4.33,0.5774,0.0000,0.79,622.8000,queue_depleted,False,True,,,,,,,,,,
2613,1791451224729,A,hyperliquid,VVV,BUY,24.75100000,0.40395064,24.75100000,3.64,0.1776,0.0000,0.00,0.4500,queue_depleted,False,True,,,,,,,,,,
2615,1791451231485,A,binance,XLMUSDT,SELL,0.19940000,50.16302985,0.19940000,5.02,0.5944,0.0000,0.00,22893.0000,queue_depleted,False,True,,,,,,,,,,
2617,1791451232035,A,hyperliquid,CASHCAT,SELL,0.12217000,81.87661195,0.12217000,5.73,0.8872,0.0000,0.00,93.0000,queue_depleted,False,True,,,,,,,,,,
2622,1791451233282,A,binance,ADAUSDT,BUY,0.25180000,39.70617431,0.25180000,3.97,0.4692,0.0000,0.00,222.8000,queue_depleted,False,True,,,,,,,,,,
2624,1791451238686,A,binance,RAYUSDT,BUY,2.46340000,4.05852391,2.46340000,4.46,0.1401,0.0000,0.29,10.1000,queue_depleted,False,True,,,,,,,,,,
2647,1791451296451,A,binance,XLMUSDT,SELL,0.19940000,50.16302985,0.19940000,5.02,0.5758,0.0000,0.00,2728.0000,queue_depleted,False,True,,,,,,,,,,
2648,1791451305022,A,hyperliquid,VVV,SELL,24.78700000,0.40348612,24.78700000,2.42,0.1249,0.0000,0.00,20.1700,queue_depleted,False,True,,,,,,,,,,
2649,1791451305022,B,hyperliquid,VVV,SELL,24.78700000,0.40348612,24.78700000,2.42,0.1249,0.0000,0.00,20.1700,queue_depleted,False,True,,,,,,,,,,
2650,1791451305022,C,hyperliquid,VVV,SELL,24.78700000,0.40348612,24.78700000,2.42,0.1249,0.0000,0.00,20.1700,queue_depleted,False,True,,,,,,,,,,
2658,1791451319499,A,binance,TAOUSDT,SELL,283.00000000,0.03534193,283.00000000,3.53,0.6044,0.0000,0.00,0.0372,queue_depleted,False,True,,,,,,,,,,
2664,1791451352955,A,binance,FETUSDT,BUY,0.23130000,43.22455155,0.23130000,4.32,0.6075,0.0000,0.00,522.8000,queue_depleted,False,True,,,,,,,,,,
2665,1791451352955,B,binance,FETUSDT,BUY,0.23130000,43.22455155,0.23130000,4.32,0.6075,0.0000,0.00,522.8000,queue_depleted,False,True,,,,,,,,,,
2666,1791451352955,C,binance,FETUSDT,BUY,0.23130000,43.22455155,0.23130000,4.32,0.6075,0.0000,0.00,522.8000,queue_depleted,False,True,,,,,,,,,,
2681,1791451395039,A,hyperliquid,VVV,SELL,24.83500000,0.40272240,24.83500000,3.22,0.8080,0.0000,0.00,19.1400,queue_depleted,False,True,,,,,,,,,,
2683,1791451397869,A,binance,MOVRUSDT,SELL,1.92700000,5.19076045,1.92700000,5.19,0.5474,0.0000,0.00,98.1800,queue_depleted,False,True,,,,,,,,,,
2685,1791451407331,A,binance,FETUSDT,SELL,0.23140000,43.22455155,0.23140000,4.32,0.6573,0.0000,0.90,1751.3000,queue_depleted,False,True,,,,,,,,,,
2686,1791451413949,A,binance,XLMUSDT,SELL,0.19970000,50.08765339,0.19970000,5.01,0.5771,0.0000,0.00,2247.0000,queue_depleted,False,True,,,,,,,,,,
2688,1791451433300,A,binance,FETUSDT,SELL,0.23150000,43.20587600,0.23150000,4.32,0.6384,0.0000,0.92,22.7000,queue_depleted,False,True,,,,,,,,,,
2690,1791451436919,A,binance,ENAUSDT,SELL,0.22050000,45.36176004,0.22050000,4.54,0.4730,0.0000,0.00,47.6300,queue_depleted,False,True,,,,,,,,,,
2693,1791451449878,A,hyperliquid,W,BUY,0.01610000,620.92517852,0.01610000,6.21,0.3288,0.0000,0.00,98355.2000,queue_depleted,False,True,,,,,,,,,,
2694,1791451452905,A,binance,FETUSDT,SELL,0.23160000,43.18721658,0.23160000,4.32,0.5184,0.0000,0.00,22.7000,queue_depleted,False,True,,,,,,,,,,
2696,1791451454053,A,hyperliquid,W,SELL,0.01610000,621.31096614,0.01610000,6.21,0.3885,0.0000,0.00,956.5000,queue_depleted,False,True,,,,,,,,,,
2697,1791451454053,B,hyperliquid,W,SELL,0.01610000,621.31096614,0.01610000,6.21,0.3885,0.0000,0.00,956.5000,queue_depleted,False,True,,,,,,,,,,
2698,1791451454053,C,hyperliquid,W,SELL,0.01610000,621.31096614,0.01610000,6.21,0.3885,0.0000,0.00,956.5000,queue_depleted,False,True,,,,,,,,,,
2701,1791451461648,A,hyperliquid,kPEPE,SELL,0.00404500,2472.49350970,0.00404500,2.47,0.6125,0.0000,0.00,3886.0000,queue_depleted,False,True,,,,,,,,,,
2707,1791451466771,A,binance,ZROUSDT,SELL,2.07800000,4.81347774,2.07800000,4.81,0.6427,0.0000,0.00,3.0000,queue_depleted,False,True,,,,,,,,,,
2711,1791451476993,A,hyperliquid,CASHCAT,BUY,0.12236000,81.69600915,0.12236000,7.35,0.5088,0.0000,0.00,97.0000,queue_depleted,False,True,,,,,,,,,,
2715,1791451483199,A,binance,ADAUSDT,BUY,0.25220000,39.64321110,0.25220000,3.96,0.4750,0.0000,0.00,5229.9000,queue_depleted,False,True,,,,,,,,,,
2717,1791451492035,A,binance,ZROUSDT,SELL,2.08000000,4.80884828,2.08000000,4.81,0.3871,4.3200,0.89,129.9400,queue_depleted,False,True,,,,,,,,,,
2718,1791451492035,B,binance,ZROUSDT,SELL,2.08000000,4.80884828,2.08000000,4.81,0.3871,4.3200,0.89,129.9400,queue_depleted,False,True,,,,,,,,,,
2719,1791451492035,C,binance,ZROUSDT,SELL,2.08000000,4.80884828,2.08000000,4.81,0.3871,4.3200,0.89,129.9400,queue_depleted,False,True,,,,,,,,,,
2734,1791451545059,A,binance,ENAUSDT,BUY,0.22080000,45.27960154,0.22080000,4.53,0.3394,0.0000,0.97,47.5600,queue_depleted,False,True,,,,,,,,,,
2735,1791451545023,A,hyperliquid,VVV,SELL,24.83300000,0.40273051,24.83300000,2.01,0.9656,0.0000,0.00,15.8100,queue_depleted,False,True,,,,,,,,,,
2742,1791451576070,A,binance,ADAUSDT,BUY,0.25210000,39.65893317,0.25210000,3.97,0.4775,0.0000,1.12,144.7000,queue_depleted,False,True,,,,,,,,,,
2743,1791451576854,A,binance,ADAUSDT,BUY,0.25210000,39.65893317,0.25210000,3.97,0.4532,149.7000,1.02,57.1000,queue_depleted,False,True,,,,,,,,,,
2744,1791451578160,A,binance,ADAUSDT,BUY,0.25210000,39.65893317,0.25210000,3.97,0.4637,57.1000,0.95,62.1000,queue_depleted,False,True,,,,,,,,,,
2747,1791451582342,A,hyperliquid,VVV,SELL,24.83200000,0.40277106,24.83200000,3.22,0.1889,0.0000,0.00,1.3200,queue_depleted,False,True,,,,,,,,,,
2748,1791451582342,B,hyperliquid,VVV,SELL,24.83200000,0.40277106,24.83200000,3.22,0.1889,0.0000,0.00,1.3200,queue_depleted,False,True,,,,,,,,,,
2749,1791451582342,C,hyperliquid,VVV,SELL,24.83200000,0.40277106,24.83200000,3.22,0.1889,0.0000,0.00,1.3200,queue_depleted,False,True,,,,,,,,,,
2753,1791451583988,A,binance,ZROUSDT,SELL,2.07800000,4.81347774,2.07800000,4.81,0.7538,0.0000,0.00,104.6200,queue_depleted,False,True,,,,,,,,,,
2755,1791451585654,A,binance,ZROUSDT,SELL,2.07900000,4.81116190,2.07900000,4.81,0.6332,0.0000,0.89,10.2400,queue_depleted,False,True,,,,,,,,,,
2758,1791451606127,A,binance,ENAUSDT,SELL,0.22070000,45.32064355,0.22070000,4.53,0.3704,0.0000,0.99,4958.1700,queue_depleted,False,True,,,,,,,,,,
2759,1791451606127,B,binance,ENAUSDT,SELL,0.22070000,45.32064355,0.22070000,4.53,0.3704,0.0000,0.99,4958.1700,queue_depleted,False,True,,,,,,,,,,
2760,1791451606127,C,binance,ENAUSDT,SELL,0.22070000,45.32064355,0.22070000,4.53,0.3704,0.0000,0.99,4958.1700,queue_depleted,False,True,,,,,,,,,,
2764,1791451613500,A,binance,ZROUSDT,SELL,2.08100000,4.80653689,2.08100000,4.81,0.4769,0.0000,0.88,3.0000,queue_depleted,False,True,,,,,,,,,,
2766,1791451620759,A,hyperliquid,AERO,SELL,0.77481000,12.90797261,0.77481000,2.45,0.2373,0.0000,0.00,68.0000,queue_depleted,False,True,,,,,,,,,,
2767,1791451620759,B,hyperliquid,AERO,SELL,0.77481000,12.90797261,0.77481000,2.45,0.2373,0.0000,0.00,68.0000,queue_depleted,False,True,,,,,,,,,,
2768,1791451620759,C,hyperliquid,AERO,SELL,0.77481000,12.90797261,0.77481000,2.45,0.2373,0.0000,0.00,68.0000,queue_depleted,False,True,,,,,,,,,,
2772,1791451620893,A,hyperliquid,CASHCAT,SELL,0.12252000,81.64265012,0.12252000,5.71,0.7417,0.0000,0.00,180.0000,queue_depleted,False,True,,,,,,,,,,
2778,1791451643416,A,binance,ADAUSDT,BUY,0.25230000,39.62750149,0.25230000,3.96,0.4764,0.0000,0.00,182.4000,queue_depleted,False,True,,,,,,,,,,
2780,1791451659354,A,binance,XLMUSDT,SELL,0.19990000,50.03752815,0.19990000,5.00,0.5904,0.0000,0.00,42411.0000,queue_depleted,False,True,,,,,,,,,,
2781,1791451661562,A,binance,FETUSDT,SELL,0.23180000,43.14994606,0.23180000,4.31,0.4877,0.0000,0.00,22.7000,queue_depleted,False,True,,,,,,,,,,
2783,1791451674662,A,hyperliquid,W,SELL,0.01611000,620.92517852,0.01611000,6.21,0.6265,0.0000,0.00,956.5000,queue_depleted,False,True,,,,,,,,,,
2785,1791451680043,A,binance,XLMUSDT,SELL,0.20010000,49.98750312,0.20010000,5.00,0.5505,0.0000,0.78,74664.0000,queue_depleted,False,True,,,,,,,,,,
2786,1791451687428,A,hyperliquid,VVV,BUY,24.84200000,0.40247927,24.84200000,3.22,0.0460,0.0000,0.00,1.1000,queue_depleted,False,True,,,,,,,,,,
2794,1791451701898,A,binance,FETUSDT,BUY,0.23170000,43.14994606,0.23170000,4.31,0.4066,0.0000,0.77,46.5000,queue_depleted,False,True,,,,,,,,,,
2807,1791451763962,A,binance,ENAUSDT,SELL,0.22060000,45.34119247,0.22060000,4.53,0.4771,0.0000,0.00,1310.4700,queue_depleted,False,True,,,,,,,,,,
2808,1791451772183,A,binance,FETUSDT,SELL,0.23160000,43.18721658,0.23160000,4.32,0.5787,0.0000,0.00,22.7000,queue_depleted,False,True,,,,,,,,,,
2810,1791451780531,A,binance,ENAUSDT,SELL,0.22060000,45.34119247,0.22060000,4.53,0.4875,0.0000,0.81,47.6000,queue_depleted,False,True,,,,,,,,,,
2813,1791451797403,A,binance,FETUSDT,SELL,0.23170000,43.16857328,0.23170000,4.32,0.4772,0.0000,0.00,22.7000,queue_depleted,False,True,,,,,,,,,,
2814,1791451799694,A,binance,FETUSDT,SELL,0.23180000,43.14994606,0.23180000,4.31,0.5462,0.0000,0.90,46.5000,queue_depleted,False,True,,,,,,,,,,
2822,1791451814832,A,binance,ENAUSDT,SELL,0.22080000,45.30011325,0.22080000,4.53,0.4840,0.0000,0.75,47.5600,queue_depleted,False,True,,,,,,,,,,
2823,1791451815262,A,binance,MOVRUSDT,BUY,1.92400000,5.19615485,1.92400000,5.20,0.3936,0.0000,0.00,39.4310,queue_depleted,False,True,,,,,,,,,,
2825,1791451826240,A,binance,FETUSDT,BUY,0.23180000,43.13133491,0.23180000,4.31,0.4890,0.0000,0.00,22.7000,queue_depleted,False,True,,,,,,,,,,
2829,1791451827065,A,binance,ADAUSDT,BUY,0.25250000,39.59611958,0.25250000,3.96,0.4552,481.7000,0.70,61.5000,queue_depleted,False,True,,,,,,,,,,
2833,1791451833878,A,hyperliquid,CASHCAT,BUY,0.12260000,81.54943935,0.12260000,4.08,0.4656,0.0000,0.00,98.0000,queue_depleted,False,True,,,,,,,,,,
2834,1791451846727,A,hyperliquid,CASHCAT,BUY,0.12252000,81.58936075,0.12252000,7.34,0.3207,0.0000,0.00,98.0000,queue_depleted,False,True,,,,,,,,,,
2838,1791451850994,A,binance,ENAUSDT,SELL,0.22040000,45.38234627,0.22040000,4.54,0.5736,0.0000,0.69,47.6400,queue_depleted,False,True,,,,,,,,,,
2842,1791451854384,A,binance,XLMUSDT,SELL,0.20020000,49.96252810,0.20020000,5.00,0.6032,0.0000,0.84,6881.0000,queue_depleted,False,True,,,,,,,,,,
2845,1791451861271,A,hyperliquid,CASHCAT,SELL,0.12267000,81.54611433,0.12267000,6.52,0.6725,93.0000,0.00,145.0000,queue_depleted,False,True,,,,,,,,,,
2850,1791451867226,A,binance,MOVRUSDT,BUY,1.92400000,5.19615485,1.92400000,5.20,0.4004,0.0000,0.78,207.9540,queue_depleted,False,True,,,,,,,,,,
2851,1791451867278,A,binance,MOVRUSDT,SELL,1.92500000,5.19615485,1.92500000,5.20,0.4004,0.0000,0.78,7.9530,queue_depleted,False,True,,,,,,,,,,
2853,1791451870980,A,binance,XLMUSDT,SELL,0.20030000,49.93757803,0.20030000,4.99,0.6343,0.0000,1.19,15407.0000,queue_depleted,False,True,,,,,,,,,,
2854,1791451889838,A,binance,XLMUSDT,SELL,0.20040000,49.91265286,0.20040000,4.99,0.5872,0.0000,0.00,37337.0000,queue_depleted,False,True,,,,,,,,,,
2857,1791451894693,A,binance,RAYUSDT,SELL,2.46400000,4.05926527,2.46400000,4.06,0.7840,2.3000,0.76,2.3000,queue_depleted,False,True,,,,,,,,,,
2861,1791451977378,A,binance,TAOUSDT,SELL,284.90000000,0.03510620,284.90000000,3.51,0.4470,0.0000,0.82,1.4768,queue_depleted,False,True,,,,,,,,,,
2863,1791451978850,A,binance,FETUSDT,SELL,0.23270000,42.98302171,0.23270000,4.30,0.4939,0.0000,0.00,22.6000,queue_depleted,False,True,,,,,,,,,,
2864,1791451990063,A,binance,XLMUSDT,SELL,0.20080000,49.81320050,0.20080000,4.98,0.5397,27194.0000,1.08,53043.0000,queue_depleted,False,True,,,,,,,,,,
2865,1791452009436,A,binance,ADAUSDT,SELL,0.25350000,39.45551391,0.25350000,3.95,0.5715,0.0000,0.00,1677.0000,queue_depleted,False,True,,,,,,,,,,
2866,1791452025026,A,binance,XLMUSDT,SELL,0.20070000,49.83802641,0.20070000,4.98,0.6069,0.0000,0.00,41311.0000,queue_depleted,False,True,,,,,,,,,,
2878,1791452087008,A,binance,TAOUSDT,SELL,285.20000000,0.03506926,285.20000000,3.51,0.5604,0.0000,1.19,0.0370,queue_depleted,False,True,,,,,,,,,,
2884,1791452098333,A,binance,XLMUSDT,SELL,0.20130000,49.68944099,0.20130000,4.97,0.5085,0.0000,1.23,3163.0000,queue_depleted,False,True,,,,,,,,,,
2885,1791452175033,A,hyperliquid,ZRO,BUY,2.08330000,4.79927051,2.08330000,3.36,0.2798,0.0000,0.00,36.2000,queue_depleted,False,True,,,,,,,,,,
2887,1791452175879,A,binance,TAOUSDT,BUY,285.20000000,0.03505697,285.20000000,3.51,0.4866,0.0000,0.58,1.4994,queue_depleted,False,True,,,,,,,,,,
2888,1791452179828,A,binance,FETUSDT,BUY,0.23310000,42.89084281,0.23310000,4.29,0.4612,0.0000,0.00,1801.9000,queue_depleted,False,True,,,,,,,,,,
2893,1791452200317,A,binance,FETUSDT,BUY,0.23320000,42.87245445,0.23320000,4.29,0.4208,0.0000,0.75,22.6000,queue_depleted,False,True,,,,,,,,,,
2896,1791452204005,A,binance,ZROUSDT,SELL,2.08400000,4.79961603,2.08400000,4.80,0.7724,0.0000,0.00,3.0000,queue_depleted,False,True,,,,,,,,,,
2900,1791452238016,A,binance,ADAUSDT,SELL,0.25420000,39.34684242,0.25420000,3.93,0.4908,0.0000,0.00,9712.6000,queue_depleted,False,True,,,,,,,,,,
2908,1791452287064,A,binance,FETUSDT,BUY,0.23340000,42.83572499,0.23340000,4.28,0.3017,0.0000,0.90,1025.0000,queue_depleted,False,True,,,,,,,,,,
2909,1791452288900,A,binance,ZROUSDT,BUY,2.08500000,4.79501319,2.08500000,4.80,0.5294,0.0000,0.96,83.2500,queue_depleted,False,True,,,,,,,,,,
2916,1791452298139,A,binance,FETUSDT,BUY,0.23340000,42.83572499,0.23340000,4.28,0.3183,0.0000,0.71,22.5000,queue_depleted,False,True,,,,,,,,,,
2919,1791452318486,A,binance,FETUSDT,BUY,0.23330000,42.85408185,0.23330000,4.29,0.4627,0.0000,0.00,22.6000,queue_depleted,False,True,,,,,,,,,,
2921,1791452321541,A,binance,ADAUSDT,SELL,0.25430000,39.33136676,0.25430000,3.93,0.5463,0.0000,0.90,18071.4000,queue_depleted,False,True,,,,,,,,,,
2924,1791452332320,A,hyperliquid,CASHCAT,BUY,0.12476000,80.13141552,0.12476000,5.61,0.5249,0.0000,0.00,19.0000,queue_depleted,False,True,,,,,,,,,,
2925,1791452333873,A,binance,ZROUSDT,BUY,2.08400000,4.79731350,2.08400000,4.80,0.8054,0.0000,1.28,86.2500,queue_depleted,False,True,,,,,,,,,,
2926,1791452333873,B,binance,ZROUSDT,BUY,2.08400000,4.79731350,2.08400000,4.80,0.8054,0.0000,1.28,86.2500,queue_depleted,False,True,,,,,,,,,,
2927,1791452333873,C,binance,ZROUSDT,BUY,2.08400000,4.79731350,2.08400000,4.80,0.8054,0.0000,1.28,86.2500,queue_depleted,False,True,,,,,,,,,,
2929,1791452343649,A,binance,TAOUSDT,BUY,285.30000000,0.03504468,285.30000000,3.50,0.4754,0.0000,0.55,1.6510,queue_depleted,False,True,,,,,,,,,,
2933,1791452345771,A,hyperliquid,CASHCAT,BUY,0.12476000,80.12820513,0.12476000,6.41,0.6174,0.0000,0.00,404.0000,queue_depleted,False,True,,,,,,,,,,
2934,1791452345771,B,hyperliquid,CASHCAT,BUY,0.12476000,80.12820513,0.12476000,6.41,0.6174,0.0000,0.00,404.0000,queue_depleted,False,True,,,,,,,,,,
2935,1791452345771,C,hyperliquid,CASHCAT,BUY,0.12476000,80.12820513,0.12476000,6.41,0.6174,0.0000,0.00,404.0000,queue_depleted,False,True,,,,,,,,,,
2936,1791452348854,A,binance,XLMUSDT,BUY,0.20160000,49.59087528,0.20160000,4.96,0.4671,0.0000,0.00,15688.0000,queue_depleted,False,True,,,,,,,,,,
2937,1791452352903,A,binance,MOVRUSDT,BUY,1.92000000,5.20562207,1.92000000,10.41,0.5316,60.3690,0.82,705.6390,queue_depleted,False,True,,,,,,,,,,
2939,1791452353664,A,hyperliquid,CASHCAT,BUY,0.12468000,80.16674683,0.12468000,9.62,0.3712,0.0000,0.00,122.0000,queue_depleted,False,True,,,,,,,,,,
2941,1791452354750,A,binance,ZROUSDT,BUY,2.08500000,4.79501319,2.08500000,4.80,0.6828,0.0000,0.86,141.3300,queue_depleted,False,True,,,,,,,,,,
2942,1791452354750,B,binance,ZROUSDT,BUY,2.08500000,4.79501319,2.08500000,4.80,0.6828,0.0000,0.86,141.3300,queue_depleted,False,True,,,,,,,,,,
2943,1791452354750,C,binance,ZROUSDT,BUY,2.08500000,4.79501319,2.08500000,4.80,0.6828,0.0000,0.86,141.3300,queue_depleted,False,True,,,,,,,,,,
2944,1791452354934,A,binance,RAYUSDT,BUY,2.45800000,4.06768630,2.45800000,3.25,0.0695,0.0000,0.39,104.3000,queue_depleted,False,True,,,,,,,,,,
2946,1791452355115,A,binance,FETUSDT,BUY,0.23310000,42.89084281,0.23310000,4.29,0.5731,0.0000,0.00,22.5000,queue_depleted,False,True,,,,,,,,,,
2951,1791452356727,A,binance,ZROUSDT,BUY,2.08400000,4.79731350,2.08400000,4.80,0.7613,0.0000,0.87,155.8100,queue_depleted,False,True,,,,,,,,,,
2952,1791452356727,B,binance,ZROUSDT,BUY,2.08400000,4.79731350,2.08400000,4.80,0.7613,0.0000,0.87,155.8100,queue_depleted,False,True,,,,,,,,,,
2953,1791452356727,C,binance,ZROUSDT,BUY,2.08400000,4.79731350,2.08400000,4.80,0.7613,0.0000,0.87,155.8100,queue_depleted,False,True,,,,,,,,,,
2958,1791452369531,A,hyperliquid,CASHCAT,BUY,0.12468000,80.18281682,0.12468000,5.61,0.4632,0.0000,0.00,113.0000,queue_depleted,False,True,,,,,,,,,,
2959,1791452370641,A,hyperliquid,JUP,SELL,0.38371000,26.06406547,0.38371000,2.09,0.9805,0.0000,0.00,30.0000,queue_depleted,False,True,,,,,,,,,,
2960,1791452371938,A,binance,FETUSDT,SELL,0.23310000,42.90924694,0.23310000,4.29,0.6520,0.0000,1.31,22.6000,queue_depleted,False,True,,,,,,,,,,
2962,1791452376985,A,binance,TAOUSDT,BUY,285.20000000,0.03505697,285.20000000,3.51,0.5394,0.0000,0.86,0.0370,queue_depleted,False,True,,,,,,,,,,
2968,1791452384705,A,binance,FETUSDT,SELL,0.23320000,42.89084281,0.23320000,4.29,0.5836,0.0000,0.00,2406.1000,queue_depleted,False,True,,,,,,,,,,
2969,1791452385012,A,hyperliquid,VVV,SELL,24.90300000,0.40161449,24.90300000,2.81,0.0927,0.0000,0.00,1.1900,queue_depleted,False,True,,,,,,,,,,
2970,1791452385012,B,hyperliquid,VVV,SELL,24.90300000,0.40161449,24.90300000,2.81,0.0927,0.0000,0.00,1.1900,queue_depleted,False,True,,,,,,,,,,
2971,1791452385012,C,hyperliquid,VVV,SELL,24.90300000,0.40161449,24.90300000,2.81,0.0927,0.0000,0.00,1.1900,queue_depleted,False,True,,,,,,,,,,
2983,1791452397052,A,hyperliquid,CASHCAT,BUY,0.12468000,80.17960231,0.12468000,6.41,0.4616,0.0000,0.00,111.0000,queue_depleted,False,True,,,,,,,,,,
2985,1791452409983,A,hyperliquid,CASHCAT,BUY,0.12468000,80.18281682,0.12468000,5.61,0.6698,0.0000,0.00,26.0000,queue_depleted,False,True,,,,,,,,,,
2986,1791452409983,B,hyperliquid,CASHCAT,BUY,0.12468000,80.18281682,0.12468000,5.61,0.6698,0.0000,0.00,26.0000,queue_depleted,False,True,,,,,,,,,,
2987,1791452409983,C,hyperliquid,CASHCAT,BUY,0.12468000,80.18281682,0.12468000,5.61,0.6698,0.0000,0.00,26.0000,queue_depleted,False,True,,,,,,,,,,
2994,1791452412546,A,hyperliquid,JUP,BUY,0.38347000,26.07323973,0.38347000,3.39,0.2551,30.0000,0.00,30.0000,queue_depleted,False,True,,,,,,,,,,
3005,1791452419941,A,binance,ADAUSDT,BUY,0.25410000,39.34684242,0.25410000,3.93,0.4599,0.0000,0.68,21973.6000,queue_depleted,False,True,,,,,,,,,,
3008,1791452428702,A,binance,ENAUSDT,BUY,0.22160000,45.11617415,0.22160000,4.51,0.4105,1171.5000,0.00,27931.9500,queue_depleted,False,True,,,,,,,,,,
3011,1791452433575,A,binance,XLMUSDT,SELL,0.20160000,49.61548003,0.20160000,4.96,0.4649,0.0000,0.00,32921.0000,queue_depleted,False,True,,,,,,,,,,
3016,1791452443440,A,binance,ZROUSDT,BUY,2.08300000,4.79961603,2.08300000,4.80,0.7831,0.0000,0.00,3.0000,queue_depleted,False,True,,,,,,,,,,
3017,1791452443440,B,binance,ZROUSDT,BUY,2.08300000,4.79961603,2.08300000,4.80,0.7831,0.0000,0.00,3.0000,queue_depleted,False,True,,,,,,,,,,
3018,1791452443440,C,binance,ZROUSDT,BUY,2.08300000,4.79961603,2.08300000,4.80,0.7831,0.0000,0.00,3.0000,queue_depleted,False,True,,,,,,,,,,
3019,1791452445835,A,binance,ZROUSDT,BUY,2.08300000,4.79961603,2.08300000,4.80,0.7476,0.0000,0.00,159.8800,queue_depleted,False,True,,,,,,,,,,
3020,1791452445835,B,binance,ZROUSDT,BUY,2.08300000,4.79961603,2.08300000,4.80,0.7476,0.0000,0.00,159.8800,queue_depleted,False,True,,,,,,,,,,
3021,1791452445835,C,binance,ZROUSDT,BUY,2.08300000,4.79961603,2.08300000,4.80,0.7476,0.0000,0.00,159.8800,queue_depleted,False,True,,,,,,,,,,
3022,1791452445603,A,hyperliquid,W,SELL,0.01620000,617.47452918,0.01620000,6.17,0.7139,0.0000,0.00,1193.6000,queue_depleted,False,True,,,,,,,,,,
3023,1791452453574,A,binance,XLMUSDT,BUY,0.20150000,49.61548003,0.20150000,4.96,0.4561,0.0000,0.00,48455.0000,queue_depleted,False,True,,,,,,,,,,
3027,1791452461387,A,binance,TAOUSDT,SELL,285.10000000,0.03508156,285.10000000,3.51,0.6043,0.0000,0.58,0.3370,queue_depleted,False,True,,,,,,,,,,
3028,1791452463151,A,binance,ENAUSDT,SELL,0.22150000,45.15692030,0.22150000,4.52,0.4906,0.0000,0.00,47.4100,queue_depleted,False,True,,,,,,,,,,
3030,1791452463172,A,binance,FETUSDT,SELL,0.23340000,42.85408185,0.23340000,4.29,0.6590,0.0000,0.00,22.5000,queue_depleted,False,True,,,,,,,,,,
3031,1791452473302,A,binance,TAOUSDT,BUY,285.20000000,0.03505697,285.20000000,3.51,0.4517,0.0000,0.53,0.0370,queue_depleted,False,True,,,,,,,,,,
3033,1791452481767,A,binance,ENAUSDT,SELL,0.22140000,45.17732098,0.22140000,4.52,0.6720,0.0000,0.82,47.4200,queue_depleted,False,True,,,,,,,,,,
3035,1791452487874,A,binance,ZROUSDT,SELL,2.08500000,4.79731350,2.08500000,4.80,0.6650,0.0000,0.00,2667.1700,queue_depleted,False,True,,,,,,,,,,
3038,1791452491457,A,hyperliquid,MON,BUY,0.02603600,384.03932563,0.02603600,2.30,0.4764,0.0000,0.00,1494.0000,queue_depleted,False,True,,,,,,,,,,
3039,1791452493206,A,hyperliquid,JUP,BUY,0.38419000,26.02573946,0.38419000,2.34,0.6179,0.0000,0.00,30.0000,queue_depleted,False,True,,,,,,,,,,
3040,1791452493206,B,hyperliquid,JUP,BUY,0.38419000,26.02573946,0.38419000,2.34,0.6179,0.0000,0.00,30.0000,queue_depleted,False,True,,,,,,,,,,
3041,1791452493206,C,hyperliquid,JUP,BUY,0.38419000,26.02573946,0.38419000,2.34,0.6179,0.0000,0.00,30.0000,queue_depleted,False,True,,,,,,,,,,
3046,1791452499498,A,hyperliquid,CHIP,SELL,0.05177400,193.17885464,0.05177400,3.28,0.4830,0.0000,0.00,251.0000,queue_depleted,False,True,,,,,,,,,,
3047,1791452500699,A,binance,XLMUSDT,SELL,0.20150000,49.64010921,0.20150000,4.96,0.5237,0.0000,0.00,2861.0000,queue_depleted,False,True,,,,,,,,,,
3048,1791452501442,A,binance,ZROUSDT,SELL,2.08600000,4.79501319,2.08600000,4.80,0.6626,0.0000,1.48,7.2000,queue_depleted,False,True,,,,,,,,,,
3049,1791452504165,A,hyperliquid,kPEPE,SELL,0.00406300,2461.53846154,0.00406300,2.46,0.5537,0.0000,0.00,20502.0000,queue_depleted,False,True,,,,,,,,,,
3051,1791452525432,A,binance,RAYUSDT,BUY,2.45370000,4.07464754,2.45370000,4.07,0.5617,0.0000,0.59,60.0000,queue_depleted,False,True,,,,,,,,,,
3053,1791452527335,A,hyperliquid,MON,SELL,0.02605000,383.92874283,0.02605000,2.69,0.5134,0.0000,0.00,26948.0000,queue_depleted,False,True,,,,,,,,,,
3056,1791452531683,A,binance,HEMIUSDT,BUY,0.00626000,1596.16919393,0.00626000,15.96,0.5313,0.0000,0.00,9134.5000,queue_depleted,False,True,,,,,,,,,,
3058,1791452535379,A,binance,FETUSDT,SELL,0.23360000,42.81738386,0.23360000,4.28,0.2199,0.0000,0.00,957.7000,queue_depleted,False,True,,,,,,,,,,
3059,1791452535379,B,binance,FETUSDT,SELL,0.23360000,42.81738386,0.23360000,4.28,0.2199,0.0000,0.00,957.7000,queue_depleted,False,True,,,,,,,,,,
3060,1791452535379,C,binance,FETUSDT,SELL,0.23360000,42.81738386,0.23360000,4.28,0.2199,0.0000,0.00,957.7000,queue_depleted,False,True,,,,,,,,,,
3062,1791452537930,A,binance,ENAUSDT,SELL,0.22150000,45.15692030,0.22150000,4.52,0.5477,0.0000,0.73,47.4100,queue_depleted,False,True,,,,,,,,,,
3063,1791452537948,A,binance,ADAUSDT,SELL,0.25440000,39.31590328,0.25440000,3.93,0.5737,0.0000,0.79,8845.6000,queue_depleted,False,True,,,,,,,,,,
3067,1791452541459,A,binance,ENAUSDT,BUY,0.22150000,45.13653803,0.22150000,4.51,0.4496,0.0000,0.99,283.7000,queue_depleted,False,True,,,,,,,,,,
3069,1791452551614,A,binance,ENAUSDT,SELL,0.22150000,45.15692030,0.22150000,4.52,0.5051,0.0000,0.74,47.4000,queue_depleted,False,True,,,,,,,,,,
3072,1791452556503,A,hyperliquid,VVV,SELL,24.91500000,0.40142103,24.91500000,2.81,0.2189,0.0000,0.00,0.5500,queue_depleted,False,True,,,,,,,,,,
3073,1791452556503,B,hyperliquid,VVV,SELL,24.91500000,0.40142103,24.91500000,2.81,0.2189,0.0000,0.00,0.5500,queue_depleted,False,True,,,,,,,,,,
3074,1791452556503,C,hyperliquid,VVV,SELL,24.91500000,0.40142103,24.91500000,2.81,0.2189,0.0000,0.00,0.5500,queue_depleted,False,True,,,,,,,,,,
3079,1791452568213,A,hyperliquid,CHIP,BUY,0.05178100,193.09678977,0.05178100,2.51,0.0594,0.0000,0.00,251.0000,queue_depleted,False,True,,,,,,,,,,
3082,1791452575661,A,hyperliquid,CHIP,SELL,0.05179200,193.10051847,0.05179200,2.12,0.3051,0.0000,0.00,251.0000,queue_depleted,False,True,,,,,,,,,,
3083,1791452575661,B,hyperliquid,CHIP,SELL,0.05179200,193.10051847,0.05179200,2.12,0.3051,0.0000,0.00,251.0000,queue_depleted,False,True,,,,,,,,,,
3084,1791452575661,C,hyperliquid,CHIP,SELL,0.05179200,193.10051847,0.05179200,2.12,0.3051,0.0000,0.00,251.0000,queue_depleted,False,True,,,,,,,,,,
3087,1791452589802,A,binance,TAOUSDT,SELL,285.70000000,0.03500788,285.70000000,3.50,0.4898,0.0000,0.61,0.1362,queue_depleted,False,True,,,,,,,,,,
3094,1791452599219,A,binance,FETUSDT,BUY,0.23390000,42.74417611,0.23390000,4.27,0.1656,0.0000,0.76,592.5000,queue_depleted,False,True,,,,,,,,,,
3095,1791452601576,A,binance,ZROUSDT,BUY,2.08300000,4.79961603,2.08300000,4.80,0.3523,0.0000,1.44,86.2500,queue_depleted,False,True,,,,,,,,,,
3096,1791452603800,A,binance,XLMUSDT,BUY,0.20160000,49.59087528,0.20160000,4.96,0.4329,0.0000,0.00,11550.0000,queue_depleted,False,True,,,,,,,,,,
3101,1791452605778,A,hyperliquid,JUP,BUY,0.38359000,26.06542421,0.38359000,3.13,0.5481,30.0000,0.00,30.0000,queue_depleted,False,True,,,,,,,,,,
3102,1791452606958,A,hyperliquid,CASHCAT,BUY,0.12498000,79.98400320,0.12498000,7.20,0.2347,0.0000,0.00,250.0000,queue_depleted,False,True,,,,,,,,,,
3105,1791452609204,A,binance,ADAUSDT,BUY,0.25440000,39.30045196,0.25440000,3.93,0.4104,69.8000,0.82,8972.5000,queue_depleted,False,True,,,,,,,,,,
3109,1791452614905,A,binance,ADAUSDT,BUY,0.25430000,39.31590328,0.25430000,3.93,0.4352,0.0000,0.84,6005.7000,queue_depleted,False,True,,,,,,,,,,
3111,1791452614989,A,hyperliquid,CASHCAT,BUY,0.12484000,80.05443702,0.12484000,12.01,0.2569,0.0000,0.00,371.0000,queue_depleted,False,True,,,,,,,,,,
3113,1791452616406,A,binance,FETUSDT,BUY,0.23380000,42.76245456,0.23380000,4.28,0.1642,0.0000,0.00,22.5000,queue_depleted,False,True,,,,,,,,,,
3115,1791452629211,A,binance,FETUSDT,BUY,0.23370000,42.78074866,0.23370000,4.28,0.1564,0.0000,0.00,105.1000,queue_depleted,False,True,,,,,,,,,,
3118,1791452669787,A,binance,FETUSDT,BUY,0.23370000,42.78074866,0.23370000,4.28,0.1664,0.0000,0.00,1102.5000,queue_depleted,False,True,,,,,,,,,,
3120,1791452683310,A,binance,ENAUSDT,SELL,0.22140000,45.17732098,0.22140000,4.52,0.4871,256.8600,0.95,47.4400,queue_depleted,False,True,,,,,,,,,,
3121,1791452690587,A,binance,RAYUSDT,SELL,2.45070000,4.08129949,2.45070000,4.08,0.8321,0.0000,0.79,2.3000,queue_depleted,False,True,,,,,,,,,,
3127,1791452696243,A,binance,ENAUSDT,SELL,0.22140000,45.17732098,0.22140000,4.52,0.4557,1055.8200,0.00,704.0600,queue_depleted,False,True,,,,,,,,,,
3128,1791452698700,A,binance,ORCAUSDT,SELL,2.77100000,3.60945678,2.77100000,3.61,0.5706,0.0000,0.00,1.9900,queue_depleted,False,True,,,,,,,,,,
3129,1791452699482,A,binance,ENAUSDT,SELL,0.22140000,45.17732098,0.22140000,4.52,0.4464,800.1500,0.86,1159.7300,queue_depleted,False,True,,,,,,,,,,
3135,1791452716541,A,binance,ENAUSDT,SELL,0.22140000,45.17732098,0.22140000,4.52,0.4416,2850.2200,0.63,23705.7300,queue_depleted,False,True,,,,,,,,,,
3140,1791452728436,A,binance,ENAUSDT,SELL,0.22140000,45.17732098,0.22140000,4.52,0.5079,5486.1500,0.00,3391.8500,queue_depleted,False,True,,,,,,,,,,
3141,1791452730683,A,binance,ENAUSDT,SELL,0.22140000,45.17732098,0.22140000,4.52,0.5038,4134.0000,0.96,1912.4200,queue_depleted,False,True,,,,,,,,,,
3142,1791452731664,A,binance,ENAUSDT,SELL,0.22140000,45.17732098,0.22140000,4.52,0.4990,5129.1800,0.90,1712.4400,queue_depleted,False,True,,,,,,,,,,
3143,1791452737350,A,binance,ENAUSDT,SELL,0.22140000,45.17732098,0.22140000,4.52,0.5062,0.0000,0.92,47.4400,queue_depleted,False,True,,,,,,,,,,
3147,1791452744335,A,hyperliquid,MON,SELL,0.02597400,385.05968425,0.02597400,3.08,0.7460,0.0000,0.00,9160.0000,queue_depleted,False,True,,,,,,,,,,
3148,1791452745511,A,binance,ADAUSDT,SELL,0.25470000,39.26958571,0.25470000,3.93,0.5240,12655.5000,0.80,7331.8000,queue_depleted,False,True,,,,,,,,,,
3151,1791452757849,A,hyperliquid,FARTCOIN,SELL,0.16121000,62.04243703,0.16121000,3.72,0.9285,0.0000,0.00,113.0000,queue_depleted,False,True,,,,,,,,,,
3154,1791452763592,A,hyperliquid,kPEPE,SELL,0.00406900,2457.90832002,0.00406900,2.46,0.5353,0.0000,0.00,30351.0000,queue_depleted,False,True,,,,,,,,,,
3158,1791452775019,A,hyperliquid,VVV,SELL,24.94100000,0.40101055,24.94100000,3.21,0.7280,0.0000,0.00,1.0300,queue_depleted,False,True,,,,,,,,,,
3166,1791452813603,A,hyperliquid,CASHCAT,SELL,0.12428000,80.48613626,0.12428000,5.63,0.4114,0.0000,0.00,155.0000,queue_depleted,False,True,,,,,,,,,,
3171,1791452840821,A,binance,ADAUSDT,SELL,0.25490000,39.23876790,0.25490000,3.92,0.5446,0.0000,0.00,3883.1000,queue_depleted,False,True,,,,,,,,,,
3173,1791452842644,A,binance,TAOUSDT,BUY,286.40000000,0.03491011,286.40000000,3.49,0.4331,0.0000,0.82,9.6910,queue_depleted,False,True,,,,,,,,,,
3175,1791452845903,A,binance,ENAUSDT,SELL,0.22210000,45.03490205,0.22210000,4.50,0.4407,0.0000,0.00,122.4800,queue_depleted,False,True,,,,,,,,,,
3176,1791452846312,A,hyperliquid,kPEPE,SELL,0.00407300,2455.49416820,0.00407300,2.46,0.5995,0.0000,0.00,2708.0000,queue_depleted,False,True,,,,,,,,,,
3180,1791452851338,A,binance,ZROUSDT,BUY,2.08800000,4.78812545,2.08800000,4.79,0.5542,0.0000,0.82,95.7800,queue_depleted,False,True,,,,,,,,,,
3184,1791452855400,A,binance,TAOUSDT,BUY,286.30000000,0.03492230,286.30000000,3.49,0.4101,0.0000,0.68,0.4121,queue_depleted,False,True,,,,,,,,,,
3185,1791452861413,A,binance,ADAUSDT,SELL,0.25480000,39.25417076,0.25480000,3.93,0.5325,0.0000,0.52,11828.1000,queue_depleted,False,True,,,,,,,,,,
3192,1791452886511,A,hyperliquid,CASHCAT,BUY,0.12428000,80.43434547,0.12428000,7.24,0.2725,0.0000,0.00,99.0000,queue_depleted,False,True,,,,,,,,,,
3193,1791452894082,A,binance,ADAUSDT,BUY,0.25470000,39.25417076,0.25470000,3.93,0.4586,60.7000,0.00,186.2000,queue_depleted,False,True,,,,,,,,,,
3196,1791452895562,A,binance,XLMUSDT,BUY,0.20130000,49.66476285,0.20130000,4.97,0.4985,0.0000,0.00,30114.0000,queue_depleted,False,True,,,,,,,,,,
3198,1791452898160,A,hyperliquid,CASHCAT,BUY,0.12428000,80.45052293,0.12428000,3.22,0.1763,0.0000,0.00,5.0000,queue_depleted,False,True,,,,,,,,,,
3210,1791452928772,A,hyperliquid,CHIP,SELL,0.05163900,193.67646347,0.05163900,2.52,0.1820,0.0000,0.00,253.0000,queue_depleted,False,True,,,,,,,,,,
3211,1791452928772,B,hyperliquid,CHIP,SELL,0.05163900,193.67646347,0.05163900,2.52,0.1820,0.0000,0.00,253.0000,queue_depleted,False,True,,,,,,,,,,
3212,1791452928772,C,hyperliquid,CHIP,SELL,0.05163900,193.67646347,0.05163900,2.52,0.1820,0.0000,0.00,253.0000,queue_depleted,False,True,,,,,,,,,,
3213,1791452934341,A,binance,ADAUSDT,SELL,0.25480000,39.25417076,0.25480000,3.93,0.5499,0.0000,0.82,83.1000,queue_depleted,False,True,,,,,,,,,,
3217,1791452948656,A,binance,MOVRUSDT,BUY,1.92100000,5.20426750,1.92100000,5.20,0.5028,0.0000,1.73,241.9280,queue_depleted,False,True,,,,,,,,,,
3222,1791452957616,A,hyperliquid,VVV,BUY,24.95300000,0.40071327,24.95300000,2.00,0.6465,0.0000,0.00,1.0300,queue_depleted,False,True,,,,,,,,,,
3223,1791452957616,B,hyperliquid,VVV,BUY,24.95300000,0.40071327,24.95300000,2.00,0.6465,0.0000,0.00,1.0300,queue_depleted,False,True,,,,,,,,,,
3224,1791452957616,C,hyperliquid,VVV,BUY,24.95300000,0.40071327,24.95300000,2.00,0.6465,0.0000,0.00,1.0300,queue_depleted,False,True,,,,,,,,,,
3228,1791452961925,A,hyperliquid,kPEPE,BUY,0.00406500,2459.72205141,0.00406500,2.46,0.5775,0.0000,0.00,7065.0000,queue_depleted,False,True,,,,,,,,,,
3229,1791452967046,A,hyperliquid,VVV,BUY,24.93700000,0.40092212,24.93700000,4.41,0.7477,0.0000,0.00,1.0300,queue_depleted,False,True,,,,,,,,,,
3230,1791452967046,B,hyperliquid,VVV,BUY,24.93700000,0.40092212,24.93700000,4.41,0.7477,0.0000,0.00,1.0300,queue_depleted,False,True,,,,,,,,,,
3231,1791452967046,C,hyperliquid,VVV,BUY,24.93700000,0.40092212,24.93700000,4.41,0.7477,0.0000,0.00,1.0300,queue_depleted,False,True,,,,,,,,,,
3237,1791452982299,A,binance,MOVRUSDT,BUY,1.92000000,5.20697735,1.92000000,5.21,0.6959,0.0000,0.00,1201.3810,queue_depleted,False,True,,,,,,,,,,
3238,1791452982299,B,binance,MOVRUSDT,BUY,1.92000000,5.20697735,1.92000000,5.21,0.6959,0.0000,0.00,1201.3810,queue_depleted,False,True,,,,,,,,,,
3239,1791452982299,C,binance,MOVRUSDT,BUY,1.92000000,5.20697735,1.92000000,5.21,0.6959,0.0000,0.00,1201.3810,queue_depleted,False,True,,,,,,,,,,
3243,1791452988143,A,hyperliquid,FARTCOIN,SELL,0.16132000,61.99628022,0.16132000,2.48,0.9661,0.0000,0.00,619.9000,queue_depleted,False,True,,,,,,,,,,
3248,1791453010994,A,binance,ORCAUSDT,BUY,2.77300000,3.60555255,2.77300000,3.61,0.6673,0.0000,0.00,230.8700,queue_depleted,False,True,,,,,,,,,,
3249,1791453010994,B,binance,ORCAUSDT,BUY,2.77300000,3.60555255,2.77300000,3.61,0.6673,0.0000,0.00,230.8700,queue_depleted,False,True,,,,,,,,,,
3250,1791453010994,C,binance,ORCAUSDT,BUY,2.77300000,3.60555255,2.77300000,3.61,0.6673,0.0000,0.00,230.8700,queue_depleted,False,True,,,,,,,,,,
3255,1791453014772,A,binance,ZROUSDT,BUY,2.08500000,4.79501319,2.08500000,4.80,0.5204,0.0000,0.98,131.1200,queue_depleted,False,True,,,,,,,,,,
3256,1791453015142,A,binance,ORCAUSDT,SELL,2.77300000,3.60685302,2.77300000,3.61,0.6896,0.0000,1.62,56.7100,queue_depleted,False,True,,,,,,,,,,
3257,1791453018584,A,binance,ZROUSDT,BUY,2.08600000,4.79271507,2.08600000,4.79,0.3476,0.0000,1.29,127.9700,queue_depleted,False,True,,,,,,,,,,
3260,1791453025694,A,binance,ORCAUSDT,BUY,2.77100000,3.60815443,2.77100000,3.61,0.6188,0.0000,1.85,6.8600,queue_depleted,False,True,,,,,,,,,,
3263,1791453031631,A,binance,ORCAUSDT,SELL,2.77200000,3.60815443,2.77200000,3.61,0.6164,0.0000,0.96,54.0000,queue_depleted,False,True,,,,,,,,,,
3264,1791453035758,A,binance,ORCAUSDT,BUY,2.77300000,3.60555255,2.77300000,3.61,0.7219,0.0000,1.13,629.3300,queue_depleted,False,True,,,,,,,,,,
3265,1791453035758,B,binance,ORCAUSDT,BUY,2.77300000,3.60555255,2.77300000,3.61,0.7219,0.0000,1.13,629.3300,queue_depleted,False,True,,,,,,,,,,
3266,1791453035758,C,binance,ORCAUSDT,BUY,2.77300000,3.60555255,2.77300000,3.61,0.7219,0.0000,1.13,629.3300,queue_depleted,False,True,,,,,,,,,,
3269,1791453039041,A,binance,ORCAUSDT,BUY,2.77100000,3.60815443,2.77100000,3.61,0.4471,0.0000,1.38,9.2100,queue_depleted,False,True,,,,,,,,,,
3270,1791453040094,A,binance,HEMIUSDT,BUY,0.00622000,1606.42570281,0.00622000,16.06,0.6469,0.0000,0.00,457433.5000,queue_depleted,False,True,,,,,,,,,,
3271,1791453040094,B,binance,HEMIUSDT,BUY,0.00622000,1606.42570281,0.00622000,16.06,0.6469,0.0000,0.00,457433.5000,queue_depleted,False,True,,,,,,,,,,
3272,1791453040094,C,binance,HEMIUSDT,BUY,0.00622000,1606.42570281,0.00622000,16.06,0.6469,0.0000,0.00,457433.5000,queue_depleted,False,True,,,,,,,,,,
3281,1791453054915,A,hyperliquid,FARTCOIN,BUY,0.16118000,62.03281536,0.16118000,3.10,0.8939,0.0000,0.00,365.6000,queue_depleted,False,True,,,,,,,,,,
3282,1791453054915,B,hyperliquid,FARTCOIN,BUY,0.16118000,62.03281536,0.16118000,3.10,0.8939,0.0000,0.00,365.6000,queue_depleted,False,True,,,,,,,,,,
3283,1791453054915,C,hyperliquid,FARTCOIN,BUY,0.16118000,62.03281536,0.16118000,3.10,0.8939,0.0000,0.00,365.6000,queue_depleted,False,True,,,,,,,,,,
3285,1791453071571,A,binance,ADAUSDT,BUY,0.25430000,39.31590328,0.25430000,3.93,0.4733,0.0000,0.00,18930.6000,queue_depleted,False,True,,,,,,,,,,
3296,1791453088968,A,binance,TAOUSDT,SELL,285.20000000,0.03506926,285.20000000,3.51,0.4928,0.0000,0.73,10.1458,queue_depleted,False,True,,,,,,,,,,
3300,1791453098048,A,binance,FETUSDT,BUY,0.23490000,42.56224729,0.23490000,4.26,0.4887,0.0000,0.66,5439.3000,queue_depleted,False,True,,,,,,,,,,
3305,1791453103397,A,binance,TAOUSDT,SELL,285.30000000,0.03505697,285.30000000,3.51,0.5630,0.0000,0.00,0.0570,queue_depleted,False,True,,,,,,,,,,
3307,1791453107767,A,binance,ZROUSDT,SELL,2.08800000,4.79041916,2.08800000,4.79,0.3996,0.0000,1.11,3.0000,queue_depleted,False,True,,,,,,,,,,
3308,1791453107767,B,binance,ZROUSDT,SELL,2.08800000,4.79041916,2.08800000,4.79,0.3996,10.0000,1.13,3.0000,queue_depleted,False,True,,,,,,,,,,
3309,1791453107767,C,binance,ZROUSDT,SELL,2.08800000,4.79041916,2.08800000,4.79,0.3996,10.0000,1.13,3.0000,queue_depleted,False,True,,,,,,,,,,
3312,1791453110613,A,binance,FETUSDT,SELL,0.23490000,42.58037045,0.23490000,4.26,0.5397,0.0000,0.73,22.4000,queue_depleted,False,True,,,,,,,,,,
3316,1791453117538,A,hyperliquid,JUP,SELL,0.37999000,26.31959889,0.37999000,2.37,0.8204,0.0000,0.00,30.0000,queue_depleted,False,True,,,,,,,,,,
3319,1791453124277,A,hyperliquid,CASHCAT,BUY,0.12375000,80.79828708,0.12375000,2.42,0.0616,0.0000,0.00,952.0000,queue_depleted,False,True,,,,,,,,,,
3324,1791453144639,A,binance,FETUSDT,SELL,0.23510000,42.54413954,0.23510000,4.25,0.6153,0.0000,0.88,215.0000,queue_depleted,False,True,,,,,,,,,,
3331,1791453193630,A,hyperliquid,GRAM,SELL,1.43570000,6.96597123,1.43570000,2.09,0.4251,0.0000,0.00,25.0000,queue_depleted,False,True,,,,,,,,,,
3333,1791453200061,A,hyperliquid,CHIP,BUY,0.05160800,193.74400604,0.05160800,2.52,0.0319,0.0000,0.00,245.0000,queue_depleted,False,True,,,,,,,,,,
3334,1791453209773,A,binance,ADAUSDT,SELL,0.25470000,39.26958571,0.25470000,3.93,0.5262,0.0000,0.00,3650.8000,queue_depleted,False,True,,,,,,,,,,
3341,1791453240095,A,hyperliquid,GRIFFAIN,SELL,0.01643500,609.08758679,0.01643500,20.71,0.2379,0.0000,0.00,17369.0000,queue_depleted,False,True,,,,,,,,,,
3342,1791453240095,B,hyperliquid,GRIFFAIN,SELL,0.01643500,609.08758679,0.01643500,20.71,0.2379,0.0000,0.00,17369.0000,queue_depleted,False,True,,,,,,,,,,
3343,1791453240095,C,hyperliquid,GRIFFAIN,SELL,0.01643500,609.08758679,0.01643500,20.71,0.2379,0.0000,0.00,17369.0000,queue_depleted,False,True,,,,,,,,,,
3347,1791453242002,A,binance,ZROUSDT,BUY,2.08800000,4.78812545,2.08800000,4.79,0.3549,0.0000,0.47,28.0300,queue_depleted,False,True,,,,,,,,,,
3348,1791453246040,A,hyperliquid,CASHCAT,SELL,0.12396000,80.70373658,0.12396000,8.07,0.3635,0.0000,0.00,161.0000,queue_depleted,False,True,,,,,,,,,,
3349,1791453246040,B,hyperliquid,CASHCAT,SELL,0.12396000,80.70373658,0.12396000,8.07,0.3635,0.0000,0.00,161.0000,queue_depleted,False,True,,,,,,,,,,
3350,1791453246040,C,hyperliquid,CASHCAT,SELL,0.12396000,80.70373658,0.12396000,8.07,0.3635,0.0000,0.00,161.0000,queue_depleted,False,True,,,,,,,,,,
3367,1791453267601,A,hyperliquid,JUP,BUY,0.37987000,26.32133081,0.37987000,2.63,0.4221,0.0000,0.00,30.0000,queue_depleted,False,True,,,,,,,,,,
3379,1791453306632,A,binance,RAYUSDT,BUY,2.45630000,4.07050108,2.45630000,3.26,0.3318,0.0000,0.53,54.0000,queue_depleted,False,True,,,,,,,,,,
3397,1791453347321,A,binance,ZROUSDT,SELL,2.08600000,4.79501319,2.08600000,4.80,0.6710,0.0000,2.07,83.2500,queue_depleted,False,True,,,,,,,,,,
3398,1791453347728,A,binance,FETUSDT,BUY,0.23510000,42.52604720,0.23510000,4.25,0.5061,0.0000,0.80,28744.6000,queue_depleted,False,True,,,,,,,,,,
3399,1791453348573,A,hyperliquid,PONS,SELL,0.40768000,24.53295389,0.40768000,3.19,0.8877,0.0000,0.00,104.0000,queue_depleted,False,True,,,,,,,,,,
3408,1791453352831,A,binance,FETUSDT,BUY,0.23490000,42.56224729,0.23490000,4.26,0.5136,0.0000,1.34,109.9000,queue_depleted,False,True,,,,,,,,,,
3410,1791453353638,A,binance,ENAUSDT,BUY,0.22060000,45.32064355,0.22060000,4.53,0.4241,0.0000,1.13,20602.4800,queue_depleted,False,True,,,,,,,,,,
3415,1791453366041,A,binance,ENAUSDT,BUY,0.22050000,45.34119247,0.22050000,4.53,0.3660,0.0000,0.00,47.6100,queue_depleted,False,True,,,,,,,,,,
3417,1791453372396,A,binance,ADAUSDT,SELL,0.25460000,39.28501277,0.25460000,3.93,0.4805,0.0000,0.00,4848.7000,queue_depleted,False,True,,,,,,,,,,
3421,1791453386563,A,hyperliquid,CASHCAT,SELL,0.12396000,80.69396813,0.12396000,5.65,0.7538,0.0000,0.00,177.0000,queue_depleted,False,True,,,,,,,,,,
3423,1791453394814,A,binance,ENAUSDT,BUY,0.22050000,45.34119247,0.22050000,4.53,0.4862,0.0000,0.74,291.9500,queue_depleted,False,True,,,,,,,,,,
3427,1791453403470,A,binance,HEMIUSDT,BUY,0.00621000,1609.01045857,0.00621000,16.09,0.5500,0.0000,0.00,11589.2000,queue_depleted,False,True,,,,,,,,,,
3429,1791453403431,A,hyperliquid,CASHCAT,BUY,0.12396000,80.65817067,0.12396000,3.23,0.2865,0.0000,0.00,81.0000,queue_depleted,False,True,,,,,,,,,,
3431,1791453408677,A,binance,ORCAUSDT,BUY,2.78000000,3.59647545,2.78000000,3.60,0.5461,0.0000,1.69,78.3800,queue_depleted,False,True,,,,,,,,,,
3438,1791453425181,A,binance,XLMUSDT,BUY,0.20110000,49.71414367,0.20110000,4.97,0.5075,0.0000,0.00,38525.0000,queue_depleted,False,True,,,,,,,,,,
3440,1791453429502,A,binance,TAOUSDT,BUY,285.40000000,0.03503240,285.40000000,3.50,0.4856,0.0000,0.00,0.0368,queue_depleted,False,True,,,,,,,,,,
3445,1791453441380,A,binance,TAOUSDT,BUY,285.40000000,0.03503240,285.40000000,3.50,0.4702,0.0000,0.00,0.0368,queue_depleted,False,True,,,,,,,,,,
3449,1791453444551,A,binance,FETUSDT,BUY,0.23470000,42.59850905,0.23470000,4.26,0.6236,0.0000,0.85,16238.0000,queue_depleted,False,True,,,,,,,,,,
3450,1791453444551,B,binance,FETUSDT,BUY,0.23470000,42.59850905,0.23470000,4.26,0.6236,0.0000,0.85,16238.0000,queue_depleted,False,True,,,,,,,,,,
3451,1791453444551,C,binance,FETUSDT,BUY,0.23470000,42.59850905,0.23470000,4.26,0.6236,0.0000,0.85,16238.0000,queue_depleted,False,True,,,,,,,,,,
3455,1791453444551,A,binance,FETUSDT,SELL,0.23480000,42.59850905,0.23480000,4.26,0.6236,0.0000,0.85,22.4000,queue_depleted,False,True,,,,,,,,,,
3457,1791453448793,A,hyperliquid,CASHCAT,BUY,0.12388000,80.69071250,0.12388000,8.07,0.6921,0.0000,0.00,88.0000,queue_depleted,False,True,,,,,,,,,,
3458,1791453448793,B,hyperliquid,CASHCAT,BUY,0.12388000,80.69071250,0.12388000,8.07,0.6921,0.0000,0.00,88.0000,queue_depleted,False,True,,,,,,,,,,
3459,1791453448793,C,hyperliquid,CASHCAT,BUY,0.12388000,80.69071250,0.12388000,8.07,0.6921,0.0000,0.00,88.0000,queue_depleted,False,True,,,,,,,,,,
3462,1791453463247,A,binance,TAOUSDT,SELL,285.40000000,0.03504468,285.40000000,3.50,0.5694,0.0000,0.65,0.2478,queue_depleted,False,True,,,,,,,,,,
3470,1791453494015,A,binance,TAOUSDT,SELL,285.70000000,0.03500788,285.70000000,3.50,0.5434,0.0000,0.99,0.0563,queue_depleted,False,True,,,,,,,,,,
3480,1791453508571,A,binance,FETUSDT,SELL,0.23510000,42.54413954,0.23510000,4.25,0.7551,0.0000,0.00,5034.4000,queue_depleted,False,True,,,,,,,,,,
3481,1791453515031,A,hyperliquid,ZRO,BUY,2.08300000,4.80007680,2.08300000,2.88,0.4391,0.0000,0.00,23.5000,queue_depleted,False,True,,,,,,,,,,
3483,1791453532111,A,binance,TAOUSDT,BUY,285.80000000,0.03498338,285.80000000,3.50,0.4851,0.0000,0.00,1.2249,queue_depleted,False,True,,,,,,,,,,
3486,1791453538251,A,hyperliquid,PONS,BUY,0.40768000,24.52543287,0.40768000,2.94,0.5845,0.0000,0.00,29.0000,queue_depleted,False,True,,,,,,,,,,
3495,1791453555490,A,hyperliquid,CHIP,BUY,0.05148300,194.20115355,0.05148300,3.88,0.2372,0.0000,0.00,253.0000,queue_depleted,False,True,,,,,,,,,,
3496,1791453557617,A,binance,FETUSDT,SELL,0.23530000,42.50797024,0.23530000,4.25,0.7490,0.0000,0.70,4909.1000,queue_depleted,False,True,,,,,,,,,,
3498,1791453560335,A,hyperliquid,CHIP,SELL,0.05149500,194.21812638,0.05149500,2.52,0.2195,0.0000,0.00,253.0000,queue_depleted,False,True,,,,,,,,,,
3499,1791453560335,B,hyperliquid,CHIP,SELL,0.05149500,194.21812638,0.05149500,2.52,0.2195,0.0000,0.00,253.0000,queue_depleted,False,True,,,,,,,,,,
3500,1791453560335,C,hyperliquid,CHIP,SELL,0.05149500,194.21812638,0.05149500,2.52,0.2195,0.0000,0.00,253.0000,queue_depleted,False,True,,,,,,,,,,
3501,1791453561180,A,binance,TAOUSDT,SELL,285.70000000,0.03500788,285.70000000,3.50,0.5507,0.0000,0.00,0.0368,queue_depleted,False,True,,,,,,,,,,
3502,1791453567229,A,binance,ENAUSDT,SELL,0.22070000,45.32064355,0.22070000,4.53,0.5397,0.0000,0.00,1400.7800,queue_depleted,False,True,,,,,,,,,,
3504,1791453573543,A,binance,FETUSDT,SELL,0.23540000,42.48990865,0.23540000,4.25,0.7048,0.0000,0.00,1102.4000,queue_depleted,False,True,,,,,,,,,,
3506,1791453576827,A,binance,FETUSDT,SELL,0.23550000,42.47186239,0.23550000,4.25,0.6885,0.0000,0.78,22.4000,queue_depleted,False,True,,,,,,,,,,
3507,1791453592781,A,binance,ORCAUSDT,BUY,2.77900000,3.59776938,2.77900000,3.60,0.5003,0.0000,0.00,65.0900,queue_depleted,False,True,,,,,,,,,,
3513,1791453610687,A,binance,ADAUSDT,SELL,0.25470000,39.26958571,0.25470000,3.93,0.5305,0.0000,0.00,1235.0000,queue_depleted,False,True,,,,,,,,,,
3514,1791453613003,A,hyperliquid,CASHCAT,SELL,0.12412000,80.58991820,0.12412000,5.64,0.2434,0.0000,0.00,88.0000,queue_depleted,False,True,,,,,,,,,,
3515,1791453613003,B,hyperliquid,CASHCAT,SELL,0.12412000,80.58991820,0.12412000,5.64,0.2434,0.0000,0.00,88.0000,queue_depleted,False,True,,,,,,,,,,
3516,1791453613003,C,hyperliquid,CASHCAT,SELL,0.12412000,80.58991820,0.12412000,5.64,0.2434,0.0000,0.00,88.0000,queue_depleted,False,True,,,,,,,,,,
3517,1791453614414,A,binance,ORCAUSDT,SELL,2.78000000,3.59841670,2.78000000,7.20,0.6214,0.0000,1.40,6.7000,queue_depleted,False,True,,,,,,,,,,
3522,1791453618783,A,binance,ORCAUSDT,SELL,2.78100000,3.59647545,2.78100000,3.60,0.4870,0.0000,0.88,183.8400,queue_depleted,False,True,,,,,,,,,,
3524,1791453618477,A,hyperliquid,VVV,BUY,24.93700000,0.40095427,24.93700000,2.81,0.0390,0.0000,0.00,1.1200,queue_depleted,False,True,,,,,,,,,,
3529,1791453627601,A,hyperliquid,CHIP,BUY,0.05153600,194.01464811,0.05153600,2.52,0.3178,0.0000,0.00,253.0000,queue_depleted,False,True,,,,,,,,,,
3532,1791453633422,A,binance,FETUSDT,BUY,0.23570000,42.41781548,0.23570000,4.24,0.5349,0.0000,0.73,892.9000,queue_depleted,False,True,,,,,,,,,,
3534,1791453640855,A,binance,FETUSDT,BUY,0.23560000,42.43581583,0.23560000,4.24,0.5482,0.0000,0.65,70.0000,queue_depleted,False,True,,,,,,,,,,
3539,1791453645907,A,binance,ZROUSDT,BUY,2.08200000,4.80192077,2.08200000,4.80,0.3820,122.6500,1.72,237.4100,queue_depleted,False,True,,,,,,,,,,
3545,1791453671341,A,binance,ZROUSDT,BUY,2.07900000,4.80884828,2.07900000,4.81,0.7886,0.0000,0.95,385.8900,queue_depleted,False,True,,,,,,,,,,
3546,1791453671341,B,binance,ZROUSDT,BUY,2.07900000,4.80884828,2.07900000,4.81,0.7886,0.0000,0.95,385.8900,queue_depleted,False,True,,,,,,,,,,
3547,1791453671341,C,binance,ZROUSDT,BUY,2.07900000,4.80884828,2.07900000,4.81,0.7886,0.0000,0.95,385.8900,queue_depleted,False,True,,,,,,,,,,
3548,1791453672767,A,binance,XLMUSDT,BUY,0.20100000,49.73887093,0.20100000,4.97,0.4704,0.0000,0.00,400.0000,queue_depleted,False,True,,,,,,,,,,
3549,1791453673883,A,hyperliquid,CASHCAT,BUY,0.12396000,80.63540701,0.12396000,8.87,0.5460,0.0000,0.00,92.0000,queue_depleted,False,True,,,,,,,,,,
3552,1791453683760,A,hyperliquid,VVV,BUY,24.89200000,0.40163869,24.89200000,4.82,0.2081,0.0000,0.00,1.1100,queue_depleted,False,True,,,,,,,,,,
3557,1791453694790,A,binance,XLMUSDT,BUY,0.20100000,49.73887093,0.20100000,4.97,0.4447,0.0000,0.91,329.0000,queue_depleted,False,True,,,,,,,,,,
3561,1791453705031,A,hyperliquid,VVV,SELL,24.90000000,0.40167902,24.90000000,3.62,0.5665,0.0000,0.00,1.1100,queue_depleted,False,True,,,,,,,,,,
3568,1791453731913,A,hyperliquid,JUP,SELL,0.37903000,26.38766113,0.37903000,3.43,0.9133,0.0000,0.00,30.0000,queue_depleted,False,True,,,,,,,,,,
3575,1791453750729,A,binance,TAOUSDT,SELL,285.30000000,0.03505697,285.30000000,3.51,0.5531,0.0000,1.20,0.0370,queue_depleted,False,True,,,,,,,,,,
3576,1791453752476,A,hyperliquid,CASHCAT,SELL,0.12420000,80.56394763,0.12420000,12.08,0.8535,0.0000,0.00,85.0000,queue_depleted,False,True,,,,,,,,,,
3578,1791453755709,A,binance,ENAUSDT,SELL,0.22070000,45.32064355,0.22070000,4.53,0.6036,0.0000,0.77,1712.5800,queue_depleted,False,True,,,,,,,,,,
3581,1791453771452,A,binance,ENAUSDT,BUY,0.22060000,45.32064355,0.22060000,4.53,0.5403,0.0000,1.13,151.9100,queue_depleted,False,True,,,,,,,,,,
3582,1791453772097,A,binance,XLMUSDT,BUY,0.20090000,49.76362279,0.20090000,4.98,0.4846,0.0000,0.00,2503.0000,queue_depleted,False,True,,,,,,,,,,
3583,1791453779663,A,hyperliquid,CASHCAT,BUY,0.12407000,80.56070249,0.12407000,9.67,0.4680,88.0000,0.00,250.0000,queue_depleted,False,True,,,,,,,,,,
3597,1791453824237,A,binance,XLMUSDT,SELL,0.20090000,49.78839930,0.20090000,4.98,0.5825,0.0000,1.05,1180.0000,queue_depleted,False,True,,,,,,,,,,
3598,1791453839887,A,binance,ZROUSDT,BUY,2.07900000,4.80884828,2.07900000,4.81,0.7329,0.0000,1.35,42.0000,queue_depleted,False,True,,,,,,,,,,
3599,1791453839887,B,binance,ZROUSDT,BUY,2.07900000,4.80884828,2.07900000,4.81,0.7329,0.0000,1.35,42.0000,queue_depleted,False,True,,,,,,,,,,
3600,1791453839887,C,binance,ZROUSDT,BUY,2.07900000,4.80884828,2.07900000,4.81,0.7339,0.0000,1.37,42.0000,queue_depleted,False,True,,,,,,,,,,
3601,1791453840072,A,binance,ADAUSDT,BUY,0.25470000,39.25417076,0.25470000,3.93,0.4380,0.0000,0.00,9091.1000,queue_depleted,False,True,,,,,,,,,,
3603,1791453843636,A,binance,FETUSDT,SELL,0.23500000,42.56224729,0.23500000,4.26,0.7390,0.0000,1.90,2277.3000,queue_depleted,False,True,,,,,,,,,,
3609,1791453857425,A,binance,XLMUSDT,SELL,0.20080000,49.81320050,0.20080000,4.98,0.5751,0.0000,0.00,6223.0000,queue_depleted,False,True,,,,,,,,,,
3610,1791453861057,A,binance,XLMUSDT,SELL,0.20080000,49.81320050,0.20080000,4.98,0.5824,0.0000,0.00,54.0000,queue_depleted,False,True,,,,,,,,,,
3611,1791453865847,A,binance,XLMUSDT,SELL,0.20080000,49.81320050,0.20080000,4.98,0.5889,50.0000,0.00,54.0000,queue_depleted,False,True,,,,,,,,,,
3622,1791453897491,A,hyperliquid,W,SELL,0.01627000,614.81709192,0.01627000,6.15,0.5899,0.0000,0.00,1352.2000,queue_depleted,False,True,,,,,,,,,,
3629,1791453906403,A,hyperliquid,CASHCAT,SELL,0.12407000,80.63540701,0.12407000,8.87,0.4919,0.0000,0.00,152.0000,queue_depleted,False,True,,,,,,,,,,
3631,1791453909839,A,binance,ADAUSDT,SELL,0.25460000,39.28501277,0.25460000,3.93,0.5131,19.6000,0.00,9708.2000,queue_depleted,False,True,,,,,,,,,,
3632,1791453909791,A,hyperliquid,CRV,SELL,0.38812000,25.76821491,0.38812000,2.32,0.8092,0.0000,0.00,128.7000,queue_depleted,False,True,,,,,,,,,,
3635,1791453922708,A,hyperliquid,CHIP,BUY,0.05133100,194.78938398,0.05133100,2.53,0.0232,0.0000,0.00,255.0000,queue_depleted,False,True,,,,,,,,,,
3636,1791453923511,A,hyperliquid,FARTCOIN,SELL,0.16157000,61.90225634,0.16157000,3.10,0.9142,0.0000,0.00,2106.0000,queue_depleted,False,True,,,,,,,,,,
3638,1791453927061,A,binance,ENAUSDT,BUY,0.22070000,45.30011325,0.22070000,4.53,0.4813,0.0000,0.00,3294.6100,queue_depleted,False,True,,,,,,,,,,
3642,1791453932932,A,binance,ADAUSDT,BUY,0.25450000,39.28501277,0.25450000,3.93,0.3970,0.0000,0.00,6146.4000,queue_depleted,False,True,,,,,,,,,,
3660,1791454029635,A,hyperliquid,kPEPE,BUY,0.00406600,2459.11717693,0.00406600,2.46,0.4503,0.0000,0.00,44536.0000,queue_depleted,False,True,,,,,,,,,,
3662,1791454031625,A,binance,RAYUSDT,SELL,2.45710000,4.07066678,2.45710000,4.07,0.8709,0.0000,0.28,23.4000,queue_depleted,False,True,,,,,,,,,,
3664,1791454033771,A,binance,XLMUSDT,SELL,0.20080000,49.81320050,0.20080000,4.98,0.5586,0.0000,0.00,827.0000,queue_depleted,False,True,,,,,,,,,,
3667,1791454039858,A,binance,HEMIUSDT,SELL,0.00620000,1614.20500404,0.00620000,16.14,0.5703,0.0000,0.00,275115.0000,queue_depleted,False,True,,,,,,,,,,
3668,1791454041089,A,hyperliquid,kPEPE,BUY,0.00406800,2457.90832002,0.00406800,2.46,0.3542,0.0000,0.00,48765.0000,queue_depleted,False,True,,,,,,,,,,
3673,1791454050571,A,binance,FETUSDT,BUY,0.23500000,42.54413954,0.23500000,4.25,0.6222,0.0000,0.79,44.8000,queue_depleted,False,True,,,,,,,,,,
3674,1791454050571,B,binance,FETUSDT,BUY,0.23500000,42.54413954,0.23500000,4.25,0.6222,0.0000,0.79,44.8000,queue_depleted,False,True,,,,,,,,,,
3675,1791454050571,C,binance,FETUSDT,BUY,0.23500000,42.54413954,0.23500000,4.25,0.6222,0.0000,0.79,44.8000,queue_depleted,False,True,,,,,,,,,,
3677,1791454056479,A,binance,FETUSDT,BUY,0.23480000,42.58037045,0.23480000,4.26,0.6547,0.0000,1.16,1239.6000,queue_depleted,False,True,,,,,,,,,,
3678,1791454056479,B,binance,FETUSDT,BUY,0.23480000,42.58037045,0.23480000,4.26,0.6547,0.0000,1.16,1239.6000,queue_depleted,False,True,,,,,,,,,,
3679,1791454056479,C,binance,FETUSDT,BUY,0.23480000,42.58037045,0.23480000,4.26,0.6547,0.0000,1.16,1239.6000,queue_depleted,False,True,,,,,,,,,,
3680,1791454061743,A,binance,RAYUSDT,SELL,2.45700000,4.07083249,2.45700000,4.07,0.6446,0.0000,0.37,3.1000,queue_depleted,False,True,,,,,,,,,,
3682,1791454067785,A,binance,TAOUSDT,BUY,285.00000000,0.03508156,285.00000000,3.51,0.4029,0.0000,0.58,3.3516,queue_depleted,False,True,,,,,,,,,,
3683,1791454069954,A,binance,RAYUSDT,SELL,2.45910000,4.06743812,2.45910000,4.47,0.6467,2.3000,0.89,2.3000,queue_depleted,False,True,,,,,,,,,,
3688,1791454106895,A,binance,XLMUSDT,BUY,0.20060000,49.83802641,0.20060000,4.98,0.5356,0.0000,0.81,44511.0000,queue_depleted,False,True,,,,,,,,,,
3689,1791454127365,A,binance,ADAUSDT,BUY,0.25430000,39.31590328,0.25430000,3.93,0.4256,0.0000,0.63,165.8000,queue_depleted,False,True,,,,,,,,,,
3693,1791454137371,A,binance,ZROUSDT,SELL,2.07100000,4.82975127,2.07100000,4.83,0.6000,0.0000,1.45,231.1400,queue_depleted,False,True,,,,,,,,,,
3699,1791454144006,A,binance,XLMUSDT,SELL,0.20060000,49.86287709,0.20060000,4.99,0.6360,10716.0000,1.04,3129.0000,queue_depleted,False,True,,,,,,,,,,
3700,1791454148723,A,binance,RAYUSDT,SELL,2.45690000,4.07091535,2.45690000,3.66,0.3085,0.0000,0.17,36.4000,queue_depleted,False,True,,,,,,,,,,
3701,1791454148723,B,binance,RAYUSDT,SELL,2.45690000,4.07091535,2.45690000,3.66,0.3097,0.0000,0.17,36.4000,queue_depleted,False,True,,,,,,,,,,
3702,1791454148723,C,binance,RAYUSDT,SELL,2.45690000,4.07091535,2.45690000,3.66,0.3097,0.0000,0.17,36.4000,queue_depleted,False,True,,,,,,,,,,
3706,1791454149701,A,hyperliquid,CHIP,BUY,0.05107700,195.74259848,0.05107700,4.11,0.1026,0.0000,0.00,257.0000,queue_depleted,False,True,,,,,,,,,,
3708,1791454154128,A,binance,TAOUSDT,SELL,284.30000000,0.03518030,284.30000000,3.52,0.6051,1.8838,0.55,1.5312,queue_depleted,False,True,,,,,,,,,,
3709,1791454156531,A,binance,FETUSDT,BUY,0.23460000,42.61666312,0.23460000,4.26,0.5904,0.0000,0.00,21428.5000,queue_depleted,False,True,,,,,,,,,,
3712,1791454171869,A,binance,ADAUSDT,BUY,0.25420000,39.33136676,0.25420000,3.93,0.4324,0.0000,0.94,11505.0000,queue_depleted,False,True,,,,,,,,,,
3716,1791454174318,A,binance,TAOUSDT,BUY,284.30000000,0.03516793,284.30000000,3.52,0.4426,0.0000,0.49,0.0370,queue_depleted,False,True,,,,,,,,,,
3717,1791454177066,A,binance,ENAUSDT,BUY,0.22000000,45.44421722,0.22000000,4.54,0.5161,0.0000,0.00,24126.4800,queue_depleted,False,True,,,,,,,,,,
3721,1791454183745,A,binance,FETUSDT,SELL,0.23450000,42.65301770,0.23450000,4.27,0.6610,2559.4000,0.72,14543.2000,queue_depleted,False,True,,,,,,,,,,
3723,1791454188633,A,binance,HEMIUSDT,SELL,0.00620000,1614.20500404,0.00620000,16.14,0.5889,0.0000,0.00,1744.6000,queue_depleted,False,True,,,,,,,,,,
3725,1791454197030,A,binance,FETUSDT,SELL,0.23460000,42.63483266,0.23460000,4.26,0.5668,0.0000,0.00,19981.3000,queue_depleted,False,True,,,,,,,,,,
3727,1791454198018,A,binance,FETUSDT,BUY,0.23450000,42.63483266,0.23450000,4.26,0.5856,397.9000,0.00,44.8000,queue_depleted,False,True,,,,,,,,,,
3731,1791454202907,A,binance,FETUSDT,BUY,0.23450000,42.63483266,0.23450000,4.26,0.5944,0.0000,0.00,108.4000,queue_depleted,False,True,,,,,,,,,,
3733,1791454211938,A,binance,RAYUSDT,BUY,2.45680000,4.06967280,2.45680000,3.26,0.7060,0.0000,0.42,54.0000,queue_depleted,False,True,,,,,,,,,,
3734,1791454211938,B,binance,RAYUSDT,BUY,2.45680000,4.06967280,2.45680000,3.26,0.7060,0.0000,0.42,54.0000,queue_depleted,False,True,,,,,,,,,,
3735,1791454211938,C,binance,RAYUSDT,BUY,2.45680000,4.06967280,2.45680000,3.26,0.7060,0.0000,0.42,54.0000,queue_depleted,False,True,,,,,,,,,,
3740,1791454221842,A,binance,TAOUSDT,BUY,284.00000000,0.03520507,284.00000000,3.52,0.4704,0.0000,0.85,0.0478,queue_depleted,False,True,,,,,,,,,,
3741,1791454225507,A,binance,FETUSDT,BUY,0.23440000,42.65301770,0.23440000,4.27,0.6383,0.0000,0.81,339.1000,queue_depleted,False,True,,,,,,,,,,
3742,1791454225507,B,binance,FETUSDT,BUY,0.23440000,42.65301770,0.23440000,4.27,0.6383,0.0000,0.81,339.1000,queue_depleted,False,True,,,,,,,,,,
3743,1791454225507,C,binance,FETUSDT,BUY,0.23440000,42.65301770,0.23440000,4.27,0.6383,0.0000,0.81,339.1000,queue_depleted,False,True,,,,,,,,,,
3744,1791454226460,A,binance,FETUSDT,BUY,0.23440000,42.65301770,0.23440000,4.27,0.6363,339.1000,0.79,44.8000,queue_depleted,False,True,,,,,,,,,,
3745,1791454226460,B,binance,FETUSDT,BUY,0.23440000,42.65301770,0.23440000,4.27,0.6363,339.1000,0.79,44.8000,queue_depleted,False,True,,,,,,,,,,
3746,1791454226460,C,binance,FETUSDT,BUY,0.23440000,42.65301770,0.23440000,4.27,0.6363,339.1000,0.79,44.8000,queue_depleted,False,True,,,,,,,,,,
3750,1791454227967,A,binance,ENAUSDT,SELL,0.22000000,45.46487838,0.22000000,4.55,0.5473,0.0000,0.00,47.7200,queue_depleted,False,True,,,,,,,,,,
3754,1791454232586,A,hyperliquid,kPEPE,BUY,0.00406100,2462.14452788,0.00406100,2.46,0.5798,0.0000,0.00,410191.0000,queue_depleted,False,True,,,,,,,,,,
3757,1791454239823,A,binance,FETUSDT,SELL,0.23450000,42.65301770,0.23450000,4.27,0.6775,0.0000,0.73,1528.9000,queue_depleted,False,True,,,,,,,,,,
3767,1791454250110,A,binance,FETUSDT,SELL,0.23430000,42.68943436,0.23430000,4.27,0.7730,0.0000,0.93,22.5000,queue_depleted,False,True,,,,,,,,,,
3769,1791454255807,A,binance,XLMUSDT,SELL,0.20060000,49.86287709,0.20060000,4.99,0.5925,0.0000,0.00,91.0000,queue_depleted,False,True,,,,,,,,,,
3774,1791454272696,A,hyperliquid,GRAM,SELL,1.43250000,6.98153384,1.43250000,2.09,0.5768,0.0000,0.00,231.0000,queue_depleted,False,True,,,,,,,,,,
3777,1791454274119,A,binance,ENAUSDT,SELL,0.22020000,45.42357484,0.22020000,4.54,0.5282,0.0000,0.00,160.9800,queue_depleted,False,True,,,,,,,,,,
3778,1791454276120,A,binance,FETUSDT,SELL,0.23440000,42.67121826,0.23440000,4.27,0.6715,0.0000,0.00,1445.8000,queue_depleted,False,True,,,,,,,,,,
3780,1791454300763,A,binance,TAOUSDT,BUY,284.40000000,0.03515556,284.40000000,3.52,0.4238,0.0000,0.63,3.5531,queue_depleted,False,True,,,,,,,,,,
3782,1791454306118,A,binance,ZROUSDT,BUY,2.07300000,4.82276344,2.07300000,4.82,0.3734,0.0000,0.69,153.2600,queue_depleted,False,True,,,,,,,,,,
3786,1791454321955,A,hyperliquid,CASHCAT,SELL,0.12356000,80.95854922,0.12356000,6.48,0.7775,0.0000,0.00,178.0000,queue_depleted,False,True,,,,,,,,,,
3792,1791454337104,A,hyperliquid,CASHCAT,SELL,0.12358000,80.94871899,0.12358000,7.29,0.7256,0.0000,0.00,132.0000,queue_depleted,False,True,,,,,,,,,,
3794,1791454348091,A,hyperliquid,CASHCAT,BUY,0.12356000,80.92251669,0.12356000,2.43,0.6322,0.0000,0.00,90.0000,queue_depleted,False,True,,,,,,,,,,
3795,1791454348091,B,hyperliquid,CASHCAT,BUY,0.12356000,80.92251669,0.12356000,2.43,0.6322,0.0000,0.00,90.0000,queue_depleted,False,True,,,,,,,,,,
3796,1791454348091,C,hyperliquid,CASHCAT,BUY,0.12356000,80.92251669,0.12356000,2.43,0.6322,0.0000,0.00,90.0000,queue_depleted,False,True,,,,,,,,,,
3798,1791454350034,A,binance,ZROUSDT,BUY,2.07200000,4.82509047,2.07200000,4.83,0.7152,0.0000,0.94,129.0700,queue_depleted,False,True,,,,,,,,,,
3799,1791454350034,B,binance,ZROUSDT,BUY,2.07200000,4.82509047,2.07200000,4.83,0.7152,0.0000,0.94,129.0700,queue_depleted,False,True,,,,,,,,,,
3800,1791454350034,C,binance,ZROUSDT,BUY,2.07200000,4.82509047,2.07200000,4.83,0.7152,0.0000,0.94,129.0700,queue_depleted,False,True,,,,,,,,,,
3805,1791454354219,A,hyperliquid,CASHCAT,SELL,0.12364000,80.88978766,0.12364000,2.43,0.8552,0.0000,0.00,178.0000,queue_depleted,False,True,,,,,,,,,,
3807,1791454357464,A,hyperliquid,CHIP,BUY,0.05099300,196.06689803,0.05099300,3.92,0.7122,0.0000,0.00,6417.0000,queue_depleted,False,True,,,,,,,,,,
3808,1791454357464,B,hyperliquid,CHIP,BUY,0.05099300,196.06689803,0.05099300,3.92,0.7122,0.0000,0.00,6417.0000,queue_depleted,False,True,,,,,,,,,,
3809,1791454357464,C,hyperliquid,CHIP,BUY,0.05099300,196.06689803,0.05099300,3.92,0.7122,0.0000,0.00,6417.0000,queue_depleted,False,True,,,,,,,,,,
3810,1791454362782,A,hyperliquid,CHIP,BUY,0.05098300,196.11303956,0.05098300,3.14,0.7850,0.0000,0.00,295.0000,queue_depleted,False,True,,,,,,,,,,
3811,1791454362782,B,hyperliquid,CHIP,BUY,0.05098300,196.11303956,0.05098300,3.14,0.7850,0.0000,0.00,295.0000,queue_depleted,False,True,,,,,,,,,,
3812,1791454362782,C,hyperliquid,CHIP,BUY,0.05098300,196.11303956,0.05098300,3.14,0.7850,0.0000,0.00,295.0000,queue_depleted,False,True,,,,,,,,,,
3813,1791454365167,A,binance,FETUSDT,SELL,0.23490000,42.58037045,0.23490000,4.26,0.7135,0.0000,0.98,1694.8000,queue_depleted,False,True,,,,,,,,,,
3815,1791454370294,A,binance,TAOUSDT,BUY,284.60000000,0.03513086,284.60000000,3.51,0.3978,0.0000,0.58,0.0370,queue_depleted,False,True,,,,,,,,,,
3816,1791454373758,A,binance,ADAUSDT,BUY,0.25430000,39.31590328,0.25430000,3.93,0.4557,0.0000,0.00,1316.2000,queue_depleted,False,True,,,,,,,,,,
3819,1791454384863,A,binance,XLMUSDT,BUY,0.20070000,49.81320050,0.20070000,4.98,0.5408,0.0000,0.00,43494.0000,queue_depleted,False,True,,,,,,,,,,
3829,1791454434058,A,hyperliquid,CASHCAT,SELL,0.12396000,80.69396813,0.12396000,5.65,0.7611,0.0000,0.00,161.0000,queue_depleted,False,True,,,,,,,,,,
3835,1791454463669,A,hyperliquid,CASHCAT,BUY,0.12404000,80.60940712,0.12404000,2.42,0.3324,0.0000,0.00,94.0000,queue_depleted,False,True,,,,,,,,,,
3841,1791454470560,A,binance,ZROUSDT,SELL,2.07700000,4.81579581,2.07700000,4.82,0.4361,0.0000,0.84,220.4800,queue_depleted,False,True,,,,,,,,,,
3843,1791454475687,A,hyperliquid,CASHCAT,BUY,0.12404000,80.60940712,0.12404000,2.42,0.3786,0.0000,0.00,83.0000,queue_depleted,False,True,,,,,,,,,,
3844,1791454482808,A,binance,FETUSDT,SELL,0.23520000,42.52604720,0.23520000,4.25,0.6920,0.0000,0.00,44.8000,queue_depleted,False,True,,,,,,,,,,
3847,1791454509386,A,binance,TAOUSDT,BUY,284.60000000,0.03513086,284.60000000,3.51,0.4837,0.0000,0.58,0.0634,queue_depleted,False,True,,,,,,,,,,
3849,1791454514960,A,binance,ENAUSDT,SELL,0.22030000,45.40295119,0.22030000,4.54,0.4568,0.0000,0.00,47012.5900,queue_depleted,False,True,,,,,,,,,,
3850,1791454516134,A,binance,ORCAUSDT,SELL,2.72900000,3.66568915,2.72900000,7.33,0.4359,88.0100,1.18,54.0000,queue_depleted,False,True,,,,,,,,,,
3851,1791454517180,A,binance,ORCAUSDT,BUY,2.72900000,3.66367467,2.72900000,3.66,0.2525,0.0000,0.97,54.0000,queue_depleted,False,True,,,,,,,,,,
3855,1791454524891,A,hyperliquid,CASHCAT,BUY,0.12396000,80.64190960,0.12396000,7.26,0.1489,82.0000,0.00,94.0000,queue_depleted,False,True,,,,,,,,,,
3857,1791454535597,A,binance,ADAUSDT,BUY,0.25440000,39.30045196,0.25440000,3.93,0.4426,0.0000,0.00,6761.9000,queue_depleted,False,True,,,,,,,,,,
3858,1791454543276,A,binance,TAOUSDT,BUY,284.60000000,0.03513086,284.60000000,3.51,0.5070,0.0000,0.00,0.0634,queue_depleted,False,True,,,,,,,,,,
3866,1791454556725,A,hyperliquid,CASHCAT,SELL,0.12406000,80.61590552,0.12406000,2.42,0.3983,0.0000,0.00,89.0000,queue_depleted,False,True,,,,,,,,,,
3867,1791454556725,B,hyperliquid,CASHCAT,SELL,0.12406000,80.61590552,0.12406000,2.42,0.3983,0.0000,0.00,89.0000,queue_depleted,False,True,,,,,,,,,,
3868,1791454556725,C,hyperliquid,CASHCAT,SELL,0.12406000,80.61590552,0.12406000,2.42,0.3983,0.0000,0.00,89.0000,queue_depleted,False,True,,,,,,,,,,
3876,1791454562303,A,binance,TAOUSDT,BUY,284.30000000,0.03516793,284.30000000,3.52,0.4486,0.0000,0.54,0.0570,queue_depleted,False,True,,,,,,,,,,
3877,1791454592106,A,hyperliquid,CASHCAT,BUY,0.12404000,80.60290977,0.12404000,4.03,0.2955,0.0000,0.00,90.0000,queue_depleted,False,True,,,,,,,,,,
3888,1791454618429,A,binance,ADAUSDT,BUY,0.25440000,39.30045196,0.25440000,3.93,0.3577,152543.8000,0.79,164.8000,queue_depleted,False,True,,,,,,,,,,
3892,1791454629061,A,binance,ADAUSDT,BUY,0.25430000,39.31590328,0.25430000,3.93,0.4411,0.0000,0.60,6606.9000,queue_depleted,False,True,,,,,,,,,,
3893,1791454674529,A,binance,HEMIUSDT,SELL,0.00620000,1614.20500404,0.00620000,16.14,0.5920,0.0000,0.00,44350.1000,queue_depleted,False,True,,,,,,,,,,
3897,1791454685128,A,hyperliquid,W,SELL,0.01609000,621.89054726,0.01609000,12.44,0.5356,0.0000,0.00,67516.6000,queue_depleted,False,True,,,,,,,,,,
3898,1791454685606,A,binance,ZROUSDT,BUY,2.07400000,4.82043866,2.07400000,4.82,0.6451,0.0000,1.08,100.6500,queue_depleted,False,True,,,,,,,,,,
3899,1791454685606,B,binance,ZROUSDT,BUY,2.07400000,4.82043866,2.07400000,4.82,0.6451,0.0000,1.08,100.6500,queue_depleted,False,True,,,,,,,,,,
3900,1791454685606,C,binance,ZROUSDT,BUY,2.07400000,4.82043866,2.07400000,4.82,0.6451,0.0000,1.08,100.6500,queue_depleted,False,True,,,,,,,,,,
3901,1791454688947,A,binance,ZROUSDT,BUY,2.07400000,4.82043866,2.07400000,4.82,0.5957,0.0000,0.85,83.2500,queue_depleted,False,True,,,,,,,,,,
3912,1791454744872,A,hyperliquid,CASHCAT,SELL,0.12435000,80.43434547,0.12435000,4.02,0.2268,0.0000,0.00,128.0000,queue_depleted,False,True,,,,,,,,,,
3913,1791454744872,B,hyperliquid,CASHCAT,SELL,0.12435000,80.43434547,0.12435000,4.02,0.2268,0.0000,0.00,128.0000,queue_depleted,False,True,,,,,,,,,,
3914,1791454744872,C,hyperliquid,CASHCAT,SELL,0.12435000,80.43434547,0.12435000,4.02,0.2268,0.0000,0.00,128.0000,queue_depleted,False,True,,,,,,,,,,
3923,1791454765214,A,hyperliquid,CHIP,BUY,0.05082300,196.72840660,0.05082300,3.34,0.6315,0.0000,0.00,212.0000,queue_depleted,False,True,,,,,,,,,,
3924,1791454765214,B,hyperliquid,CHIP,BUY,0.05082300,196.72840660,0.05082300,3.34,0.6315,0.0000,0.00,212.0000,queue_depleted,False,True,,,,,,,,,,
3925,1791454765214,C,hyperliquid,CHIP,BUY,0.05082300,196.72840660,0.05082300,3.34,0.6315,0.0000,0.00,212.0000,queue_depleted,False,True,,,,,,,,,,
3926,1791454765703,A,binance,TAOUSDT,BUY,283.80000000,0.03522987,283.80000000,3.52,0.4986,0.0000,0.54,2.0646,queue_depleted,False,True,,,,,,,,,,
3928,1791454768917,A,hyperliquid,CASHCAT,BUY,0.12428000,80.44081567,0.12428000,5.63,0.5215,0.0000,0.00,98.0000,queue_depleted,False,True,,,,,,,,,,
3929,1791454777432,A,hyperliquid,CASHCAT,SELL,0.12435000,80.44728692,0.12435000,7.24,0.6066,0.0000,0.00,122.0000,queue_depleted,False,True,,,,,,,,,,
3930,1791454783410,A,binance,ENAUSDT,BUY,0.21990000,45.46487838,0.21990000,4.55,0.3817,315.2800,0.73,47.7400,queue_depleted,False,True,,,,,,,,,,
3935,1791454800708,A,binance,ENAUSDT,SELL,0.21980000,45.50625711,0.21980000,4.55,0.6475,1569.6200,0.88,47.7600,queue_depleted,False,True,,,,,,,,,,
3937,1791454809132,A,hyperliquid,CHIP,BUY,0.05082600,196.72647151,0.05082600,2.36,0.1795,0.0000,0.00,248.0000,queue_depleted,False,True,,,,,,,,,,
3942,1791454830974,A,hyperliquid,kPEPE,BUY,0.00406200,2461.23554024,0.00406200,4.92,0.4870,0.0000,0.00,1616218.0000,queue_depleted,False,True,,,,,,,,,,
3954,1791454865099,A,binance,ADAUSDT,SELL,0.25410000,39.36233025,0.25410000,3.94,0.5760,1989.7000,0.00,2801.2000,queue_depleted,False,True,,,,,,,,,,
3959,1791454873399,A,hyperliquid,GRAM,SELL,1.43230000,6.98250882,1.43230000,2.09,0.6915,0.0000,0.00,24.0000,queue_depleted,False,True,,,,,,,,,,
3962,1791454898066,A,binance,FETUSDT,SELL,0.23390000,42.76245456,0.23390000,4.28,0.7257,0.0000,0.00,2619.9000,queue_depleted,False,True,,,,,,,,,,
3965,1791454915535,A,hyperliquid,CASHCAT,SELL,0.12420000,80.53150795,0.12420000,4.03,0.6520,0.0000,0.00,85.0000,queue_depleted,False,True,,,,,,,,,,
3966,1791454920574,A,binance,FETUSDT,SELL,0.23400000,42.74417611,0.23400000,4.27,0.7153,0.0000,0.00,22.5000,queue_depleted,False,True,,,,,,,,,,
3969,1791454925023,A,binance,TAOUSDT,SELL,283.70000000,0.03525472,283.70000000,3.53,0.4615,0.0000,0.56,1.2236,queue_depleted,False,True,,,,,,,,,,
3974,1791454945135,A,hyperliquid,VVV,BUY,24.71900000,0.40449802,24.71900000,2.43,0.2576,0.0000,0.00,4.8400,queue_depleted,False,True,,,,,,,,,,
3980,1791454954391,A,binance,ENAUSDT,BUY,0.21980000,45.48555834,0.21980000,4.55,0.4322,0.0000,0.89,47.7800,queue_depleted,False,True,,,,,,,,,,
3981,1791454955187,A,hyperliquid,CASHCAT,BUY,0.12414000,80.51853939,0.12414000,8.86,0.4904,0.0000,0.00,687.0000,queue_depleted,False,True,,,,,,,,,,
3996,1791454969618,A,binance,TAOUSDT,SELL,284.00000000,0.03521747,284.00000000,3.52,0.5018,0.0000,0.70,0.0570,queue_depleted,False,True,,,,,,,,,,
4000,1791454993029,A,binance,ADAUSDT,BUY,0.25460000,39.26958571,0.25460000,3.93,0.4589,0.0000,0.59,1299.4000,queue_depleted,False,True,,,,,,,,,,
4002,1791455029442,A,binance,ADAUSDT,BUY,0.25440000,39.30045196,0.25440000,3.93,0.4848,0.0000,0.00,6147.5000,queue_depleted,False,True,,,,,,,,,,
4006,1791455043036,A,hyperliquid,MON,BUY,0.02583500,387.01937032,0.02583500,2.71,0.5691,0.0000,0.00,3862.0000,queue_depleted,False,True,,,,,,,,,,
4013,1791455055268,A,binance,ORCAUSDT,BUY,2.71400000,3.68324125,2.71400000,7.37,0.4005,874.1600,1.31,14.4000,queue_depleted,False,True,,,,,,,,,,
4017,1791455055092,A,hyperliquid,VVV,SELL,24.73900000,0.40427725,24.73900000,2.83,0.8560,0.0000,0.00,0.9700,queue_depleted,False,True,,,,,,,,,,
4026,1791455074861,A,binance,FETUSDT,BUY,0.23400000,42.72591327,0.23400000,4.27,0.6206,0.0000,0.60,1748.1000,queue_depleted,False,True,,,,,,,,,,
4027,1791455074861,B,binance,FETUSDT,BUY,0.23400000,42.72591327,0.23400000,4.27,0.6206,0.0000,0.60,1748.1000,queue_depleted,False,True,,,,,,,,,,
4028,1791455074861,C,binance,FETUSDT,BUY,0.23400000,42.72591327,0.23400000,4.27,0.6206,0.0000,0.60,1748.1000,queue_depleted,False,True,,,,,,,,,,
4029,1791455074771,A,hyperliquid,W,SELL,0.01615000,619.38680706,0.01615000,6.19,0.5377,0.0000,0.00,37902.6000,queue_depleted,False,True,,,,,,,,,,
4030,1791455079621,A,binance,FETUSDT,SELL,0.23400000,42.74417611,0.23400000,4.27,0.7628,0.0000,0.66,130.3000,queue_depleted,False,True,,,,,,,,,,
4035,1791455093157,A,binance,FETUSDT,BUY,0.23390000,42.74417611,0.23390000,4.27,0.7552,0.0000,0.00,13357.0000,queue_depleted,False,True,,,,,,,,,,
4036,1791455093157,B,binance,FETUSDT,BUY,0.23390000,42.74417611,0.23390000,4.27,0.7552,0.0000,0.00,13357.0000,queue_depleted,False,True,,,,,,,,,,
4037,1791455093157,C,binance,FETUSDT,BUY,0.23390000,42.74417611,0.23390000,4.27,0.7552,0.0000,0.00,13357.0000,queue_depleted,False,True,,,,,,,,,,
4041,1791455095109,A,binance,FETUSDT,SELL,0.23390000,42.76245456,0.23390000,4.28,0.7697,0.0000,0.74,22.5000,queue_depleted,False,True,,,,,,,,,,
4043,1791455096933,A,binance,TAOUSDT,SELL,283.80000000,0.03524229,283.80000000,3.52,0.5064,2.8775,1.19,8.4773,queue_depleted,False,True,,,,,,,,,,
4046,1791455103856,A,binance,TAOUSDT,BUY,283.70000000,0.03524229,283.70000000,3.52,0.4627,0.0000,1.02,1.4507,queue_depleted,False,True,,,,,,,,,,
4049,1791455114944,A,binance,ENAUSDT,BUY,0.22000000,45.44421722,0.22000000,4.54,0.4097,0.0000,0.00,1061.7400,queue_depleted,False,True,,,,,,,,,,
4052,1791455120510,A,binance,TAOUSDT,BUY,283.60000000,0.03525472,283.60000000,3.53,0.4854,0.0000,0.85,0.0572,queue_depleted,False,True,,,,,,,,,,
4067,1791455145027,A,hyperliquid,VVV,SELL,24.68800000,0.40514535,24.68800000,4.46,0.1795,0.0000,0.00,0.4500,queue_depleted,False,True,,,,,,,,,,
4068,1791455145027,B,hyperliquid,VVV,SELL,24.68800000,0.40514535,24.68800000,4.46,0.1795,0.0000,0.00,0.4500,queue_depleted,False,True,,,,,,,,,,
4069,1791455145027,C,hyperliquid,VVV,SELL,24.68800000,0.40514535,24.68800000,4.46,0.1795,0.0000,0.00,0.4500,queue_depleted,False,True,,,,,,,,,,
4070,1791455149244,A,hyperliquid,VVV,BUY,24.68100000,0.40506329,24.68100000,5.27,0.0605,0.0000,0.00,1.3200,queue_depleted,False,True,,,,,,,,,,
4072,1791455151949,A,binance,ORCAUSDT,BUY,2.70900000,3.69003690,2.70900000,7.38,0.5828,0.0000,1.12,54.0000,queue_depleted,False,True,,,,,,,,,,
4073,1791455202388,A,binance,ORCAUSDT,BUY,2.71000000,3.68935621,2.71000000,3.69,0.4973,0.0000,1.08,51.9700,queue_depleted,False,True,,,,,,,,,,
4081,1791455214417,A,binance,XLMUSDT,BUY,0.19960000,50.08765339,0.19960000,5.01,0.4388,0.0000,0.00,2091.0000,queue_depleted,False,True,,,,,,,,,,
4082,1791455215452,A,binance,ORCAUSDT,BUY,2.70900000,3.69003690,2.70900000,7.38,0.4127,24.3300,1.33,116.6300,queue_depleted,False,True,,,,,,,,,,
4083,1791455216711,A,hyperliquid,VVV,SELL,24.68600000,0.40516176,24.68600000,3.65,0.1269,0.0000,0.00,6.3700,queue_depleted,False,True,,,,,,,,,,
4084,1791455216711,B,hyperliquid,VVV,SELL,24.68600000,0.40516176,24.68600000,3.65,0.1269,0.0000,0.00,6.3700,queue_depleted,False,True,,,,,,,,,,
4085,1791455216711,C,hyperliquid,VVV,SELL,24.68600000,0.40516176,24.68600000,3.65,0.1269,0.0000,0.00,6.3700,queue_depleted,False,True,,,,,,,,,,
4089,1791455217086,A,binance,TAOUSDT,BUY,282.80000000,0.03535443,282.80000000,3.54,0.4249,0.0000,1.00,0.4134,queue_depleted,False,True,,,,,,,,,,
4090,1791455220524,A,hyperliquid,JUP,BUY,0.37675000,26.53822167,0.37675000,3.45,0.2001,0.0000,0.00,30.0000,queue_depleted,False,True,,,,,,,,,,
4092,1791455224066,A,hyperliquid,CHIP,BUY,0.05065200,197.39439400,0.05065200,3.16,0.1204,0.0000,0.00,264.0000,queue_depleted,False,True,,,,,,,,,,
4097,1791455228096,A,binance,ENAUSDT,SELL,0.21960000,45.54771123,0.21960000,4.55,0.5471,0.0000,0.59,1712.8400,queue_depleted,False,True,,,,,,,,,,
4098,1791455229366,A,hyperliquid,CHIP,BUY,0.05063300,197.47040412,0.05063300,2.96,0.0316,0.0000,0.00,261.0000,queue_depleted,False,True,,,,,,,,,,
4099,1791455231014,A,binance,ENAUSDT,SELL,0.21960000,45.54771123,0.21960000,4.55,0.5544,1712.8400,0.61,47.8400,queue_depleted,False,True,,,,,,,,,,
4100,1791455234659,A,hyperliquid,CHIP,BUY,0.05062400,197.49770409,0.05062400,3.75,0.0572,0.0000,0.00,266.0000,queue_depleted,False,True,,,,,,,,,,
4104,1791455237250,A,binance,FETUSDT,SELL,0.23330000,42.87245445,0.23330000,4.29,0.5604,0.0000,0.68,5433.8000,queue_depleted,False,True,,,,,,,,,,
4110,1791455240325,A,hyperliquid,CHIP,BUY,0.05063600,197.45675697,0.05063600,3.16,0.0443,0.0000,0.00,266.0000,queue_depleted,False,True,,,,,,,,,,
4113,1791455252251,A,binance,ZROUSDT,SELL,2.07800000,4.81347774,2.07800000,4.81,0.3527,0.0000,0.77,10.2400,queue_depleted,False,True,,,,,,,,,,
4114,1791455252251,B,binance,ZROUSDT,SELL,2.07800000,4.81347774,2.07800000,4.81,0.3527,0.0000,0.77,10.2400,queue_depleted,False,True,,,,,,,,,,
4115,1791455252251,C,binance,ZROUSDT,SELL,2.07800000,4.81347774,2.07800000,4.81,0.3527,0.0000,0.77,10.2400,queue_depleted,False,True,,,,,,,,,,
4116,1791455252622,A,binance,XLMUSDT,SELL,0.19960000,50.11275370,0.19960000,5.01,0.5376,0.0000,0.00,13756.0000,queue_depleted,False,True,,,,,,,,,,
4118,1791455256358,A,binance,ADAUSDT,SELL,0.25380000,39.40886700,0.25380000,3.94,0.4935,0.0000,0.56,4099.9000,queue_depleted,False,True,,,,,,,,,,
4127,1791455299384,A,binance,ADAUSDT,BUY,0.25380000,39.39334253,0.25380000,3.94,0.3740,0.0000,0.62,6075.8000,queue_depleted,False,True,,,,,,,,,,
4129,1791455312615,A,binance,ENAUSDT,SELL,0.22000000,45.46487838,0.22000000,4.55,0.3833,0.0000,1.09,2800.2700,queue_depleted,False,True,,,,,,,,,,
4130,1791455312615,B,binance,ENAUSDT,SELL,0.22000000,45.46487838,0.22000000,4.55,0.3833,0.0000,1.09,2800.2700,queue_depleted,False,True,,,,,,,,,,
4131,1791455312615,C,binance,ENAUSDT,SELL,0.22000000,45.46487838,0.22000000,4.55,0.3833,0.0000,1.09,2800.2700,queue_depleted,False,True,,,,,,,,,,
4135,1791455325010,A,hyperliquid,VVV,SELL,24.67700000,0.40529313,24.67700000,2.84,0.7347,0.0000,0.00,1.0600,queue_depleted,False,True,,,,,,,,,,
4137,1791455326031,A,hyperliquid,FARTCOIN,BUY,0.16026000,62.38886983,0.16026000,3.12,0.5606,0.0000,0.00,184.0000,queue_depleted,False,True,,,,,,,,,,
4140,1791455349118,A,hyperliquid,VVV,BUY,24.66100000,0.40544102,24.66100000,2.84,0.2083,0.0000,0.00,1.0700,queue_depleted,False,True,,,,,,,,,,
4144,1791455366865,A,binance,RAYUSDT,SELL,2.45210000,4.07880246,2.45210000,3.26,0.6879,0.0000,0.22,5.4000,queue_depleted,False,True,,,,,,,,,,
4153,1791455387642,A,binance,ORCAUSDT,SELL,2.70400000,3.69890882,2.70400000,3.70,0.5846,0.0000,1.03,99.8300,queue_depleted,False,True,,,,,,,,,,
4154,1791455388683,A,binance,ZROUSDT,SELL,2.08300000,4.80192077,2.08300000,4.80,0.3499,0.0000,0.72,114.5600,queue_depleted,False,True,,,,,,,,,,
4155,1791455388683,B,binance,ZROUSDT,SELL,2.08300000,4.80192077,2.08300000,4.80,0.3499,0.0000,0.72,114.5600,queue_depleted,False,True,,,,,,,,,,
4156,1791455388683,C,binance,ZROUSDT,SELL,2.08300000,4.80192077,2.08300000,4.80,0.3499,0.0000,0.72,114.5600,queue_depleted,False,True,,,,,,,,,,
4157,1791455390629,A,hyperliquid,VVV,BUY,24.67600000,0.40514535,24.67600000,5.27,0.0592,0.0000,0.00,1.0500,queue_depleted,False,True,,,,,,,,,,
4168,1791455396042,A,binance,ADAUSDT,SELL,0.25380000,39.40886700,0.25380000,3.94,0.4828,0.0000,0.62,112.9000,queue_depleted,False,True,,,,,,,,,,
4170,1791455401363,A,binance,ZROUSDT,SELL,2.08300000,4.80192077,2.08300000,4.80,0.4227,0.0000,0.78,257.0800,queue_depleted,False,True,,,,,,,,,,
4171,1791455401363,B,binance,ZROUSDT,SELL,2.08300000,4.80192077,2.08300000,4.80,0.3847,0.0000,0.77,257.0800,queue_depleted,False,True,,,,,,,,,,
4172,1791455401363,C,binance,ZROUSDT,SELL,2.08300000,4.80192077,2.08300000,4.80,0.3847,0.0000,0.77,257.0800,queue_depleted,False,True,,,,,,,,,,
4176,1791455403692,A,binance,ORCAUSDT,SELL,2.70600000,3.69617446,2.70600000,3.70,0.6432,0.0000,0.69,101.8700,queue_depleted,False,True,,,,,,,,,,
4178,1791455406571,A,binance,ZROUSDT,SELL,2.08600000,4.79501319,2.08600000,4.80,0.2559,14.3000,1.46,102.2400,queue_depleted,False,True,,,,,,,,,,
4179,1791455406571,B,binance,ZROUSDT,SELL,2.08600000,4.79501319,2.08600000,4.80,0.2559,14.3000,1.46,102.2400,queue_depleted,False,True,,,,,,,,,,
4180,1791455409337,A,binance,ORCAUSDT,SELL,2.70700000,3.69549150,2.70700000,7.39,0.6670,0.0000,0.39,133.5900,queue_depleted,False,True,,,,,,,,,,
4184,1791455411929,A,binance,XLMUSDT,SELL,0.19960000,50.11275370,0.19960000,5.01,0.5955,10298.0000,0.76,54.0000,queue_depleted,False,True,,,,,,,,,,
4185,1791455413310,A,binance,ENAUSDT,SELL,0.21980000,45.50625711,0.21980000,4.55,0.4980,0.0000,1.70,47.7800,queue_depleted,False,True,,,,,,,,,,
4192,1791455446459,A,binance,ENAUSDT,SELL,0.21970000,45.52697473,0.21970000,4.55,0.6575,18287.5400,1.10,47.7900,queue_depleted,False,True,,,,,,,,,,
4193,1791455468423,A,binance,ENAUSDT,SELL,0.21990000,45.48555834,0.21990000,4.55,0.4654,0.0000,1.10,47.7600,queue_depleted,False,True,,,,,,,,,,
4199,1791455501120,A,binance,ENAUSDT,SELL,0.21980000,45.50625711,0.21980000,4.55,0.5230,0.0000,1.12,71.0100,queue_depleted,False,True,,,,,,,,,,
4201,1791455510497,A,hyperliquid,CASHCAT,BUY,0.12351000,80.93561572,0.12351000,7.28,0.2158,0.0000,0.00,3340.0000,queue_depleted,False,True,,,,,,,,,,
4203,1791455515695,A,binance,ENAUSDT,SELL,0.21970000,45.52697473,0.21970000,4.55,0.5714,2412.1000,0.79,3054.6600,queue_depleted,False,True,,,,,,,,,,
4204,1791455526288,A,hyperliquid,CASHCAT,BUY,0.12348000,80.97493826,0.12348000,2.43,0.5464,0.0000,0.00,87.0000,queue_depleted,False,True,,,,,,,,,,
4206,1791455549543,A,hyperliquid,CASHCAT,SELL,0.12356000,80.95527221,0.12356000,5.67,0.7952,0.0000,0.00,160.0000,queue_depleted,False,True,,,,,,,,,,
4214,1791455562288,A,binance,ADAUSDT,BUY,0.25370000,39.40886700,0.25370000,3.94,0.4173,0.0000,0.90,2006.9000,queue_depleted,False,True,,,,,,,,,,
4215,1791455562214,A,hyperliquid,CASHCAT,BUY,0.12340000,81.00773624,0.12340000,7.29,0.5880,0.0000,0.00,82.0000,queue_depleted,False,True,,,,,,,,,,
4220,1791455592572,A,hyperliquid,GRAM,SELL,1.43060000,6.99080709,1.43060000,2.10,0.4858,0.0000,0.00,23.0000,queue_depleted,False,True,,,,,,,,,,
4229,1791455668592,B,hyperliquid,VVV,SELL,24.57000000,0.40706668,24.57000000,3.26,0.3437,0.0000,0.00,6.5900,queue_depleted,False,True,,,,,,,,,,
4230,1791455668592,C,hyperliquid,VVV,SELL,24.57000000,0.40706668,24.57000000,3.26,0.3437,0.0000,0.00,6.5900,queue_depleted,False,True,,,,,,,,,,
4238,1791455737686,A,binance,ORCAUSDT,SELL,2.69200000,3.71540033,2.69200000,3.72,0.4916,0.0000,1.04,2.0500,queue_depleted,False,True,,,,,,,,,,
4243,1791455749451,A,binance,XLMUSDT,SELL,0.19940000,50.16302985,0.19940000,5.02,0.5939,0.0000,0.00,2855.0000,queue_depleted,False,True,,,,,,,,,,
4251,1791455805034,A,hyperliquid,VVV,SELL,24.61300000,0.40634714,24.61300000,2.84,0.2947,0.0000,0.00,1.6900,queue_depleted,False,True,,,,,,,,,,
4252,1791455805034,B,hyperliquid,VVV,SELL,24.61300000,0.40634714,24.61300000,2.84,0.2947,0.0000,0.00,1.6900,queue_depleted,False,True,,,,,,,,,,
4253,1791455805034,C,hyperliquid,VVV,SELL,24.61300000,0.40634714,24.61300000,2.84,0.2947,0.0000,0.00,1.6900,queue_depleted,False,True,,,,,,,,,,
4261,1791455835959,A,hyperliquid,VVV,BUY,24.58900000,0.40661150,24.58900000,3.66,0.7303,0.0000,0.00,18.0000,queue_depleted,False,True,,,,,,,,,,
4262,1791455835959,B,hyperliquid,VVV,BUY,24.58900000,0.40661150,24.58900000,3.66,0.7303,0.0000,0.00,18.0000,queue_depleted,False,True,,,,,,,,,,
4263,1791455835959,C,hyperliquid,VVV,BUY,24.58900000,0.40661150,24.58900000,3.66,0.7303,0.0000,0.00,18.0000,queue_depleted,False,True,,,,,,,,,,
4268,1791455844922,A,hyperliquid,FARTCOIN,BUY,0.15954000,62.67038511,0.15954000,3.13,0.5693,313.2000,0.00,283.0000,queue_depleted,False,True,,,,,,,,,,
4270,1791455845256,A,hyperliquid,VVV,BUY,24.58500000,0.40666938,24.58500000,4.07,0.4287,0.0000,0.00,10.5400,queue_depleted,False,True,,,,,,,,,,
4274,1791455850710,A,hyperliquid,CASHCAT,BUY,0.12268000,81.48963044,0.12268000,5.70,0.2950,0.0000,0.00,82.0000,queue_depleted,False,True,,,,,,,,,,
4275,1791455855596,A,hyperliquid,CASHCAT,BUY,0.12267000,81.49295086,0.12267000,6.52,0.3732,82.0000,0.00,250.0000,queue_depleted,False,True,,,,,,,,,,
4278,1791455872988,A,binance,TAOUSDT,BUY,282.10000000,0.03544214,282.10000000,3.54,0.4461,0.0000,0.00,0.2349,queue_depleted,False,True,,,,,,,,,,
4279,1791455873912,A,binance,ADAUSDT,BUY,0.25280000,39.54913981,0.25280000,3.95,0.4087,0.0000,0.00,5622.4000,queue_depleted,False,True,,,,,,,,,,
4282,1791455884041,A,binance,XLMUSDT,BUY,0.19930000,50.16302985,0.19930000,5.02,0.5282,0.0000,0.00,3293.0000,queue_depleted,False,True,,,,,,,,,,
4286,1791455907177,A,binance,XLMUSDT,SELL,0.19930000,50.18820577,0.19930000,5.02,0.6060,0.0000,1.25,1054.0000,queue_depleted,False,True,,,,,,,,,,
4297,1791455953303,A,binance,TAOUSDT,BUY,282.30000000,0.03541704,282.30000000,3.54,0.4197,0.0000,0.00,3.4191,queue_depleted,False,True,,,,,,,,,,
4298,1791455958674,A,binance,ENAUSDT,SELL,0.21930000,45.61003421,0.21930000,4.56,0.5730,3032.7900,0.00,47.8900,queue_depleted,False,True,,,,,,,,,,
4299,1791455966447,A,binance,TAOUSDT,BUY,282.20000000,0.03542958,282.20000000,3.54,0.4431,0.0000,0.69,6.1604,queue_depleted,False,True,,,,,,,,,,
4300,1791455975200,A,binance,TAOUSDT,SELL,282.20000000,0.03544214,282.20000000,3.54,0.5388,0.0000,0.57,0.0187,queue_depleted,False,True,,,,,,,,,,
4302,1791455982701,A,binance,FETUSDT,SELL,0.23220000,43.07559767,0.23220000,4.31,0.6514,0.0000,0.00,1223.1000,queue_depleted,False,True,,,,,,,,,,
4306,1791455990244,A,binance,TAOUSDT,SELL,282.30000000,0.03542958,282.30000000,3.54,0.5004,0.0000,0.00,0.7354,queue_depleted,False,True,,,,,,,,,,
4307,1791455991982,A,binance,ENAUSDT,SELL,0.21950000,45.56846662,0.21950000,4.56,0.5319,618.9500,0.00,2244.1400,queue_depleted,False,True,,,,,,,,,,
4308,1791455994012,A,binance,FETUSDT,SELL,0.23230000,43.05705059,0.23230000,4.31,0.6080,0.0000,0.00,2834.7000,queue_depleted,False,True,,,,,,,,,,
4309,1791456001696,A,binance,TAOUSDT,SELL,282.40000000,0.03541704,282.40000000,3.54,0.5147,0.0000,0.00,10.7455,queue_depleted,False,True,,,,,,,,,,
4310,1791456001780,A,binance,ADAUSDT,SELL,0.25280000,39.56478734,0.25280000,3.96,0.5190,0.0000,0.71,485.1000,queue_depleted,False,True,,,,,,,,,,
4311,1791456002412,A,binance,ENAUSDT,BUY,0.21960000,45.52697473,0.21960000,4.55,0.4602,9115.0000,0.97,21091.0500,queue_depleted,False,True,,,,,,,,,,
4318,1791456010777,A,binance,ADAUSDT,BUY,0.25280000,39.54913981,0.25280000,3.95,0.4251,0.0000,0.58,5743.2000,queue_depleted,False,True,,,,,,,,,,
4321,1791456020627,A,binance,TAOUSDT,SELL,282.50000000,0.03540450,282.50000000,3.54,0.4977,0.0000,0.90,0.7353,queue_depleted,False,True,,,,,,,,,,
4322,1791456022807,A,binance,MOVRUSDT,SELL,1.89700000,5.27287108,1.89700000,5.27,0.5013,0.0000,0.79,8.0700,queue_depleted,False,True,,,,,,,,,,
4328,1791456030684,A,binance,MOVRUSDT,SELL,1.89800000,5.27009223,1.89800000,5.27,0.4913,0.0000,1.46,2.9000,queue_depleted,False,True,,,,,,,,,,
4330,1791456038006,A,hyperliquid,JUP,BUY,0.37807000,26.44488225,0.37807000,3.97,0.4387,0.0000,0.00,30.0000,queue_depleted,False,True,,,,,,,,,,
4332,1791456041717,A,hyperliquid,kPEPE,BUY,0.00404500,2471.88233840,0.00404500,2.47,0.5076,0.0000,0.00,4829.0000,queue_depleted,False,True,,,,,,,,,,
4334,1791456043738,A,hyperliquid,JUP,BUY,0.37783000,26.46307739,0.37783000,2.91,0.4031,0.0000,0.00,30.0000,queue_depleted,False,True,,,,,,,,,,
4344,1791456096804,A,hyperliquid,kPEPE,BUY,0.00404300,2473.10498331,0.00404300,2.47,0.4893,0.0000,0.00,11189.0000,queue_depleted,False,True,,,,,,,,,,
4346,1791456110458,A,binance,XLMUSDT,BUY,0.19940000,50.13787917,0.19940000,5.01,0.5301,0.0000,0.00,8858.0000,queue_depleted,False,True,,,,,,,,,,
4350,1791456119153,A,hyperliquid,CASHCAT,BUY,0.12232000,81.72271483,0.12232000,7.36,0.3116,0.0000,0.00,250.0000,queue_depleted,False,True,,,,,,,,,,
4351,1791456119503,A,binance,FETUSDT,BUY,0.23220000,43.05705059,0.23220000,4.31,0.5840,0.0000,0.74,46.3000,queue_depleted,False,True,,,,,,,,,,
4356,1791456122315,A,hyperliquid,CASHCAT,BUY,0.12228000,81.76280610,0.12228000,4.09,0.4291,0.0000,0.00,86.0000,queue_depleted,False,True,,,,,,,,,,
4359,1791456125392,A,hyperliquid,kPEPE,BUY,0.00404100,2474.32883830,0.00404100,2.47,0.4405,0.0000,0.00,12373.0000,queue_depleted,False,True,,,,,,,,,,
4362,1791456130599,A,hyperliquid,CASHCAT,BUY,0.12220000,81.80293673,0.12220000,7.36,0.1621,0.0000,0.00,82.0000,queue_depleted,False,True,,,,,,,,,,
4363,1791456135006,A,hyperliquid,VVV,SELL,24.58500000,0.40681000,24.58500000,2.85,0.1111,0.0000,0.00,20.3400,queue_depleted,False,True,,,,,,,,,,
4364,1791456135006,B,hyperliquid,VVV,SELL,24.58500000,0.40681000,24.58500000,2.85,0.1111,0.0000,0.00,20.3400,queue_depleted,False,True,,,,,,,,,,
4365,1791456135006,C,hyperliquid,VVV,SELL,24.58500000,0.40681000,24.58500000,2.85,0.1111,0.0000,0.00,20.3400,queue_depleted,False,True,,,,,,,,,,
4371,1791456147405,A,binance,FETUSDT,BUY,0.23190000,43.11273981,0.23190000,4.31,0.5700,0.0000,0.00,592.7000,queue_depleted,False,True,,,,,,,,,,
4372,1791456148550,A,binance,XLMUSDT,SELL,0.19920000,50.21340698,0.19920000,5.02,0.5504,0.0000,0.62,19741.0000,queue_depleted,False,True,,,,,,,,,,
4373,1791456150425,A,binance,ADAUSDT,BUY,0.25220000,39.64321110,0.25220000,3.96,0.4902,0.0000,0.87,6922.8000,queue_depleted,False,True,,,,,,,,,,
4375,1791456152060,A,binance,TAOUSDT,SELL,282.00000000,0.03546728,282.00000000,3.55,0.5037,0.0000,0.72,0.7355,queue_depleted,False,True,,,,,,,,,,
4377,1791456153737,A,hyperliquid,VVV,BUY,24.57700000,0.40682655,24.57700000,2.85,0.0974,0.0000,0.00,1.4200,queue_depleted,False,True,,,,,,,,,,
4380,1791456155422,A,hyperliquid,W,BUY,0.01603000,623.63579669,0.01603000,6.24,0.5454,0.0000,0.00,22574.4000,queue_depleted,False,True,,,,,,,,,,
4384,1791456166411,A,binance,XLMUSDT,SELL,0.19920000,50.21340698,0.19920000,5.02,0.5790,0.0000,0.87,1054.0000,queue_depleted,False,True,,,,,,,,,,
4385,1791456169459,A,hyperliquid,CHIP,BUY,0.05037600,198.48161564,0.05037600,2.58,0.9191,0.0000,0.00,265.0000,queue_depleted,False,True,,,,,,,,,,
4386,1791456169459,B,hyperliquid,CHIP,BUY,0.05037600,198.48161564,0.05037600,2.58,0.9191,0.0000,0.00,265.0000,queue_depleted,False,True,,,,,,,,,,
4387,1791456169459,C,hyperliquid,CHIP,BUY,0.05037600,198.48161564,0.05037600,2.58,0.9191,0.0000,0.00,265.0000,queue_depleted,False,True,,,,,,,,,,
4388,1791456174831,A,hyperliquid,CHIP,BUY,0.05037400,198.48949494,0.05037400,2.58,0.2824,0.0000,0.00,265.0000,queue_depleted,False,True,,,,,,,,,,
4389,1791456180068,A,binance,ADAUSDT,BUY,0.25210000,39.65893317,0.25210000,3.97,0.4822,0.0000,0.00,62.1000,queue_depleted,False,True,,,,,,,,,,
4390,1791456180297,A,hyperliquid,CHIP,BUY,0.05038200,198.43435296,0.05038200,4.96,0.0779,0.0000,0.00,265.0000,queue_depleted,False,True,,,,,,,,,,
4398,1791456189079,A,binance,RAYUSDT,SELL,2.45880000,4.06776903,2.45880000,3.66,0.1986,0.0000,0.76,51.4000,queue_depleted,False,True,,,,,,,,,,
4400,1791456194922,A,binance,ORCAUSDT,SELL,2.69300000,3.71402043,2.69300000,3.71,0.5459,0.0000,1.12,2.0500,queue_depleted,False,True,,,,,,,,,,
4407,1791456195347,A,hyperliquid,ZRO,BUY,2.07600000,4.81602774,2.07600000,3.85,0.2939,0.0000,0.00,35.5000,queue_depleted,False,True,,,,,,,,,,
4412,1791456212470,A,hyperliquid,CASHCAT,SELL,0.12211000,81.91685439,0.12211000,5.73,0.2267,0.0000,0.00,1707.0000,queue_depleted,False,True,,,,,,,,,,
4413,1791456212470,B,hyperliquid,CASHCAT,SELL,0.12211000,81.91685439,0.12211000,5.73,0.2267,0.0000,0.00,1707.0000,queue_depleted,False,True,,,,,,,,,,
4414,1791456212470,C,hyperliquid,CASHCAT,SELL,0.12211000,81.91685439,0.12211000,5.73,0.2267,0.0000,0.00,1707.0000,queue_depleted,False,True,,,,,,,,,,
4424,1791456220614,A,binance,XLMUSDT,SELL,0.19940000,50.16302985,0.19940000,5.02,0.6067,0.0000,0.85,11016.0000,queue_depleted,False,True,,,,,,,,,,
4438,1791456319102,A,binance,ZROUSDT,SELL,2.08000000,4.80884828,2.08000000,4.81,0.2925,0.0000,0.00,6341.6500,queue_depleted,False,True,,,,,,,,,,
4439,1791456319102,B,binance,ZROUSDT,SELL,2.08000000,4.80884828,2.08000000,4.81,0.2925,0.0000,0.00,6341.6500,queue_depleted,False,True,,,,,,,,,,
4440,1791456319102,C,binance,ZROUSDT,SELL,2.08000000,4.80884828,2.08000000,4.81,0.2925,0.0000,0.00,6341.6500,queue_depleted,False,True,,,,,,,,,,
4444,1791456320333,A,hyperliquid,CHIP,BUY,0.05054400,197.79263420,0.05054400,5.54,0.4056,0.0000,0.00,310.0000,queue_depleted,False,True,,,,,,,,,,
4445,1791456321471,A,hyperliquid,GRAM,SELL,1.42060000,7.04076604,1.42060000,4.22,0.4591,0.0000,0.00,35.0000,queue_depleted,False,True,,,,,,,,,,
4446,1791456322332,A,binance,ADAUSDT,BUY,0.25300000,39.51788184,0.25300000,3.95,0.4217,0.0000,0.00,280.9000,queue_depleted,False,True,,,,,,,,,,
4452,1791456414055,A,hyperliquid,kPEPE,BUY,0.00404300,2473.10498331,0.00404300,2.47,0.4489,0.0000,0.00,247481.0000,queue_depleted,False,True,,,,,,,,,,
4456,1791456419784,A,binance,ADAUSDT,BUY,0.25250000,39.59611958,0.25250000,3.96,0.4964,0.0000,0.63,338.8000,queue_depleted,False,True,,,,,,,,,,
4459,1791456424963,A,binance,XLMUSDT,BUY,0.19910000,50.21340698,0.19910000,5.02,0.5312,0.0000,0.73,8535.0000,queue_depleted,False,True,,,,,,,,,,
4461,1791456432423,A,hyperliquid,CASHCAT,BUY,0.12212000,81.85650555,0.12212000,7.37,0.2089,0.0000,0.00,82.0000,queue_depleted,False,True,,,,,,,,,,
4468,1791456446559,A,binance,ENAUSDT,BUY,0.21920000,45.61003421,0.21920000,4.56,0.5441,0.0000,0.98,965.3000,queue_depleted,False,True,,,,,,,,,,
4470,1791456471803,A,binance,ZROUSDT,SELL,2.07200000,4.82741974,2.07200000,4.83,0.6820,0.0000,1.44,204.4800,queue_depleted,False,True,,,,,,,,,,
4474,1791456499437,A,binance,ADAUSDT,BUY,0.25140000,39.76933784,0.25140000,3.98,0.4580,21.9000,0.91,851.9000,queue_depleted,False,True,,,,,,,,,,
4476,1791456523403,A,binance,ZROUSDT,BUY,2.07100000,4.82741974,2.07100000,4.83,0.5378,0.0000,1.07,9.5000,queue_depleted,False,True,,,,,,,,,,
4489,1791456593509,A,hyperliquid,CRV,SELL,0.38431000,26.02540079,0.38431000,3.64,0.9098,0.0000,0.00,148.5000,queue_depleted,False,True,,,,,,,,,,
4495,1791456635030,A,hyperliquid,CASHCAT,BUY,0.12156000,82.23007976,0.12156000,8.22,0.3011,0.0000,0.00,83.0000,queue_depleted,False,True,,,,,,,,,,
4500,1791456643917,A,hyperliquid,CASHCAT,BUY,0.12148000,82.28420966,0.12148000,8.23,0.8853,0.0000,0.00,333.0000,queue_depleted,False,True,,,,,,,,,,
4501,1791456643917,B,hyperliquid,CASHCAT,BUY,0.12148000,82.28420966,0.12148000,8.23,0.8853,0.0000,0.00,333.0000,queue_depleted,False,True,,,,,,,,,,
4502,1791456643917,C,hyperliquid,CASHCAT,BUY,0.12148000,82.28420966,0.12148000,8.23,0.8853,0.0000,0.00,333.0000,queue_depleted,False,True,,,,,,,,,,
4510,1791456667217,A,binance,ENAUSDT,BUY,0.21890000,45.67252797,0.21890000,4.57,0.3666,541.3600,0.97,47.9700,queue_depleted,False,True,,,,,,,,,,
4511,1791456668916,A,binance,ENAUSDT,BUY,0.21890000,45.67252797,0.21890000,4.57,0.3698,47.9700,0.92,47.9600,queue_depleted,False,True,,,,,,,,,,
4516,1791456681001,A,hyperliquid,CRV,BUY,0.38531000,25.94976126,0.38531000,2.59,0.2134,53.2000,0.00,97.6000,queue_depleted,False,True,,,,,,,,,,
4518,1791456682540,A,binance,TAOUSDT,BUY,280.60000000,0.03563157,280.60000000,3.56,0.5020,0.0000,0.76,0.1822,queue_depleted,False,True,,,,,,,,,,
4519,1791456687132,A,binance,ZROUSDT,BUY,2.06900000,4.83208504,2.06900000,4.83,0.5647,0.0000,1.30,261.9800,queue_depleted,False,True,,,,,,,,,,
4521,1791456688994,C,binance,ZROUSDT,BUY,2.06800000,4.83442108,2.06800000,4.83,0.6112,0.0000,1.22,496.1200,queue_depleted,False,True,,,,,,,,,,
4525,1791456689888,A,binance,ENAUSDT,SELL,0.21900000,45.67252797,0.21900000,4.57,0.4774,47.9600,1.14,47.9600,queue_depleted,False,True,,,,,,,,,,
4526,1791456690980,A,binance,ENAUSDT,BUY,0.21910000,45.63084645,0.21910000,4.56,0.3835,9642.5500,1.12,11790.2000,queue_depleted,False,True,,,,,,,,,,
4533,1791456745103,A,binance,MOVRUSDT,BUY,1.88200000,5.31208499,1.88200000,5.31,0.2943,0.0000,2.02,2.7640,queue_depleted,False,True,,,,,,,,,,
4535,1791456752175,A,binance,HEMIUSDT,BUY,0.00610000,1638.00163800,0.00610000,16.38,0.5889,0.0000,0.00,763350.7000,queue_depleted,False,True,,,,,,,,,,
4539,1791456770883,A,binance,FETUSDT,BUY,0.23150000,43.18721658,0.23150000,4.32,0.5709,0.0000,0.00,22.7000,queue_depleted,False,True,,,,,,,,,,
4540,1791456771242,A,binance,XLMUSDT,BUY,0.19910000,50.21340698,0.19910000,5.02,0.5680,0.0000,0.00,2304.0000,queue_depleted,False,True,,,,,,,,,,
4541,1791456772841,A,hyperliquid,CASHCAT,BUY,0.12176000,82.10180624,0.12176000,6.57,0.8644,0.0000,0.00,250.0000,queue_depleted,False,True,,,,,,,,,,
4542,1791456772841,B,hyperliquid,CASHCAT,BUY,0.12176000,82.10180624,0.12176000,6.57,0.8644,0.0000,0.00,250.0000,queue_depleted,False,True,,,,,,,,,,
4543,1791456772841,C,hyperliquid,CASHCAT,BUY,0.12176000,82.10180624,0.12176000,6.57,0.8644,0.0000,0.00,250.0000,queue_depleted,False,True,,,,,,,,,,
4547,1791456774057,A,binance,FETUSDT,SELL,0.23140000,43.22455155,0.23140000,4.32,0.7449,0.0000,0.94,22.7000,queue_depleted,False,True,,,,,,,,,,
4549,1791456780162,A,binance,FETUSDT,BUY,0.23130000,43.22455155,0.23130000,4.32,0.5985,0.0000,1.27,22.7000,queue_depleted,False,True,,,,,,,,,,
4551,1791456795012,A,hyperliquid,VVV,SELL,24.53400000,0.40773057,24.53400000,6.52,0.7982,0.0000,0.00,1.6300,queue_depleted,False,True,,,,,,,,,,
4553,1791456805125,A,hyperliquid,FARTCOIN,BUY,0.15936000,62.74312963,0.15936000,2.51,0.2029,0.0000,0.00,113.4000,queue_depleted,False,True,,,,,,,,,,
4558,1791456824178,A,binance,XLMUSDT,SELL,0.19930000,50.18820577,0.19930000,5.02,0.5875,0.0000,0.00,1173.0000,queue_depleted,False,True,,,,,,,,,,
4562,1791456838401,A,binance,TAOUSDT,SELL,281.50000000,0.03553029,281.50000000,3.55,0.4363,0.0000,0.00,25.2093,queue_depleted,False,True,,,,,,,,,,
4574,1791456853692,A,binance,TAOUSDT,BUY,281.40000000,0.03553029,281.40000000,3.55,0.4469,0.0000,0.96,0.0374,queue_depleted,False,True,,,,,,,,,,
4580,1791456868524,A,binance,FETUSDT,BUY,0.23150000,43.18721658,0.23150000,4.32,0.5129,0.0000,0.00,4497.2000,queue_depleted,False,True,,,,,,,,,,
4581,1791456869871,A,hyperliquid,CASHCAT,BUY,0.12156000,82.24360556,0.12156000,4.93,0.4371,0.0000,0.00,84.0000,queue_depleted,False,True,,,,,,,,,,
4585,1791456875365,A,hyperliquid,CHIP,BUY,0.05014300,199.40378269,0.05014300,2.59,0.9201,0.0000,0.00,7977.0000,queue_depleted,False,True,,,,,,,,,,
4586,1791456875365,B,hyperliquid,CHIP,BUY,0.05014300,199.40378269,0.05014300,2.59,0.9201,0.0000,0.00,7977.0000,queue_depleted,False,True,,,,,,,,,,
4587,1791456875365,C,hyperliquid,CHIP,BUY,0.05014300,199.40378269,0.05014300,2.59,0.9201,0.0000,0.00,7977.0000,queue_depleted,False,True,,,,,,,,,,
4588,1791456884793,A,hyperliquid,CASHCAT,SELL,0.12154000,82.29775327,0.12154000,4.94,0.1699,0.0000,0.00,580.0000,queue_depleted,False,True,,,,,,,,,,
4589,1791456884793,B,hyperliquid,CASHCAT,SELL,0.12154000,82.29775327,0.12154000,4.94,0.1699,0.0000,0.00,580.0000,queue_depleted,False,True,,,,,,,,,,
4590,1791456884793,C,hyperliquid,CASHCAT,SELL,0.12154000,82.29775327,0.12154000,4.94,0.1699,0.0000,0.00,580.0000,queue_depleted,False,True,,,,,,,,,,
4596,1791456896985,A,binance,MOVRUSDT,BUY,1.88200000,5.31208499,1.88200000,5.31,0.3022,0.0000,0.91,3.0000,queue_depleted,False,True,,,,,,,,,,
4600,1791456912744,A,binance,ENAUSDT,BUY,0.21890000,45.67252797,0.21890000,4.57,0.3885,0.0000,0.90,2013.9800,queue_depleted,False,True,,,,,,,,,,
4601,1791456912686,A,hyperliquid,CASHCAT,SELL,0.12162000,82.23684211,0.12162000,3.29,0.4629,0.0000,0.00,562.0000,queue_depleted,False,True,,,,,,,,,,
4602,1791456917989,A,binance,ADAUSDT,SELL,0.25160000,39.75352813,0.25160000,3.98,0.6145,246.6000,0.61,6243.5000,queue_depleted,False,True,,,,,,,,,,
4607,1791456930759,A,binance,ADAUSDT,SELL,0.25170000,39.73773098,0.25170000,3.97,0.5333,0.0000,0.90,21650.3000,queue_depleted,False,True,,,,,,,,,,
4612,1791456945025,A,hyperliquid,VVV,SELL,24.51200000,0.40805501,24.51200000,4.49,0.8401,0.0000,0.00,1.6200,queue_depleted,False,True,,,,,,,,,,
4615,1791456950742,A,hyperliquid,VVV,BUY,24.50400000,0.40802171,24.50400000,3.67,0.1184,0.0000,0.00,1.6100,queue_depleted,False,True,,,,,,,,,,
4617,1791456952109,A,binance,RAYUSDT,BUY,2.46330000,4.05885337,2.46330000,3.65,0.2773,0.0000,0.21,2.3000,queue_depleted,False,True,,,,,,,,,,
4619,1791456955545,A,hyperliquid,kPEPE,SELL,0.00403500,2478.62188623,0.00403500,2.48,0.5137,0.0000,0.00,1350228.0000,queue_depleted,False,True,,,,,,,,,,
4622,1791456959385,A,hyperliquid,CASHCAT,BUY,0.12155000,82.23346080,0.12155000,9.05,0.5066,247.0000,0.00,1894.0000,queue_depleted,False,True,,,,,,,,,,
4625,1791456972909,A,binance,ENAUSDT,BUY,0.21900000,45.65167770,0.21900000,4.57,0.4346,0.0000,0.00,47.9400,queue_depleted,False,True,,,,,,,,,,
4626,1791456975134,A,hyperliquid,CASHCAT,BUY,0.12148000,82.27743953,0.12148000,9.87,0.4686,0.0000,0.00,183.0000,queue_depleted,False,True,,,,,,,,,,
4628,1791456981655,A,binance,ENAUSDT,SELL,0.21900000,45.67252797,0.21900000,4.57,0.4673,0.0000,0.66,47.9400,queue_depleted,False,True,,,,,,,,,,
4629,1791456990464,A,binance,RAYUSDT,BUY,2.46200000,4.06099616,2.46200000,3.65,0.6158,0.0000,0.00,54.0000,queue_depleted,False,True,,,,,,,,,,
4630,1791456996688,A,hyperliquid,kPEPE,BUY,0.00403600,2477.39378174,0.00403600,2.48,0.3883,0.0000,0.00,540639.0000,queue_depleted,False,True,,,,,,,,,,
4631,1791456997010,A,binance,TAOUSDT,BUY,281.30000000,0.03554292,281.30000000,3.55,0.4534,0.0000,1.07,12.6387,queue_depleted,False,True,,,,,,,,,,
4633,1791457000236,A,binance,RAYUSDT,SELL,2.46250000,4.06198590,2.46250000,5.28,0.3731,0.0000,0.25,881.3000,queue_depleted,False,True,,,,,,,,,,
4634,1791457000236,B,binance,RAYUSDT,SELL,2.46250000,4.06198590,2.46250000,5.28,0.3731,0.0000,0.25,881.3000,queue_depleted,False,True,,,,,,,,,,
4635,1791457000236,C,binance,RAYUSDT,SELL,2.46250000,4.06198590,2.46250000,5.28,0.3731,0.0000,0.25,881.3000,queue_depleted,False,True,,,,,,,,,,
4640,1791457008751,A,binance,ENAUSDT,SELL,0.21910000,45.65167770,0.21910000,4.57,0.5240,0.0000,0.70,47.9200,queue_depleted,False,True,,,,,,,,,,
4643,1791457024094,A,binance,FETUSDT,SELL,0.23180000,43.14994606,0.23180000,4.31,0.4608,0.0000,0.73,11647.3000,queue_depleted,False,True,,,,,,,,,,
4645,1791457026034,A,binance,FETUSDT,BUY,0.23180000,43.13133491,0.23180000,4.31,0.3541,0.0000,1.03,624.3000,queue_depleted,False,True,,,,,,,,,,
4647,1791457038475,A,binance,FETUSDT,BUY,0.23170000,43.14994606,0.23170000,4.31,0.3984,0.0000,0.00,1101.6000,queue_depleted,False,True,,,,,,,,,,
4649,1791457043651,A,hyperliquid,CRV,SELL,0.38634000,25.88728675,0.38634000,2.59,0.3740,0.0000,0.00,1035.4000,queue_depleted,False,True,,,,,,,,,,
4650,1791457043651,B,hyperliquid,CRV,SELL,0.38634000,25.88728675,0.38634000,2.59,0.3740,0.0000,0.00,1035.4000,queue_depleted,False,True,,,,,,,,,,
4651,1791457043651,C,hyperliquid,CRV,SELL,0.38634000,25.88728675,0.38634000,2.59,0.3740,0.0000,0.00,1035.4000,queue_depleted,False,True,,,,,,,,,,
4652,1791457051360,A,hyperliquid,CRV,BUY,0.38624000,25.88728675,0.38624000,2.59,0.3388,0.0000,0.00,57.6000,queue_depleted,False,True,,,,,,,,,,
4653,1791457059054,A,hyperliquid,kPEPE,SELL,0.00403600,2478.00768182,0.00403600,2.48,0.4292,0.0000,0.00,174930.0000,queue_depleted,False,True,,,,,,,,,,
4660,1791457099295,A,binance,ZROUSDT,SELL,2.05300000,4.87210719,2.05300000,4.87,0.7307,0.0000,1.14,7.3200,queue_depleted,False,True,,,,,,,,,,
4662,1791457104675,A,binance,FETUSDT,BUY,0.23130000,43.22455155,0.23130000,4.32,0.5694,0.0000,0.64,16274.9000,queue_depleted,False,True,,,,,,,,,,
4667,1791457125037,A,hyperliquid,VVV,SELL,24.54100000,0.40758931,24.54100000,5.30,0.8046,0.0000,0.00,8.7100,queue_depleted,False,True,,,,,,,,,,
4672,1791457133968,A,binance,ADAUSDT,BUY,0.25160000,39.73773098,0.25160000,3.97,0.4682,0.0000,0.87,16573.8000,queue_depleted,False,True,,,,,,,,,,
4674,1791457138269,A,binance,RAYUSDT,SELL,2.46360000,4.05992449,2.46360000,4.06,0.6538,0.0000,0.16,0.1000,queue_depleted,False,True,,,,,,,,,,
4676,1791457143528,A,binance,RAYUSDT,BUY,2.46160000,4.06149097,2.46160000,4.47,0.4077,0.0000,0.57,68.0000,queue_depleted,False,True,,,,,,,,,,
4678,1791457155048,A,hyperliquid,VVV,SELL,24.55600000,0.40729050,24.55600000,2.85,0.5110,0.0000,0.00,20.3600,queue_depleted,False,True,,,,,,,,,,
4680,1791457160048,A,hyperliquid,CHIP,SELL,0.05036200,198.59001092,0.05036200,2.78,0.0698,0.0000,0.00,992.0000,queue_depleted,False,True,,,,,,,,,,
4681,1791457160048,B,hyperliquid,CHIP,SELL,0.05036200,198.59001092,0.05036200,2.78,0.0698,0.0000,0.00,992.0000,queue_depleted,False,True,,,,,,,,,,
4682,1791457160048,C,hyperliquid,CHIP,SELL,0.05036200,198.59001092,0.05036200,2.78,0.0698,0.0000,0.00,992.0000,queue_depleted,False,True,,,,,,,,,,
4686,1791457161870,A,hyperliquid,VVV,BUY,24.55000000,0.40728221,24.55000000,2.44,0.2227,0.0000,0.00,1.4900,queue_depleted,False,True,,,,,,,,,,
4688,1791457164086,A,hyperliquid,FARTCOIN,BUY,0.15961000,62.64486625,0.15961000,2.51,0.4756,115.5000,0.00,104.3000,queue_depleted,False,True,,,,,,,,,,
4693,1791457201827,A,binance,ENAUSDT,BUY,0.21950000,45.54771123,0.21950000,4.55,0.4437,0.0000,0.00,362.2600,queue_depleted,False,True,,,,,,,,,,
4694,1791457208990,A,binance,FETUSDT,SELL,0.23150000,43.20587600,0.23150000,4.32,0.4689,0.0000,0.00,615.4000,queue_depleted,False,True,,,,,,,,,,
4696,1791457209642,A,binance,ENAUSDT,SELL,0.21960000,45.54771123,0.21960000,4.55,0.5317,0.0000,0.00,2625.8400,queue_depleted,False,True,,,,,,,,,,
4697,1791457210478,A,binance,ORCAUSDT,SELL,2.64600000,3.78000378,2.64600000,3.78,0.5778,0.0000,0.96,266.2300,queue_depleted,False,True,,,,,,,,,,
4703,1791457219386,A,binance,FETUSDT,SELL,0.23140000,43.22455155,0.23140000,4.32,0.5178,0.0000,1.32,615.4000,queue_depleted,False,True,,,,,,,,,,
4709,1791457231961,A,binance,FETUSDT,BUY,0.23130000,43.22455155,0.23130000,4.32,0.4885,0.0000,0.57,4079.5000,queue_depleted,False,True,,,,,,,,,,
4710,1791457232764,A,hyperliquid,CASHCAT,BUY,0.12169000,82.14227041,0.12169000,8.21,0.7786,0.0000,0.00,250.0000,queue_depleted,False,True,,,,,,,,,,
4711,1791457232764,B,hyperliquid,CASHCAT,BUY,0.12169000,82.14227041,0.12169000,8.21,0.7786,0.0000,0.00,250.0000,queue_depleted,False,True,,,,,,,,,,
4712,1791457232764,C,hyperliquid,CASHCAT,BUY,0.12169000,82.14227041,0.12169000,8.21,0.7786,0.0000,0.00,250.0000,queue_depleted,False,True,,,,,,,,,,
4718,1791457252726,A,binance,FETUSDT,BUY,0.23110000,43.26195111,0.23110000,4.33,0.5748,0.0000,0.89,337.5000,queue_depleted,False,True,,,,,,,,,,
4725,1791457300096,A,binance,ENAUSDT,SELL,0.21890000,45.69339730,0.21890000,4.57,0.6311,1233.2000,0.70,1440.2300,queue_depleted,False,True,,,,,,,,,,
4729,1791457312618,A,hyperliquid,VVV,BUY,24.49500000,0.40817160,24.49500000,3.67,0.0165,0.0000,0.00,2.0400,queue_depleted,False,True,,,,,,,,,,
4731,1791457317065,A,hyperliquid,kPEPE,BUY,0.00403100,2480.46632767,0.00403100,2.48,0.3986,0.0000,0.00,44173.0000,queue_depleted,False,True,,,,,,,,,,
4734,1791457323470,A,hyperliquid,CHIP,SELL,0.05022200,199.13971643,0.05022200,2.39,0.2060,0.0000,0.00,265.0000,queue_depleted,False,True,,,,,,,,,,
4735,1791457323470,B,hyperliquid,CHIP,SELL,0.05022200,199.13971643,0.05022200,2.39,0.2060,0.0000,0.00,265.0000,queue_depleted,False,True,,,,,,,,,,
4736,1791457323470,C,hyperliquid,CHIP,SELL,0.05022200,199.13971643,0.05022200,2.39,0.2060,0.0000,0.00,265.0000,queue_depleted,False,True,,,,,,,,,,
4741,1791457326465,A,binance,ADAUSDT,BUY,0.25060000,39.89626970,0.25060000,3.99,0.4510,0.0000,0.72,11823.3000,queue_depleted,False,True,,,,,,,,,,
4742,1791457330186,A,binance,XLMUSDT,SELL,0.19900000,50.26388540,0.19900000,5.03,0.5430,0.0000,0.89,1785.0000,queue_depleted,False,True,,,,,,,,,,
4749,1791457331885,A,binance,FETUSDT,BUY,0.23080000,43.31817197,0.23080000,4.33,0.4467,0.0000,1.13,4843.1000,queue_depleted,False,True,,,,,,,,,,
4768,1791457395042,A,hyperliquid,VVV,SELL,24.51300000,0.40804668,24.51300000,4.90,0.5665,0.0000,0.00,1.6700,queue_depleted,False,True,,,,,,,,,,
4778,1791457455040,A,hyperliquid,VVV,SELL,24.49200000,0.40836328,24.49200000,3.27,0.7576,0.0000,0.00,1.6700,queue_depleted,False,True,,,,,,,,,,
4789,1791457492020,A,hyperliquid,CASHCAT,SELL,0.12141000,82.39947264,0.12141000,8.24,0.2926,0.0000,0.00,250.0000,queue_depleted,False,True,,,,,,,,,,
4790,1791457492020,B,hyperliquid,CASHCAT,SELL,0.12141000,82.39947264,0.12141000,8.24,0.2926,0.0000,0.00,250.0000,queue_depleted,False,True,,,,,,,,,,
4791,1791457492020,C,hyperliquid,CASHCAT,SELL,0.12141000,82.39947264,0.12141000,8.24,0.2926,0.0000,0.00,250.0000,queue_depleted,False,True,,,,,,,,,,
4799,1791457559635,A,hyperliquid,VVV,BUY,24.50500000,0.40800506,24.50500000,3.67,0.3534,0.0000,0.00,1.6000,queue_depleted,False,True,,,,,,,,,,
4806,1791457669360,A,binance,ORCAUSDT,BUY,2.64300000,3.78286363,2.64300000,3.78,0.6892,0.0000,1.09,48.7800,queue_depleted,False,True,,,,,,,,,,
4807,1791457669360,B,binance,ORCAUSDT,BUY,2.64300000,3.78286363,2.64300000,3.78,0.6892,0.0000,1.09,48.7800,queue_depleted,False,True,,,,,,,,,,
4808,1791457669360,C,binance,ORCAUSDT,BUY,2.64300000,3.78286363,2.64300000,3.78,0.6892,0.0000,1.09,48.7800,queue_depleted,False,True,,,,,,,,,,
4813,1791457690335,A,binance,XLMUSDT,SELL,0.19860000,50.36514732,0.19860000,5.04,0.5248,0.0000,0.00,1683.0000,queue_depleted,False,True,,,,,,,,,,
4827,1791457765972,A,hyperliquid,CASHCAT,SELL,0.12063000,82.94281093,0.12063000,10.78,0.9210,0.0000,0.00,685.0000,queue_depleted,False,True,,,,,,,,,,
4834,1791457786008,A,binance,FETUSDT,BUY,0.23010000,43.44992396,0.23010000,4.34,0.4034,0.0000,0.93,22.9000,queue_depleted,False,True,,,,,,,,,,
4838,1791457791413,A,binance,XLMUSDT,BUY,0.19840000,50.39052658,0.19840000,5.04,0.4963,0.0000,0.75,27.0000,queue_depleted,False,True,,,,,,,,,,
4845,1791457804097,A,binance,ENAUSDT,BUY,0.21810000,45.84001834,0.21810000,4.58,0.4316,0.0000,0.99,2847.1000,queue_depleted,False,True,,,,,,,,,,
4848,1791457818947,A,binance,ENAUSDT,SELL,0.21810000,45.86104105,0.21810000,4.59,0.6112,0.0000,0.60,248.1400,queue_depleted,False,True,,,,,,,,,,
4850,1791457819852,A,binance,ENAUSDT,BUY,0.21810000,45.84001834,0.21810000,4.58,0.5069,0.0000,0.86,26999.5500,queue_depleted,False,True,,,,,,,,,,
4856,1791457839230,A,hyperliquid,CASHCAT,BUY,0.12060000,82.90155440,0.12060000,4.15,0.2128,0.0000,0.00,83.0000,queue_depleted,False,True,,,,,,,,,,
4863,1791457850056,A,binance,ADAUSDT,SELL,0.25040000,39.94407829,0.25040000,3.99,0.7611,7695.2000,1.04,41.4000,queue_depleted,False,True,,,,,,,,,,
4867,1791457862230,A,binance,ADAUSDT,SELL,0.25050000,39.92812937,0.25050000,3.99,0.7602,0.0000,0.78,1673.4000,queue_depleted,False,True,,,,,,,,,,
4869,1791457877669,A,hyperliquid,kPEPE,BUY,0.00402200,2486.01615911,0.00402200,2.49,0.4682,0.0000,0.00,11836.0000,queue_depleted,False,True,,,,,,,,,,
4880,1791457923656,A,hyperliquid,GRAM,BUY,1.41700000,7.05641605,1.41700000,2.12,0.1449,0.0000,0.00,240.0000,queue_depleted,False,True,,,,,,,,,,
4887,1791458035943,A,hyperliquid,MINA,SELL,0.08426600,118.68379669,0.08426600,2.02,0.4336,0.0000,0.00,1613.0000,queue_depleted,False,True,,,,,,,,,,
4898,1791458072292,A,hyperliquid,AERO,BUY,0.77285000,12.93627590,0.77285000,4.40,0.3159,79.0000,0.00,21.0000,queue_depleted,False,True,,,,,,,,,,
4900,1791458111646,A,binance,RAYUSDT,SELL,2.47780000,4.03657134,2.47780000,3.63,0.5439,0.0000,0.50,49.2000,queue_depleted,False,True,,,,,,,,,,
4902,1791458116407,A,binance,RAYUSDT,SELL,2.47830000,4.03567537,2.47830000,3.23,0.8612,0.0000,0.57,77.6000,queue_depleted,False,True,,,,,,,,,,
4903,1791458124712,A,binance,RAYUSDT,SELL,2.47780000,4.03657134,2.47780000,3.63,0.3008,50.8000,0.67,43.8000,queue_depleted,False,True,,,,,,,,,,
4904,1791458124712,B,binance,RAYUSDT,SELL,2.47780000,4.03657134,2.47780000,3.63,0.3008,50.8000,0.67,43.8000,queue_depleted,False,True,,,,,,,,,,
4907,1791458125959,A,binance,RAYUSDT,BUY,2.47790000,4.03453562,2.47790000,5.65,0.7077,0.0000,0.98,54.0000,queue_depleted,False,True,,,,,,,,,,
4908,1791458125959,B,binance,RAYUSDT,BUY,2.47790000,4.03453562,2.47790000,5.65,0.7077,0.0000,0.98,54.0000,queue_depleted,False,True,,,,,,,,,,
4909,1791458125959,C,binance,RAYUSDT,BUY,2.47790000,4.03453562,2.47790000,5.65,0.7077,0.0000,0.98,54.0000,queue_depleted,False,True,,,,,,,,,,
4915,1791458134358,A,binance,RAYUSDT,SELL,2.47720000,4.03787527,2.47720000,5.25,0.5231,0.0000,1.06,43.5000,queue_depleted,False,True,,,,,,,,,,
4917,1791458136655,A,binance,RAYUSDT,SELL,2.47740000,4.03763072,2.47740000,5.65,0.6311,0.0000,0.66,50.8000,queue_depleted,False,True,,,,,,,,,,
4919,1791458141210,A,hyperliquid,CASHCAT,BUY,0.12071000,82.80887711,0.12071000,8.28,0.4992,0.0000,0.00,250.0000,queue_depleted,False,True,,,,,,,,,,
4921,1791458143565,A,binance,ZROUSDT,SELL,2.02300000,4.94437577,2.02300000,4.94,0.8278,0.0000,0.75,170.4500,queue_depleted,False,True,,,,,,,,,,
4922,1791458146164,A,hyperliquid,CASHCAT,BUY,0.12064000,82.86720530,0.12064000,5.80,0.4250,0.0000,0.00,250.0000,queue_depleted,False,True,,,,,,,,,,
4924,1791458153539,A,hyperliquid,CASHCAT,BUY,0.12060000,82.88437630,0.12060000,8.29,0.3198,0.0000,0.00,83.0000,queue_depleted,False,True,,,,,,,,,,
4933,1791458167562,A,binance,ZROUSDT,SELL,2.02300000,4.94437577,2.02300000,4.94,0.8180,83.2500,0.63,128.3800,queue_depleted,False,True,,,,,,,,,,
4940,1791458186350,A,binance,ZROUSDT,SELL,2.02300000,4.94437577,2.02300000,4.94,0.7684,0.0000,0.00,276.5200,queue_depleted,False,True,,,,,,,,,,
4948,1791458200172,A,hyperliquid,VVV,SELL,24.38100000,0.41023958,24.38100000,4.10,0.7322,0.0000,0.00,1.8200,queue_depleted,False,True,,,,,,,,,,
4952,1791458215057,A,hyperliquid,VVV,BUY,24.36700000,0.41028166,24.36700000,5.33,0.7028,0.0000,0.00,2.1300,queue_depleted,False,True,,,,,,,,,,
4953,1791458215057,B,hyperliquid,VVV,BUY,24.36700000,0.41028166,24.36700000,5.33,0.7028,0.0000,0.00,2.1300,queue_depleted,False,True,,,,,,,,,,
4954,1791458215057,C,hyperliquid,VVV,BUY,24.36700000,0.41028166,24.36700000,5.33,0.7028,0.0000,0.00,2.1300,queue_depleted,False,True,,,,,,,,,,
4962,1791458275010,A,hyperliquid,VVV,BUY,24.35600000,0.41050903,24.35600000,3.28,0.5381,0.0000,0.00,2.0300,queue_depleted,False,True,,,,,,,,,,
4965,1791458281611,A,hyperliquid,VVV,BUY,24.35200000,0.41058488,24.35200000,2.87,0.5943,0.0000,0.00,4.1000,queue_depleted,False,True,,,,,,,,,,
4971,1791458349868,A,binance,RAYUSDT,SELL,2.47870000,4.03518683,2.47870000,4.04,0.7017,0.0000,0.62,2.3000,queue_depleted,False,True,,,,,,,,,,
4974,1791458362611,A,hyperliquid,kPEPE,SELL,0.00403100,2481.08175164,0.00403100,2.48,0.5810,22.0000,0.00,15578.0000,queue_depleted,False,True,,,,,,,,,,
4978,1791458369278,A,binance,RAYUSDT,BUY,2.47970000,4.03177035,2.47970000,4.84,0.4863,0.0000,0.49,50.9000,queue_depleted,False,True,,,,,,,,,,
4981,1791458376656,A,binance,RAYUSDT,SELL,2.48090000,4.03160781,2.48090000,4.03,0.7358,41.1000,0.66,3.1000,queue_depleted,False,True,,,,,,,,,,
4983,1791458378646,A,binance,RAYUSDT,BUY,2.48070000,4.03038913,2.48070000,3.63,0.5458,0.0000,0.70,54.0000,queue_depleted,False,True,,,,,,,,,,
4985,1791458386641,A,binance,MOVRUSDT,SELL,1.87600000,5.33191149,1.87600000,5.33,0.4285,0.0000,1.61,195.9970,queue_depleted,False,True,,,,,,,,,,
4989,1791458390442,A,binance,ORCAUSDT,BUY,2.64600000,3.77857548,2.64600000,3.78,0.5126,0.0000,1.07,378.1700,queue_depleted,False,True,,,,,,,,,,
4996,1791458395076,A,binance,ADAUSDT,BUY,0.25000000,39.99200160,0.25000000,4.00,0.4663,0.0000,1.18,297.3000,queue_depleted,False,True,,,,,,,,,,
4997,1791458398559,A,binance,HEMIUSDT,BUY,0.00605000,1651.52766309,0.00605000,16.52,0.6077,0.0000,0.00,25710.9000,queue_depleted,False,True,,,,,,,,,,
4998,1791458398559,B,binance,HEMIUSDT,BUY,0.00605000,1651.52766309,0.00605000,16.52,0.6077,0.0000,0.00,25710.9000,queue_depleted,False,True,,,,,,,,,,
4999,1791458398559,C,binance,HEMIUSDT,BUY,0.00605000,1651.52766309,0.00605000,16.52,0.6077,0.0000,0.00,25710.9000,queue_depleted,False,True,,,,,,,,,,
5001,1791458411875,A,hyperliquid,W,SELL,0.01616000,619.00340452,0.01616000,6.19,0.6146,0.0000,0.00,4139.4000,queue_depleted,False,True,,,,,,,,,,
5004,1791458432245,A,hyperliquid,VVV,SELL,24.37900000,0.41023117,24.37900000,2.05,0.1029,0.0000,0.00,15.9600,queue_depleted,False,True,,,,,,,,,,
5005,1791458432245,B,hyperliquid,VVV,SELL,24.37900000,0.41023117,24.37900000,2.05,0.1029,0.0000,0.00,15.9600,queue_depleted,False,True,,,,,,,,,,
5006,1791458432245,C,hyperliquid,VVV,SELL,24.37900000,0.41023117,24.37900000,2.05,0.1029,0.0000,0.00,15.9600,queue_depleted,False,True,,,,,,,,,,
5010,1791458442619,A,binance,ZROUSDT,SELL,2.01500000,4.96401092,2.01500000,4.96,0.7549,0.0000,0.00,192.4000,queue_depleted,False,True,,,,,,,,,,
5028,1791458505750,A,binance,ORCAUSDT,BUY,2.64000000,3.78716152,2.64000000,3.79,0.4345,0.0000,1.09,62.3700,queue_depleted,False,True,,,,,,,,,,
5029,1791458512062,A,binance,RAYUSDT,BUY,2.47800000,4.03469841,2.47800000,4.03,0.4165,0.0000,0.38,2.3000,queue_depleted,False,True,,,,,,,,,,
5031,1791458512440,A,binance,ORCAUSDT,SELL,2.64200000,3.78572781,2.64200000,3.79,0.6039,0.0000,0.85,2.0900,queue_depleted,False,True,,,,,,,,,,
5035,1791458541399,A,binance,ENAUSDT,BUY,0.21800000,45.86104105,0.21800000,4.59,0.4747,412.2500,0.00,26141.8600,queue_depleted,False,True,,,,,,,,,,
5036,1791458541463,A,binance,TAOUSDT,SELL,279.70000000,0.03575898,279.70000000,3.58,0.5327,0.0000,0.91,3.6134,queue_depleted,False,True,,,,,,,,,,
5038,1791458543223,A,binance,ZROUSDT,BUY,2.01200000,4.96894410,2.01200000,4.97,0.8109,0.0000,1.05,1062.1900,queue_depleted,False,True,,,,,,,,,,
5039,1791458543223,B,binance,ZROUSDT,BUY,2.01200000,4.96894410,2.01200000,4.97,0.8109,0.0000,1.05,1062.1900,queue_depleted,False,True,,,,,,,,,,
5040,1791458543223,C,binance,ZROUSDT,BUY,2.01200000,4.96894410,2.01200000,4.97,0.8109,0.0000,1.05,1062.1900,queue_depleted,False,True,,,,,,,,,,
5049,1791458556454,A,hyperliquid,CASHCAT,SELL,0.12050000,83.01855465,0.12050000,7.47,0.3964,0.0000,0.00,156.0000,queue_depleted,False,True,,,,,,,,,,
5050,1791458556454,B,hyperliquid,CASHCAT,SELL,0.12050000,83.01855465,0.12050000,7.47,0.3964,0.0000,0.00,156.0000,queue_depleted,False,True,,,,,,,,,,
5051,1791458556454,C,hyperliquid,CASHCAT,SELL,0.12050000,83.01855465,0.12050000,7.47,0.3964,0.0000,0.00,156.0000,queue_depleted,False,True,,,,,,,,,,
5052,1791458558607,A,binance,XLMUSDT,SELL,0.19860000,50.36514732,0.19860000,5.04,0.6005,0.0000,0.00,1119.0000,queue_depleted,False,True,,,,,,,,,,
5053,1791458572560,A,binance,ADAUSDT,BUY,0.25050000,39.91219318,0.25050000,3.99,0.4805,0.0000,0.00,14534.6000,queue_depleted,False,True,,,,,,,,,,
5054,1791458576238,A,binance,ZROUSDT,SELL,2.01200000,4.97141437,2.01200000,4.97,0.7536,0.0000,0.00,653.7900,queue_depleted,False,True,,,,,,,,,,
5057,1791458581396,A,hyperliquid,CASHCAT,SELL,0.12055000,82.98410854,0.12055000,7.47,0.6150,0.0000,0.00,1521.0000,queue_depleted,False,True,,,,,,,,,,
5058,1791458588067,A,binance,RAYUSDT,SELL,2.47930000,4.03421010,2.47930000,4.03,0.9460,0.0000,0.49,3.1000,queue_depleted,False,True,,,,,,,,,,
5060,1791458589007,A,hyperliquid,CASHCAT,SELL,0.12057000,82.97033810,0.12057000,7.47,0.2858,0.0000,0.00,160.0000,queue_depleted,False,True,,,,,,,,,,
5061,1791458589007,B,hyperliquid,CASHCAT,SELL,0.12057000,82.97033810,0.12057000,7.47,0.2858,0.0000,0.00,160.0000,queue_depleted,False,True,,,,,,,,,,
5062,1791458589007,C,hyperliquid,CASHCAT,SELL,0.12057000,82.97033810,0.12057000,7.47,0.2858,0.0000,0.00,160.0000,queue_depleted,False,True,,,,,,,,,,
5066,1791458589720,A,binance,ORCAUSDT,SELL,2.64500000,3.78143316,2.64500000,3.78,0.6011,1.8900,0.51,43.9500,queue_depleted,False,True,,,,,,,,,,
5089,1791458729052,A,hyperliquid,kPEPE,SELL,0.00404000,2475.55390519,0.00404000,2.48,0.4248,0.0000,0.00,514583.0000,queue_depleted,False,True,,,,,,,,,,
5091,1791458761683,A,hyperliquid,CASHCAT,BUY,0.12132000,82.38928939,0.12132000,9.06,0.6492,0.0000,0.00,83.0000,queue_depleted,False,True,,,,,,,,,,
5092,1791458761683,B,hyperliquid,CASHCAT,BUY,0.12132000,82.38928939,0.12132000,9.06,0.6492,0.0000,0.00,83.0000,queue_depleted,False,True,,,,,,,,,,
5093,1791458761683,C,hyperliquid,CASHCAT,BUY,0.12132000,82.38928939,0.12132000,9.06,0.6492,0.0000,0.00,83.0000,queue_depleted,False,True,,,,,,,,,,
5105,1791458795665,A,binance,ORCAUSDT,BUY,2.63900000,3.78859633,2.63900000,3.79,0.5149,0.0000,1.05,15.6700,queue_depleted,False,True,,,,,,,,,,
5106,1791458797150,A,binance,ZROUSDT,SELL,2.01700000,4.95908753,2.01700000,4.96,0.6835,0.0000,0.00,447.5100,queue_depleted,False,True,,,,,,,,,,
5108,1791458797152,A,binance,FETUSDT,SELL,0.23080000,43.33694475,0.23080000,4.33,0.5160,0.0000,0.65,1392.5000,queue_depleted,False,True,,,,,,,,,,
5119,1791458811097,A,binance,ORCAUSDT,BUY,2.63800000,3.79003222,2.63800000,3.79,0.4570,0.0000,0.00,2.0900,queue_depleted,False,True,,,,,,,,,,
5126,1791458823522,A,binance,ZROUSDT,SELL,2.01600000,4.96154800,2.01600000,4.96,0.7125,0.0000,0.74,254.1400,queue_depleted,False,True,,,,,,,,,,
5127,1791458825148,A,binance,ORCAUSDT,SELL,2.63700000,3.79362671,2.63700000,7.59,0.6099,0.0000,0.57,18.6100,queue_depleted,False,True,,,,,,,,,,
5130,1791458830771,A,binance,XLMUSDT,BUY,0.19870000,50.31446541,0.19870000,5.03,0.4637,0.0000,0.00,4279.0000,queue_depleted,False,True,,,,,,,,,,
5131,1791458833893,A,binance,ADAUSDT,BUY,0.25100000,39.83270265,0.25100000,3.98,0.4716,0.0000,0.00,82.4000,queue_depleted,False,True,,,,,,,,,,
5134,1791458839409,A,hyperliquid,JUP,BUY,0.37243000,26.84779982,0.37243000,2.15,0.1681,0.0000,0.00,30.0000,queue_depleted,False,True,,,,,,,,,,
5136,1791458840896,A,binance,TAOUSDT,BUY,280.50000000,0.03564427,280.50000000,3.56,0.3735,0.0268,0.66,0.8696,queue_depleted,False,True,,,,,,,,,,
5138,1791458846419,A,binance,ENAUSDT,SELL,0.21790000,45.90314437,0.21790000,4.59,0.6501,0.0000,0.00,48.2000,queue_depleted,False,True,,,,,,,,,,
5141,1791458857255,A,hyperliquid,CASHCAT,BUY,0.12127000,82.44023083,0.12127000,4.95,0.2404,0.0000,0.00,84.0000,queue_depleted,False,True,,,,,,,,,,
5144,1791458859936,A,binance,ORCAUSDT,BUY,2.63600000,3.79290726,2.63600000,3.79,0.4822,0.0000,0.81,48.7800,queue_depleted,False,True,,,,,,,,,,
5147,1791458860914,A,hyperliquid,CASHCAT,BUY,0.12124000,82.45042668,0.12124000,7.42,0.8198,0.0000,0.00,83.0000,queue_depleted,False,True,,,,,,,,,,
5148,1791458860914,B,hyperliquid,CASHCAT,BUY,0.12124000,82.45042668,0.12124000,7.42,0.8198,0.0000,0.00,83.0000,queue_depleted,False,True,,,,,,,,,,
5149,1791458860914,C,hyperliquid,CASHCAT,BUY,0.12124000,82.45042668,0.12124000,7.42,0.8198,0.0000,0.00,83.0000,queue_depleted,False,True,,,,,,,,,,
5153,1791458866012,A,hyperliquid,CASHCAT,BUY,0.12116000,82.50144378,0.12116000,8.25,0.2097,0.0000,0.00,83.0000,queue_depleted,False,True,,,,,,,,,,
5155,1791458867913,A,binance,FETUSDT,BUY,0.23080000,43.31817197,0.23080000,4.33,0.4666,0.0000,1.02,22.8000,queue_depleted,False,True,,,,,,,,,,
5161,1791458881598,A,binance,TAOUSDT,SELL,280.50000000,0.03565698,280.50000000,3.57,0.5926,0.0000,0.58,0.0188,queue_depleted,False,True,,,,,,,,,,
5163,1791458884105,A,binance,ADAUSDT,SELL,0.25100000,39.84857541,0.25100000,3.98,0.5874,0.0000,0.00,11980.5000,queue_depleted,False,True,,,,,,,,,,
5166,1791458886755,A,binance,ORCAUSDT,SELL,2.63900000,3.79003222,2.63900000,3.79,0.5145,2.0900,1.26,92.6100,queue_depleted,False,True,,,,,,,,,,
5168,1791458896676,A,binance,ADAUSDT,BUY,0.25090000,39.84857541,0.25090000,3.98,0.5109,0.0000,0.57,338.0000,queue_depleted,False,True,,,,,,,,,,
5172,1791458904029,A,binance,FETUSDT,SELL,0.23070000,43.35573380,0.23070000,4.34,0.6490,0.0000,0.66,592.8000,queue_depleted,False,True,,,,,,,,,,
5173,1791458907616,A,hyperliquid,CASHCAT,BUY,0.12108000,82.55593164,0.12108000,8.26,0.2722,0.0000,0.00,83.0000,queue_depleted,False,True,,,,,,,,,,
5182,1791458948686,A,hyperliquid,CASHCAT,BUY,0.12108000,82.54911672,0.12108000,9.91,0.4545,0.0000,0.00,727.0000,queue_depleted,False,True,,,,,,,,,,
5184,1791458950967,A,binance,RAYUSDT,SELL,2.48460000,4.02592697,2.48460000,5.64,0.6266,26.5000,0.48,3.1000,queue_depleted,False,True,,,,,,,,,,
5192,1791458964554,A,binance,ORCAUSDT,BUY,2.63500000,3.79434642,2.63500000,3.79,0.5266,0.0000,0.99,388.5100,queue_depleted,False,True,,,,,,,,,,
5196,1791458972098,A,binance,ZROUSDT,SELL,2.01900000,4.95417389,2.01900000,4.95,0.5296,0.0000,0.00,130.0000,queue_depleted,False,True,,,,,,,,,,
5202,1791458981252,A,binance,ORCAUSDT,BUY,2.63700000,3.79146919,2.63700000,3.79,0.5053,0.0000,0.60,10.9500,queue_depleted,False,True,,,,,,,,,,
5205,1791458984175,A,binance,RAYUSDT,BUY,2.48210000,4.02803512,2.48210000,4.03,0.5953,0.0000,0.76,200.7000,queue_depleted,False,True,,,,,,,,,,
5207,1791458985179,A,binance,FETUSDT,BUY,0.23080000,43.31817197,0.23080000,4.33,0.3437,5360.3000,2.49,7881.4000,queue_depleted,False,True,,,,,,,,,,
5211,1791458986039,A,hyperliquid,CASHCAT,BUY,0.12099000,82.62414277,0.12099000,6.61,0.6652,0.0000,0.00,250.0000,queue_depleted,False,True,,,,,,,,,,
5212,1791458986039,B,hyperliquid,CASHCAT,BUY,0.12099000,82.62414277,0.12099000,6.61,0.6652,0.0000,0.00,250.0000,queue_depleted,False,True,,,,,,,,,,
5213,1791458986039,C,hyperliquid,CASHCAT,BUY,0.12099000,82.62414277,0.12099000,6.61,0.6652,0.0000,0.00,250.0000,queue_depleted,False,True,,,,,,,,,,
5214,1791458987594,A,binance,RAYUSDT,SELL,2.48250000,4.02925237,2.48250000,5.24,0.3803,0.0000,0.55,39.9000,queue_depleted,False,True,,,,,,,,,,
5215,1791458987594,B,binance,RAYUSDT,SELL,2.48250000,4.02925237,2.48250000,5.24,0.3803,0.0000,0.55,39.9000,queue_depleted,False,True,,,,,,,,,,
5216,1791458987594,C,binance,RAYUSDT,SELL,2.48250000,4.02925237,2.48250000,5.24,0.3803,0.0000,0.55,39.9000,queue_depleted,False,True,,,,,,,,,,
5226,1791459004874,A,binance,ADAUSDT,BUY,0.25090000,39.84857541,0.25090000,3.98,0.5035,0.0000,0.62,15568.3000,queue_depleted,False,True,,,,,,,,,,
5235,1791459014068,A,binance,PEPEUSDT,SELL,0.00000404,2478314.74597274,0.00000404,24.78,0.5067,0.0000,0.00,2637260540.0000,queue_depleted,False,True,,,,,,,,,,
5248,1791459065954,A,binance,MOVRUSDT,SELL,1.90000000,5.26454330,1.90000000,5.26,0.4339,0.0000,0.00,10.9580,queue_depleted,False,True,,,,,,,,,,
5250,1791459069780,A,binance,MOVRUSDT,SELL,1.90100000,5.26177322,1.90100000,5.26,0.4744,0.0000,1.18,10.9550,queue_depleted,False,True,,,,,,,,,,
5251,1791459083088,A,binance,ENAUSDT,SELL,0.21820000,45.84001834,0.21820000,4.58,0.5631,0.0000,0.90,71.5200,queue_depleted,False,True,,,,,,,,,,
5252,1791459095951,A,binance,ADAUSDT,SELL,0.25110000,39.83270265,0.25110000,3.98,0.5948,0.0000,0.58,8632.2000,queue_depleted,False,True,,,,,,,,,,
5253,1791459099457,A,binance,ORCAUSDT,SELL,2.63700000,3.79362671,2.63700000,7.59,0.5894,0.0000,0.41,117.1300,queue_depleted,False,True,,,,,,,,,,
5257,1791459117251,A,hyperliquid,JUP,BUY,0.37147000,26.91681359,0.37147000,2.42,0.6381,0.0000,0.00,30.0000,queue_depleted,False,True,,,,,,,,,,
5258,1791459117251,B,hyperliquid,JUP,BUY,0.37147000,26.91681359,0.37147000,2.42,0.6381,0.0000,0.00,30.0000,queue_depleted,False,True,,,,,,,,,,
5259,1791459117251,C,hyperliquid,JUP,BUY,0.37147000,26.91681359,0.37147000,2.42,0.6381,0.0000,0.00,30.0000,queue_depleted,False,True,,,,,,,,,,
5260,1791459120751,A,binance,ORCAUSDT,BUY,2.63500000,3.79434642,2.63500000,3.79,0.6108,0.0000,1.17,910.2300,queue_depleted,False,True,,,,,,,,,,
5261,1791459120751,B,binance,ORCAUSDT,BUY,2.63500000,3.79434642,2.63500000,3.79,0.6108,0.0000,1.17,910.2300,queue_depleted,False,True,,,,,,,,,,
5262,1791459120751,C,binance,ORCAUSDT,BUY,2.63500000,3.79434642,2.63500000,3.79,0.6108,0.0000,1.17,910.2300,queue_depleted,False,True,,,,,,,,,,
5266,1791459130359,A,binance,ADAUSDT,BUY,0.25080000,39.86446083,0.25080000,3.99,0.4401,0.0000,0.97,8981.9000,queue_depleted,False,True,,,,,,,,,,
5267,1791459135077,A,hyperliquid,VVV,SELL,24.39100000,0.41002932,24.39100000,2.05,0.6522,0.0000,0.00,1.4400,queue_depleted,False,True,,,,,,,,,,
5269,1791459135912,A,binance,ADAUSDT,SELL,0.25080000,39.88035892,0.25080000,3.99,0.5476,6378.8000,1.06,4576.7000,queue_depleted,False,True,,,,,,,,,,
5270,1791459144628,A,binance,ADAUSDT,BUY,0.25070000,39.88035892,0.25070000,3.99,0.4685,0.0000,1.00,61.4000,queue_depleted,False,True,,,,,,,,,,
5271,1791459150933,A,binance,HEMIUSDT,BUY,0.00605000,1651.52766309,0.00605000,16.52,0.5664,3221.9000,0.00,76529.7000,queue_depleted,False,True,,,,,,,,,,
5284,1791459203692,A,hyperliquid,AERO,BUY,0.77476000,12.90514076,0.77476000,3.23,0.1541,0.0000,0.00,22.0000,queue_depleted,False,True,,,,,,,,,,
5290,1791459214561,A,binance,ENAUSDT,BUY,0.21810000,45.84001834,0.21810000,4.58,0.4420,0.0000,1.12,4636.2000,queue_depleted,False,True,,,,,,,,,,
5291,1791459225046,A,hyperliquid,VVV,SELL,24.40200000,0.40984446,24.40200000,2.05,0.3012,0.0000,0.00,19.6400,queue_depleted,False,True,,,,,,,,,,
5292,1791459225046,B,hyperliquid,VVV,SELL,24.40200000,0.40984446,24.40200000,2.05,0.3012,0.0000,0.00,19.6400,queue_depleted,False,True,,,,,,,,,,
5293,1791459225046,C,hyperliquid,VVV,SELL,24.40200000,0.40984446,24.40200000,2.05,0.3012,0.0000,0.00,19.6400,queue_depleted,False,True,,,,,,,,,,
5298,1791459233343,A,binance,ADAUSDT,BUY,0.25040000,39.92812937,0.25040000,3.99,0.4666,0.0000,0.00,346.2000,queue_depleted,False,True,,,,,,,,,,
5299,1791459233371,A,binance,FETUSDT,BUY,0.23050000,43.37453915,0.23050000,4.34,0.6019,0.0000,0.96,570.0000,queue_depleted,False,True,,,,,,,,,,
5300,1791459235184,A,binance,FETUSDT,BUY,0.23040000,43.39336082,0.23040000,4.34,0.6202,0.0000,0.94,948.6000,queue_depleted,False,True,,,,,,,,,,
5301,1791459235184,B,binance,FETUSDT,BUY,0.23040000,43.39336082,0.23040000,4.34,0.6202,0.0000,0.94,948.6000,queue_depleted,False,True,,,,,,,,,,
5302,1791459235184,C,binance,FETUSDT,BUY,0.23040000,43.39336082,0.23040000,4.34,0.6202,0.0000,0.94,948.6000,queue_depleted,False,True,,,,,,,,,,
5305,1791459240083,A,binance,FETUSDT,BUY,0.23030000,43.41219883,0.23030000,4.34,0.6142,0.0000,1.20,785.9000,queue_depleted,False,True,,,,,,,,,,
5306,1791459240083,B,binance,FETUSDT,BUY,0.23030000,43.41219883,0.23030000,4.34,0.6142,0.0000,1.20,785.9000,queue_depleted,False,True,,,,,,,,,,
5307,1791459240083,C,binance,FETUSDT,BUY,0.23030000,43.41219883,0.23030000,4.34,0.6142,0.0000,1.20,785.9000,queue_depleted,False,True,,,,,,,,,,
5309,1791459244184,A,binance,ZROUSDT,SELL,2.01400000,4.96647629,2.01400000,4.97,0.7822,0.0000,0.68,86.4900,queue_depleted,False,True,,,,,,,,,,
5310,1791459246521,A,hyperliquid,CASHCAT,BUY,0.12057000,82.91530202,0.12057000,5.80,0.5692,0.0000,0.00,250.0000,queue_depleted,False,True,,,,,,,,,,
5316,1791459255097,A,hyperliquid,VVV,SELL,24.38200000,0.41023117,24.38200000,4.51,0.7462,0.0000,0.00,1.3600,queue_depleted,False,True,,,,,,,,,,
5324,1791459266506,A,binance,ORCAUSDT,BUY,2.63400000,3.79578668,2.63400000,3.80,0.6607,0.0000,0.52,2.0900,queue_depleted,False,True,,,,,,,,,,
5325,1791459266506,B,binance,ORCAUSDT,BUY,2.63400000,3.79578668,2.63400000,3.80,0.6607,0.0000,0.52,2.0900,queue_depleted,False,True,,,,,,,,,,
5326,1791459266506,C,binance,ORCAUSDT,BUY,2.63400000,3.79578668,2.63400000,3.80,0.6607,0.0000,0.52,2.0900,queue_depleted,False,True,,,,,,,,,,
5327,1791459271990,A,hyperliquid,kPEPE,BUY,0.00402300,2485.39828508,0.00402300,2.49,0.2976,0.0000,0.00,2884.0000,queue_depleted,False,True,,,,,,,,,,
5338,1791459303752,A,binance,ORCAUSDT,SELL,2.63600000,3.79434642,2.63600000,3.79,0.5660,0.0000,1.36,2.0900,queue_depleted,False,True,,,,,,,,,,
5348,1791459345014,A,hyperliquid,VVV,SELL,24.34200000,0.41088855,24.34200000,3.70,0.3603,0.0000,0.00,20.5400,queue_depleted,False,True,,,,,,,,,,
5349,1791459345014,B,hyperliquid,VVV,SELL,24.34200000,0.41088855,24.34200000,3.70,0.3603,0.0000,0.00,20.5400,queue_depleted,False,True,,,,,,,,,,
5350,1791459345014,C,hyperliquid,VVV,SELL,24.34200000,0.41088855,24.34200000,3.70,0.3603,0.0000,0.00,20.5400,queue_depleted,False,True,,,,,,,,,,
5354,1791459352005,A,hyperliquid,AERO,SELL,0.77433000,12.91614195,0.77433000,2.71,0.9444,0.0000,0.00,21.0000,queue_depleted,False,True,,,,,,,,,,
5367,1791459401945,A,hyperliquid,kPEPE,BUY,0.00401700,2489.11014312,0.00401700,2.49,0.4234,0.0000,0.00,1942.0000,queue_depleted,False,True,,,,,,,,,,
5372,1791459430609,A,hyperliquid,CASHCAT,SELL,0.12038000,83.08753272,0.12038000,4.15,0.8309,0.0000,0.00,831.0000,queue_depleted,False,True,,,,,,,,,,
5378,1791459475777,A,hyperliquid,CASHCAT,BUY,0.12036000,83.05992774,0.12036000,5.81,0.9367,0.0000,0.00,169.0000,queue_depleted,False,True,,,,,,,,,,
5379,1791459475777,B,hyperliquid,CASHCAT,BUY,0.12036000,83.05992774,0.12036000,5.81,0.9367,0.0000,0.00,169.0000,queue_depleted,False,True,,,,,,,,,,
5380,1791459475777,C,hyperliquid,CASHCAT,BUY,0.12036000,83.05992774,0.12036000,5.81,0.9367,0.0000,0.00,169.0000,queue_depleted,False,True,,,,,,,,,,
5381,1791459508541,A,binance,XLMUSDT,SELL,0.19830000,50.44136192,0.19830000,5.04,0.5760,5112.0000,0.72,21303.0000,queue_depleted,False,True,,,,,,,,,,
5383,1791459513455,A,binance,MOVRUSDT,SELL,1.90300000,5.25624179,1.90300000,5.26,0.4405,0.0000,1.14,186.1190,queue_depleted,False,True,,,,,,,,,,
5384,1791459513455,B,binance,MOVRUSDT,SELL,1.90300000,5.25624179,1.90300000,5.26,0.3979,0.0000,1.11,186.1190,queue_depleted,False,True,,,,,,,,,,
5385,1791459513455,C,binance,MOVRUSDT,SELL,1.90300000,5.25624179,1.90300000,5.26,0.3979,0.0000,1.11,186.1190,queue_depleted,False,True,,,,,,,,,,
5395,1791459524200,A,hyperliquid,CASHCAT,BUY,0.12041000,83.02544730,0.12041000,5.81,0.5611,0.0000,0.00,84.0000,queue_depleted,False,True,,,,,,,,,,
5397,1791459537688,A,hyperliquid,PONS,BUY,0.38062000,26.26947225,0.38062000,2.63,0.3057,0.0000,0.00,865.0000,queue_depleted,False,True,,,,,,,,,,
5400,1791459613885,A,binance,ORCAUSDT,SELL,2.63700000,3.79290726,2.63700000,3.79,0.5041,0.0000,0.00,606.4700,queue_depleted,False,True,,,,,,,,,,
5401,1791459614812,A,binance,ORCAUSDT,SELL,2.63800000,3.79146919,2.63800000,3.79,0.6309,606.4700,1.05,2.0900,queue_depleted,False,True,,,,,,,,,,
5402,1791459615089,A,hyperliquid,CASHCAT,SELL,0.12064000,82.91186469,0.12064000,4.97,0.6536,0.0000,0.00,250.0000,queue_depleted,False,True,,,,,,,,,,
5405,1791459618712,A,binance,ORCAUSDT,SELL,2.63900000,3.79003222,2.63900000,3.79,0.6498,0.0000,1.01,2.0900,queue_depleted,False,True,,,,,,,,,,
5408,1791459624313,A,hyperliquid,CASHCAT,SELL,0.12076000,82.83288466,0.12076000,5.80,0.5823,0.0000,0.00,166.0000,queue_depleted,False,True,,,,,,,,,,
5414,1791459666633,A,binance,ZROUSDT,SELL,2.01600000,4.96154800,2.01600000,4.96,0.7169,0.0000,0.00,10.0000,queue_depleted,False,True,,,,,,,,,,
5416,1791459673248,A,binance,ZROUSDT,SELL,2.01700000,4.95908753,2.01700000,4.96,0.7235,0.0000,0.73,55.0900,queue_depleted,False,True,,,,,,,,,,
5418,1791459695085,A,binance,RAYUSDT,SELL,2.46460000,4.05811217,2.46460000,3.25,0.3314,106.7000,0.15,10.1000,queue_depleted,False,True,,,,,,,,,,
5419,1791459695085,B,binance,RAYUSDT,SELL,2.46460000,4.05811217,2.46460000,3.25,0.3314,106.7000,0.15,10.1000,queue_depleted,False,True,,,,,,,,,,
5424,1791459736465,A,binance,RAYUSDT,SELL,2.46470000,4.05811217,2.46470000,4.06,0.8175,0.0000,0.61,12.4000,queue_depleted,False,True,,,,,,,,,,
5429,1791459761182,A,hyperliquid,FARTCOIN,SELL,0.15924000,62.80815250,0.15924000,3.14,0.8211,0.0000,0.00,307.6000,queue_depleted,False,True,,,,,,,,,,
5431,1791459767130,A,binance,ORCAUSDT,BUY,2.64600000,3.77857548,2.64600000,3.78,0.6362,0.0000,1.17,54.0000,queue_depleted,False,True,,,,,,,,,,
5432,1791459767130,B,binance,ORCAUSDT,BUY,2.64600000,3.77857548,2.64600000,3.78,0.6362,0.0000,1.17,54.0000,queue_depleted,False,True,,,,,,,,,,
5433,1791459767130,C,binance,ORCAUSDT,BUY,2.64600000,3.77857548,2.64600000,3.78,0.6362,0.0000,1.17,54.0000,queue_depleted,False,True,,,,,,,,,,
5436,1791459777228,A,binance,ADAUSDT,SELL,0.25110000,39.83270265,0.25110000,3.98,0.6127,0.0000,0.75,1693.4000,queue_depleted,False,True,,,,,,,,,,
5438,1791459781344,A,hyperliquid,VVV,BUY,24.32900000,0.41096453,24.32900000,3.29,0.8791,0.0000,0.00,9.4200,queue_depleted,False,True,,,,,,,,,,
5439,1791459781344,B,hyperliquid,VVV,BUY,24.32900000,0.41096453,24.32900000,3.29,0.8791,0.0000,0.00,9.4200,queue_depleted,False,True,,,,,,,,,,
5440,1791459781344,C,hyperliquid,VVV,BUY,24.32900000,0.41096453,24.32900000,3.29,0.8791,0.0000,0.00,9.4200,queue_depleted,False,True,,,,,,,,,,
5444,1791459788531,A,binance,ORCAUSDT,BUY,2.64500000,3.78000378,2.64500000,3.78,0.6085,0.0000,0.51,135.1400,queue_depleted,False,True,,,,,,,,,,
5445,1791459788531,B,binance,ORCAUSDT,BUY,2.64500000,3.78000378,2.64500000,3.78,0.6085,0.0000,0.51,135.1400,queue_depleted,False,True,,,,,,,,,,
5446,1791459788531,C,binance,ORCAUSDT,BUY,2.64500000,3.78000378,2.64500000,3.78,0.6085,0.0000,0.51,135.1400,queue_depleted,False,True,,,,,,,,,,
5449,1791459809697,A,binance,ORCAUSDT,BUY,2.64500000,3.78000378,2.64500000,3.78,0.6235,66.0100,1.47,48.7800,queue_depleted,False,True,,,,,,,,,,
5450,1791459809697,B,binance,ORCAUSDT,BUY,2.64500000,3.78000378,2.64500000,3.78,0.6235,66.0100,1.47,48.7800,queue_depleted,False,True,,,,,,,,,,
5451,1791459809697,C,binance,ORCAUSDT,BUY,2.64500000,3.78000378,2.64500000,3.78,0.6235,66.0100,1.47,48.7800,queue_depleted,False,True,,,,,,,,,,
5453,1791459813003,A,hyperliquid,CASHCAT,BUY,0.12065000,82.86033890,0.12065000,5.80,0.2768,0.0000,0.00,713.0000,queue_depleted,False,True,,,,,,,,,,
5456,1791459842209,A,binance,ADAUSDT,BUY,0.25090000,39.84857541,0.25090000,3.98,0.4626,0.0000,0.00,7355.8000,queue_depleted,False,True,,,,,,,,,,
5461,1791459849397,A,binance,HEMIUSDT,BUY,0.00599000,1668.05671393,0.00599000,16.68,0.6348,0.0000,0.00,2034105.5000,queue_depleted,False,True,,,,,,,,,,
5462,1791459849397,B,binance,HEMIUSDT,BUY,0.00599000,1668.05671393,0.00599000,16.68,0.6348,0.0000,0.00,2034105.5000,queue_depleted,False,True,,,,,,,,,,
5463,1791459849397,C,binance,HEMIUSDT,BUY,0.00599000,1668.05671393,0.00599000,16.68,0.6348,0.0000,0.00,2034105.5000,queue_depleted,False,True,,,,,,,,,,
5467,1791459870553,A,binance,TAOUSDT,BUY,280.90000000,0.03559352,280.90000000,3.56,0.5361,0.0000,0.54,2.1387,queue_depleted,False,True,,,,,,,,,,
5468,1791459872126,A,hyperliquid,CASHCAT,BUY,0.12060000,82.90842764,0.12060000,2.49,0.4457,0.0000,0.00,86.0000,queue_depleted,False,True,,,,,,,,,,
5469,1791459873799,A,binance,FETUSDT,BUY,0.23150000,43.18721658,0.23150000,4.32,0.3884,0.0000,0.65,23.8000,queue_depleted,False,True,,,,,,,,,,
5471,1791459883225,A,hyperliquid,PONS,BUY,0.38141000,26.21472481,0.38141000,2.88,0.2695,0.0000,0.00,1046.0000,queue_depleted,False,True,,,,,,,,,,
5476,1791459896048,A,hyperliquid,CASHCAT,BUY,0.12057000,82.91530202,0.12057000,5.80,0.3844,0.0000,0.00,117.0000,queue_depleted,False,True,,,,,,,,,,
5483,1791459912651,A,binance,ZROUSDT,SELL,2.02100000,4.94926998,2.02100000,4.95,0.7737,0.0000,1.00,152.3100,queue_depleted,False,True,,,,,,,,,,
5484,1791459922439,A,binance,RAYUSDT,SELL,2.46200000,4.06248096,2.46200000,3.66,0.8687,0.0000,0.46,50.5000,queue_depleted,False,True,,,,,,,,,,
5486,1791459929034,A,binance,RAYUSDT,SELL,2.46260000,4.06140850,2.46260000,3.25,0.8631,0.0000,0.53,2.3000,queue_depleted,False,True,,,,,,,,,,
5491,1791459939129,A,binance,RAYUSDT,SELL,2.46190000,4.06256348,2.46190000,3.25,0.7106,0.0000,0.68,57.1000,queue_depleted,False,True,,,,,,,,,,
5493,1791459945154,A,binance,FETUSDT,SELL,0.23160000,43.18721658,0.23160000,4.32,0.4760,0.0000,1.51,23.8000,queue_depleted,False,True,,,,,,,,,,
5506,1791459975036,A,hyperliquid,VVV,SELL,24.40400000,0.40982767,24.40400000,2.87,0.5787,0.0000,0.00,1.6300,queue_depleted,False,True,,,,,,,,,,
5509,1791459989635,A,binance,XLMUSDT,BUY,0.19860000,50.33979361,0.19860000,5.03,0.5002,0.0000,0.00,81.0000,queue_depleted,False,True,,,,,,,,,,
5510,1791459994208,A,binance,ORCAUSDT,BUY,2.64000000,3.78716152,2.64000000,3.79,0.4356,0.0000,0.55,54.0000,queue_depleted,False,True,,,,,,,,,,
5511,1791459999671,A,binance,ORCAUSDT,SELL,2.64000000,3.78859633,2.64000000,3.79,0.5022,0.0000,0.68,270.0000,queue_depleted,False,True,,,,,,,,,,
5516,1791460018542,A,binance,ORCAUSDT,BUY,2.64000000,3.78644453,2.64000000,7.57,0.5625,0.0000,0.85,123.3300,queue_depleted,False,True,,,,,,,,,,
5521,1791460027508,A,binance,TAOUSDT,BUY,281.00000000,0.03558086,281.00000000,3.56,0.4776,0.0000,1.04,0.0641,queue_depleted,False,True,,,,,,,,,,
5522,1791460027674,A,binance,ORCAUSDT,SELL,2.63900000,3.79003222,2.63900000,3.79,0.4032,0.0000,1.31,556.3800,queue_depleted,False,True,,,,,,,,,,
5523,1791460030065,A,hyperliquid,CASHCAT,BUY,0.12044000,83.01166314,0.12044000,4.15,0.2205,0.0000,0.00,85.0000,queue_depleted,False,True,,,,,,,,,,
5533,1791460035715,A,binance,ORCAUSDT,BUY,2.64000000,3.78716152,2.64000000,3.79,0.4895,0.0000,0.90,11.7800,queue_depleted,False,True,,,,,,,,,,
5535,1791460059151,A,binance,FETUSDT,BUY,0.23120000,43.24324324,0.23120000,4.32,0.3804,0.0000,0.00,188.8000,queue_depleted,False,True,,,,,,,,,,
5536,1791460060127,A,hyperliquid,CASHCAT,BUY,0.12036000,83.06682726,0.12036000,4.15,0.8622,0.0000,0.00,335.0000,queue_depleted,False,True,,,,,,,,,,
5537,1791460060127,B,hyperliquid,CASHCAT,BUY,0.12036000,83.06682726,0.12036000,4.15,0.8622,0.0000,0.00,335.0000,queue_depleted,False,True,,,,,,,,,,
5538,1791460060127,C,hyperliquid,CASHCAT,BUY,0.12036000,83.06682726,0.12036000,4.15,0.8622,0.0000,0.00,335.0000,queue_depleted,False,True,,,,,,,,,,
5539,1791460061965,A,binance,ORCAUSDT,BUY,2.63800000,3.79003222,2.63800000,3.79,0.4649,0.0000,0.85,2.0900,queue_depleted,False,True,,,,,,,,,,
5541,1791460065549,A,hyperliquid,kPEPE,BUY,0.00402900,2481.69748108,0.00402900,2.48,0.3330,0.0000,0.00,12410.0000,queue_depleted,False,True,,,,,,,,,,
5546,1791460073533,A,binance,ORCAUSDT,BUY,2.63700000,3.79146919,2.63700000,3.79,0.4814,0.0000,0.00,2.0900,queue_depleted,False,True,,,,,,,,,,
5547,1791460078723,A,binance,ORCAUSDT,BUY,2.63600000,3.79290726,2.63600000,3.79,0.3803,0.0000,0.48,9.8900,queue_depleted,False,True,,,,,,,,,,
5548,1791460082221,A,hyperliquid,W,BUY,0.01596000,626.37018478,0.01596000,6.26,0.4211,0.0000,0.00,104.5000,queue_depleted,False,True,,,,,,,,,,
5550,1791460094838,A,binance,ORCAUSDT,BUY,2.63700000,3.79146919,2.63700000,3.79,0.5671,0.0000,0.56,66.4200,queue_depleted,False,True,,,,,,,,,,
5551,1791460094804,A,hyperliquid,CRV,SELL,0.38580000,25.92318959,0.38580000,2.33,0.3110,0.0000,0.00,129.0000,queue_depleted,False,True,,,,,,,,,,
5552,1791460094804,B,hyperliquid,CRV,SELL,0.38580000,25.92318959,0.38580000,2.33,0.3110,0.0000,0.00,129.0000,queue_depleted,False,True,,,,,,,,,,
5553,1791460094804,C,hyperliquid,CRV,SELL,0.38580000,25.92318959,0.38580000,2.33,0.3110,0.0000,0.00,129.0000,queue_depleted,False,True,,,,,,,,,,
5554,1791460097586,A,binance,ORCAUSDT,BUY,2.63700000,3.79146919,2.63700000,3.79,0.6090,0.0000,0.63,433.4800,queue_depleted,False,True,,,,,,,,,,
5555,1791460097586,B,binance,ORCAUSDT,BUY,2.63700000,3.79146919,2.63700000,3.79,0.6090,0.0000,0.63,433.4800,queue_depleted,False,True,,,,,,,,,,
5556,1791460097586,C,binance,ORCAUSDT,BUY,2.63700000,3.79146919,2.63700000,3.79,0.6090,0.0000,0.65,433.4800,queue_depleted,False,True,,,,,,,,,,
5560,1791460103878,A,binance,ORCAUSDT,BUY,2.63600000,3.79290726,2.63600000,3.79,0.4967,0.0000,0.98,54.0000,queue_depleted,False,True,,,,,,,,,,
5561,1791460115482,A,hyperliquid,VVV,SELL,24.32400000,0.41117576,24.32400000,2.88,0.7646,0.4800,0.00,1.5900,queue_depleted,False,True,,,,,,,,,,
5569,1791460154701,A,hyperliquid,VVV,SELL,24.31900000,0.41128568,24.31900000,4.11,0.4270,0.0000,0.00,16.4500,queue_depleted,False,True,,,,,,,,,,
5571,1791460157718,A,binance,ADAUSDT,BUY,0.25000000,39.99200160,0.25000000,4.00,0.4565,0.0000,0.00,5069.4000,queue_depleted,False,True,,,,,,,,,,
5584,1791460199620,A,hyperliquid,FARTCOIN,SELL,0.15877000,62.99411005,0.15877000,3.15,0.8801,0.0000,0.00,384.6000,queue_depleted,False,True,,,,,,,,,,
5586,1791460200178,A,binance,ADAUSDT,SELL,0.25030000,39.96003996,0.25030000,4.00,0.5904,5813.1000,0.76,3487.3000,queue_depleted,False,True,,,,,,,,,,
5587,1791460201033,A,hyperliquid,AERO,SELL,0.77734000,12.86587327,0.77734000,2.32,0.5093,0.0000,0.00,23.0000,queue_depleted,False,True,,,,,,,,,,
5589,1791460201939,A,binance,FETUSDT,BUY,0.23060000,43.35573380,0.23060000,4.34,0.5236,0.0000,1.26,6524.8000,queue_depleted,False,True,,,,,,,,,,
5594,1791460209035,A,binance,XLMUSDT,BUY,0.19860000,50.33979361,0.19860000,5.03,0.4930,0.0000,0.69,1038.0000,queue_depleted,False,True,,,,,,,,,,
5595,1791460210042,A,binance,ENAUSDT,BUY,0.21700000,46.07233356,0.21700000,4.61,0.5099,0.0000,0.89,6111.1200,queue_depleted,False,True,,,,,,,,,,
5600,1791460219569,A,binance,TAOUSDT,BUY,280.40000000,0.03565698,280.40000000,3.57,0.4865,0.0000,0.84,0.0376,queue_depleted,False,True,,,,,,,,,,
5601,1791460221279,A,binance,TAOUSDT,SELL,280.40000000,0.03566970,280.40000000,3.57,0.6240,0.1104,0.86,0.0376,queue_depleted,False,True,,,,,,,,,,
5602,1791460224939,A,binance,TAOUSDT,SELL,280.50000000,0.03565698,280.50000000,3.57,0.5133,0.0000,0.89,0.7357,queue_depleted,False,True,,,,,,,,,,
5612,1791460253497,A,binance,ZROUSDT,SELL,2.01900000,4.95417389,2.01900000,4.95,0.5479,0.0000,0.74,165.3900,queue_depleted,False,True,,,,,,,,,,
5614,1791460256977,A,binance,TAOUSDT,BUY,280.60000000,0.03563157,280.60000000,3.56,0.4544,0.0000,0.75,8.9426,queue_depleted,False,True,,,,,,,,,,
5616,1791460261961,A,binance,TAOUSDT,BUY,280.50000000,0.03564427,280.50000000,3.56,0.5713,0.0000,1.14,1.4688,queue_depleted,False,True,,,,,,,,,,
5617,1791460264479,A,binance,ZROUSDT,SELL,2.01800000,4.95662949,2.01800000,4.96,0.6807,214.2200,0.73,10.0000,queue_depleted,False,True,,,,,,,,,,
5620,1791460272289,A,binance,TAOUSDT,SELL,280.60000000,0.03564427,280.60000000,3.56,0.6346,0.0000,1.01,0.0376,queue_depleted,False,True,,,,,,,,,,
5622,1791460273074,A,hyperliquid,ZRO,SELL,2.01810000,4.95576975,2.01810000,2.48,0.4192,0.0000,0.00,67.2000,queue_depleted,False,True,,,,,,,,,,
5624,1791460280048,A,binance,ADAUSDT,BUY,0.25050000,39.91219318,0.25050000,3.99,0.4524,86.0000,0.91,41.0000,queue_depleted,False,True,,,,,,,,,,
5625,1791460282069,A,binance,TAOUSDT,BUY,280.50000000,0.03564427,280.50000000,3.56,0.5801,0.0000,1.05,0.0644,queue_depleted,False,True,,,,,,,,,,
5626,1791460283834,A,hyperliquid,PONS,BUY,0.37975000,26.32652793,0.37975000,5.00,0.2055,0.0000,0.00,581.0000,queue_depleted,False,True,,,,,,,,,,
5627,1791460285955,A,binance,TAOUSDT,SELL,280.50000000,0.03565698,280.50000000,3.57,0.6313,0.0000,1.02,0.7621,queue_depleted,False,True,,,,,,,,,,
5635,1791460310444,A,hyperliquid,kPEPE,SELL,0.00403100,2481.08175164,0.00403100,2.48,0.5197,0.0000,0.00,3571.0000,queue_depleted,False,True,,,,,,,,,,
5636,1791460314058,A,binance,TAOUSDT,SELL,280.60000000,0.03564427,280.60000000,3.56,0.6100,0.0000,0.00,0.0376,queue_depleted,False,True,,,,,,,,,,
5638,1791460328357,A,binance,FETUSDT,BUY,0.23050000,43.37453915,0.23050000,4.34,0.4698,0.0000,0.78,23.9000,queue_depleted,False,True,,,,,,,,,,
5640,1791460349966,A,hyperliquid,CASHCAT,BUY,0.11984000,83.43414960,0.11984000,2.50,0.1515,0.0000,0.00,84.0000,queue_depleted,False,True,,,,,,,,,,
5641,1791460354987,A,hyperliquid,CASHCAT,BUY,0.11983000,83.42370902,0.11983000,6.67,0.2728,0.0000,0.00,134.0000,queue_depleted,False,True,,,,,,,,,,
5642,1791460355686,A,hyperliquid,AERO,SELL,0.77820000,12.85173595,0.77820000,2.44,0.0595,19.0000,0.00,23.0000,queue_depleted,False,True,,,,,,,,,,
5643,1791460355686,B,hyperliquid,AERO,SELL,0.77820000,12.85173595,0.77820000,2.44,0.0595,19.0000,0.00,23.0000,queue_depleted,False,True,,,,,,,,,,
5644,1791460355686,C,hyperliquid,AERO,SELL,0.77820000,12.85173595,0.77820000,2.44,0.0595,19.0000,0.00,23.0000,queue_depleted,False,True,,,,,,,,,,
5653,1791460362066,A,hyperliquid,kPEPE,BUY,0.00402700,2482.92985723,0.00402700,2.48,0.3993,0.0000,0.00,1733.0000,queue_depleted,False,True,,,,,,,,,,
5654,1791460366251,A,hyperliquid,CASHCAT,BUY,0.11989000,83.38197282,0.11989000,6.67,0.3562,101.0000,0.00,149.0000,queue_depleted,False,True,,,,,,,,,,
5656,1791460375046,A,hyperliquid,CASHCAT,BUY,0.11980000,83.43763037,0.11980000,8.34,0.2360,0.0000,0.00,84.0000,queue_depleted,False,True,,,,,,,,,,
5663,1791460381074,A,binance,ADAUSDT,SELL,0.25030000,39.96003996,0.25030000,4.00,0.5760,0.0000,0.00,3617.5000,queue_depleted,False,True,,,,,,,,,,
5666,1791460381878,A,binance,ZROUSDT,SELL,2.01900000,4.95417389,2.01900000,4.95,0.4384,0.0000,0.85,200.3200,queue_depleted,False,True,,,,,,,,,,
5667,1791460383939,A,hyperliquid,PONS,BUY,0.37898000,26.38348394,0.37898000,2.37,0.2411,0.0000,0.00,870.0000,queue_depleted,False,True,,,,,,,,,,
5676,1791460395023,A,hyperliquid,VVV,SELL,24.34000000,0.41089699,24.34000000,2.47,0.7666,0.0000,0.00,12.3200,queue_depleted,False,True,,,,,,,,,,
5681,1791460402912,A,binance,FETUSDT,SELL,0.23050000,43.39336082,0.23050000,4.34,0.5313,0.0000,0.00,590.4000,queue_depleted,False,True,,,,,,,,,,
5685,1791460425690,A,binance,ORCAUSDT,BUY,2.61900000,3.81679389,2.61900000,7.63,0.4404,0.0000,0.72,11.9600,queue_depleted,False,True,,,,,,,,,,
5686,1791460426194,A,binance,ADAUSDT,BUY,0.25030000,39.94407829,0.25030000,3.99,0.4277,0.0000,0.00,379.5000,queue_depleted,False,True,,,,,,,,,,
5687,1791460429224,A,binance,RAYUSDT,SELL,2.46960000,4.04997671,2.46960000,3.64,0.9346,0.0000,0.00,2.3000,queue_depleted,False,True,,,,,,,,,,
5689,1791460434462,A,binance,ADAUSDT,SELL,0.25030000,39.96003996,0.25030000,4.00,0.5769,0.0000,0.70,1654.4000,queue_depleted,False,True,,,,,,,,,,
5690,1791460434465,A,binance,FETUSDT,SELL,0.23060000,43.37453915,0.23060000,4.34,0.5129,0.0000,0.00,47.4000,queue_depleted,False,True,,,,,,,,,,
5709,1791460461559,A,binance,TAOUSDT,SELL,280.30000000,0.03568243,280.30000000,3.57,0.5998,0.3082,0.00,1.1127,queue_depleted,False,True,,,,,,,,,,
5711,1791460465898,A,binance,ADAUSDT,BUY,0.25040000,39.92812937,0.25040000,3.99,0.4355,0.0000,0.82,282.4000,queue_depleted,False,True,,,,,,,,,,
5718,1791460472681,A,binance,FETUSDT,SELL,0.23070000,43.35573380,0.23070000,4.34,0.5197,0.0000,0.00,4492.3000,queue_depleted,False,True,,,,,,,,,,
5725,1791460485047,A,hyperliquid,VVV,SELL,24.35200000,0.41071135,24.35200000,3.29,0.0557,0.0000,0.00,20.5300,queue_depleted,False,True,,,,,,,,,,
5726,1791460485047,B,hyperliquid,VVV,SELL,24.35200000,0.41071135,24.35200000,3.29,0.0557,0.0000,0.00,20.5300,queue_depleted,False,True,,,,,,,,,,
5727,1791460485047,C,hyperliquid,VVV,SELL,24.35200000,0.41071135,24.35200000,3.29,0.0557,0.0000,0.00,20.5300,queue_depleted,False,True,,,,,,,,,,
5731,1791460486097,A,binance,FETUSDT,SELL,0.23090000,43.31817197,0.23090000,4.33,0.5098,0.0000,0.72,499.5000,queue_depleted,False,True,,,,,,,,,,
5734,1791460501722,A,binance,ENAUSDT,BUY,0.21730000,46.00874166,0.21730000,4.60,0.4192,0.0000,0.00,48.3300,queue_depleted,False,True,,,,,,,,,,
5735,1791460503858,A,binance,ZROUSDT,BUY,2.02200000,4.94437577,2.02200000,4.94,0.3119,0.0000,1.08,252.0900,queue_depleted,False,True,,,,,,,,,,
5738,1791460505418,A,binance,MOVRUSDT,BUY,1.88800000,5.29520784,1.88800000,5.30,0.5552,101.0680,1.53,10.6400,queue_depleted,False,True,,,,,,,,,,
5740,1791460506661,A,binance,FETUSDT,SELL,0.23100000,43.29941546,0.23100000,4.33,0.5572,0.0000,0.00,444.1000,queue_depleted,False,True,,,,,,,,,,
5749,1791460520570,A,hyperliquid,CASHCAT,BUY,0.11988000,83.37849669,0.11988000,9.17,0.6093,0.0000,0.00,84.0000,queue_depleted,False,True,,,,,,,,,,
5750,1791460520570,B,hyperliquid,CASHCAT,BUY,0.11988000,83.37849669,0.11988000,9.17,0.6093,0.0000,0.00,84.0000,queue_depleted,False,True,,,,,,,,,,
5751,1791460520570,C,hyperliquid,CASHCAT,BUY,0.11988000,83.37849669,0.11988000,9.17,0.6093,0.0000,0.00,84.0000,queue_depleted,False,True,,,,,,,,,,
5757,1791460526497,A,binance,FETUSDT,SELL,0.23100000,43.29941546,0.23100000,4.33,0.5508,0.0000,1.13,3190.0000,queue_depleted,False,True,,,,,,,,,,
5762,1791460531177,A,hyperliquid,CHIP,SELL,0.04982200,200.74476307,0.04982200,3.01,0.1422,0.0000,0.00,270.0000,queue_depleted,False,True,,,,,,,,,,
5763,1791460531177,B,hyperliquid,CHIP,SELL,0.04982200,200.74476307,0.04982200,3.01,0.1422,0.0000,0.00,270.0000,queue_depleted,False,True,,,,,,,,,,
5764,1791460531177,C,hyperliquid,CHIP,SELL,0.04982200,200.74476307,0.04982200,3.01,0.1422,0.0000,0.00,270.0000,queue_depleted,False,True,,,,,,,,,,
5768,1791460531177,A,hyperliquid,CASHCAT,SELL,0.11996000,83.39588024,0.11996000,8.34,0.6586,0.0000,0.00,7.0000,queue_depleted,False,True,,,,,,,,,,
5769,1791460535496,A,binance,ORCAUSDT,BUY,2.61700000,3.82043935,2.61700000,3.82,0.6175,0.0000,0.97,14.1800,queue_depleted,False,True,,,,,,,,,,
5770,1791460535496,B,binance,ORCAUSDT,BUY,2.61700000,3.82043935,2.61700000,3.82,0.6175,0.0000,0.97,14.1800,queue_depleted,False,True,,,,,,,,,,
5771,1791460535496,C,binance,ORCAUSDT,BUY,2.61700000,3.82043935,2.61700000,3.82,0.6175,0.0000,0.97,14.1800,queue_depleted,False,True,,,,,,,,,,
5772,1791460539490,A,hyperliquid,VVV,BUY,24.32400000,0.41104055,24.32400000,3.70,0.6750,0.0000,0.00,18.2200,queue_depleted,False,True,,,,,,,,,,
5773,1791460539490,B,hyperliquid,VVV,BUY,24.32400000,0.41104055,24.32400000,3.70,0.6750,0.0000,0.00,18.2200,queue_depleted,False,True,,,,,,,,,,
5774,1791460539490,C,hyperliquid,VVV,BUY,24.32400000,0.41104055,24.32400000,3.70,0.6750,0.0000,0.00,18.2200,queue_depleted,False,True,,,,,,,,,,
5779,1791460543504,A,hyperliquid,CHIP,SELL,0.04978300,200.89599614,0.04978300,2.41,0.3643,0.0000,0.00,272.0000,queue_depleted,False,True,,,,,,,,,,
5780,1791460543504,B,hyperliquid,CHIP,SELL,0.04978300,200.89599614,0.04978300,2.41,0.3643,0.0000,0.00,272.0000,queue_depleted,False,True,,,,,,,,,,
5781,1791460543504,C,hyperliquid,CHIP,SELL,0.04978300,200.89599614,0.04978300,2.41,0.3643,0.0000,0.00,272.0000,queue_depleted,False,True,,,,,,,,,,
5795,1791460554995,A,binance,ORCAUSDT,SELL,2.61500000,3.82482310,2.61500000,3.82,0.6637,0.0000,1.08,147.7400,queue_depleted,False,True,,,,,,,,,,
5796,1791460554998,A,hyperliquid,CASHCAT,SELL,0.12007000,83.32986126,0.12007000,10.83,0.4779,0.0000,0.00,1289.0000,queue_depleted,False,True,,,,,,,,,,
5798,1791460555208,A,binance,FETUSDT,BUY,0.23080000,43.31817197,0.23080000,4.33,0.4619,0.0000,0.94,2608.9000,queue_depleted,False,True,,,,,,,,,,
5802,1791460556460,A,binance,TAOUSDT,BUY,280.30000000,0.03566970,280.30000000,3.57,0.5602,0.0000,0.00,7.3558,queue_depleted,False,True,,,,,,,,,,
5816,1791460572886,A,binance,TAOUSDT,SELL,280.30000000,0.03568243,280.30000000,3.57,0.6164,0.0000,0.00,2.0796,queue_depleted,False,True,,,,,,,,,,
5818,1791460586902,A,binance,ZROUSDT,BUY,2.02000000,4.94926998,2.02000000,4.95,0.5130,0.0000,0.00,60.8000,queue_depleted,False,True,,,,,,,,,,
5819,1791460588172,A,hyperliquid,CASHCAT,BUY,0.11995000,83.33680570,0.11995000,7.50,0.6045,0.0000,0.00,250.0000,queue_depleted,False,True,,,,,,,,,,
5820,1791460588172,B,hyperliquid,CASHCAT,BUY,0.11995000,83.33680570,0.11995000,7.50,0.6045,0.0000,0.00,250.0000,queue_depleted,False,True,,,,,,,,,,
5821,1791460588172,C,hyperliquid,CASHCAT,BUY,0.11995000,83.33680570,0.11995000,7.50,0.6045,0.0000,0.00,250.0000,queue_depleted,False,True,,,,,,,,,,
5822,1791460590032,A,binance,ZROUSDT,BUY,2.02000000,4.94926998,2.02000000,4.95,0.5139,0.0000,0.00,82.4000,queue_depleted,False,True,,,,,,,,,,
5823,1791460604827,A,binance,FETUSDT,SELL,0.23050000,43.39336082,0.23050000,4.34,0.4839,0.0000,1.20,11714.3000,queue_depleted,False,True,,,,,,,,,,
5824,1791460607975,A,binance,RAYUSDT,BUY,2.47730000,4.03583824,2.47730000,4.04,0.9738,17.4000,0.54,5.4000,queue_depleted,False,True,,,,,,,,,,
5825,1791460607975,B,binance,RAYUSDT,BUY,2.47730000,4.03583824,2.47730000,4.04,0.9738,17.4000,0.54,5.4000,queue_depleted,False,True,,,,,,,,,,
5826,1791460607975,C,binance,RAYUSDT,BUY,2.47730000,4.03583824,2.47730000,4.04,0.9738,17.4000,0.54,5.4000,queue_depleted,False,True,,,,,,,,,,
5835,1791460619418,A,binance,FETUSDT,BUY,0.23030000,43.41219883,0.23030000,4.34,0.5248,0.0000,1.01,6379.4000,queue_depleted,False,True,,,,,,,,,,
5836,1791460620591,A,hyperliquid,CASHCAT,BUY,0.11989000,83.39935782,0.11989000,2.50,0.3261,0.0000,0.00,150.0000,queue_depleted,False,True,,,,,,,,,,
5838,1791460622546,A,hyperliquid,PONS,BUY,0.37970000,26.33346061,0.37970000,2.37,0.2938,0.0000,0.00,32.0000,queue_depleted,False,True,,,,,,,,,,
5839,1791460624089,A,binance,ADAUSDT,BUY,0.25000000,39.99200160,0.25000000,4.00,0.4981,4119.9000,0.56,35041.9000,queue_depleted,False,True,,,,,,,,,,
5844,1791460639766,A,binance,FETUSDT,BUY,0.23030000,43.41219883,0.23030000,4.34,0.3448,0.0000,1.31,3760.0000,queue_depleted,False,True,,,,,,,,,,
5850,1791460662676,A,hyperliquid,PONS,BUY,0.37901000,26.38174383,0.37901000,2.11,0.1860,0.0000,0.00,31.0000,queue_depleted,False,True,,,,,,,,,,
5852,1791460664000,A,binance,ORCAUSDT,BUY,2.61900000,3.81679389,2.61900000,7.63,0.5597,0.0000,1.05,116.5300,queue_depleted,False,True,,,,,,,,,,
5858,1791460667235,A,binance,ORCAUSDT,BUY,2.61700000,3.82043935,2.61700000,3.82,0.6144,0.0000,1.95,48.7400,queue_depleted,False,True,,,,,,,,,,
5859,1791460667235,B,binance,ORCAUSDT,BUY,2.61700000,3.82043935,2.61700000,3.82,0.6144,0.0000,1.95,48.7400,queue_depleted,False,True,,,,,,,,,,
5860,1791460667235,C,binance,ORCAUSDT,BUY,2.61700000,3.82043935,2.61700000,3.82,0.6144,0.0000,1.95,48.7400,queue_depleted,False,True,,,,,,,,,,
5865,1791460681307,A,hyperliquid,CHIP,BUY,0.04964600,201.39161607,0.04964600,3.42,0.2213,0.0000,0.00,272.0000,queue_depleted,False,True,,,,,,,,,,
5875,1791460698182,A,binance,TAOUSDT,BUY,279.90000000,0.03572066,279.90000000,3.57,0.6481,0.0000,0.00,223.5312,queue_depleted,False,True,,,,,,,,,,
5876,1791460698182,B,binance,TAOUSDT,BUY,279.90000000,0.03572066,279.90000000,3.57,0.6481,0.0000,0.00,223.5312,queue_depleted,False,True,,,,,,,,,,
5877,1791460698182,C,binance,TAOUSDT,BUY,279.90000000,0.03572066,279.90000000,3.57,0.6481,0.0000,0.00,223.5312,queue_depleted,False,True,,,,,,,,,,
5881,1791460707213,A,binance,ENAUSDT,SELL,0.21670000,46.15739672,0.21670000,4.62,0.5399,0.0000,0.00,5702.5700,queue_depleted,False,True,,,,,,,,,,
5883,1791460715949,A,binance,RAYUSDT,SELL,2.47200000,4.04612583,2.47200000,4.05,0.8526,0.0000,0.45,40.1000,queue_depleted,False,True,,,,,,,,,,
5886,1791460718028,A,hyperliquid,CRV,BUY,0.38529000,25.95110811,0.38529000,2.60,0.5037,0.0000,0.00,109.5000,queue_depleted,False,True,,,,,,,,,,
5888,1791460718407,A,binance,ZROUSDT,BUY,2.01800000,4.95417389,2.01800000,4.95,0.4672,0.0000,0.00,222.4800,queue_depleted,False,True,,,,,,,,,,
5892,1791460744179,A,binance,TAOUSDT,BUY,279.80000000,0.03573343,279.80000000,3.57,0.4721,0.0000,0.00,0.0376,queue_depleted,False,True,,,,,,,,,,
5893,1791460746277,A,binance,ZROUSDT,BUY,2.01500000,4.96154800,2.01500000,4.96,0.5883,0.0000,0.00,3.0000,queue_depleted,False,True,,,,,,,,,,
5894,1791460746972,A,binance,ZROUSDT,BUY,2.01400000,4.96401092,2.01400000,4.96,0.4519,3.0000,0.95,368.1100,queue_depleted,False,True,,,,,,,,,,
5896,1791460747903,A,binance,ADAUSDT,BUY,0.24970000,40.04004004,0.24970000,4.00,0.5146,0.0000,0.56,16213.3000,queue_depleted,False,True,,,,,,,,,,
5898,1791460748485,A,binance,ORCAUSDT,SELL,2.61300000,3.82775120,2.61300000,3.83,0.7118,36.6400,1.08,72.1100,queue_depleted,False,True,,,,,,,,,,
5907,1791460786840,A,hyperliquid,CRV,SELL,0.38538000,25.95178159,0.38538000,2.60,0.6810,0.0000,0.00,145.4000,queue_depleted,False,True,,,,,,,,,,
5909,1791460795296,A,binance,FETUSDT,SELL,0.23060000,43.37453915,0.23060000,4.34,0.5134,0.0000,0.78,344.2000,queue_depleted,False,True,,,,,,,,,,
5910,1791460808237,A,binance,XLMUSDT,BUY,0.19840000,50.39052658,0.19840000,5.04,0.5193,0.0000,0.00,36270.0000,queue_depleted,False,True,,,,,,,,,,
5915,1791460820293,A,binance,ORCAUSDT,BUY,2.61200000,3.82775120,2.61200000,3.83,0.5180,0.0000,1.41,179.6700,queue_depleted,False,True,,,,,,,,,,
5923,1791460859545,A,binance,FETUSDT,SELL,0.23080000,43.33694475,0.23080000,4.33,0.4736,0.0000,0.89,23.9000,queue_depleted,False,True,,,,,,,,,,
5926,1791460863894,A,binance,RAYUSDT,BUY,2.46540000,4.05547895,2.46540000,3.24,0.4306,0.0000,1.09,2.3000,queue_depleted,False,True,,,,,,,,,,
5936,1791460894257,A,hyperliquid,CASHCAT,BUY,0.11978000,83.46200392,0.11978000,5.84,0.4584,126.0000,0.00,275.0000,queue_depleted,False,True,,,,,,,,,,
5938,1791460896876,A,hyperliquid,VVV,BUY,24.31900000,0.41112504,24.31900000,3.70,0.4356,0.0000,0.00,3.3200,queue_depleted,False,True,,,,,,,,,,
5943,1791460901254,A,hyperliquid,CASHCAT,BUY,0.11965000,83.54567860,0.11965000,7.52,0.5042,0.0000,0.00,250.0000,queue_depleted,False,True,,,,,,,,,,
5948,1791460922564,B,binance,ORCAUSDT,BUY,2.61300000,3.82628659,2.61300000,3.83,0.6012,522.1700,1.03,14.2700,queue_depleted,False,True,,,,,,,,,,
5949,1791460937476,A,binance,ORCAUSDT,SELL,2.61300000,3.82775120,2.61300000,3.83,0.7183,0.0000,0.00,15.2200,queue_depleted,False,True,,,,,,,,,,
5951,1791460969067,A,hyperliquid,GRIFFAIN,SELL,0.01731700,577.98456781,0.01731700,17.92,0.5116,0.0000,0.00,23099.0000,queue_depleted,False,True,,,,,,,,,,
5958,1791460981042,A,hyperliquid,kPEPE,SELL,0.00401000,2494.07656815,0.00401000,2.49,0.5539,0.0000,0.00,11960.0000,queue_depleted,False,True,,,,,,,,,,
5972,1791461046837,A,hyperliquid,VVV,BUY,24.20200000,0.41312071,24.20200000,3.30,0.8734,116.1600,0.00,29.3000,queue_depleted,False,True,,,,,,,,,,
5973,1791461046837,B,hyperliquid,VVV,BUY,24.20200000,0.41312071,24.20200000,3.30,0.8734,116.1600,0.00,29.3000,queue_depleted,False,True,,,,,,,,,,
5982,1791461081837,A,binance,RAYUSDT,SELL,2.47030000,4.04874691,2.47030000,3.24,0.5065,0.0000,1.02,2.3000,queue_depleted,False,True,,,,,,,,,,
5985,1791461119231,A,hyperliquid,CASHCAT,BUY,0.11897000,84.02302231,0.11897000,7.56,0.6607,0.0000,0.00,85.0000,queue_depleted,False,True,,,,,,,,,,
5986,1791461119231,B,hyperliquid,CASHCAT,BUY,0.11897000,84.02302231,0.11897000,7.56,0.6607,0.0000,0.00,85.0000,queue_depleted,False,True,,,,,,,,,,
5987,1791461119231,C,hyperliquid,CASHCAT,BUY,0.11897000,84.02302231,0.11897000,7.56,0.6607,0.0000,0.00,85.0000,queue_depleted,False,True,,,,,,,,,,
5991,1791461125058,A,hyperliquid,CASHCAT,SELL,0.11906000,84.03008277,0.11906000,9.24,0.4445,0.0000,0.00,663.0000,queue_depleted,False,True,,,,,,,,,,
5995,1791461129133,A,binance,ADAUSDT,BUY,0.24900000,40.15257980,0.24900000,4.02,0.5218,0.0000,0.55,25366.5000,queue_depleted,False,True,,,,,,,,,,
5997,1791461131059,A,hyperliquid,CASHCAT,SELL,0.11911000,83.98773779,0.11911000,7.56,0.4044,0.0000,0.00,269.0000,queue_depleted,False,True,,,,,,,,,,
6007,1791461185815,A,binance,ORCAUSDT,SELL,2.61400000,3.82628659,2.61400000,3.83,0.5117,0.0000,1.28,163.1200,queue_depleted,False,True,,,,,,,,,,
6010,1791461205349,A,binance,ZROUSDT,BUY,2.01600000,4.95908753,2.01600000,4.96,0.3068,0.0000,0.65,40.6000,queue_depleted,False,True,,,,,,,,,,
6023,1791461228121,A,hyperliquid,CASHCAT,SELL,0.11924000,83.88206182,0.11924000,4.19,0.5877,0.0000,0.00,185.0000,queue_depleted,False,True,,,,,,,,,,
6032,1791461236614,A,hyperliquid,CASHCAT,BUY,0.11918000,83.87854387,0.11918000,6.71,0.6434,94.0000,0.00,728.0000,queue_depleted,False,True,,,,,,,,,,
6033,1791461236614,B,hyperliquid,CASHCAT,BUY,0.11918000,83.87854387,0.11918000,6.71,0.6434,94.0000,0.00,728.0000,queue_depleted,False,True,,,,,,,,,,
6034,1791461236614,C,hyperliquid,CASHCAT,BUY,0.11918000,83.87854387,0.11918000,6.71,0.6434,94.0000,0.00,728.0000,queue_depleted,False,True,,,,,,,,,,
6046,1791461256044,A,binance,ZROUSDT,BUY,2.01700000,4.95662949,2.01700000,4.96,0.3043,0.0000,0.00,63.7000,queue_depleted,False,True,,,,,,,,,,
6052,1791461301621,A,binance,XLMUSDT,SELL,0.19800000,50.51780753,0.19800000,5.05,0.5733,0.0000,0.95,20337.0000,queue_depleted,False,True,,,,,,,,,,
6053,1791461369663,A,binance,ORCAUSDT,BUY,2.61000000,3.83068378,2.61000000,3.83,0.5866,0.0000,1.97,43.0400,queue_depleted,False,True,,,,,,,,,,
6059,1791461376956,A,binance,ZROUSDT,BUY,2.01600000,4.95908753,2.01600000,4.96,0.5357,0.0000,0.84,44.4000,queue_depleted,False,True,,,,,,,,,,
6061,1791461400917,A,binance,XLMUSDT,BUY,0.19790000,50.51780753,0.19790000,5.05,0.5028,0.0000,0.74,839.0000,queue_depleted,False,True,,,,,,,,,,
6062,1791461442809,A,binance,ADAUSDT,SELL,0.24880000,40.20100503,0.24880000,4.02,0.5532,1554.0000,0.56,806.7000,queue_depleted,False,True,,,,,,,,,,
6064,1791461465636,A,binance,ZROUSDT,SELL,2.01200000,4.97141437,2.01200000,4.97,0.4230,0.0000,1.16,972.6000,queue_depleted,False,True,,,,,,,,,,
6071,1791461491529,A,binance,XLMUSDT,SELL,0.19780000,50.56890013,0.19780000,5.06,0.5257,0.0000,0.00,13511.0000,queue_depleted,False,True,,,,,,,,,,
6073,1791461499535,A,binance,ENAUSDT,BUY,0.21630000,46.22140051,0.21630000,4.62,0.4251,0.0000,0.93,789.6500,queue_depleted,False,True,,,,,,,,,,
6079,1791461531749,A,binance,RAYUSDT,SELL,2.46660000,4.05482118,2.46660000,3.24,0.9046,0.0000,0.73,3.1000,queue_depleted,False,True,,,,,,,,,,
6090,1791461595720,A,binance,ORCAUSDT,SELL,2.60300000,3.84245917,2.60300000,3.84,0.6396,0.0000,0.70,160.1300,queue_depleted,False,True,,,,,,,,,,
6113,1791461733615,A,binance,MOVRUSDT,SELL,1.90000000,5.26454330,1.90000000,5.26,0.6644,0.0000,0.60,67.5380,queue_depleted,False,True,,,,,,,,,,
6119,1791461754415,A,hyperliquid,CHIP,SELL,0.04903600,203.95676117,0.04903600,2.45,0.0147,0.0000,0.00,6357.0000,queue_depleted,False,True,,,,,,,,,,
6120,1791461754415,B,hyperliquid,CHIP,SELL,0.04903600,203.95676117,0.04903600,2.45,0.0147,0.0000,0.00,6357.0000,queue_depleted,False,True,,,,,,,,,,
6121,1791461754415,C,hyperliquid,CHIP,SELL,0.04903600,203.95676117,0.04903600,2.45,0.0147,0.0000,0.00,6357.0000,queue_depleted,False,True,,,,,,,,,,
6132,1791461768354,A,binance,RAYUSDT,BUY,2.45840000,4.06694186,2.45840000,3.66,0.2524,0.0000,0.81,2.3000,queue_depleted,False,True,,,,,,,,,,
6133,1791461776797,A,binance,XLMUSDT,SELL,0.19780000,50.56890013,0.19780000,5.06,0.4996,0.0000,0.00,54220.0000,queue_depleted,False,True,,,,,,,,,,
6138,1791461815112,A,hyperliquid,CASHCAT,SELL,0.11857000,84.35615167,0.11857000,4.22,0.4061,0.0000,0.00,150.0000,queue_depleted,False,True,,,,,,,,,,
6148,1791461845889,A,hyperliquid,CASHCAT,BUY,0.11844000,84.41311780,0.11844000,4.22,0.3721,0.0000,0.00,85.0000,queue_depleted,False,True,,,,,,,,,,
6150,1791461853978,A,hyperliquid,CASHCAT,BUY,0.11840000,84.44519507,0.11840000,3.38,0.2153,0.0000,0.00,525.0000,queue_depleted,False,True,,,,,,,,,,
6156,1791461861665,A,hyperliquid,kPEPE,BUY,0.00401800,2488.49073037,0.00401800,2.49,0.4484,0.0000,0.00,251171.0000,queue_depleted,False,True,,,,,,,,,,
6161,1791461881774,A,binance,ADAUSDT,BUY,0.24960000,40.05607851,0.24960000,4.01,0.4630,0.0000,0.00,3372.4000,queue_depleted,False,True,,,,,,,,,,
6165,1791461883610,A,hyperliquid,CASHCAT,BUY,0.11824000,84.55944529,0.11824000,3.38,0.5779,0.0000,0.00,845.0000,queue_depleted,False,True,,,,,,,,,,
6167,1791461900117,A,binance,HEMIUSDT,BUY,0.00598000,1670.84377611,0.00598000,16.71,0.5009,0.0000,0.00,1810.6000,queue_depleted,False,True,,,,,,,,,,
6174,1791461959170,A,hyperliquid,CASHCAT,SELL,0.11807000,84.72422266,0.11807000,6.78,0.6824,0.0000,0.00,2494.0000,queue_depleted,False,True,,,,,,,,,,
6176,1791461969004,A,binance,ADAUSDT,SELL,0.24950000,40.08819403,0.24950000,4.01,0.5321,0.0000,0.49,848.8000,queue_depleted,False,True,,,,,,,,,,
6177,1791461976534,A,hyperliquid,CASHCAT,SELL,0.11820000,84.63100880,0.11820000,6.77,0.5388,0.0000,0.00,242.0000,queue_depleted,False,True,,,,,,,,,,
6179,1791461979742,A,binance,TAOUSDT,SELL,279.30000000,0.03581021,279.30000000,3.58,0.5072,0.0000,0.74,0.7559,queue_depleted,False,True,,,,,,,,,,
6181,1791461984766,A,hyperliquid,CASHCAT,BUY,0.11818000,84.58447875,0.11818000,7.61,0.4716,0.0000,0.00,1035.0000,queue_depleted,False,True,,,,,,,,,,
6183,1791462000895,A,hyperliquid,CASHCAT,SELL,0.11828000,84.58090163,0.11828000,8.46,0.5764,0.0000,0.00,169.0000,queue_depleted,False,True,,,,,,,,,,
6185,1791462029328,A,binance,ADAUSDT,BUY,0.24990000,40.00800160,0.24990000,4.00,0.4504,0.0000,0.52,1702.3000,queue_depleted,False,True,,,,,,,,,,
6189,1791462063399,A,hyperliquid,MON,BUY,0.02511400,398.10502010,0.02511400,3.98,0.4275,24772.0000,0.00,1990.0000,queue_depleted,False,True,,,,,,,,,,
6191,1791462080355,A,binance,ADAUSDT,SELL,0.24990000,40.02401441,0.24990000,4.00,0.5373,0.0000,0.58,1388.6000,queue_depleted,False,True,,,,,,,,,,
6192,1791462087040,A,hyperliquid,GRIFFAIN,SELL,0.01717200,583.05638155,0.01717200,24.49,0.6505,0.0000,0.00,5824.0000,queue_depleted,False,True,,,,,,,,,,
6194,1791462095976,A,binance,ADAUSDT,BUY,0.24980000,40.02401441,0.24980000,4.00,0.4631,0.0000,0.58,62.7000,queue_depleted,False,True,,,,,,,,,,
6201,1791462160194,A,hyperliquid,CASHCAT,BUY,0.11875000,84.17154160,0.11875000,9.26,0.4565,0.0000,0.00,250.0000,queue_depleted,False,True,,,,,,,,,,
6202,1791462162612,A,binance,XLMUSDT,BUY,0.19820000,50.44136192,0.19820000,5.04,0.4617,25679.0000,0.87,3881.0000,queue_depleted,False,True,,,,,,,,,,
6203,1791462183983,A,binance,XLMUSDT,SELL,0.19830000,50.44136192,0.19830000,5.04,0.5206,0.0000,0.00,2722.0000,queue_depleted,False,True,,,,,,,,,,
6204,1791462185116,A,binance,HEMIUSDT,SELL,0.00601000,1665.27893422,0.00601000,16.65,0.5802,0.0000,0.00,53118.0000,queue_depleted,False,True,,,,,,,,,,
6209,1791462199277,A,binance,ADAUSDT,SELL,0.25000000,40.00800160,0.25000000,4.00,0.5429,0.0000,0.00,29693.8000,queue_depleted,False,True,,,,,,,,,,
6213,1791462208219,A,hyperliquid,GRAM,SELL,1.41380000,7.07388675,1.41380000,2.12,0.4503,0.0000,0.00,266.0000,queue_depleted,False,True,,,,,,,,,,
6220,1791462264882,A,binance,ENAUSDT,BUY,0.21670000,46.13610150,0.21670000,4.61,0.4312,48.4700,0.00,48.4600,queue_depleted,False,True,,,,,,,,,,
6223,1791462289413,A,binance,ADAUSDT,BUY,0.25010000,39.97601439,0.25010000,4.00,0.4297,0.0000,0.67,11107.8000,queue_depleted,False,True,,,,,,,,,,
6224,1791462296202,A,binance,ENAUSDT,BUY,0.21640000,46.20004620,0.21640000,4.62,0.4725,0.0000,0.95,48.5400,queue_depleted,False,True,,,,,,,,,,
6225,1791462300080,A,binance,ENAUSDT,BUY,0.21630000,46.22140051,0.21630000,4.62,0.5324,0.0000,1.06,154.7100,queue_depleted,False,True,,,,,,,,,,
6228,1791462318183,A,binance,XLMUSDT,SELL,0.19840000,50.41593143,0.19840000,5.04,0.5940,0.0000,0.00,1384.0000,queue_depleted,False,True,,,,,,,,,,
6230,1791462326908,A,binance,XLMUSDT,BUY,0.19840000,50.39052658,0.19840000,5.04,0.5343,0.0000,0.99,21081.0000,queue_depleted,False,True,,,,,,,,,,
6233,1791462336700,A,binance,ADAUSDT,BUY,0.24990000,40.00800160,0.24990000,4.00,0.4458,0.0000,0.51,173.2000,queue_depleted,False,True,,,,,,,,,,
6234,1791462339851,A,binance,ENAUSDT,BUY,0.21630000,46.22140051,0.21630000,4.62,0.4196,0.0000,1.30,1207.4400,queue_depleted,False,True,,,,,,,,,,
6239,1791462380977,A,hyperliquid,kPEPE,BUY,0.00401400,2490.97023291,0.00401400,2.49,0.4477,0.0000,0.00,12000.0000,queue_depleted,False,True,,,,,,,,,,
6243,1791462427889,A,hyperliquid,CRV,BUY,0.37644000,26.56113044,0.37644000,2.66,0.2087,0.0000,0.00,218.9000,queue_depleted,False,True,,,,,,,,,,
6245,1791462430759,A,binance,MOVRUSDT,BUY,1.89100000,5.28680941,1.89100000,5.29,0.4928,0.0000,1.30,200.5090,queue_depleted,False,True,,,,,,,,,,
6247,1791462435266,A,hyperliquid,GRAM,SELL,1.40950000,7.09546954,1.40950000,2.13,0.3744,0.0000,0.00,36.0000,queue_depleted,False,True,,,,,,,,,,
6248,1791462435266,B,hyperliquid,GRAM,SELL,1.40950000,7.09546954,1.40950000,2.13,0.3744,0.0000,0.00,36.0000,queue_depleted,False,True,,,,,,,,,,
6249,1791462435266,C,hyperliquid,GRAM,SELL,1.40950000,7.09546954,1.40950000,2.13,0.3744,0.0000,0.00,36.0000,queue_depleted,False,True,,,,,,,,,,
6253,1791462453648,A,hyperliquid,CASHCAT,SELL,0.11905000,84.03008277,0.11905000,7.56,0.0817,0.0000,0.00,92.0000,queue_depleted,False,True,,,,,,,,,,
6254,1791462453648,B,hyperliquid,CASHCAT,SELL,0.11905000,84.03008277,0.11905000,7.56,0.0817,0.0000,0.00,92.0000,queue_depleted,False,True,,,,,,,,,,
6255,1791462453648,C,hyperliquid,CASHCAT,SELL,0.11905000,84.03008277,0.11905000,7.56,0.0817,0.0000,0.00,92.0000,queue_depleted,False,True,,,,,,,,,,
6261,1791462460752,A,binance,TAOUSDT,SELL,278.60000000,0.03590020,278.60000000,3.59,0.6592,0.0000,0.60,0.7359,queue_depleted,False,True,,,,,,,,,,
6272,1791462478604,A,binance,TAOUSDT,BUY,278.60000000,0.03588731,278.60000000,3.59,0.5378,0.0000,0.00,21.4739,queue_depleted,False,True,,,,,,,,,,
6273,1791462480476,A,binance,TAOUSDT,SELL,278.60000000,0.03590020,278.60000000,3.59,0.6684,15.7326,1.08,0.0378,queue_depleted,False,True,,,,,,,,,,
6278,1791462489004,A,binance,TAOUSDT,SELL,278.80000000,0.03587444,278.80000000,3.59,0.6213,0.0000,1.07,0.7559,queue_depleted,False,True,,,,,,,,,,
6279,1791462489083,A,binance,ENAUSDT,BUY,0.21580000,46.32846884,0.21580000,4.63,0.4832,0.0000,0.66,16329.6800,queue_depleted,False,True,,,,,,,,,,
6281,1791462493067,A,binance,TAOUSDT,SELL,278.80000000,0.03587444,278.80000000,3.59,0.6304,0.0000,0.83,0.7359,queue_depleted,False,True,,,,,,,,,,
6285,1791462498031,A,binance,ENAUSDT,SELL,0.21580000,46.34994206,0.21580000,4.63,0.5706,0.0000,0.69,48.6800,queue_depleted,False,True,,,,,,,,,,
6286,1791462498792,A,binance,ENAUSDT,BUY,0.21580000,46.32846884,0.21580000,4.63,0.4878,246.0500,0.96,31260.4600,queue_depleted,False,True,,,,,,,,,,
6290,1791462502612,A,binance,ENAUSDT,BUY,0.21580000,46.32846884,0.21580000,4.63,0.5032,0.0000,1.15,27666.4700,queue_depleted,False,True,,,,,,,,,,
6294,1791462508349,A,binance,TAOUSDT,SELL,279.00000000,0.03584872,279.00000000,3.58,0.5944,0.0000,0.47,0.7559,queue_depleted,False,True,,,,,,,,,,
6295,1791462512871,B,binance,ORCAUSDT,BUY,2.58300000,3.87071802,2.58300000,3.87,0.6145,0.0000,1.38,93.0400,queue_depleted,False,True,,,,,,,,,,
6296,1791462512871,C,binance,ORCAUSDT,BUY,2.58300000,3.87071802,2.58300000,3.87,0.6145,0.0000,1.38,93.0400,queue_depleted,False,True,,,,,,,,,,
6301,1791462524035,A,binance,ZROUSDT,SELL,2.02700000,4.93461633,2.02700000,4.93,0.6634,0.0000,1.23,274.0400,queue_depleted,False,True,,,,,,,,,,
6305,1791462540300,A,binance,RAYUSDT,SELL,2.43420000,4.10888546,2.43420000,3.70,0.5160,0.0000,0.52,54.0000,queue_depleted,False,True,,,,,,,,,,
6309,1791462551259,A,binance,TAOUSDT,SELL,279.00000000,0.03584872,279.00000000,3.58,0.6429,2.1986,0.00,0.6980,queue_depleted,False,True,,,,,,,,,,
6310,1791462554778,A,binance,RAYUSDT,BUY,2.43330000,4.10854783,2.43330000,5.34,0.4359,0.0000,0.43,91.0000,queue_depleted,False,True,,,,,,,,,,
6315,1791462578299,A,binance,ORCAUSDT,BUY,2.58300000,3.87071802,2.58300000,3.87,0.5175,0.0000,0.43,5.2000,queue_depleted,False,True,,,,,,,,,,
6316,1791462579288,A,binance,ORCAUSDT,BUY,2.58200000,3.87221684,2.58200000,3.87,0.5362,5.2000,0.97,14.6800,queue_depleted,False,True,,,,,,,,,,
6317,1791462582558,A,binance,TAOUSDT,SELL,278.90000000,0.03586157,278.90000000,3.59,0.7103,0.0000,0.96,0.7359,queue_depleted,False,True,,,,,,,,,,
6318,1791462583344,A,binance,TAOUSDT,SELL,278.90000000,0.03586157,278.90000000,3.59,0.7105,0.7359,0.88,0.0378,queue_depleted,False,True,,,,,,,,,,
6320,1791462588692,A,binance,TAOUSDT,SELL,278.90000000,0.03586157,278.90000000,3.59,0.7069,0.0000,1.11,0.0378,queue_depleted,False,True,,,,,,,,,,
6326,1791462614303,A,binance,ORCAUSDT,BUY,2.58000000,3.87521798,2.58000000,3.88,0.5038,0.0000,1.16,4.0900,queue_depleted,False,True,,,,,,,,,,
6328,1791462623786,A,binance,PEPEUSDT,BUY,0.00000401,2490660.02490660,0.00000401,24.91,0.5257,0.0000,0.00,610882730.0000,queue_depleted,False,True,,,,,,,,,,
6329,1791462624309,A,hyperliquid,kPEPE,SELL,0.00400900,2494.69876512,0.00400900,2.49,0.4095,0.0000,0.00,83400.0000,queue_depleted,False,True,,,,,,,,,,
6333,1791462636708,A,hyperliquid,CASHCAT,BUY,0.11965000,83.52823254,0.11965000,11.69,0.3611,0.0000,0.00,80.0000,queue_depleted,False,True,,,,,,,,,,
6339,1791462656861,A,hyperliquid,CASHCAT,BUY,0.11964000,83.55614973,0.11964000,6.68,0.1886,0.0000,0.00,84.0000,queue_depleted,False,True,,,,,,,,,,
6340,1791462662574,A,hyperliquid,CASHCAT,BUY,0.11959000,83.56662349,0.11959000,12.53,0.1889,0.0000,0.00,250.0000,queue_depleted,False,True,,,,,,,,,,
6345,1791462673402,A,hyperliquid,GRAM,SELL,1.40910000,7.09773582,1.40910000,2.84,0.1510,0.0000,0.00,33.0000,queue_depleted,False,True,,,,,,,,,,
6346,1791462673402,B,hyperliquid,GRAM,SELL,1.40910000,7.09773582,1.40910000,2.84,0.1510,0.0000,0.00,33.0000,queue_depleted,False,True,,,,,,,,,,
6347,1791462673402,C,hyperliquid,GRAM,SELL,1.40910000,7.09773582,1.40910000,2.84,0.1510,0.0000,0.00,33.0000,queue_depleted,False,True,,,,,,,,,,
6355,1791462739318,A,binance,XLMUSDT,SELL,0.19820000,50.46681807,0.19820000,5.05,0.6395,0.0000,0.00,7690.0000,queue_depleted,False,True,,,,,,,,,,
6357,1791462765171,A,hyperliquid,GRIFFAIN,BUY,0.01713400,583.37951755,0.01713400,8.75,0.2030,0.0000,0.00,2918.0000,queue_depleted,False,True,,,,,,,,,,
6358,1791462773295,A,binance,TAOUSDT,SELL,278.70000000,0.03588731,278.70000000,3.59,0.4930,0.0000,0.74,9.0751,queue_depleted,False,True,,,,,,,,,,
6363,1791462792321,A,hyperliquid,GRAM,SELL,1.40930000,7.09647660,1.40930000,2.13,0.4138,0.0000,0.00,36.0000,queue_depleted,False,True,,,,,,,,,,
6369,1791462800664,A,binance,ADAUSDT,SELL,0.24910000,40.15257980,0.24910000,4.02,0.4968,0.0000,0.00,162.7000,queue_depleted,False,True,,,,,,,,,,
6370,1791462804450,A,binance,ZROUSDT,SELL,2.01500000,4.96401092,2.01500000,4.96,0.4437,0.0000,0.78,266.4600,queue_depleted,False,True,,,,,,,,,,
6372,1791462806294,A,binance,ADAUSDT,BUY,0.24920000,40.12036108,0.24920000,4.01,0.4108,0.0000,0.69,67.3000,queue_depleted,False,True,,,,,,,,,,
6393,1791462866414,A,binance,TAOUSDT,SELL,278.90000000,0.03586157,278.90000000,3.59,0.4635,0.0000,1.10,20.8702,queue_depleted,False,True,,,,,,,,,,
6399,1791462877401,A,binance,FETUSDT,BUY,0.23000000,43.46881113,0.23000000,4.35,0.5344,0.0000,1.14,65.2000,queue_depleted,False,True,,,,,,,,,,
6401,1791462879876,A,binance,FETUSDT,BUY,0.22990000,43.48771472,0.22990000,4.35,0.5514,0.0000,1.17,24.0000,queue_depleted,False,True,,,,,,,,,,
6403,1791462882205,A,hyperliquid,VVV,BUY,23.13900000,0.43210543,23.13900000,3.02,0.8959,0.0000,0.00,13.8200,queue_depleted,False,True,,,,,,,,,,
6404,1791462882205,B,hyperliquid,VVV,BUY,23.13900000,0.43210543,23.13900000,3.02,0.8959,0.0000,0.00,13.8200,queue_depleted,False,True,,,,,,,,,,
6405,1791462882205,C,hyperliquid,VVV,BUY,23.13900000,0.43210543,23.13900000,3.02,0.8959,0.0000,0.00,13.8200,queue_depleted,False,True,,,,,,,,,,
6410,1791462891790,A,binance,ADAUSDT,BUY,0.24890000,40.16870858,0.24890000,4.02,0.4426,0.0000,0.58,62.7000,queue_depleted,False,True,,,,,,,,,,
6412,1791462903505,A,binance,XLMUSDT,SELL,0.19800000,50.51780753,0.19800000,5.05,0.6160,0.0000,0.79,10031.0000,queue_depleted,False,True,,,,,,,,,,
6413,1791462904198,A,binance,ENAUSDT,BUY,0.21530000,46.43603436,0.21530000,4.64,0.6448,0.0000,0.81,25037.7400,queue_depleted,False,True,,,,,,,,,,
6414,1791462904198,B,binance,ENAUSDT,BUY,0.21530000,46.43603436,0.21530000,4.64,0.6448,0.0000,0.81,25037.7400,queue_depleted,False,True,,,,,,,,,,
6419,1791462908820,A,binance,ADAUSDT,BUY,0.24880000,40.18485031,0.24880000,4.02,0.5173,0.0000,0.00,117754.3000,queue_depleted,False,True,,,,,,,,,,
6423,1791462928861,A,binance,ADAUSDT,BUY,0.24870000,40.20100503,0.24870000,4.02,0.4414,0.0000,0.94,82.9000,queue_depleted,False,True,,,,,,,,,,
6424,1791462929365,A,binance,TAOUSDT,BUY,278.40000000,0.03591309,278.40000000,3.59,0.3850,0.0000,1.02,2.2122,queue_depleted,False,True,,,,,,,,,,
6426,1791462952050,A,hyperliquid,CASHCAT,BUY,0.11972000,83.50382030,0.11972000,5.85,0.1350,0.0000,0.00,88.0000,queue_depleted,False,True,,,,,,,,,,
6435,1791462974677,A,hyperliquid,CASHCAT,BUY,0.11972000,83.48987685,0.11972000,9.18,0.2215,0.0000,0.00,87.0000,queue_depleted,False,True,,,,,,,,,,
6445,1791462998404,A,binance,TAOUSDT,BUY,278.40000000,0.03591309,278.40000000,3.59,0.3313,0.0000,0.47,0.0378,queue_depleted,False,True,,,,,,,,,,
6452,1791463017004,A,hyperliquid,CASHCAT,SELL,0.11989000,83.44111144,0.11989000,7.51,0.2855,20.0000,0.00,230.0000,queue_depleted,False,True,,,,,,,,,,
6453,1791463017004,B,hyperliquid,CASHCAT,SELL,0.11989000,83.44111144,0.11989000,7.51,0.2855,20.0000,0.00,230.0000,queue_depleted,False,True,,,,,,,,,,
6454,1791463017004,C,hyperliquid,CASHCAT,SELL,0.11989000,83.44111144,0.11989000,7.51,0.2855,20.0000,0.00,230.0000,queue_depleted,False,True,,,,,,,,,,
6455,1791463018238,A,binance,ENAUSDT,SELL,0.21500000,46.52244708,0.21500000,4.65,0.4689,0.0000,0.93,374.8000,queue_depleted,False,True,,,,,,,,,,
6467,1791463040985,A,binance,XLMUSDT,SELL,0.19780000,50.56890013,0.19780000,5.06,0.4764,0.0000,0.00,20550.0000,queue_depleted,False,True,,,,,,,,,,
6468,1791463047318,A,binance,MOVRUSDT,SELL,1.86400000,5.36624631,1.86400000,5.37,0.6591,0.0000,1.08,8.2140,queue_depleted,False,True,,,,,,,,,,
6472,1791463095685,A,binance,RAYUSDT,SELL,2.41700000,4.13813081,2.41700000,3.72,0.7828,0.0000,0.47,292.8000,queue_depleted,False,True,,,,,,,,,,
6485,1791463148399,A,hyperliquid,CRV,SELL,0.37491000,26.67591432,0.37491000,2.13,0.4423,0.0000,0.00,535.5000,queue_depleted,False,True,,,,,,,,,,
6487,1791463153721,A,hyperliquid,CRV,BUY,0.37503000,26.66168982,0.37503000,2.13,0.6766,0.0000,0.00,141.3000,queue_depleted,False,True,,,,,,,,,,
6488,1791463153721,B,hyperliquid,CRV,BUY,0.37503000,26.66168982,0.37503000,2.13,0.6766,0.0000,0.00,141.3000,queue_depleted,False,True,,,,,,,,,,
6489,1791463153721,C,hyperliquid,CRV,BUY,0.37503000,26.66168982,0.37503000,2.13,0.6766,0.0000,0.00,141.3000,queue_depleted,False,True,,,,,,,,,,
6492,1791463183155,A,hyperliquid,FARTCOIN,SELL,0.15720000,63.62537380,0.15720000,3.82,0.6164,0.0000,0.00,2544.5000,queue_depleted,False,True,,,,,,,,,,
6494,1791463183155,A,hyperliquid,CASHCAT,BUY,0.11971000,83.50382030,0.11971000,7.52,0.3291,0.0000,0.00,108.0000,queue_depleted,False,True,,,,,,,,,,
6496,1791463188808,A,binance,ADAUSDT,BUY,0.24860000,40.21717273,0.24860000,4.02,0.4507,190.7000,0.82,42.4000,queue_depleted,False,True,,,,,,,,,,
6497,1791463192892,A,hyperliquid,kPEPE,BUY,0.00400300,2497.81441239,0.00400300,2.50,0.5148,0.0000,0.00,12490.0000,queue_depleted,False,True,,,,,,,,,,
6498,1791463233922,A,hyperliquid,CRV,SELL,0.37473000,26.68872935,0.37473000,2.14,0.5502,0.0000,0.00,246.6000,queue_depleted,False,True,,,,,,,,,,
6512,1791463299389,A,hyperliquid,kPEPE,SELL,0.00400600,2496.56722007,0.00400600,2.50,0.4464,0.0000,0.00,236577.0000,queue_depleted,False,True,,,,,,,,,,
6514,1791463307221,A,hyperliquid,JUP,BUY,0.36739000,27.21495734,0.36739000,2.99,0.7676,0.0000,0.00,30.0000,queue_depleted,False,True,,,,,,,,,,
6515,1791463307221,B,hyperliquid,JUP,BUY,0.36739000,27.21495734,0.36739000,2.99,0.7676,0.0000,0.00,30.0000,queue_depleted,False,True,,,,,,,,,,
6516,1791463307221,C,hyperliquid,JUP,BUY,0.36739000,27.21495734,0.36739000,2.99,0.7676,0.0000,0.00,30.0000,queue_depleted,False,True,,,,,,,,,,
6526,1791463320313,A,binance,ENAUSDT,BUY,0.21480000,46.54410054,0.21480000,4.65,0.4339,0.0000,0.58,17966.7400,queue_depleted,False,True,,,,,,,,,,
6530,1791463329184,A,binance,TAOUSDT,SELL,278.10000000,0.03596475,278.10000000,3.60,0.4636,0.0000,0.67,0.0378,queue_depleted,False,True,,,,,,,,,,
6538,1791463338657,A,binance,ZROUSDT,BUY,2.01100000,4.97141437,2.01100000,4.97,0.4832,0.0000,0.00,31.9500,queue_depleted,False,True,,,,,,,,,,
6540,1791463345963,A,binance,ZROUSDT,BUY,2.01100000,4.97141437,2.01100000,4.97,0.4984,0.0000,0.00,111.1300,queue_depleted,False,True,,,,,,,,,,
6545,1791463353100,A,binance,ZROUSDT,SELL,2.01100000,4.97388709,2.01100000,4.97,0.7051,0.0000,1.01,345.3900,queue_depleted,False,True,,,,,,,,,,
6551,1791463366099,A,binance,ZROUSDT,BUY,2.01000000,4.97388709,2.01000000,4.97,0.6271,0.0000,0.57,3.0000,queue_depleted,False,True,,,,,,,,,,
6552,1791463366099,B,binance,ZROUSDT,BUY,2.01000000,4.97388709,2.01000000,4.97,0.6271,0.0000,0.57,3.0000,queue_depleted,False,True,,,,,,,,,,
6553,1791463366099,C,binance,ZROUSDT,BUY,2.01000000,4.97388709,2.01000000,4.97,0.6271,0.0000,0.57,3.0000,queue_depleted,False,True,,,,,,,,,,
6562,1791463384130,A,hyperliquid,MON,SELL,0.02517600,397.29837108,0.02517600,4.77,0.7883,6151.0000,0.00,6103.0000,queue_depleted,False,True,,,,,,,,,,
6566,1791463393137,A,hyperliquid,GRAM,SELL,1.41140000,7.08591674,1.41140000,2.13,0.4691,0.0000,0.00,282.0000,queue_depleted,False,True,,,,,,,,,,
6568,1791463404136,A,binance,XLMUSDT,SELL,0.19790000,50.54334091,0.19790000,5.05,0.5651,0.0000,0.00,8806.0000,queue_depleted,False,True,,,,,,,,,,
6575,1791463463671,A,binance,ZROUSDT,BUY,2.01000000,4.97388709,2.01000000,4.97,0.6132,0.0000,0.00,18.3000,queue_depleted,False,True,,,,,,,,,,
6576,1791463463671,B,binance,ZROUSDT,BUY,2.01000000,4.97388709,2.01000000,4.97,0.6132,0.0000,0.00,18.3000,queue_depleted,False,True,,,,,,,,,,
6577,1791463463671,C,binance,ZROUSDT,BUY,2.01000000,4.97388709,2.01000000,4.97,0.6132,0.0000,0.00,18.3000,queue_depleted,False,True,,,,,,,,,,
6581,1791463489868,A,hyperliquid,CASHCAT,SELL,0.11902000,84.04773912,0.11902000,6.72,0.3832,0.0000,0.00,1259.0000,queue_depleted,False,True,,,,,,,,,,
6582,1791463489868,B,hyperliquid,CASHCAT,SELL,0.11902000,84.04773912,0.11902000,6.72,0.3832,0.0000,0.00,1259.0000,queue_depleted,False,True,,,,,,,,,,
6583,1791463489868,C,hyperliquid,CASHCAT,SELL,0.11902000,84.04773912,0.11902000,6.72,0.3832,0.0000,0.00,1259.0000,queue_depleted,False,True,,,,,,,,,,
6584,1791463491057,A,binance,ZROUSDT,BUY,2.01000000,4.97388709,2.01000000,4.97,0.6082,0.0000,1.07,69.8200,queue_depleted,False,True,,,,,,,,,,
6585,1791463491057,B,binance,ZROUSDT,BUY,2.01000000,4.97388709,2.01000000,4.97,0.6082,0.0000,1.07,69.8200,queue_depleted,False,True,,,,,,,,,,
6586,1791463491057,C,binance,ZROUSDT,BUY,2.01000000,4.97388709,2.01000000,4.97,0.6082,0.0000,1.07,69.8200,queue_depleted,False,True,,,,,,,,,,
6590,1791463491828,A,hyperliquid,CASHCAT,BUY,0.11894000,84.04773912,0.11894000,6.72,0.3832,0.0000,0.00,1028.0000,queue_depleted,False,True,,,,,,,,,,
6596,1791463497923,A,hyperliquid,kPEPE,BUY,0.00400300,2497.81441239,0.00400300,2.50,0.3540,0.0000,0.00,12490.0000,queue_depleted,False,True,,,,,,,,,,
6600,1791463515255,A,binance,ZROUSDT,SELL,2.01000000,4.97636228,2.01000000,4.98,0.6895,0.0000,0.98,83.2500,queue_depleted,False,True,,,,,,,,,,
6603,1791463527011,A,binance,RAYUSDT,SELL,2.41020000,4.14980807,2.41020000,3.73,0.5206,0.0000,0.51,3.2000,queue_depleted,False,True,,,,,,,,,,
6609,1791463534080,A,binance,XLMUSDT,SELL,0.19760000,50.62009618,0.19760000,5.06,0.5173,4941.0000,0.77,4973.0000,queue_depleted,False,True,,,,,,,,,,
6610,1791463535107,A,binance,XLMUSDT,SELL,0.19760000,50.62009618,0.19760000,5.06,0.5235,4973.0000,0.73,2673.0000,queue_depleted,False,True,,,,,,,,,,
6614,1791463548203,A,binance,ENAUSDT,BUY,0.21460000,46.58746797,0.21460000,4.66,0.4158,0.0000,0.69,4755.4500,queue_depleted,False,True,,,,,,,,,,
6615,1791463549497,A,hyperliquid,CHIP,BUY,0.04876100,205.06090309,0.04876100,2.05,0.2594,0.0000,0.00,717.0000,queue_depleted,False,True,,,,,,,,,,
6622,1791463610045,A,binance,TAOUSDT,BUY,277.30000000,0.03605553,277.30000000,3.61,0.5282,0.0000,0.46,4.7555,queue_depleted,False,True,,,,,,,,,,
6623,1791463614314,A,binance,TAOUSDT,SELL,277.30000000,0.03606853,277.30000000,3.61,0.4993,0.0000,1.19,11.1490,queue_depleted,False,True,,,,,,,,,,
6624,1791463618329,A,binance,TAOUSDT,SELL,277.30000000,0.03606853,277.30000000,3.61,0.5338,0.0000,1.17,0.0380,queue_depleted,False,True,,,,,,,,,,
6626,1791463622038,A,binance,XLMUSDT,SELL,0.19750000,50.64573310,0.19750000,5.06,0.5139,0.0000,0.00,3434.0000,queue_depleted,False,True,,,,,,,,,,
6627,1791463623134,A,binance,XLMUSDT,SELL,0.19750000,50.64573310,0.19750000,5.06,0.5220,11714.0000,0.00,727.0000,queue_depleted,False,True,,,,,,,,,,
6629,1791463633288,A,binance,TAOUSDT,SELL,277.50000000,0.03604253,277.50000000,3.60,0.5336,0.0000,0.49,17.6437,queue_depleted,False,True,,,,,,,,,,
6632,1791463649427,A,binance,ENAUSDT,BUY,0.21450000,46.60918201,0.21450000,4.66,0.4273,0.0000,0.00,135.7300,queue_depleted,False,True,,,,,,,,,,
6633,1791463656659,A,binance,ZROUSDT,BUY,2.00600000,4.98380264,2.00600000,4.98,0.4857,0.0000,1.00,472.1100,queue_depleted,False,True,,,,,,,,,,
6634,1791463660425,A,binance,ZROUSDT,SELL,2.00600000,4.98628771,2.00600000,4.99,0.6955,0.0000,0.56,83.2500,queue_depleted,False,True,,,,,,,,,,
6636,1791463660839,A,hyperliquid,ZRO,SELL,2.00610000,4.98566621,2.00610000,3.49,0.9859,0.0000,0.00,88.2000,queue_depleted,False,True,,,,,,,,,,
6646,1791463677138,A,binance,ORCAUSDT,BUY,2.57900000,3.87672029,2.57900000,3.88,0.4920,0.0000,0.70,95.5500,queue_depleted,False,True,,,,,,,,,,
6648,1791463678837,A,binance,ORCAUSDT,BUY,2.57800000,3.87822377,2.57800000,3.88,0.5376,0.0000,0.94,307.9100,queue_depleted,False,True,,,,,,,,,,
6653,1791463683855,A,binance,TAOUSDT,SELL,277.40000000,0.03605553,277.40000000,3.61,0.6324,0.3475,1.21,0.0380,queue_depleted,False,True,,,,,,,,,,
6655,1791463691042,A,binance,ENAUSDT,BUY,0.21420000,46.67444574,0.21420000,4.67,0.4785,0.0000,1.28,14974.5100,queue_depleted,False,True,,,,,,,,,,
6656,1791463695435,A,hyperliquid,CASHCAT,BUY,0.11900000,84.01596303,0.11900000,4.20,0.2975,0.0000,0.00,85.0000,queue_depleted,False,True,,,,,,,,,,
6658,1791463709046,A,binance,TAOUSDT,SELL,277.40000000,0.03605553,277.40000000,3.61,0.5943,0.0570,1.12,5.0900,queue_depleted,False,True,,,,,,,,,,
6659,1791463709806,A,binance,FETUSDT,SELL,0.22840000,43.79242391,0.22840000,4.38,0.6238,0.0000,0.00,23.0000,queue_depleted,False,True,,,,,,,,,,
6660,1791463713082,A,binance,TAOUSDT,BUY,277.40000000,0.03604253,277.40000000,3.60,0.5293,0.0000,1.12,2.8217,queue_depleted,False,True,,,,,,,,,,
6666,1791463728487,A,binance,FETUSDT,BUY,0.22830000,43.79242391,0.22830000,4.38,0.4423,0.0000,0.75,23.1000,queue_depleted,False,True,,,,,,,,,,
6667,1791463732124,A,hyperliquid,CASHCAT,BUY,0.11893000,84.05127128,0.11893000,7.56,0.4637,0.0000,0.00,406.0000,queue_depleted,False,True,,,,,,,,,,
6670,1791463736636,A,binance,FETUSDT,BUY,0.22810000,43.83081306,0.22810000,4.38,0.5480,0.0000,0.83,113.1000,queue_depleted,False,True,,,,,,,,,,
6672,1791463737546,A,hyperliquid,kPEPE,BUY,0.00398900,2506.57977190,0.00398900,2.51,0.4172,0.0000,0.00,25100.0000,queue_depleted,False,True,,,,,,,,,,
6682,1791463749643,A,binance,XLMUSDT,SELL,0.19740000,50.67139600,0.19740000,5.07,0.5358,0.0000,0.00,80.0000,queue_depleted,False,True,,,,,,,,,,
6687,1791463764423,A,binance,ORCAUSDT,SELL,2.57700000,3.88123423,2.57700000,3.88,0.6719,0.0000,0.47,99.8300,queue_depleted,False,True,,,,,,,,,,
6688,1791463787600,A,binance,ORCAUSDT,SELL,2.57700000,3.88123423,2.57700000,3.88,0.6071,0.0000,1.44,54.0000,queue_depleted,False,True,,,,,,,,,,
6703,1791464095956,A,binance,XLMUSDT,SELL,0.19780000,50.56890013,0.19780000,5.06,0.5549,0.0000,0.00,7267.0000,queue_depleted,False,True,,,,,,,,,,
6708,1791464114016,A,hyperliquid,kPEPE,SELL,0.00400800,2495.32127261,0.00400800,2.50,0.4923,0.0000,0.00,12475.0000,queue_depleted,False,True,,,,,,,,,,
6712,1791464116974,A,binance,ZROUSDT,SELL,2.02000000,4.95172072,2.02000000,4.95,0.5575,0.0000,0.80,5.7400,queue_depleted,False,True,,,,,,,,,,
6720,1791464126536,A,hyperliquid,kPEPE,SELL,0.00401100,2493.45468146,0.00401100,2.49,0.5827,0.0000,0.00,2744.0000,queue_depleted,False,True,,,,,,,,,,
6722,1791464134011,A,binance,ENAUSDT,SELL,0.21610000,46.28558204,0.21610000,4.63,0.4677,1532.1400,0.97,48.6400,queue_depleted,False,True,,,,,,,,,,
6728,1791464156841,A,hyperliquid,ZRO,BUY,2.01850000,4.95343769,2.01850000,2.97,0.5220,0.0000,0.00,24.7000,queue_depleted,False,True,,,,,,,,,,
6738,1791464208683,A,binance,ZROUSDT,BUY,2.01900000,4.95172072,2.01900000,4.95,0.4250,0.0000,1.39,190.5400,queue_depleted,False,True,,,,,,,,,,
6741,1791464214085,A,binance,TAOUSDT,BUY,278.40000000,0.03591309,278.40000000,3.59,0.3626,0.0000,1.25,0.0559,queue_depleted,False,True,,,,,,,,,,
6748,1791464229737,A,binance,ZROUSDT,SELL,2.01600000,4.96154800,2.01600000,4.96,0.6895,0.0000,1.11,2.7500,queue_depleted,False,True,,,,,,,,,,
6755,1791464312491,A,binance,ORCAUSDT,SELL,2.58900000,3.86324126,2.58900000,3.86,0.6506,0.0000,0.47,101.9600,queue_depleted,False,True,,,,,,,,,,
6760,1791464322857,A,binance,XLMUSDT,BUY,0.19780000,50.54334091,0.19780000,5.05,0.4740,0.0000,0.00,127.0000,queue_depleted,False,True,,,,,,,,,,
6764,1791464333625,A,binance,ZROUSDT,SELL,2.01300000,4.96894410,2.01300000,4.97,0.7311,27.3000,0.83,32.8500,queue_depleted,False,True,,,,,,,,,,
6766,1791464340326,A,binance,ZROUSDT,SELL,2.01400000,4.96647629,2.01400000,4.97,0.6279,0.0000,0.72,10.0000,queue_depleted,False,True,,,,,,,,,,
6772,1791464363769,A,binance,HEMIUSDT,SELL,0.00594000,1684.91996630,0.00594000,16.85,0.5946,0.0000,0.00,119236.0000,queue_depleted,False,True,,,,,,,,,,
6779,1791464400125,A,binance,FETUSDT,SELL,0.22940000,43.60148245,0.22940000,4.36,0.6283,0.0000,0.65,99.2000,queue_depleted,False,True,,,,,,,,,,
6781,1791464404715,A,binance,FETUSDT,BUY,0.22940000,43.58247984,0.22940000,4.36,0.4814,0.0000,0.64,22.9000,queue_depleted,False,True,,,,,,,,,,
6791,1791464415630,A,binance,ZROUSDT,BUY,2.01400000,4.96401092,2.01400000,4.96,0.5415,0.0000,1.78,3.0000,queue_depleted,False,True,,,,,,,,,,
6799,1791464422337,A,binance,TAOUSDT,SELL,278.50000000,0.03591309,278.50000000,3.59,0.5067,0.0000,0.81,0.7559,queue_depleted,False,True,,,,,,,,,,
6803,1791464422788,A,hyperliquid,FARTCOIN,SELL,0.15718000,63.62942224,0.15718000,2.55,0.4406,0.0000,0.00,466.5000,queue_depleted,False,True,,,,,,,,,,
6808,1791464427875,A,hyperliquid,FARTCOIN,BUY,0.15715000,63.62537380,0.15715000,2.55,0.1956,0.0000,0.00,318.0000,queue_depleted,False,True,,,,,,,,,,
6821,1791464446176,A,binance,RAYUSDT,BUY,2.40690000,4.15394521,2.40690000,3.74,0.7416,0.0000,0.46,700.0000,queue_depleted,False,True,,,,,,,,,,
6822,1791464446176,B,binance,RAYUSDT,BUY,2.40690000,4.15394521,2.40690000,3.74,0.7416,0.0000,0.46,700.0000,queue_depleted,False,True,,,,,,,,,,
6823,1791464446176,C,binance,RAYUSDT,BUY,2.40690000,4.15394521,2.40690000,3.74,0.7416,0.0000,0.46,700.0000,queue_depleted,False,True,,,,,,,,,,
6827,1791464463423,A,binance,RAYUSDT,SELL,2.40830000,4.15308263,2.40830000,3.74,0.8830,0.0000,0.33,3.2000,queue_depleted,False,True,,,,,,,,,,
6829,1791464464104,A,binance,FETUSDT,SELL,0.22970000,43.54452428,0.22970000,4.35,0.5622,0.0000,0.00,22.9000,queue_depleted,False,True,,,,,,,,,,
6830,1791464464339,A,binance,RAYUSDT,SELL,2.40940000,4.15127236,2.40940000,4.15,0.8210,5.5000,0.57,2.3000,queue_depleted,False,True,,,,,,,,,,
6832,1791464465884,A,binance,FETUSDT,SELL,0.22980000,43.52557127,0.22980000,4.35,0.4937,0.0000,0.65,46.9000,queue_depleted,False,True,,,,,,,,,,
6845,1791464528265,A,hyperliquid,CRV,BUY,0.37302000,26.80462112,0.37302000,2.68,0.5113,0.0000,0.00,190.0000,queue_depleted,False,True,,,,,,,,,,
6863,1791464645787,A,binance,HEMIUSDT,BUY,0.00592000,1687.76371308,0.00592000,16.88,0.4593,37896.0000,0.00,33673.5000,queue_depleted,False,True,,,,,,,,,,
6864,1791464664116,A,binance,ZROUSDT,BUY,2.00700000,4.98132005,2.00700000,4.98,0.5732,0.0000,0.70,6.5200,queue_depleted,False,True,,,,,,,,,,
6866,1791464701987,C,binance,ZROUSDT,BUY,2.00500000,4.98628771,2.00500000,4.99,0.7790,3.0000,1.50,211.2500,queue_depleted,False,True,,,,,,,,,,
6867,1791464718174,A,binance,ZROUSDT,SELL,2.00600000,4.98628771,2.00600000,4.99,0.7801,0.0000,1.48,104.6200,queue_depleted,False,True,,,,,,,,,,
6868,1791464722266,A,binance,ZROUSDT,SELL,2.00600000,4.98628771,2.00600000,4.99,0.7961,0.0000,1.45,104.6200,queue_depleted,False,True,,,,,,,,,,
6870,1791464802312,A,binance,ZROUSDT,SELL,2.00600000,4.98628771,2.00600000,4.99,0.7071,0.0000,0.88,0.6000,queue_depleted,False,True,,,,,,,,,,
6875,1791464980744,A,binance,ZROUSDT,SELL,2.00300000,4.99375780,2.00300000,4.99,0.8099,6.2500,0.77,3.7500,queue_depleted,False,True,,,,,,,,,,
6879,1791464997689,A,binance,ZROUSDT,SELL,2.00400000,4.99126529,2.00400000,4.99,0.7492,0.0000,0.00,114.6200,queue_depleted,False,True,,,,,,,,,,
6883,1791465000658,A,binance,ZROUSDT,SELL,2.00500000,4.98877526,2.00500000,4.99,0.6696,0.0000,0.79,3.0000,queue_depleted,False,True,,,,,,,,,,
6888,1791465058168,A,binance,METUSDT,SELL,0.46090000,21.70138889,0.46090000,4.34,0.4033,0.0000,0.00,255.0000,queue_depleted,False,True,,,,,,,,,,
6892,1791465058749,A,hyperliquid,W,SELL,0.01626000,615.38461538,0.01626000,12.31,0.5000,0.0000,0.00,55294.0000,queue_depleted,False,True,,,,,,,,,,
6893,1791465058749,A,hyperliquid,CASHCAT,BUY,0.11906000,83.95248289,0.11906000,9.23,0.7308,0.0000,0.00,1610.0000,queue_depleted,False,True,,,,,,,,,,
6894,1791465058749,B,hyperliquid,CASHCAT,BUY,0.11906000,83.95248289,0.11906000,9.23,0.7308,0.0000,0.00,1610.0000,queue_depleted,False,True,,,,,,,,,,
6895,1791465058749,C,hyperliquid,CASHCAT,BUY,0.11906000,83.95248289,0.11906000,9.23,0.7308,0.0000,0.00,1610.0000,queue_depleted,False,True,,,,,,,,,,
6896,1791465059005,A,binance,WUSDT,SELL,0.01623000,616.33281972,0.01623000,6.16,0.6101,0.0000,3.56,5512.5000,queue_depleted,False,True,,,,,,,,,,
6903,1791465066900,A,binance,PROMUSDT,SELL,5.14300000,1.94476857,5.14300000,3.89,0.5438,0.0000,1.41,18.4500,queue_depleted,False,True,,,,,,,,,,
6913,1791465072179,A,binance,PROMUSDT,SELL,5.14500000,1.94420142,5.14500000,5.83,0.2734,0.0000,0.71,18.4500,queue_depleted,False,True,,,,,,,,,,
6914,1791465072179,B,binance,PROMUSDT,SELL,5.14500000,1.94420142,5.14500000,5.83,0.2734,0.0000,0.71,18.4500,queue_depleted,False,True,,,,,,,,,,
6915,1791465072179,C,binance,PROMUSDT,SELL,5.14500000,1.94420142,5.14500000,5.83,0.2734,0.0000,0.71,18.4500,queue_depleted,False,True,,,,,,,,,,
6919,1791465072192,A,binance,PROMUSDT,BUY,5.14200000,1.94420142,5.14200000,5.83,0.2734,0.0000,0.71,1.5700,queue_depleted,False,True,,,,,,,,,,
6920,1791465072462,A,binance,WUSDT,SELL,0.01623000,616.33281972,0.01623000,6.16,0.5922,0.0000,1.62,7875.0000,queue_depleted,False,True,,,,,,,,,,
6929,1791465076099,B,binance,PROMUSDT,SELL,5.14700000,1.94363460,5.14700000,7.77,0.2969,28.5100,1.24,18.4500,queue_depleted,False,True,,,,,,,,,,
6930,1791465076099,C,binance,PROMUSDT,SELL,5.14700000,1.94363460,5.14700000,7.77,0.2969,28.5100,1.24,18.4500,queue_depleted,False,True,,,,,,,,,,
6933,1791465076297,A,binance,ZROUSDT,SELL,2.00600000,4.98628771,2.00600000,4.99,0.7128,0.0000,0.96,208.1800,queue_depleted,False,True,,,,,,,,,,
6935,1791465082024,A,binance,ZROUSDT,BUY,2.00600000,4.98380264,2.00600000,4.98,0.4914,0.0000,0.96,290.3200,queue_depleted,False,True,,,,,,,,,,
6940,1791465090281,A,hyperliquid,CASHCAT,SELL,0.11917000,83.93838922,0.11917000,5.88,0.3751,0.0000,0.00,247.0000,queue_depleted,False,True,,,,,,,,,,
6941,1791465090281,B,hyperliquid,CASHCAT,SELL,0.11917000,83.93838922,0.11917000,5.88,0.3751,0.0000,0.00,247.0000,queue_depleted,False,True,,,,,,,,,,
6942,1791465090281,C,hyperliquid,CASHCAT,SELL,0.11917000,83.93838922,0.11917000,5.88,0.3751,0.0000,0.00,247.0000,queue_depleted,False,True,,,,,,,,,,
6946,1791465105759,A,hyperliquid,CASHCAT,BUY,0.11913000,83.92077878,0.11913000,5.04,0.7443,0.0000,0.00,839.0000,queue_depleted,False,True,,,,,,,,,,
6947,1791465105759,B,hyperliquid,CASHCAT,BUY,0.11913000,83.92077878,0.11913000,5.04,0.7443,0.0000,0.00,839.0000,queue_depleted,False,True,,,,,,,,,,
6948,1791465105759,C,hyperliquid,CASHCAT,BUY,0.11913000,83.92077878,0.11913000,5.04,0.7443,0.0000,0.00,839.0000,queue_depleted,False,True,,,,,,,,,,
6949,1791465106799,A,binance,XLMUSDT,SELL,0.19820000,50.46681807,0.19820000,5.05,0.5601,0.0000,0.00,4410.0000,queue_depleted,False,True,,,,,,,,,,
6951,1791465112982,A,hyperliquid,CASHCAT,BUY,0.11913000,83.92782207,0.11913000,3.36,0.6701,0.0000,0.00,839.0000,queue_depleted,False,True,,,,,,,,,,
6952,1791465112982,B,hyperliquid,CASHCAT,BUY,0.11913000,83.92782207,0.11913000,3.36,0.6701,0.0000,0.00,839.0000,queue_depleted,False,True,,,,,,,,,,
6953,1791465112982,C,hyperliquid,CASHCAT,BUY,0.11913000,83.92782207,0.11913000,3.36,0.6701,0.0000,0.00,839.0000,queue_depleted,False,True,,,,,,,,,,
6955,1791465115409,A,hyperliquid,kPEPE,SELL,0.00400000,2500.31253907,0.00400000,2.50,0.5715,0.0000,0.00,12480.0000,queue_depleted,False,True,,,,,,,,,,
6957,1791465120110,A,hyperliquid,CASHCAT,BUY,0.11913000,83.90669575,0.11913000,8.39,0.5062,0.0000,0.00,839.0000,queue_depleted,False,True,,,,,,,,,,
6959,1791465120644,A,hyperliquid,CASHCAT,SELL,0.11923000,83.90669575,0.11923000,8.39,0.5062,0.0000,0.00,250.0000,queue_depleted,False,True,,,,,,,,,,
6961,1791465124339,A,binance,ENAUSDT,SELL,0.21560000,46.39294827,0.21560000,4.64,0.4266,0.0000,0.80,4101.2900,queue_depleted,False,True,,,,,,,,,,
6963,1791465129541,A,hyperliquid,CASHCAT,SELL,0.11929000,83.85041087,0.11929000,5.03,0.7448,0.0000,0.00,387.0000,queue_depleted,False,True,,,,,,,,,,
6965,1791465131301,A,binance,FETUSDT,SELL,0.23110000,43.28067518,0.23110000,4.33,0.5210,0.0000,0.58,292.5000,queue_depleted,False,True,,,,,,,,,,
6971,1791465137621,A,binance,PROMUSDT,SELL,5.15500000,1.94061712,5.15500000,7.76,0.4346,0.0000,0.74,18.4500,queue_depleted,False,True,,,,,,,,,,
6978,1791465146648,A,binance,ZROUSDT,SELL,2.00900000,4.97883993,2.00900000,4.98,0.6374,0.0000,0.00,56.7600,queue_depleted,False,True,,,,,,,,,,
6980,1791465155316,A,binance,ADAUSDT,BUY,0.24800000,40.31445273,0.24800000,4.03,0.4417,0.0000,0.48,815.1000,queue_depleted,False,True,,,,,,,,,,
6981,1791465155672,A,hyperliquid,FARTCOIN,BUY,0.15743000,63.51020927,0.15743000,3.18,0.2664,0.0000,0.00,2106.0000,queue_depleted,False,True,,,,,,,,,,
6983,1791465187973,A,binance,ADAUSDT,SELL,0.24800000,40.33071184,0.24800000,4.03,0.5453,0.0000,0.84,6860.0000,queue_depleted,False,True,,,,,,,,,,
6988,1791465213482,A,binance,XLMUSDT,SELL,0.19840000,50.41593143,0.19840000,5.04,0.5491,0.0000,0.87,19395.0000,queue_depleted,False,True,,,,,,,,,,
6997,1791465262098,A,binance,ZROUSDT,BUY,2.00400000,4.98877526,2.00400000,4.99,0.6440,0.0000,0.00,30.3600,queue_depleted,False,True,,,,,,,,,,
6998,1791465262098,B,binance,ZROUSDT,BUY,2.00400000,4.98877526,2.00400000,4.99,0.6440,0.0000,0.00,30.3600,queue_depleted,False,True,,,,,,,,,,
6999,1791465262098,C,binance,ZROUSDT,BUY,2.00400000,4.98877526,2.00400000,4.99,0.6440,0.0000,0.00,30.3600,queue_depleted,False,True,,,,,,,,,,
7001,1791465269179,A,hyperliquid,PONS,BUY,0.37451000,26.69834871,0.37451000,2.40,0.0625,0.0000,0.00,877.0000,queue_depleted,False,True,,,,,,,,,,
7002,1791465273165,A,hyperliquid,PONS,BUY,0.37439000,26.70690507,0.37439000,2.40,0.0585,0.0000,0.00,880.0000,queue_depleted,False,True,,,,,,,,,,
7014,1791465303483,A,binance,XLMUSDT,SELL,0.19830000,50.44136192,0.19830000,5.04,0.5613,0.0000,1.08,22746.0000,queue_depleted,False,True,,,,,,,,,,
7019,1791465348424,A,hyperliquid,FARTCOIN,BUY,0.15728000,63.57077016,0.15728000,3.18,0.4067,0.0000,0.00,2004.6000,queue_depleted,False,True,,,,,,,,,,
7020,1791465358267,A,binance,TAOUSDT,SELL,278.60000000,0.03590020,278.60000000,3.59,0.4794,0.0000,0.56,0.7359,queue_depleted,False,True,,,,,,,,,,
7022,1791465365035,A,binance,ZROUSDT,SELL,2.00300000,4.99375780,2.00300000,4.99,0.6506,0.0000,0.74,145.7700,queue_depleted,False,True,,,,,,,,,,
7023,1791465365323,A,hyperliquid,CASHCAT,BUY,0.11965000,83.54916869,0.11965000,6.68,0.3237,0.0000,0.00,250.0000,queue_depleted,False,True,,,,,,,,,,
7025,1791465368638,A,binance,ZROUSDT,BUY,2.00300000,4.99126529,2.00300000,4.99,0.4011,0.0000,1.22,83.2500,queue_depleted,False,True,,,,,,,,,,
7026,1791465370439,A,hyperliquid,CASHCAT,BUY,0.11964000,83.54567860,0.11964000,9.19,0.6262,0.0000,0.00,84.0000,queue_depleted,False,True,,,,,,,,,,
7027,1791465370439,B,hyperliquid,CASHCAT,BUY,0.11964000,83.54567860,0.11964000,9.19,0.6262,0.0000,0.00,84.0000,queue_depleted,False,True,,,,,,,,,,
7028,1791465370439,C,hyperliquid,CASHCAT,BUY,0.11964000,83.54567860,0.11964000,9.19,0.6262,0.0000,0.00,84.0000,queue_depleted,False,True,,,,,,,,,,
7029,1791465382201,A,hyperliquid,kPEPE,BUY,0.00399900,2500.31253907,0.00399900,2.50,0.3815,0.0000,0.00,143727.0000,queue_depleted,False,True,,,,,,,,,,
7030,1791465382675,A,hyperliquid,CASHCAT,BUY,0.11959000,83.59806052,0.11959000,5.02,0.4016,0.0000,0.00,250.0000,queue_depleted,False,True,,,,,,,,,,
7032,1791465388019,A,hyperliquid,CASHCAT,BUY,0.11956000,83.61553577,0.11956000,5.85,0.6596,0.0000,0.00,84.0000,queue_depleted,False,True,,,,,,,,,,
7033,1791465388019,B,hyperliquid,CASHCAT,BUY,0.11956000,83.61553577,0.11956000,5.85,0.6596,0.0000,0.00,84.0000,queue_depleted,False,True,,,,,,,,,,
7034,1791465388019,C,hyperliquid,CASHCAT,BUY,0.11956000,83.61553577,0.11956000,5.85,0.6596,0.0000,0.00,84.0000,queue_depleted,False,True,,,,,,,,,,
7035,1791465388488,A,hyperliquid,kPEPE,SELL,0.00400000,2500.31253907,0.00400000,2.50,0.5190,0.0000,0.00,11912.0000,queue_depleted,False,True,,,,,,,,,,
7044,1791465413194,A,binance,FETUSDT,SELL,0.23030000,43.43105320,0.23030000,4.34,0.6322,1510.4000,0.67,22.8000,queue_depleted,False,True,,,,,,,,,,
7050,1791465428268,A,binance,XLMUSDT,SELL,0.19830000,50.44136192,0.19830000,5.04,0.5873,0.0000,1.11,54.0000,queue_depleted,False,True,,,,,,,,,,
7051,1791465428268,A,binance,FETUSDT,SELL,0.23040000,43.41219883,0.23040000,4.34,0.5488,0.0000,1.23,25.0000,queue_depleted,False,True,,,,,,,,,,
7052,1791465429755,A,binance,TAOUSDT,SELL,278.80000000,0.03587444,278.80000000,3.59,0.4288,0.0000,0.84,0.0378,queue_depleted,False,True,,,,,,,,,,
7057,1791465438230,A,binance,ADAUSDT,SELL,0.24810000,40.31445273,0.24810000,4.03,0.5236,0.0000,0.45,83.2000,queue_depleted,False,True,,,,,,,,,,
7059,1791465442863,A,binance,TAOUSDT,SELL,279.00000000,0.03584872,279.00000000,3.58,0.4259,0.0000,0.48,0.7559,queue_depleted,False,True,,,,,,,,,,
7061,1791465449734,A,hyperliquid,kPEPE,BUY,0.00400500,2496.56722007,0.00400500,2.50,0.4012,0.0000,0.00,53214.0000,queue_depleted,False,True,,,,,,,,,,
7063,1791465452606,A,binance,ADAUSDT,SELL,0.24820000,40.29820673,0.24820000,4.03,0.5238,0.0000,0.51,998.0000,queue_depleted,False,True,,,,,,,,,,
7065,1791465471597,A,binance,TAOUSDT,BUY,279.30000000,0.03579739,279.30000000,3.58,0.4579,0.0000,0.64,0.0378,queue_depleted,False,True,,,,,,,,,,
7066,1791465472892,A,hyperliquid,kPEPE,SELL,0.00400700,2495.94409085,0.00400700,2.50,0.5530,0.0000,0.00,3927609.0000,queue_depleted,False,True,,,,,,,,,,
7069,1791465491203,A,binance,ADAUSDT,SELL,0.24830000,40.28197382,0.24830000,4.03,0.5257,0.0000,0.48,1321.6000,queue_depleted,False,True,,,,,,,,,,
7070,1791465498213,A,binance,PROMUSDT,BUY,5.12900000,1.94912777,5.12900000,5.85,0.7271,0.0000,0.59,56.6200,queue_depleted,False,True,,,,,,,,,,
7071,1791465498213,B,binance,PROMUSDT,BUY,5.12900000,1.94912777,5.12900000,5.85,0.7271,0.0000,0.59,56.6200,queue_depleted,False,True,,,,,,,,,,
7072,1791465498213,C,binance,PROMUSDT,BUY,5.12900000,1.94912777,5.12900000,5.85,0.7271,0.0000,0.59,56.6200,queue_depleted,False,True,,,,,,,,,,
7078,1791465525200,A,binance,PROMUSDT,SELL,5.12500000,1.95160031,5.12500000,3.90,0.3511,0.0000,1.19,80.8800,queue_depleted,False,True,,,,,,,,,,
7079,1791465525200,B,binance,PROMUSDT,SELL,5.12500000,1.95160031,5.12500000,3.90,0.3511,0.0000,1.19,80.8800,queue_depleted,False,True,,,,,,,,,,
7080,1791465525200,C,binance,PROMUSDT,SELL,5.12500000,1.95160031,5.12500000,3.90,0.3511,0.0000,1.19,80.8800,queue_depleted,False,True,,,,,,,,,,
7084,1791465525461,A,hyperliquid,CASHCAT,BUY,0.11968000,83.54218881,0.11968000,3.34,0.6049,0.0000,0.00,1022.0000,queue_depleted,False,True,,,,,,,,,,
7085,1791465525461,B,hyperliquid,CASHCAT,BUY,0.11968000,83.54218881,0.11968000,3.34,0.6049,0.0000,0.00,1022.0000,queue_depleted,False,True,,,,,,,,,,
7086,1791465525461,C,hyperliquid,CASHCAT,BUY,0.11968000,83.54218881,0.11968000,3.34,0.6049,0.0000,0.00,1022.0000,queue_depleted,False,True,,,,,,,,,,
7087,1791465530615,A,hyperliquid,CASHCAT,BUY,0.11962000,83.56662349,0.11962000,7.52,0.7714,0.0000,0.00,1282.0000,queue_depleted,False,True,,,,,,,,,,
7088,1791465530615,B,hyperliquid,CASHCAT,BUY,0.11962000,83.56662349,0.11962000,7.52,0.7714,0.0000,0.00,1282.0000,queue_depleted,False,True,,,,,,,,,,
7089,1791465530615,C,hyperliquid,CASHCAT,BUY,0.11962000,83.56662349,0.11962000,7.52,0.7714,0.0000,0.00,1282.0000,queue_depleted,False,True,,,,,,,,,,
7090,1791465531193,A,binance,ADAUSDT,BUY,0.24820000,40.28197382,0.24820000,4.03,0.4020,0.0000,0.51,1222.0000,queue_depleted,False,True,,,,,,,,,,
7094,1791465536905,A,binance,TAOUSDT,SELL,279.30000000,0.03581021,279.30000000,3.58,0.5921,0.0000,0.79,0.0376,queue_depleted,False,True,,,,,,,,,,
7095,1791465542821,A,binance,TAOUSDT,SELL,279.30000000,0.03581021,279.30000000,3.58,0.5918,0.0000,0.66,0.0376,queue_depleted,False,True,,,,,,,,,,
7096,1791465545493,A,binance,TAOUSDT,SELL,279.30000000,0.03581021,279.30000000,3.58,0.5862,0.0000,0.72,0.0377,queue_depleted,False,True,,,,,,,,,,
7103,1791465552350,A,binance,PROMUSDT,BUY,5.12300000,1.95140989,5.12300000,5.85,0.3922,0.0000,0.40,18.4500,queue_depleted,False,True,,,,,,,,,,
7108,1791465563535,A,hyperliquid,kPEPE,BUY,0.00400600,2495.94409085,0.00400600,2.50,0.5019,0.0000,0.00,2924728.0000,queue_depleted,False,True,,,,,,,,,,
7112,1791465573880,A,hyperliquid,VVV,SELL,22.65700000,0.44171562,22.65700000,15.90,0.9946,341.9200,0.00,1.4700,queue_depleted,False,True,,,,,,,,,,
7114,1791465581019,A,hyperliquid,TAO,BUY,279.38000000,0.03578970,279.38000000,2.15,0.5351,0.0000,0.00,1.4320,queue_depleted,False,True,,,,,,,,,,
7115,1791465581426,A,binance,ENAUSDT,SELL,0.21610000,46.28558204,0.21610000,4.63,0.5888,0.0000,0.00,48.5800,queue_depleted,False,True,,,,,,,,,,
7117,1791465583039,A,binance,ENAUSDT,SELL,0.21620000,46.26416840,0.21620000,4.63,0.5581,0.0000,0.71,1888.5500,queue_depleted,False,True,,,,,,,,,,
7120,1791465588344,A,hyperliquid,ZRO,SELL,2.00490000,4.98840197,2.00490000,2.49,0.5630,0.0000,0.00,90.6000,queue_depleted,False,True,,,,,,,,,,
7121,1791465593924,A,binance,TAOUSDT,SELL,279.50000000,0.03578458,279.50000000,3.58,0.6278,0.0000,0.54,0.1270,queue_depleted,False,True,,,,,,,,,,
7123,1791465594698,A,hyperliquid,FARTCOIN,SELL,0.15791000,63.33723913,0.15791000,3.17,0.3096,0.0000,0.00,1015.1000,queue_depleted,False,True,,,,,,,,,,
7124,1791465594698,B,hyperliquid,FARTCOIN,SELL,0.15791000,63.33723913,0.15791000,3.17,0.3096,0.0000,0.00,1015.1000,queue_depleted,False,True,,,,,,,,,,
7125,1791465594698,C,hyperliquid,FARTCOIN,SELL,0.15791000,63.33723913,0.15791000,3.17,0.3096,0.0000,0.00,1015.1000,queue_depleted,False,True,,,,,,,,,,
7130,1791465599191,A,binance,ADAUSDT,BUY,0.24840000,40.24954719,0.24840000,4.02,0.4195,0.0000,0.58,10980.9000,queue_depleted,False,True,,,,,,,,,,
7131,1791465601246,A,binance,ZROUSDT,BUY,2.00400000,4.98877526,2.00400000,4.99,0.7045,0.0000,1.30,232.8100,queue_depleted,False,True,,,,,,,,,,
7132,1791465601246,B,binance,ZROUSDT,BUY,2.00400000,4.98877526,2.00400000,4.99,0.7045,0.0000,1.30,232.8100,queue_depleted,False,True,,,,,,,,,,
7133,1791465601246,C,binance,ZROUSDT,BUY,2.00400000,4.98877526,2.00400000,4.99,0.7045,0.0000,1.30,232.8100,queue_depleted,False,True,,,,,,,,,,
7140,1791465621337,A,binance,TAOUSDT,SELL,279.50000000,0.03578458,279.50000000,3.58,0.6165,7.4336,0.75,0.0376,queue_depleted,False,True,,,,,,,,,,
7141,1791465627283,A,binance,TAOUSDT,SELL,279.50000000,0.03578458,279.50000000,3.58,0.5795,0.0000,0.51,0.0376,queue_depleted,False,True,,,,,,,,,,
7142,1791465627633,A,hyperliquid,FARTCOIN,BUY,0.15801000,63.27712216,0.15801000,3.16,0.2958,0.0000,0.00,632.7000,queue_depleted,False,True,,,,,,,,,,
7145,1791465643766,A,hyperliquid,FARTCOIN,BUY,0.15795000,63.30115525,0.15795000,3.17,0.4351,0.0000,0.00,632.9000,queue_depleted,False,True,,,,,,,,,,
7146,1791465651797,A,hyperliquid,FARTCOIN,SELL,0.15798000,63.30716637,0.15798000,2.53,0.8291,0.0000,0.00,831.7000,queue_depleted,False,True,,,,,,,,,,
7148,1791465653035,A,binance,TAOUSDT,BUY,279.60000000,0.03575898,279.60000000,3.58,0.3648,0.0000,0.50,11.2501,queue_depleted,False,True,,,,,,,,,,
7150,1791465661272,A,binance,XLMUSDT,BUY,0.19850000,50.36514732,0.19850000,5.04,0.4800,0.0000,0.00,33424.0000,queue_depleted,False,True,,,,,,,,,,
7151,1791465661889,A,binance,TAOUSDT,SELL,279.60000000,0.03577178,279.60000000,3.58,0.4514,0.0000,1.06,13.6157,queue_depleted,False,True,,,,,,,,,,
7153,1791465679412,A,hyperliquid,TAO,BUY,279.48000000,0.03577690,279.48000000,2.15,0.5313,0.0000,0.00,0.7800,queue_depleted,False,True,,,,,,,,,,
7154,1791465683145,A,binance,ADAUSDT,SELL,0.24840000,40.26575398,0.24840000,4.03,0.5115,0.0000,0.00,13230.4000,queue_depleted,False,True,,,,,,,,,,
7156,1791465683326,A,binance,XLMUSDT,BUY,0.19850000,50.36514732,0.19850000,5.04,0.4731,0.0000,0.00,53.0000,queue_depleted,False,True,,,,,,,,,,
7157,1791465692356,A,binance,ENAUSDT,SELL,0.21640000,46.22140051,0.21640000,4.62,0.5826,0.0000,1.14,73.8400,queue_depleted,False,True,,,,,,,,,,
7165,1791465709693,A,binance,ADAUSDT,SELL,0.24840000,40.26575398,0.24840000,4.03,0.5336,0.0000,0.00,9568.8000,queue_depleted,False,True,,,,,,,,,,
7167,1791465710911,A,hyperliquid,NEAR,BUY,5.03910000,1.98412698,5.03910000,3.57,0.7154,1195.3000,0.00,1146.3000,queue_depleted,False,True,,,,,,,,,,
7168,1791465710911,B,hyperliquid,NEAR,BUY,5.03910000,1.98412698,5.03910000,3.57,0.7154,1195.3000,0.00,1146.3000,queue_depleted,False,True,,,,,,,,,,
7174,1791465714890,A,hyperliquid,NEAR,SELL,5.03790000,1.98522989,5.03790000,2.78,0.7933,657.1000,0.00,258.0000,queue_depleted,False,True,,,,,,,,,,
7176,1791465722738,A,binance,ADAUSDT,SELL,0.24830000,40.28197382,0.24830000,4.03,0.5505,0.0000,0.50,2390.4000,queue_depleted,False,True,,,,,,,,,,
7177,1791465724778,A,binance,TAOUSDT,BUY,279.60000000,0.03575898,279.60000000,3.58,0.3985,0.0000,0.91,13.2378,queue_depleted,False,True,,,,,,,,,,
7180,1791465733837,A,binance,ADAUSDT,SELL,0.24840000,40.26575398,0.24840000,4.03,0.5322,0.0000,0.00,8448.8000,queue_depleted,False,True,,,,,,,,,,
7182,1791465734239,A,binance,TAOUSDT,SELL,279.70000000,0.03575898,279.70000000,3.58,0.4639,0.0000,0.80,0.7357,queue_depleted,False,True,,,,,,,,,,
7183,1791465751220,A,binance,XLMUSDT,BUY,0.19850000,50.36514732,0.19850000,5.04,0.4751,0.0000,0.00,38572.0000,queue_depleted,False,True,,,,,,,,,,
7185,1791465772347,A,binance,XLMUSDT,BUY,0.19840000,50.39052658,0.19840000,5.04,0.4567,0.0000,0.98,2451.0000,queue_depleted,False,True,,,,,,,,,,
7189,1791465796172,A,binance,ENAUSDT,BUY,0.21610000,46.26416840,0.21610000,4.63,0.5678,0.0000,1.25,73501.1800,queue_depleted,False,True,,,,,,,,,,
7191,1791465802892,A,binance,TAOUSDT,SELL,279.30000000,0.03581021,279.30000000,3.58,0.6807,0.0000,0.72,0.7357,queue_depleted,False,True,,,,,,,,,,
7192,1791465803711,A,binance,PEPEUSDT,BUY,0.00000401,2490660.02490660,0.00000401,24.91,0.3770,0.0000,0.00,1811027596.0000,queue_depleted,False,True,,,,,,,,,,
7193,1791465809591,A,hyperliquid,CASHCAT,BUY,0.11939000,83.73105585,0.11939000,6.70,0.4466,0.0000,0.00,1209.0000,queue_depleted,False,True,,,,,,,,,,
7198,1791465817558,A,hyperliquid,CASHCAT,BUY,0.11935000,83.76963351,0.11935000,4.19,0.2537,0.0000,0.00,250.0000,queue_depleted,False,True,,,,,,,,,,
7200,1791465820472,A,binance,ADAUSDT,SELL,0.24790000,40.34698406,0.24790000,4.03,0.4988,15691.2000,0.74,4113.0000,queue_depleted,False,True,,,,,,,,,,
7201,1791465822187,A,hyperliquid,CASHCAT,BUY,0.11934000,83.76612498,0.11934000,6.70,0.3048,0.0000,0.00,1022.0000,queue_depleted,False,True,,,,,,,,,,
7202,1791465825832,A,hyperliquid,CASHCAT,BUY,0.11932000,83.79771232,0.11932000,2.51,0.1372,0.0000,0.00,91.0000,queue_depleted,False,True,,,,,,,,,,
7204,1791465837513,A,binance,XLMUSDT,SELL,0.19830000,50.44136192,0.19830000,5.04,0.4941,0.0000,0.00,14305.0000,queue_depleted,False,True,,,,,,,,,,
7213,1791465849744,A,hyperliquid,TAO,BUY,279.07000000,0.03582945,279.07000000,2.15,0.5203,0.0000,0.00,1.9710,queue_depleted,False,True,,,,,,,,,,
7215,1791465851347,A,hyperliquid,CASHCAT,BUY,0.11932000,83.77665145,0.11932000,7.54,0.2849,0.0000,0.00,84.0000,queue_depleted,False,True,,,,,,,,,,
7216,1791465852040,A,binance,TAOUSDT,SELL,279.20000000,0.03582303,279.20000000,3.58,0.5184,0.0000,0.00,4.0315,queue_depleted,False,True,,,,,,,,,,
7218,1791465864061,A,binance,ADAUSDT,SELL,0.24770000,40.37956794,0.24770000,4.04,0.5029,3631.9000,0.53,17573.7000,queue_depleted,False,True,,,,,,,,,,
7221,1791465898715,A,hyperliquid,FARTCOIN,SELL,0.15802000,63.29514526,0.15802000,3.80,0.6134,0.0000,0.00,996.5000,queue_depleted,False,True,,,,,,,,,,
7226,1791465906955,A,hyperliquid,TAO,BUY,279.05000000,0.03583202,279.05000000,2.15,0.4298,0.0000,0.00,2.5170,queue_depleted,False,True,,,,,,,,,,
7228,1791465915133,A,hyperliquid,CASHCAT,BUY,0.11924000,83.83283732,0.11924000,7.54,0.3223,0.0000,0.00,91.0000,queue_depleted,False,True,,,,,,,,,,
7229,1791465923299,A,hyperliquid,CASHCAT,BUY,0.11923000,83.83986586,0.11923000,7.55,0.2167,0.0000,0.00,250.0000,queue_depleted,False,True,,,,,,,,,,
7230,1791465946272,A,hyperliquid,CASHCAT,BUY,0.11919000,83.86447501,0.11919000,8.39,0.2972,0.0000,0.00,1173.0000,queue_depleted,False,True,,,,,,,,,,
7231,1791465955163,A,hyperliquid,CASHCAT,SELL,0.11929000,83.86447501,0.11929000,8.39,0.5156,0.0000,0.00,590.0000,queue_depleted,False,True,,,,,,,,,,
7232,1791465958706,A,hyperliquid,TAO,BUY,279.12000000,0.03582303,279.12000000,2.15,0.6740,0.0000,0.00,1.0910,queue_depleted,False,True,,,,,,,,,,
7233,1791465958706,B,hyperliquid,TAO,BUY,279.12000000,0.03582303,279.12000000,2.15,0.6740,0.0000,0.00,1.0910,queue_depleted,False,True,,,,,,,,,,
7234,1791465958706,C,hyperliquid,TAO,BUY,279.12000000,0.03582303,279.12000000,2.15,0.6740,0.0000,0.00,1.0910,queue_depleted,False,True,,,,,,,,,,
7236,1791465961970,A,binance,FETUSDT,SELL,0.23000000,43.48771472,0.23000000,4.35,0.6221,0.0000,0.00,1877.9000,queue_depleted,False,True,,,,,,,,,,
7240,1791465966355,A,hyperliquid,CASHCAT,BUY,0.11926000,83.82932350,0.11926000,5.03,0.4199,0.0000,0.00,68.0000,queue_depleted,False,True,,,,,,,,,,
7244,1791465976452,A,binance,PROMUSDT,BUY,5.09200000,1.96328654,5.09200000,5.89,0.3896,0.0000,0.64,1.0900,queue_depleted,False,True,,,,,,,,,,
7246,1791465980840,A,binance,FETUSDT,BUY,0.23000000,43.46881113,0.23000000,4.35,0.5006,0.0000,0.68,22.9000,queue_depleted,False,True,,,,,,,,,,
7247,1791465983745,A,binance,XLMUSDT,BUY,0.19820000,50.44136192,0.19820000,5.04,0.4259,0.0000,0.00,2254.0000,queue_depleted,False,True,,,,,,,,,,
7248,1791465984090,A,binance,ORCAUSDT,BUY,2.61300000,3.82555471,2.61300000,7.65,0.6260,0.0000,1.05,207.2900,queue_depleted,False,True,,,,,,,,,,
7249,1791465984090,B,binance,ORCAUSDT,BUY,2.61300000,3.82555471,2.61300000,7.65,0.6260,0.0000,1.05,207.2900,queue_depleted,False,True,,,,,,,,,,
7250,1791465984090,C,binance,ORCAUSDT,BUY,2.61300000,3.82555471,2.61300000,7.65,0.6260,0.0000,1.05,207.2900,queue_depleted,False,True,,,,,,,,,,
7256,1791465991182,A,hyperliquid,FARTCOIN,BUY,0.15803000,63.27111674,0.15803000,2.53,0.4333,0.0000,0.00,738.3000,queue_depleted,False,True,,,,,,,,,,
7257,1791466000179,A,binance,XLMUSDT,BUY,0.19820000,50.44136192,0.19820000,5.04,0.4624,0.0000,0.00,1823.0000,queue_depleted,False,True,,,,,,,,,,
7259,1791466019526,A,hyperliquid,CASHCAT,BUY,0.11917000,83.88206182,0.11917000,7.55,0.2395,0.0000,0.00,250.0000,queue_depleted,False,True,,,,,,,,,,
7261,1791466027272,A,hyperliquid,CASHCAT,BUY,0.11911000,83.94191220,0.11911000,3.36,0.4276,0.0000,0.00,250.0000,queue_depleted,False,True,,,,,,,,,,
7263,1791466033142,A,hyperliquid,CASHCAT,BUY,0.11908000,83.94191220,0.11908000,8.39,0.3133,0.0000,0.00,91.0000,queue_depleted,False,True,,,,,,,,,,
7267,1791466035479,A,binance,FETUSDT,BUY,0.22980000,43.50663476,0.22980000,4.35,0.4467,0.0000,0.00,8856.1000,queue_depleted,False,True,,,,,,,,,,
7272,1791466041272,A,binance,XLMUSDT,BUY,0.19810000,50.46681807,0.19810000,5.05,0.3880,0.0000,0.00,4530.0000,queue_depleted,False,True,,,,,,,,,,
7273,1791466045903,A,hyperliquid,CASHCAT,BUY,0.11900000,84.00184804,0.11900000,7.56,0.2749,0.0000,0.00,91.0000,queue_depleted,False,True,,,,,,,,,,
7277,1791466049395,A,binance,FETUSDT,SELL,0.22990000,43.50663476,0.22990000,4.35,0.5973,0.0000,0.66,70.5000,queue_depleted,False,True,,,,,,,,,,
7283,1791466070151,A,binance,ENAUSDT,SELL,0.21610000,46.28558204,0.21610000,4.63,0.5440,0.0000,0.64,188.0500,queue_depleted,False,True,,,,,,,,,,
7285,1791466079234,A,binance,ADAUSDT,SELL,0.24780000,40.36326942,0.24780000,4.04,0.5269,0.0000,0.55,2825.3000,queue_depleted,False,True,,,,,,,,,,
7286,1791466087607,A,binance,FETUSDT,SELL,0.22990000,43.50663476,0.22990000,4.35,0.5588,0.0000,0.00,9821.7000,queue_depleted,False,True,,,,,,,,,,
7291,1791466127199,A,binance,ENAUSDT,SELL,0.21610000,46.28558204,0.21610000,4.63,0.5439,50.0000,0.85,665.8800,queue_depleted,False,True,,,,,,,,,,
7293,1791466132139,A,binance,FETUSDT,SELL,0.22990000,43.50663476,0.22990000,4.35,0.6094,0.0000,0.79,22.9000,queue_depleted,False,True,,,,,,,,,,
7295,1791466142972,A,binance,ENAUSDT,SELL,0.21620000,46.26416840,0.21620000,4.63,0.5415,2312.6700,1.02,48.5700,queue_depleted,False,True,,,,,,,,,,
7296,1791466143232,A,binance,FETUSDT,SELL,0.23010000,43.46881113,0.23010000,4.35,0.5926,0.0000,0.64,360.2000,queue_depleted,False,True,,,,,,,,,,
7297,1791466145543,A,binance,TAOUSDT,SELL,279.00000000,0.03584872,279.00000000,3.58,0.3789,0.0000,0.91,12.6853,queue_depleted,False,True,,,,,,,,,,
7298,1791466145543,B,binance,TAOUSDT,SELL,279.00000000,0.03584872,279.00000000,3.58,0.3789,0.0000,0.91,12.6853,queue_depleted,False,True,,,,,,,,,,
7299,1791466145543,C,binance,TAOUSDT,SELL,279.00000000,0.03584872,279.00000000,3.58,0.3789,0.0000,0.91,12.6853,queue_depleted,False,True,,,,,,,,,,
7304,1791466176063,A,binance,ADAUSDT,SELL,0.24790000,40.34698406,0.24790000,4.03,0.5727,0.0000,0.59,9425.2000,queue_depleted,False,True,,,,,,,,,,
7306,1791466179210,A,binance,ORCAUSDT,BUY,2.60100000,3.84393619,2.60100000,3.84,0.5459,0.0000,0.59,70.5800,queue_depleted,False,True,,,,,,,,,,
7308,1791466180571,A,binance,ENAUSDT,SELL,0.21610000,46.28558204,0.21610000,4.63,0.5371,0.0000,0.64,114.5700,queue_depleted,False,True,,,,,,,,,,
7309,1791466181088,A,hyperliquid,kPEPE,SELL,0.00400500,2497.19066051,0.00400500,2.50,0.5817,0.0000,0.00,5126.0000,queue_depleted,False,True,,,,,,,,,,
7311,1791466186789,A,binance,ORCAUSDT,BUY,2.59900000,3.84689363,2.59900000,3.85,0.4328,0.0000,2.57,21.1800,queue_depleted,False,True,,,,,,,,,,
7312,1791466188268,A,binance,XLMUSDT,BUY,0.19810000,50.46681807,0.19810000,5.05,0.3495,0.0000,0.92,1038.0000,queue_depleted,False,True,,,,,,,,,,
7313,1791466202155,A,binance,XLMUSDT,SELL,0.19810000,50.49229992,0.19810000,5.05,0.4739,0.0000,0.00,42839.0000,queue_depleted,False,True,,,,,,,,,,
7314,1791466201884,A,hyperliquid,CASHCAT,BUY,0.11905000,83.96658130,0.11905000,7.56,0.2928,84.0000,0.00,250.0000,queue_depleted,False,True,,,,,,,,,,
7324,1791466221877,A,binance,ZROUSDT,BUY,2.02300000,4.94193230,2.02300000,4.94,0.4287,0.0000,1.41,3.5100,queue_depleted,False,True,,,,,,,,,,
7328,1791466229505,A,binance,TAOUSDT,SELL,279.00000000,0.03584872,279.00000000,3.58,0.4220,0.0000,0.69,0.2829,queue_depleted,False,True,,,,,,,,,,
7333,1791466229985,A,hyperliquid,TAO,SELL,278.95000000,0.03585515,278.95000000,3.59,0.8075,0.0000,0.00,1.4340,queue_depleted,False,True,,,,,,,,,,
7335,1791466231541,A,binance,ENAUSDT,SELL,0.21620000,46.26416840,0.21620000,4.63,0.5533,0.0000,1.15,48.5800,queue_depleted,False,True,,,,,,,,,,
7353,1791466392730,A,binance,PROMUSDT,BUY,5.10400000,1.95828846,5.10400000,9.79,0.3311,0.0000,0.50,18.4500,queue_depleted,False,True,,,,,,,,,,
7357,1791466438490,A,hyperliquid,TAO,BUY,278.22000000,0.03593632,278.22000000,3.59,0.6547,0.0000,0.00,0.5020,queue_depleted,False,True,,,,,,,,,,
7358,1791466438490,B,hyperliquid,TAO,BUY,278.22000000,0.03593632,278.22000000,3.59,0.6547,0.0000,0.00,0.5020,queue_depleted,False,True,,,,,,,,,,
7359,1791466438490,C,hyperliquid,TAO,BUY,278.22000000,0.03593632,278.22000000,3.59,0.6547,0.0000,0.00,0.5020,queue_depleted,False,True,,,,,,,,,,
7371,1791466460815,A,hyperliquid,TAO,BUY,278.18000000,0.03594149,278.18000000,3.59,0.0198,0.0000,0.00,0.0560,queue_depleted,False,True,,,,,,,,,,
7372,1791466461728,A,hyperliquid,CASHCAT,BUY,0.11868000,84.24244977,0.11868000,4.21,0.7128,0.0000,0.00,85.0000,queue_depleted,False,True,,,,,,,,,,
7373,1791466461728,B,hyperliquid,CASHCAT,BUY,0.11868000,84.24244977,0.11868000,4.21,0.7128,0.0000,0.00,85.0000,queue_depleted,False,True,,,,,,,,,,
7374,1791466461728,C,hyperliquid,CASHCAT,BUY,0.11868000,84.24244977,0.11868000,4.21,0.7128,0.0000,0.00,85.0000,queue_depleted,False,True,,,,,,,,,,
7378,1791466465804,A,hyperliquid,CASHCAT,BUY,0.11860000,84.30636935,0.11860000,2.53,0.3720,0.0000,0.00,85.0000,queue_depleted,False,True,,,,,,,,,,
7379,1791466471173,A,hyperliquid,CASHCAT,BUY,0.11861000,84.28505205,0.11861000,5.90,0.8188,0.0000,0.00,1610.0000,queue_depleted,False,True,,,,,,,,,,
7380,1791466471173,B,hyperliquid,CASHCAT,BUY,0.11861000,84.28505205,0.11861000,5.90,0.8188,0.0000,0.00,1610.0000,queue_depleted,False,True,,,,,,,,,,
7381,1791466471173,C,hyperliquid,CASHCAT,BUY,0.11861000,84.28505205,0.11861000,5.90,0.8188,0.0000,0.00,1610.0000,queue_depleted,False,True,,,,,,,,,,
7388,1791466487728,A,hyperliquid,NEAR,SELL,5.01660000,1.99362041,5.01660000,2.39,0.8838,0.0000,0.00,79.7000,queue_depleted,False,True,,,,,,,,,,
7389,1791466488603,A,hyperliquid,CASHCAT,SELL,0.11875000,84.23890152,0.11875000,6.74,0.9440,0.0000,0.00,250.0000,queue_depleted,False,True,,,,,,,,,,
7391,1791466488952,A,binance,ZROUSDT,SELL,2.02100000,4.94926998,2.02100000,4.95,0.4919,0.0000,0.65,3.0000,queue_depleted,False,True,,,,,,,,,,
7393,1791466490458,B,binance,ZROUSDT,SELL,2.02200000,4.94682167,2.02200000,4.95,0.3982,3.0000,0.87,83.2500,queue_depleted,False,True,,,,,,,,,,
7394,1791466490458,C,binance,ZROUSDT,SELL,2.02200000,4.94682167,2.02200000,4.95,0.3982,3.0000,0.87,83.2500,queue_depleted,False,True,,,,,,,,,,
7403,1791466510871,A,hyperliquid,VVV,BUY,22.04000000,0.45359702,22.04000000,5.44,0.1460,0.0000,0.00,6.0100,queue_depleted,False,True,,,,,,,,,,
7419,1791466530969,A,binance,ZROUSDT,BUY,2.02100000,4.94682167,2.02100000,4.95,0.3323,0.0000,0.88,133.7700,queue_depleted,False,True,,,,,,,,,,
7420,1791466536869,A,binance,ADAUSDT,BUY,0.24690000,40.49402713,0.24690000,4.05,0.4809,0.0000,0.90,9590.9000,queue_depleted,False,True,,,,,,,,,,
7426,1791466550405,A,binance,ADAUSDT,SELL,0.24700000,40.49402713,0.24700000,4.05,0.5684,10284.0000,1.00,3657.8000,queue_depleted,False,True,,,,,,,,,,
7427,1791466555396,A,binance,ADAUSDT,BUY,0.24690000,40.49402713,0.24690000,4.05,0.4669,0.0000,1.25,63.3000,queue_depleted,False,True,,,,,,,,,,
7428,1791466560719,A,binance,PROMUSDT,BUY,5.12600000,1.95026816,5.12600000,5.85,0.6833,0.0000,0.40,1.0800,queue_depleted,False,True,,,,,,,,,,
7429,1791466560719,B,binance,PROMUSDT,BUY,5.12600000,1.95026816,5.12600000,5.85,0.6833,0.0000,0.40,1.0800,queue_depleted,False,True,,,,,,,,,,
7430,1791466560719,C,binance,PROMUSDT,BUY,5.12600000,1.95026816,5.12600000,5.85,0.6833,0.0000,0.40,1.0800,queue_depleted,False,True,,,,,,,,,,
7438,1791466584163,A,binance,ALGOUSDT,SELL,0.12240000,81.73273396,0.12240000,8.17,0.5801,0.0000,1.96,4048.0000,queue_depleted,False,True,,,,,,,,,,
7442,1791466616321,A,binance,PROMUSDT,SELL,5.13000000,1.94969780,5.13000000,3.90,0.7386,50.5200,1.37,1.0800,queue_depleted,False,True,,,,,,,,,,
7443,1791466617964,A,binance,PROMUSDT,SELL,5.13200000,1.94912777,5.13200000,5.85,0.8240,51.6000,1.36,1.0800,queue_depleted,False,True,,,,,,,,,,
7450,1791466659750,A,hyperliquid,TAO,BUY,278.05000000,0.03596087,278.05000000,2.16,0.4622,0.0000,0.00,1.4390,queue_depleted,False,True,,,,,,,,,,
7456,1791466697848,A,hyperliquid,CASHCAT,BUY,0.11852000,84.34192215,0.11852000,7.59,0.1620,0.0000,0.00,98.0000,queue_depleted,False,True,,,,,,,,,,
7457,1791466713603,A,hyperliquid,CASHCAT,BUY,0.11860000,84.29215661,0.11860000,5.90,0.5817,0.0000,0.00,93.0000,queue_depleted,False,True,,,,,,,,,,
7461,1791466763894,A,hyperliquid,SAND,BUY,0.07292100,137.11684412,0.07292100,2.61,0.5014,0.0000,0.00,5015.0000,queue_depleted,False,True,,,,,,,,,,
7463,1791466774065,A,binance,XLMUSDT,BUY,0.19740000,50.64573310,0.19740000,5.06,0.5210,0.0000,0.00,3669.0000,queue_depleted,False,True,,,,,,,,,,
7468,1791466794274,A,hyperliquid,FARTCOIN,BUY,0.15707000,63.65574971,0.15707000,3.18,0.2945,0.0000,0.00,1336.0000,queue_depleted,False,True,,,,,,,,,,
7478,1791466857425,A,binance,PROMUSDT,SELL,5.17000000,1.93498452,5.17000000,7.74,0.5529,39.9000,1.94,1.0700,queue_depleted,False,True,,,,,,,,,,
7480,1791466878533,A,binance,PROMUSDT,BUY,5.16800000,1.93423598,5.16800000,7.74,0.4630,0.0000,0.49,26.5900,queue_depleted,False,True,,,,,,,,,,
7483,1791467390387,A,hyperliquid,VVV,SELL,22.52900000,0.44408917,22.52900000,9.77,0.9894,104.4400,0.00,5.8800,queue_depleted,False,True,,,,,,,,,,
7490,1791467692231,A,binance,XLMUSDT,BUY,0.19750000,50.62009618,0.19750000,5.06,0.5046,0.0000,0.00,82.0000,queue_depleted,False,True,,,,,,,,,,
7492,1791467713584,A,binance,PROMUSDT,BUY,5.15100000,1.94061712,5.15100000,7.76,0.7282,0.0000,1.24,18.4500,queue_depleted,False,True,,,,,,,,,,
7493,1791467713584,B,binance,PROMUSDT,BUY,5.15100000,1.94061712,5.15100000,7.76,0.7282,0.0000,1.24,18.4500,queue_depleted,False,True,,,,,,,,,,
7494,1791467713584,C,binance,PROMUSDT,BUY,5.15100000,1.94061712,5.15100000,7.76,0.7282,0.0000,1.24,18.4500,queue_depleted,False,True,,,,,,,,,,
7498,1791467733496,A,binance,XLMUSDT,SELL,0.19750000,50.64573310,0.19750000,5.06,0.5236,0.0000,0.00,38857.0000,queue_depleted,False,True,,,,,,,,,,
7507,1791467782110,A,hyperliquid,FARTCOIN,BUY,0.15803000,63.26911518,0.15803000,3.16,0.8436,0.0000,0.00,3518.6000,queue_depleted,False,True,,,,,,,,,,
7508,1791467782110,B,hyperliquid,FARTCOIN,BUY,0.15803000,63.26911518,0.15803000,3.16,0.8436,0.0000,0.00,3518.6000,queue_depleted,False,True,,,,,,,,,,
7509,1791467782110,C,hyperliquid,FARTCOIN,BUY,0.15803000,63.26911518,0.15803000,3.16,0.8436,0.0000,0.00,3518.6000,queue_depleted,False,True,,,,,,,,,,
7517,1791467825407,A,hyperliquid,kPEPE,BUY,0.00399700,2501.56347717,0.00399700,2.50,0.4243,0.0000,0.00,162541.0000,queue_depleted,False,True,,,,,,,,,,
7520,1791467840336,A,binance,ORCAUSDT,SELL,2.58800000,3.86473430,2.58800000,3.86,0.6599,0.0000,0.93,6.7600,queue_depleted,False,True,,,,,,,,,,
7521,1791467844224,A,binance,ORCAUSDT,SELL,2.58900000,3.86324126,2.58900000,3.86,0.6641,0.0000,1.19,2.1300,queue_depleted,False,True,,,,,,,,,,
7523,1791467884199,A,hyperliquid,ADA,SELL,0.24700000,40.49156763,0.24700000,2.83,0.3267,0.0000,0.00,81.0000,queue_depleted,False,True,,,,,,,,,,
7524,1791467884199,B,hyperliquid,ADA,SELL,0.24700000,40.49156763,0.24700000,2.83,0.3267,0.0000,0.00,81.0000,queue_depleted,False,True,,,,,,,,,,
7525,1791467884199,C,hyperliquid,ADA,SELL,0.24700000,40.49156763,0.24700000,2.83,0.3267,0.0000,0.00,81.0000,queue_depleted,False,True,,,,,,,,,,
7526,1791467885679,A,binance,XLMUSDT,SELL,0.19770000,50.59448520,0.19770000,5.06,0.6154,0.0000,0.72,15221.0000,queue_depleted,False,True,,,,,,,,,,
7528,1791467890370,A,binance,ALGOUSDT,SELL,0.12220000,81.86655751,0.12220000,8.19,0.5801,6434.0000,0.00,5028.0000,queue_depleted,False,True,,,,,,,,,,
7530,1791467946780,A,hyperliquid,CASHCAT,SELL,0.11884000,84.19280152,0.11884000,10.95,0.6276,0.0000,0.00,97.0000,queue_depleted,False,True,,,,,,,,,,
7547,1791468182622,A,binance,XLMUSDT,BUY,0.19810000,50.46681807,0.19810000,5.05,0.4575,0.0000,0.82,6078.0000,queue_depleted,False,True,,,,,,,,,,
7548,1791468182626,A,binance,ENAUSDT,BUY,0.21630000,46.22140051,0.21630000,4.62,0.3766,0.0000,0.97,940.1000,queue_depleted,False,True,,,,,,,,,,
7550,1791468193553,A,binance,ENAUSDT,BUY,0.21640000,46.20004620,0.21640000,4.62,0.4091,0.0000,1.31,891.0500,queue_depleted,False,True,,,,,,,,,,
7551,1791468198157,A,binance,ORCAUSDT,SELL,2.62600000,3.80879832,2.62600000,3.81,0.5245,0.0000,0.57,70.7200,queue_depleted,False,True,,,,,,,,,,
7553,1791468213135,A,binance,PROMUSDT,BUY,5.14100000,1.94457948,5.14100000,5.83,0.6847,0.0000,0.43,18.4500,queue_depleted,False,True,,,,,,,,,,
7554,1791468213135,B,binance,PROMUSDT,BUY,5.14100000,1.94457948,5.14100000,5.83,0.6847,0.0000,0.43,18.4500,queue_depleted,False,True,,,,,,,,,,
7555,1791468213135,C,binance,PROMUSDT,BUY,5.14100000,1.94457948,5.14100000,5.83,0.6847,0.0000,0.43,18.4500,queue_depleted,False,True,,,,,,,,,,
7556,1791468227152,A,hyperliquid,kPEPE,BUY,0.00401500,2490.34989416,0.00401500,2.49,0.3271,0.0000,0.00,12453.0000,queue_depleted,False,True,,,,,,,,,,
7557,1791468227685,A,hyperliquid,ALGO,BUY,0.12039000,83.05302936,0.12039000,2.49,0.4547,0.0000,0.00,777.0000,queue_depleted,False,True,,,,,,,,,,
7559,1791468228339,A,binance,PROMUSDT,SELL,5.14300000,1.94476857,5.14300000,3.89,0.7135,20.0000,0.79,53.6300,queue_depleted,False,True,,,,,,,,,,
7561,1791468234669,A,binance,PROMUSDT,BUY,5.13800000,1.94590387,5.13800000,3.89,0.5785,0.0000,1.60,62.1500,queue_depleted,False,True,,,,,,,,,,
7564,1791468243937,A,hyperliquid,kPEPE,BUY,0.00401400,2490.97023291,0.00401400,2.49,0.3642,0.0000,1.76,149999.0000,queue_depleted,False,True,,,,,,,,,,
7565,1791468244135,A,hyperliquid,CASHCAT,SELL,0.11918000,83.93486654,0.11918000,6.71,0.8004,0.0000,0.30,414.0000,queue_depleted,False,True,,,,,,,,,,
7572,1791468276871,A,binance,ADAUSDT,SELL,0.24800000,40.33071184,0.24800000,4.03,0.6459,0.0000,1.05,229.9000,queue_depleted,False,True,,,,,,,,,,
7573,1791468280048,A,hyperliquid,CASHCAT,SELL,0.11923000,83.88558007,0.11923000,3.36,0.7005,0.0000,0.00,250.0000,queue_depleted,False,True,,,,,,,,,,
7585,1791468307973,A,hyperliquid,CASHCAT,SELL,0.11935000,83.81527114,0.11935000,6.71,0.8526,0.0000,0.00,250.0000,queue_depleted,False,True,,,,,,,,,,
7588,1791468331043,A,binance,ALGOUSDT,SELL,0.12040000,83.09098463,0.12040000,8.31,0.6548,0.0000,1.23,109.0000,queue_depleted,False,True,,,,,,,,,,
7589,1791468467571,A,binance,PROMUSDT,SELL,5.14600000,1.94382350,5.14600000,5.83,0.4534,0.0000,0.00,19.7100,queue_depleted,False,True,,,,,,,,,,
7590,1791468498640,A,binance,PROMUSDT,SELL,5.14600000,1.94382350,5.14600000,5.83,0.5823,0.0000,0.00,22.3500,queue_depleted,False,True,,,,,,,,,,
7592,1791468551403,A,binance,ADAUSDT,BUY,0.24810000,40.29820673,0.24810000,4.03,0.5336,0.0000,0.77,5985.2000,queue_depleted,False,True,,,,,,,,,,
7593,1791468556305,A,hyperliquid,kPEPE,BUY,0.00401800,2488.49073037,0.00401800,2.49,0.4234,0.0000,0.00,101766.0000,queue_depleted,False,True,,,,,,,,,,
7595,1791468559944,A,hyperliquid,CASHCAT,BUY,0.11941000,83.69951873,0.11941000,10.88,0.2336,0.0000,0.00,250.0000,queue_depleted,False,True,,,,,,,,,,
7599,1791468565094,A,hyperliquid,FARTCOIN,BUY,0.15888000,62.93266205,0.15888000,2.52,0.3443,0.0000,0.00,2517.6000,queue_depleted,False,True,,,,,,,,,,
7600,1791468567643,A,binance,ORCAUSDT,SELL,2.64200000,3.78572781,2.64200000,3.79,0.8991,0.0000,1.23,73.8000,queue_depleted,False,True,,,,,,,,,,
7602,1791468567791,A,hyperliquid,CASHCAT,SELL,0.11953000,83.69601607,0.11953000,8.37,0.6855,0.0000,0.00,250.0000,queue_depleted,False,True,,,,,,,,,,
7604,1791468570341,A,binance,FETUSDT,SELL,0.23110000,43.28067518,0.23110000,4.33,0.6386,0.0000,1.10,810.0000,queue_depleted,False,True,,,,,,,,,,
7606,1791468573684,A,hyperliquid,CASHCAT,SELL,0.11956000,83.65400703,0.11956000,3.35,0.8353,0.0000,0.00,93.0000,queue_depleted,False,True,,,,,,,,,,
7608,1791468583247,A,hyperliquid,VVV,SELL,23.01200000,0.43465977,23.01200000,4.78,0.3417,0.0000,0.00,17.3800,queue_depleted,False,True,,,,,,,,,,
7609,1791468583247,B,hyperliquid,VVV,SELL,23.01200000,0.43465977,23.01200000,4.78,0.3417,0.0000,0.00,17.3800,queue_depleted,False,True,,,,,,,,,,
7610,1791468583247,C,hyperliquid,VVV,SELL,23.01200000,0.43465977,23.01200000,4.78,0.3417,0.0000,0.00,17.3800,queue_depleted,False,True,,,,,,,,,,
7614,1791468583596,A,hyperliquid,CASHCAT,BUY,0.11956000,83.62252791,0.11956000,4.18,0.2524,0.0000,0.00,836.0000,queue_depleted,False,True,,,,,,,,,,
7618,1791468590649,A,hyperliquid,CASHCAT,BUY,0.11948000,83.66100561,0.11948000,8.37,0.3345,0.0000,0.00,98.0000,queue_depleted,False,True,,,,,,,,,,
7619,1791468595249,A,binance,PROMUSDT,SELL,5.15000000,1.94250194,5.15000000,7.77,0.4449,0.0000,1.99,18.4500,queue_depleted,False,True,,,,,,,,,,
7621,1791468595263,A,hyperliquid,CASHCAT,BUY,0.11947000,83.67850718,0.11947000,5.86,0.2105,98.0000,0.00,250.0000,queue_depleted,False,True,,,,,,,,,,
7622,1791468595815,A,binance,PROMUSDT,SELL,5.14900000,1.94269063,5.14900000,5.83,0.5165,20.0000,1.96,18.4500,queue_depleted,False,True,,,,,,,,,,
7632,1791468604210,A,binance,ORCAUSDT,SELL,2.64300000,3.78429518,2.64300000,3.78,0.9125,0.0000,1.80,89.6400,queue_depleted,False,True,,,,,,,,,,
7633,1791468605432,A,binance,ORCAUSDT,SELL,2.64700000,3.77857548,2.64700000,3.78,0.4943,93.8000,2.35,72.4900,queue_depleted,False,True,,,,,,,,,,
7636,1791468610662,A,hyperliquid,CASHCAT,BUY,0.11952000,83.64351135,0.11952000,5.86,0.4744,0.0000,0.00,836.0000,queue_depleted,False,True,,,,,,,,,,
7637,1791468622902,A,hyperliquid,CASHCAT,BUY,0.11954000,83.62252791,0.11954000,7.53,0.6159,0.0000,0.00,836.0000,queue_depleted,False,True,,,,,,,,,,
7638,1791468622902,B,hyperliquid,CASHCAT,BUY,0.11954000,83.62252791,0.11954000,7.53,0.6159,0.0000,0.00,836.0000,queue_depleted,False,True,,,,,,,,,,
7639,1791468622902,C,hyperliquid,CASHCAT,BUY,0.11954000,83.62252791,0.11954000,7.53,0.6159,0.0000,0.00,836.0000,queue_depleted,False,True,,,,,,,,,,
7640,1791468630466,A,hyperliquid,CASHCAT,BUY,0.11952000,83.62952122,0.11952000,9.20,0.4311,0.0000,0.00,836.0000,queue_depleted,False,True,,,,,,,,,,
7641,1791468640291,A,binance,PROMUSDT,SELL,5.15200000,1.94137061,5.15200000,3.88,0.7638,0.0000,0.28,1.0400,queue_depleted,False,True,,,,,,,,,,
7650,1791468694570,A,binance,ADAUSDT,BUY,0.24880000,40.18485031,0.24880000,4.02,0.5235,0.0000,0.88,42172.6000,queue_depleted,False,True,,,,,,,,,,
7657,1791468714637,A,binance,TAOUSDT,SELL,281.50000000,0.03553029,281.50000000,3.55,0.4387,0.0000,1.05,0.0374,queue_depleted,False,True,,,,,,,,,,
7658,1791468717675,A,binance,ADAUSDT,SELL,0.24910000,40.15257980,0.24910000,4.02,0.5941,0.0000,1.09,533.7000,queue_depleted,False,True,,,,,,,,,,
7662,1791468730501,A,binance,TAOUSDT,BUY,281.60000000,0.03550506,281.60000000,3.55,0.3653,1.0761,1.13,0.1264,queue_depleted,False,True,,,,,,,,,,
7663,1791468741829,A,binance,ADAUSDT,BUY,0.24900000,40.15257980,0.24900000,4.02,0.5053,0.0000,1.09,62.7000,queue_depleted,False,True,,,,,,,,,,
7665,1791468750223,A,binance,TAOUSDT,BUY,281.40000000,0.03553029,281.40000000,3.55,0.4196,0.0000,0.68,0.0347,queue_depleted,False,True,,,,,,,,,,
7668,1791468778126,A,binance,FETUSDT,SELL,0.23260000,43.00150505,0.23260000,4.30,0.6041,0.0000,0.56,2280.6000,queue_depleted,False,True,,,,,,,,,,
7671,1791468783243,A,binance,TAOUSDT,SELL,281.80000000,0.03549246,281.80000000,3.55,0.4440,0.0000,0.89,0.1520,queue_depleted,False,True,,,,,,,,,,
7678,1791468852133,A,binance,PROMUSDT,BUY,5.14800000,1.94174757,5.14800000,7.77,0.3545,0.0000,0.88,1.0700,queue_depleted,False,True,,,,,,,,,,
7689,1791468927343,A,hyperliquid,kPEPE,BUY,0.00403100,2480.46632767,0.00403100,2.48,0.3884,0.0000,0.00,211282.0000,queue_depleted,False,True,,,,,,,,,,
7693,1791468935756,A,hyperliquid,FARTCOIN,BUY,0.15919000,62.80815250,0.15919000,3.14,0.5336,0.0000,0.00,1545.4000,queue_depleted,False,True,,,,,,,,,,
7694,1791468939661,A,binance,XLMUSDT,SELL,0.19890000,50.28916269,0.19890000,5.03,0.5489,0.0000,0.00,54.0000,queue_depleted,False,True,,,,,,,,,,
7695,1791468941042,A,binance,FETUSDT,SELL,0.23250000,43.02000430,0.23250000,4.30,0.5459,0.0000,0.66,22.6000,queue_depleted,False,True,,,,,,,,,,
7703,1791468958837,A,hyperliquid,CASHCAT,BUY,0.12013000,83.20505887,0.12013000,9.15,0.3113,0.0000,0.00,1596.0000,queue_depleted,False,True,,,,,,,,,,
7704,1791468965224,A,hyperliquid,CASHCAT,BUY,0.12012000,83.21198253,0.12012000,9.15,0.2234,0.0000,0.00,116.0000,queue_depleted,False,True,,,,,,,,,,
7705,1791468969221,A,hyperliquid,CASHCAT,SELL,0.12021000,83.22583330,0.12021000,9.15,0.4332,0.0000,0.00,1683.0000,queue_depleted,False,True,,,,,,,,,,
7707,1791468969437,A,hyperliquid,CASHCAT,BUY,0.12010000,83.22583330,0.12010000,9.15,0.4332,0.0000,0.00,2513.0000,queue_depleted,False,True,,,,,,,,,,
7709,1791469013431,A,binance,PROMUSDT,SELL,5.12300000,1.95274360,5.12300000,7.81,0.8238,0.0000,1.13,5.8700,queue_depleted,False,True,,,,,,,,,,
7715,1791469032727,A,hyperliquid,kPEPE,BUY,0.00402100,2486.63434042,0.00402100,2.49,0.4623,0.0000,0.00,12434.0000,queue_depleted,False,True,,,,,,,,,,
7716,1791469034447,A,binance,ADAUSDT,BUY,0.24860000,40.21717273,0.24860000,4.02,0.4256,313.2000,0.54,83.2000,queue_depleted,False,True,,,,,,,,,,
7717,1791469039399,A,binance,PROMUSDT,SELL,5.12300000,1.95293428,5.12300000,9.76,0.7467,0.0000,1.54,18.4500,queue_depleted,False,True,,,,,,,,,,
7720,1791469060573,A,binance,ADAUSDT,BUY,0.24860000,40.21717273,0.24860000,4.02,0.4272,1884.9000,0.95,1297.5000,queue_depleted,False,True,,,,,,,,,,
7736,1791469167187,A,binance,PROMUSDT,BUY,5.11600000,1.95407914,5.11600000,5.86,0.5250,0.0000,1.09,1.0800,queue_depleted,False,True,,,,,,,,,,
7738,1791469178069,A,binance,XLMUSDT,SELL,0.19890000,50.28916269,0.19890000,5.03,0.5310,0.0000,0.00,17248.0000,queue_depleted,False,True,,,,,,,,,,
7740,1791469186325,A,binance,ADAUSDT,BUY,0.24910000,40.13646398,0.24910000,4.01,0.5231,0.0000,0.83,28944.2000,queue_depleted,False,True,,,,,,,,,,
7741,1791469187080,A,binance,ZROUSDT,SELL,2.06100000,4.85319097,2.06100000,4.85,0.7936,0.0000,1.00,131.5000,queue_depleted,False,True,,,,,,,,,,
7744,1791469204833,A,hyperliquid,CASHCAT,BUY,0.11956000,83.62952122,0.11956000,2.51,0.0545,0.0000,0.00,836.0000,queue_depleted,False,True,,,,,,,,,,
7747,1791469211037,A,hyperliquid,CASHCAT,BUY,0.11941000,83.72054083,0.11941000,5.86,0.5084,0.0000,0.00,250.0000,queue_depleted,False,True,,,,,,,,,,
7750,1791469240896,A,binance,ORCAUSDT,SELL,2.66500000,3.75304935,2.66500000,3.75,0.6425,0.0000,0.63,58.9300,queue_depleted,False,True,,,,,,,,,,
7752,1791469247670,A,binance,ORCAUSDT,SELL,2.66500000,3.75304935,2.66500000,3.75,0.6265,0.0000,0.00,56.1200,queue_depleted,False,True,,,,,,,,,,
7755,1791469254235,A,binance,ORCAUSDT,SELL,2.66700000,3.75023439,2.66700000,3.75,0.6771,0.0000,1.28,56.1200,queue_depleted,False,True,,,,,,,,,,
7756,1791469254990,B,binance,PROMUSDT,BUY,5.10000000,1.96020778,5.10000000,5.88,0.6613,0.0000,0.00,18.4500,queue_depleted,False,True,,,,,,,,,,
7757,1791469254990,C,binance,PROMUSDT,BUY,5.10000000,1.96020778,5.10000000,5.88,0.6613,0.0000,0.00,18.4500,queue_depleted,False,True,,,,,,,,,,
7761,1791469271866,A,hyperliquid,ADA,BUY,0.24922000,40.12116592,0.24922000,2.01,0.0680,0.0000,0.00,2007.0000,queue_depleted,False,True,,,,,,,,,,
7763,1791469283149,A,binance,PROMUSDT,SELL,5.10000000,1.96116886,5.10000000,3.92,0.5486,0.0000,0.28,70.1400,queue_depleted,False,True,,,,,,,,,,
7764,1791469301055,A,binance,PROMUSDT,SELL,5.10000000,1.96116886,5.10000000,3.92,0.7237,50.0000,1.22,32.8500,queue_depleted,False,True,,,,,,,,,,
7765,1791469313947,A,binance,PROMUSDT,SELL,5.10300000,1.96039992,5.10300000,7.84,0.5375,0.0000,1.25,42.2200,queue_depleted,False,True,,,,,,,,,,
7767,1791469317396,A,binance,PROMUSDT,SELL,5.10600000,1.95905574,5.10600000,5.88,0.7706,0.0000,1.61,1.0800,queue_depleted,False,True,,,,,,,,,,
7774,1791469426645,A,binance,PROMUSDT,BUY,5.09000000,1.96425064,5.09000000,3.93,0.2254,0.0000,1.32,2.4100,queue_depleted,False,True,,,,,,,,,,
7776,1791469486862,A,hyperliquid,CASHCAT,BUY,0.11887000,84.09368036,0.11887000,7.57,0.1580,0.0000,0.00,250.0000,queue_depleted,False,True,,,,,,,,,,
7780,1791469497449,A,hyperliquid,CASHCAT,BUY,0.11895000,84.03361345,0.11895000,8.40,0.1825,0.0000,0.00,840.0000,queue_depleted,False,True,,,,,,,,,,
7785,1791469509268,A,binance,ALGOUSDT,BUY,0.12040000,83.02200083,0.12040000,8.30,0.5213,31794.0000,0.00,1867.0000,queue_depleted,False,True,,,,,,,,,,
7788,1791469518646,A,binance,ALGOUSDT,SELL,0.12040000,83.09098463,0.12040000,8.31,0.5720,0.0000,1.10,2167.0000,queue_depleted,False,True,,,,,,,,,,
7793,1791469520724,A,binance,ADAUSDT,SELL,0.24840000,40.26575398,0.24840000,4.03,0.5964,0.0000,0.84,2799.5000,queue_depleted,False,True,,,,,,,,,,
7802,1791469539812,A,binance,ORCAUSDT,BUY,2.65000000,3.77216145,2.65000000,7.54,0.4810,3.6600,1.10,87.7300,queue_depleted,False,True,,,,,,,,,,
7803,1791469540300,A,hyperliquid,CASHCAT,BUY,0.11891000,84.06540288,0.11891000,7.57,0.8396,0.0000,0.00,3634.0000,queue_depleted,False,True,,,,,,,,,,
7804,1791469540300,B,hyperliquid,CASHCAT,BUY,0.11891000,84.06540288,0.11891000,7.57,0.8396,0.0000,0.00,3634.0000,queue_depleted,False,True,,,,,,,,,,
7805,1791469540300,C,hyperliquid,CASHCAT,BUY,0.11891000,84.06540288,0.11891000,7.57,0.8396,0.0000,0.00,3634.0000,queue_depleted,False,True,,,,,,,,,,
7807,1791469541305,A,hyperliquid,PONS,BUY,0.38598000,25.90304490,0.38598000,3.89,0.6550,0.0000,0.00,1000.0000,queue_depleted,False,True,,,,,,,,,,
7808,1791469541305,B,hyperliquid,PONS,BUY,0.38598000,25.90304490,0.38598000,3.89,0.6550,0.0000,0.00,1000.0000,queue_depleted,False,True,,,,,,,,,,
7809,1791469541305,C,hyperliquid,PONS,BUY,0.38598000,25.90304490,0.38598000,3.89,0.6550,0.0000,0.00,1000.0000,queue_depleted,False,True,,,,,,,,,,
7810,1791469542779,A,hyperliquid,ALGO,SELL,0.12052000,82.98410854,0.12052000,2.49,0.6059,0.0000,0.00,3606.0000,queue_depleted,False,True,,,,,,,,,,
7813,1791469552260,A,hyperliquid,CASHCAT,BUY,0.11884000,84.13613226,0.11884000,2.52,0.3074,0.0000,0.00,94.0000,queue_depleted,False,True,,,,,,,,,,
7815,1791469555599,A,binance,ORCAUSDT,SELL,2.65000000,3.77429704,2.65000000,3.77,0.5708,0.0000,0.99,54.0000,queue_depleted,False,True,,,,,,,,,,
7816,1791469557134,A,binance,ORCAUSDT,BUY,2.64900000,3.77358491,2.64900000,7.55,0.5460,0.0000,0.94,138.7800,queue_depleted,False,True,,,,,,,,,,
7817,1791469556942,A,hyperliquid,CASHCAT,BUY,0.11881000,84.14321175,0.11881000,5.89,0.2925,0.0000,0.00,250.0000,queue_depleted,False,True,,,,,,,,,,
7821,1791469560677,A,hyperliquid,kPEPE,BUY,0.00402400,2484.78071810,0.00402400,2.48,0.3260,0.0000,0.00,4860.0000,queue_depleted,False,True,,,,,,,,,,
7824,1791469583546,A,hyperliquid,CASHCAT,BUY,0.11882000,84.12905397,0.11882000,7.57,0.6663,0.0000,0.00,2105.0000,queue_depleted,False,True,,,,,,,,,,
7825,1791469583546,B,hyperliquid,CASHCAT,BUY,0.11882000,84.12905397,0.11882000,7.57,0.6663,0.0000,0.00,2105.0000,queue_depleted,False,True,,,,,,,,,,
7826,1791469583546,C,hyperliquid,CASHCAT,BUY,0.11882000,84.12905397,0.11882000,7.57,0.6663,0.0000,0.00,2105.0000,queue_depleted,False,True,,,,,,,,,,
7837,1791469636860,A,binance,TAOUSDT,BUY,281.40000000,0.03553029,281.40000000,3.55,0.4967,0.0000,0.83,0.1950,queue_depleted,False,True,,,,,,,,,,
7841,1791469646926,A,binance,FETUSDT,SELL,0.23230000,43.05705059,0.23230000,4.31,0.6192,0.0000,0.90,104.2000,queue_depleted,False,True,,,,,,,,,,
7842,1791469658221,A,binance,FETUSDT,BUY,0.23230000,43.03851947,0.23230000,4.30,0.5769,0.0000,0.00,22.6000,queue_depleted,False,True,,,,,,,,,,
7843,1791469662639,A,binance,PROMUSDT,SELL,5.11000000,1.95771339,5.11000000,7.83,0.6853,0.0000,0.53,19.5300,queue_depleted,False,True,,,,,,,,,,
7845,1791469666641,A,binance,ALGOUSDT,SELL,0.12090000,82.74720728,0.12090000,8.27,0.6315,0.0000,1.56,3827.0000,queue_depleted,False,True,,,,,,,,,,
7851,1791469668451,A,binance,FETUSDT,BUY,0.23220000,43.05705059,0.23220000,4.31,0.5695,0.0000,0.68,2803.0000,queue_depleted,False,True,,,,,,,,,,
7852,1791469676188,A,hyperliquid,kPEPE,BUY,0.00402400,2484.78071810,0.00402400,2.48,0.4099,0.0000,0.00,248686.0000,queue_depleted,False,True,,,,,,,,,,
7857,1791469687101,A,hyperliquid,FARTCOIN,BUY,0.15851000,63.06760848,0.15851000,6.31,0.7491,0.0000,0.00,4829.1000,queue_depleted,False,True,,,,,,,,,,
7858,1791469687101,B,hyperliquid,FARTCOIN,BUY,0.15851000,63.06760848,0.15851000,6.31,0.7491,0.0000,0.00,4829.1000,queue_depleted,False,True,,,,,,,,,,
7859,1791469687101,C,hyperliquid,FARTCOIN,BUY,0.15851000,63.06760848,0.15851000,6.31,0.7491,0.0000,0.00,4829.1000,queue_depleted,False,True,,,,,,,,,,
7861,1791469693247,A,binance,FETUSDT,SELL,0.23200000,43.11273981,0.23200000,4.31,0.6266,0.0000,1.31,22.7000,queue_depleted,False,True,,,,,,,,,,
7863,1791469696662,A,binance,ALGOUSDT,SELL,0.12090000,82.74720728,0.12090000,8.27,0.4870,0.0000,1.54,8435.0000,queue_depleted,False,True,,,,,,,,,,
7867,1791469716368,A,binance,PROMUSDT,SELL,5.11600000,1.95541650,5.11600000,7.82,0.5318,0.0000,0.62,1.0800,queue_depleted,False,True,,,,,,,,,,
7869,1791469718223,B,binance,FETUSDT,BUY,0.23210000,43.07559767,0.23210000,4.31,0.6042,0.0000,0.00,13184.9000,queue_depleted,False,True,,,,,,,,,,
7870,1791469718223,C,binance,FETUSDT,BUY,0.23210000,43.07559767,0.23210000,4.31,0.6042,0.0000,0.00,13184.9000,queue_depleted,False,True,,,,,,,,,,
7873,1791469718737,A,binance,XLMUSDT,SELL,0.19890000,50.28916269,0.19890000,5.03,0.5725,0.0000,0.00,54.0000,queue_depleted,False,True,,,,,,,,,,
7874,1791469718879,A,binance,PROMUSDT,BUY,5.11200000,1.95579894,5.11200000,3.91,0.5750,0.0000,1.20,1.0800,queue_depleted,False,True,,,,,,,,,,
7876,1791469724015,A,hyperliquid,kPEPE,SELL,0.00402500,2484.78071810,0.00402500,2.48,0.6162,0.0000,0.00,12704.0000,queue_depleted,False,True,,,,,,,,,,
7881,1791469752646,A,binance,PROMUSDT,SELL,5.11300000,1.95637288,5.11300000,5.87,0.4721,0.0000,0.80,8.4500,queue_depleted,False,True,,,,,,,,,,
7898,1791469864584,A,hyperliquid,kPEPE,BUY,0.00402700,2482.92985723,0.00402700,2.48,0.4671,0.0000,0.00,25044.0000,queue_depleted,False,True,,,,,,,,,,
7899,1791469875002,A,hyperliquid,FARTCOIN,BUY,0.15922000,62.79434851,0.15922000,3.77,0.5544,0.0000,0.00,1831.0000,queue_depleted,False,True,,,,,,,,,,
7901,1791469903173,A,binance,TAOUSDT,SELL,281.90000000,0.03547987,281.90000000,3.55,0.4614,0.0000,0.45,0.0374,queue_depleted,False,True,,,,,,,,,,
7902,1791469907519,A,hyperliquid,FARTCOIN,BUY,0.15909000,62.84960091,0.15909000,2.51,0.6527,0.0000,0.00,2514.3000,queue_depleted,False,True,,,,,,,,,,
7903,1791469907519,B,hyperliquid,FARTCOIN,BUY,0.15909000,62.84960091,0.15909000,2.51,0.6527,0.0000,0.00,2514.3000,queue_depleted,False,True,,,,,,,,,,
7904,1791469907519,C,hyperliquid,FARTCOIN,BUY,0.15909000,62.84960091,0.15909000,2.51,0.6527,0.0000,0.00,2514.3000,queue_depleted,False,True,,,,,,,,,,
7905,1791469914122,A,binance,TAOUSDT,BUY,282.00000000,0.03545471,282.00000000,3.55,0.3485,0.0000,0.44,0.0374,queue_depleted,False,True,,,,,,,,,,
7906,1791469914360,A,binance,ORCAUSDT,BUY,2.63900000,3.78859633,2.63900000,3.79,0.9280,0.0000,1.36,485.4400,queue_depleted,False,True,,,,,,,,,,
7907,1791469914360,B,binance,ORCAUSDT,BUY,2.63900000,3.78859633,2.63900000,3.79,0.9280,0.0000,1.36,485.4400,queue_depleted,False,True,,,,,,,,,,
7908,1791469914360,C,binance,ORCAUSDT,BUY,2.63900000,3.78859633,2.63900000,3.79,0.9280,0.0000,1.36,485.4400,queue_depleted,False,True,,,,,,,,,,
7909,1791469919660,A,binance,TAOUSDT,SELL,282.10000000,0.03545471,282.10000000,3.55,0.4499,0.0000,0.84,0.0574,queue_depleted,False,True,,,,,,,,,,
7921,1791469960292,A,binance,ENAUSDT,SELL,0.21640000,46.22140051,0.21640000,4.62,0.6508,0.0000,0.87,48.5200,queue_depleted,False,True,,,,,,,,,,
7932,1791470004370,A,hyperliquid,FARTCOIN,BUY,0.15908000,62.85355123,0.15908000,2.51,0.8379,0.0000,0.00,2020.3000,queue_depleted,False,True,,,,,,,,,,
7933,1791470004370,B,hyperliquid,FARTCOIN,BUY,0.15908000,62.85355123,0.15908000,2.51,0.8379,0.0000,0.00,2020.3000,queue_depleted,False,True,,,,,,,,,,
7934,1791470004370,C,hyperliquid,FARTCOIN,BUY,0.15908000,62.85355123,0.15908000,2.51,0.8379,0.0000,0.00,2020.3000,queue_depleted,False,True,,,,,,,,,,
7943,1791470062367,A,hyperliquid,PONS,SELL,0.38858000,25.74300756,0.38858000,6.44,0.5484,2573.0000,0.00,394.0000,queue_depleted,False,True,,,,,,,,,,
7945,1791470065811,A,binance,XLMUSDT,SELL,0.19930000,50.18820577,0.19930000,5.02,0.5320,0.0000,0.00,3286.0000,queue_depleted,False,True,,,,,,,,,,
7960,1791470154288,A,binance,ORCAUSDT,BUY,2.64600000,3.77857548,2.64600000,3.78,0.4196,25.1500,1.55,32.2800,queue_depleted,False,True,,,,,,,,,,
7961,1791470185413,A,hyperliquid,FARTCOIN,BUY,0.15872000,62.99609424,0.15872000,2.52,0.6948,0.0000,0.00,1792.5000,queue_depleted,False,True,,,,,,,,,,
7962,1791470185413,B,hyperliquid,FARTCOIN,BUY,0.15872000,62.99609424,0.15872000,2.52,0.6948,0.0000,0.00,1792.5000,queue_depleted,False,True,,,,,,,,,,
7963,1791470185413,C,hyperliquid,FARTCOIN,BUY,0.15872000,62.99609424,0.15872000,2.52,0.6948,0.0000,0.00,1792.5000,queue_depleted,False,True,,,,,,,,,,
7964,1791470190493,A,hyperliquid,kPEPE,SELL,0.00402100,2487.25282925,0.00402100,2.49,0.6271,0.0000,0.00,9527.0000,queue_depleted,False,True,,,,,,,,,,
7966,1791470195279,A,binance,PROMUSDT,BUY,5.12000000,1.95255296,5.12000000,5.86,0.4571,0.0000,0.35,24.5000,queue_depleted,False,True,,,,,,,,,,
7971,1791470231312,A,binance,TAOUSDT,BUY,281.00000000,0.03558086,281.00000000,3.56,0.4535,0.0240,0.46,12.1763,queue_depleted,False,True,,,,,,,,,,
7972,1791470230861,A,hyperliquid,CASHCAT,BUY,0.11916000,83.88558007,0.11916000,8.39,0.5826,0.0000,0.00,86.0000,queue_depleted,False,True,,,,,,,,,,
7974,1791470233556,A,binance,PROMUSDT,SELL,5.12400000,1.95198126,5.12400000,3.90,0.7226,18.4500,0.81,1.0800,queue_depleted,False,True,,,,,,,,,,
7975,1791470233676,A,hyperliquid,CASHCAT,BUY,0.11905000,83.95953151,0.11905000,9.24,0.3307,1934.0000,0.00,250.0000,queue_depleted,False,True,,,,,,,,,,
7979,1791470248967,A,binance,ADAUSDT,SELL,0.24830000,40.28197382,0.24830000,4.03,0.5472,0.0000,0.58,218.0000,queue_depleted,False,True,,,,,,,,,,
7984,1791470265911,A,hyperliquid,FARTCOIN,SELL,0.15876000,62.99609424,0.15876000,2.52,0.7747,0.0000,0.00,2307.3000,queue_depleted,False,True,,,,,,,,,,
7996,1791470289422,A,binance,PROMUSDT,SELL,5.12000000,1.95350654,5.12000000,3.91,0.6383,0.0000,1.28,16.6400,queue_depleted,False,True,,,,,,,,,,
7997,1791470293221,A,hyperliquid,kPEPE,BUY,0.00401500,2490.34989416,0.00401500,2.49,0.4080,0.0000,0.00,12453.0000,queue_depleted,False,True,,,,,,,,,,
8000,1791470301444,A,binance,TAOUSDT,SELL,280.90000000,0.03560620,280.90000000,3.56,0.5623,0.0000,0.50,0.0374,queue_depleted,False,True,,,,,,,,,,
8001,1791470304436,A,binance,PROMUSDT,SELL,5.12400000,1.95217179,5.12400000,5.86,0.7530,0.0000,0.71,1.0800,queue_depleted,False,True,,,,,,,,,,
8012,1791470329558,A,binance,PROMUSDT,BUY,5.12100000,1.95179077,5.12100000,9.76,0.7883,0.0000,0.35,18.4500,queue_depleted,False,True,,,,,,,,,,
8013,1791470329558,B,binance,PROMUSDT,BUY,5.12100000,1.95179077,5.12100000,9.76,0.7883,0.0000,0.35,18.4500,queue_depleted,False,True,,,,,,,,,,
8014,1791470329558,C,binance,PROMUSDT,BUY,5.12100000,1.95179077,5.12100000,9.76,0.7883,0.0000,0.35,18.4500,queue_depleted,False,True,,,,,,,,,,
8028,1791470361369,A,binance,ORCAUSDT,BUY,2.63200000,3.79867047,2.63200000,3.80,0.5512,0.0000,0.95,33.1900,queue_depleted,False,True,,,,,,,,,,
8029,1791470376479,A,binance,ORCAUSDT,BUY,2.63000000,3.80155864,2.63000000,3.80,0.5124,0.0000,0.80,24.5400,queue_depleted,False,True,,,,,,,,,,
8031,1791470381635,A,binance,ORCAUSDT,SELL,2.63300000,3.79867047,2.63300000,3.80,0.6353,0.0000,1.51,85.8500,queue_depleted,False,True,,,,,,,,,,
8034,1791470447035,A,binance,XLMUSDT,BUY,0.19880000,50.28916269,0.19880000,5.03,0.4228,0.0000,0.00,29506.0000,queue_depleted,False,True,,,,,,,,,,
8040,1791470481709,A,binance,ENAUSDT,BUY,0.21500000,46.50081376,0.21500000,4.65,0.4790,128.0000,0.57,3475.6300,queue_depleted,False,True,,,,,,,,,,
8045,1791470488459,A,binance,XLMUSDT,SELL,0.19860000,50.36514732,0.19860000,5.04,0.4878,0.0000,0.00,7665.0000,queue_depleted,False,True,,,,,,,,,,
8049,1791470510132,A,binance,ENAUSDT,SELL,0.21510000,46.50081376,0.21510000,4.65,0.5391,0.0000,1.07,1537.2800,queue_depleted,False,True,,,,,,,,,,
8050,1791470514682,A,binance,ORCAUSDT,BUY,2.62800000,3.80445121,2.62800000,3.80,0.5005,0.0000,0.70,88.6300,queue_depleted,False,True,,,,,,,,,,
8052,1791470520908,A,hyperliquid,kPEPE,BUY,0.00401000,2493.14385440,0.00401000,4.99,0.4970,0.0000,0.00,636935.0000,queue_depleted,False,True,,,,,,,,,,
8055,1791470546927,A,binance,ZROUSDT,BUY,2.05200000,4.87210719,2.05200000,4.87,0.6132,0.0000,0.75,663.2000,queue_depleted,False,True,,,,,,,,,,
8056,1791470546927,B,binance,ZROUSDT,BUY,2.05200000,4.87210719,2.05200000,4.87,0.6132,0.0000,0.75,663.2000,queue_depleted,False,True,,,,,,,,,,
8057,1791470546927,C,binance,ZROUSDT,BUY,2.05200000,4.87210719,2.05200000,4.87,0.6132,0.0000,0.75,663.2000,queue_depleted,False,True,,,,,,,,,,
8062,1791470548852,A,binance,ZROUSDT,BUY,2.05200000,4.87210719,2.05200000,4.87,0.5839,975.3000,0.00,83.2500,queue_depleted,False,True,,,,,,,,,,
8064,1791470572229,A,binance,ADAUSDT,BUY,0.24760000,40.37956794,0.24760000,4.04,0.4745,0.0000,0.67,83.4000,queue_depleted,False,True,,,,,,,,,,
8065,1791470574097,A,binance,TAOUSDT,BUY,280.60000000,0.03563157,280.60000000,3.56,0.4968,0.9472,0.88,1.4625,queue_depleted,False,True,,,,,,,,,,
8066,1791470578475,A,binance,ENAUSDT,SELL,0.21530000,46.45760743,0.21530000,4.65,0.4916,0.0000,0.88,54208.0300,queue_depleted,False,True,,,,,,,,,,
8068,1791470581537,A,binance,ENAUSDT,SELL,0.21530000,46.45760743,0.21530000,4.65,0.5850,0.0000,0.90,2191.8500,queue_depleted,False,True,,,,,,,,,,
8069,1791470592519,A,hyperliquid,CASHCAT,BUY,0.11851000,84.37038599,0.11851000,2.53,0.6129,0.0000,0.00,11646.0000,queue_depleted,False,True,,,,,,,,,,
8070,1791470592519,B,hyperliquid,CASHCAT,BUY,0.11851000,84.37038599,0.11851000,2.53,0.6129,0.0000,0.00,11646.0000,queue_depleted,False,True,,,,,,,,,,
8071,1791470592519,C,hyperliquid,CASHCAT,BUY,0.11851000,84.37038599,0.11851000,2.53,0.6129,0.0000,0.00,11646.0000,queue_depleted,False,True,,,,,,,,,,
8072,1791470592862,A,hyperliquid,CASHCAT,SELL,0.11854000,84.37038599,0.11854000,2.53,0.6129,0.0000,0.00,421.0000,queue_depleted,False,True,,,,,,,,,,
8073,1791470602311,A,binance,XLMUSDT,BUY,0.19850000,50.36514732,0.19850000,5.04,0.4441,0.0000,0.00,2471.0000,queue_depleted,False,True,,,,,,,,,,
8076,1791470617721,A,binance,ZROUSDT,BUY,2.05000000,4.87685930,2.05000000,4.88,0.4631,0.0000,0.00,20.0000,queue_depleted,False,True,,,,,,,,,,
8077,1791470619436,A,binance,ORCAUSDT,BUY,2.62300000,3.81170192,2.62300000,3.81,0.6525,0.0000,1.62,186.3800,queue_depleted,False,True,,,,,,,,,,
8078,1791470619436,B,binance,ORCAUSDT,BUY,2.62300000,3.81170192,2.62300000,3.81,0.6525,0.0000,1.62,186.3800,queue_depleted,False,True,,,,,,,,,,
8079,1791470619436,C,binance,ORCAUSDT,BUY,2.62300000,3.81170192,2.62300000,3.81,0.6525,0.0000,1.62,186.3800,queue_depleted,False,True,,,,,,,,,,
8080,1791470625948,A,binance,FETUSDT,BUY,0.23270000,42.96455424,0.23270000,4.30,0.5576,0.0000,0.00,1205.5000,queue_depleted,False,True,,,,,,,,,,
8082,1791470633435,A,binance,FETUSDT,SELL,0.23270000,42.98302171,0.23270000,4.30,0.7264,0.0000,0.90,22.6000,queue_depleted,False,True,,,,,,,,,,
8085,1791470651276,A,binance,ZROUSDT,BUY,2.04800000,4.88162070,2.04800000,4.88,0.5348,0.0000,0.86,600.7900,queue_depleted,False,True,,,,,,,,,,
8088,1791470655130,A,binance,FETUSDT,SELL,0.23280000,42.96455424,0.23280000,4.30,0.5689,0.0000,0.00,22.6000,queue_depleted,False,True,,,,,,,,,,
8089,1791470657208,A,binance,PROMUSDT,BUY,5.12000000,1.95255296,5.12000000,5.86,0.4681,0.0000,0.00,19.5300,queue_depleted,False,True,,,,,,,,,,
8091,1791470659241,A,binance,ZROUSDT,BUY,2.04700000,4.88400488,2.04700000,4.88,0.7270,1079.6000,1.24,4367.5000,queue_depleted,False,True,,,,,,,,,,
8092,1791470659241,B,binance,ZROUSDT,BUY,2.04700000,4.88400488,2.04700000,4.88,0.7270,1079.6000,1.24,4367.5000,queue_depleted,False,True,,,,,,,,,,
8093,1791470659247,A,binance,ZROUSDT,SELL,2.04800000,4.88400488,2.04800000,4.88,0.7270,0.0000,1.24,488.0000,queue_depleted,False,True,,,,,,,,,,
8098,1791470666626,A,binance,XLMUSDT,SELL,0.19850000,50.39052658,0.19850000,5.04,0.5280,0.0000,0.00,4999.0000,queue_depleted,False,True,,,,,,,,,,
8099,1791470666797,A,binance,TAOUSDT,BUY,280.30000000,0.03566970,280.30000000,3.57,0.4943,0.0000,0.77,6.6683,queue_depleted,False,True,,,,,,,,,,
8101,1791470688034,A,binance,TAOUSDT,BUY,280.20000000,0.03568243,280.20000000,3.57,0.5280,0.0000,0.57,0.9769,queue_depleted,False,True,,,,,,,,,,
8102,1791470689260,A,binance,ZROUSDT,BUY,2.04800000,4.88162070,2.04800000,4.88,0.6128,0.0000,0.00,132.1300,queue_depleted,False,True,,,,,,,,,,
8103,1791470689260,B,binance,ZROUSDT,BUY,2.04800000,4.88162070,2.04800000,4.88,0.6128,0.0000,0.00,132.1300,queue_depleted,False,True,,,,,,,,,,
8104,1791470689260,C,binance,ZROUSDT,BUY,2.04800000,4.88162070,2.04800000,4.88,0.6128,0.0000,0.00,132.1300,queue_depleted,False,True,,,,,,,,,,
8110,1791470702978,A,hyperliquid,ZRO,BUY,2.04600000,4.88698839,2.04600000,2.44,0.0665,0.0000,0.00,48.8000,queue_depleted,False,True,,,,,,,,,,
8120,1791470710340,A,binance,PROMUSDT,BUY,5.11500000,1.95465207,5.11500000,3.91,0.1412,0.0000,1.04,1.1600,queue_depleted,False,True,,,,,,,,,,
8125,1791470721638,A,binance,ORCAUSDT,SELL,2.63000000,3.80300437,2.63000000,3.80,0.6607,0.0000,0.75,153.0900,queue_depleted,False,True,,,,,,,,,,
8127,1791470734056,A,binance,ALGOUSDT,SELL,0.12000000,83.36807003,0.12000000,8.34,0.5441,0.0000,0.00,1521.0000,queue_depleted,False,True,,,,,,,,,,
8128,1791470749889,A,binance,ADAUSDT,SELL,0.24750000,40.41220449,0.24750000,4.04,0.5944,0.0000,0.84,124.1000,queue_depleted,False,True,,,,,,,,,,
8129,1791470749890,A,binance,FETUSDT,SELL,0.23310000,42.90924694,0.23310000,4.29,0.5266,0.0000,0.73,206.3000,queue_depleted,False,True,,,,,,,,,,
8131,1791470751278,A,hyperliquid,TAO,BUY,280.15000000,0.03569134,280.15000000,2.14,0.7201,0.0000,0.00,1.4280,queue_depleted,False,True,,,,,,,,,,
8132,1791470751278,B,hyperliquid,TAO,BUY,280.15000000,0.03569134,280.15000000,2.14,0.7201,0.0000,0.00,1.4280,queue_depleted,False,True,,,,,,,,,,
8133,1791470751278,C,hyperliquid,TAO,BUY,280.15000000,0.03569134,280.15000000,2.14,0.7201,0.0000,0.00,1.4280,queue_depleted,False,True,,,,,,,,,,
8135,1791470758996,A,hyperliquid,TAO,BUY,280.25000000,0.03567861,280.25000000,2.14,0.5087,0.0000,0.00,1.4270,queue_depleted,False,True,,,,,,,,,,
8138,1791470773685,A,binance,TAOUSDT,SELL,280.50000000,0.03565698,280.50000000,3.57,0.5556,0.0000,0.00,0.7357,queue_depleted,False,True,,,,,,,,,,
8141,1791470777021,A,hyperliquid,FARTCOIN,SELL,0.15845000,63.11935871,0.15845000,2.52,0.3892,0.0000,0.00,315.5000,queue_depleted,False,True,,,,,,,,,,
8142,1791470777021,B,hyperliquid,FARTCOIN,SELL,0.15845000,63.11935871,0.15845000,2.52,0.3892,0.0000,0.00,315.5000,queue_depleted,False,True,,,,,,,,,,
8143,1791470777021,C,hyperliquid,FARTCOIN,SELL,0.15845000,63.11935871,0.15845000,2.52,0.3892,0.0000,0.00,315.5000,queue_depleted,False,True,,,,,,,,,,
8144,1791470777567,A,hyperliquid,TAO,BUY,280.49000000,0.03564808,280.49000000,2.14,0.7142,0.0000,0.00,2.1410,queue_depleted,False,True,,,,,,,,,,
8145,1791470777567,B,hyperliquid,TAO,BUY,280.49000000,0.03564808,280.49000000,2.14,0.7142,0.0000,0.00,2.1410,queue_depleted,False,True,,,,,,,,,,
8146,1791470777567,C,hyperliquid,TAO,BUY,280.49000000,0.03564808,280.49000000,2.14,0.7142,0.0000,0.00,2.1410,queue_depleted,False,True,,,,,,,,,,
8150,1791470788815,A,hyperliquid,FARTCOIN,BUY,0.15850000,63.08352258,0.15850000,2.52,0.5330,0.0000,0.00,1324.0000,queue_depleted,False,True,,,,,,,,,,
8159,1791470820001,A,binance,ADAUSDT,BUY,0.24750000,40.39587962,0.24750000,4.04,0.4752,0.0000,0.81,1689.7000,queue_depleted,False,True,,,,,,,,,,
8167,1791470841455,A,binance,PROMUSDT,SELL,5.10400000,1.95982362,5.10400000,5.88,0.7753,0.0000,0.26,18.4500,queue_depleted,False,True,,,,,,,,,,
8168,1791470850763,A,binance,XLMUSDT,BUY,0.19880000,50.28916269,0.19880000,5.03,0.5186,0.0000,0.00,53.0000,queue_depleted,False,True,,,,,,,,,,
8170,1791470870043,A,binance,PROMUSDT,BUY,5.10400000,1.95886386,5.10400000,3.92,0.5913,18.4500,0.62,18.4500,queue_depleted,False,True,,,,,,,,,,
8171,1791470870043,B,binance,PROMUSDT,BUY,5.10400000,1.95886386,5.10400000,3.92,0.6630,18.4500,0.59,18.4500,queue_depleted,False,True,,,,,,,,,,
8172,1791470871014,A,binance,PROMUSDT,BUY,5.10300000,1.95924765,5.10300000,3.92,0.8364,18.4500,0.92,48.4200,queue_depleted,False,True,,,,,,,,,,
8173,1791470871014,B,binance,PROMUSDT,BUY,5.10300000,1.95924765,5.10300000,3.92,0.8364,18.4500,0.92,48.4200,queue_depleted,False,True,,,,,,,,,,
8175,1791470880513,A,binance,TAOUSDT,BUY,280.80000000,0.03560620,280.80000000,3.56,0.5262,0.0000,1.29,0.0641,queue_depleted,False,True,,,,,,,,,,
8179,1791470897023,A,binance,PROMUSDT,SELL,5.10400000,1.96001568,5.10400000,7.84,0.7278,0.0000,0.57,18.4500,queue_depleted,False,True,,,,,,,,,,
8180,1791470911883,A,binance,FETUSDT,SELL,0.23420000,42.70766603,0.23420000,4.27,0.3952,0.0000,1.11,6077.0000,queue_depleted,False,True,,,,,,,,,,
8187,1791470921663,A,binance,PROMUSDT,SELL,5.10600000,1.95886386,5.10600000,3.92,0.6710,0.0000,0.00,1.0800,queue_depleted,False,True,,,,,,,,,,
8189,1791470994066,A,binance,XLMUSDT,SELL,0.19910000,50.23863351,0.19910000,5.02,0.5691,0.0000,0.00,3488.0000,queue_depleted,False,True,,,,,,,,,,
8191,1791471019313,A,hyperliquid,ZRO,SELL,2.05860000,4.85826026,2.05860000,2.43,0.4014,0.0000,0.00,316.9000,queue_depleted,False,True,,,,,,,,,,
8193,1791471021272,A,binance,ZROUSDT,BUY,2.05800000,4.85790624,2.05800000,4.86,0.5034,0.0000,1.61,152.5200,queue_depleted,False,True,,,,,,,,,,
8196,1791471029811,A,binance,ENAUSDT,SELL,0.21670000,46.15739672,0.21670000,4.62,0.5675,0.0000,0.00,4657.0700,queue_depleted,False,True,,,,,,,,,,
8197,1791471030720,A,binance,ORCAUSDT,BUY,2.62900000,3.80300437,2.62900000,3.80,0.4628,20.3400,1.50,2.1000,queue_depleted,False,True,,,,,,,,,,
8204,1791471070488,A,hyperliquid,CASHCAT,BUY,0.11887000,84.10428932,0.11887000,5.05,0.2684,0.0000,0.00,250.0000,queue_depleted,False,True,,,,,,,,,,
8205,1791471072702,A,hyperliquid,CASHCAT,SELL,0.11892000,84.11843876,0.11892000,6.73,0.3214,2000.0000,0.00,2049.0000,queue_depleted,False,True,,,,,,,,,,
8206,1791471072702,B,hyperliquid,CASHCAT,SELL,0.11892000,84.11843876,0.11892000,6.73,0.3214,2000.0000,0.00,2049.0000,queue_depleted,False,True,,,,,,,,,,
8211,1791471078453,A,hyperliquid,CASHCAT,SELL,0.11887000,84.14675194,0.11887000,5.05,0.3232,0.0000,0.00,250.0000,queue_depleted,False,True,,,,,,,,,,
8212,1791471078453,B,hyperliquid,CASHCAT,SELL,0.11887000,84.14675194,0.11887000,5.05,0.3232,0.0000,0.00,250.0000,queue_depleted,False,True,,,,,,,,,,
8213,1791471078453,C,hyperliquid,CASHCAT,SELL,0.11887000,84.14675194,0.11887000,5.05,0.3232,0.0000,0.00,250.0000,queue_depleted,False,True,,,,,,,,,,
8221,1791471101985,A,binance,PROMUSDT,SELL,5.12200000,1.95293428,5.12200000,5.86,0.3125,0.0000,0.00,6.0900,queue_depleted,False,True,,,,,,,,,,
8222,1791471101985,B,binance,PROMUSDT,SELL,5.12200000,1.95293428,5.12200000,5.86,0.3125,0.0000,0.00,6.0900,queue_depleted,False,True,,,,,,,,,,
8223,1791471101985,C,binance,PROMUSDT,SELL,5.12200000,1.95293428,5.12200000,5.86,0.3125,0.0000,0.00,6.0900,queue_depleted,False,True,,,,,,,,,,
8227,1791471112150,A,hyperliquid,CASHCAT,SELL,0.11892000,84.11490095,0.11892000,5.89,0.3220,0.0000,0.00,87.0000,queue_depleted,False,True,,,,,,,,,,
8228,1791471112150,B,hyperliquid,CASHCAT,SELL,0.11892000,84.11490095,0.11892000,5.89,0.3220,0.0000,0.00,87.0000,queue_depleted,False,True,,,,,,,,,,
8229,1791471112150,C,hyperliquid,CASHCAT,SELL,0.11892000,84.11490095,0.11892000,5.89,0.3220,0.0000,0.00,87.0000,queue_depleted,False,True,,,,,,,,,,
8231,1791471116040,A,hyperliquid,CASHCAT,SELL,0.11899000,84.07953924,0.11899000,9.25,0.5304,0.0000,0.00,250.0000,queue_depleted,False,True,,,,,,,,,,
8233,1791471121489,A,hyperliquid,CASHCAT,BUY,0.11892000,84.06186954,0.11892000,6.72,0.2841,0.0000,0.00,93.0000,queue_depleted,False,True,,,,,,,,,,
8235,1791471125354,A,binance,XLMUSDT,SELL,0.19920000,50.21340698,0.19920000,5.02,0.6228,0.0000,0.85,1117.0000,queue_depleted,False,True,,,,,,,,,,
8236,1791471137818,A,hyperliquid,CASHCAT,SELL,0.11899000,84.06186954,0.11899000,5.04,0.5655,0.0000,0.00,1591.0000,queue_depleted,False,True,,,,,,,,,,
8246,1791471165296,A,hyperliquid,CASHCAT,BUY,0.11900000,84.02302231,0.11900000,2.52,0.4032,0.0000,0.00,5230.0000,queue_depleted,False,True,,,,,,,,,,
8248,1791471175226,A,hyperliquid,FARTCOIN,BUY,0.15854000,63.06760848,0.15854000,2.52,0.8081,0.0000,0.00,713.2000,queue_depleted,False,True,,,,,,,,,,
8249,1791471175226,B,hyperliquid,FARTCOIN,BUY,0.15854000,63.06760848,0.15854000,2.52,0.8081,0.0000,0.00,713.2000,queue_depleted,False,True,,,,,,,,,,
8250,1791471175226,C,hyperliquid,FARTCOIN,BUY,0.15854000,63.06760848,0.15854000,2.52,0.8081,0.0000,0.00,713.2000,queue_depleted,False,True,,,,,,,,,,
8255,1791471196244,A,binance,ENAUSDT,BUY,0.21650000,46.17871161,0.21650000,4.62,0.4588,2106.8100,0.84,48.5100,queue_depleted,False,True,,,,,,,,,,
8258,1791471217117,A,binance,PROMUSDT,BUY,5.12300000,1.95140989,5.12300000,5.85,0.2562,0.0000,0.28,18.4500,queue_depleted,False,True,,,,,,,,,,
8261,1791471264589,A,binance,TAOUSDT,BUY,280.10000000,0.03569516,280.10000000,3.57,0.5340,0.0000,0.73,0.0376,queue_depleted,False,True,,,,,,,,,,
8264,1791471268732,A,binance,PROMUSDT,BUY,5.12000000,1.95255296,5.12000000,5.86,0.4832,19.5300,1.43,19.5300,queue_depleted,False,True,,,,,,,,,,
8265,1791471275011,A,binance,PROMUSDT,BUY,5.11900000,1.95274360,5.11900000,7.81,0.3555,0.0000,0.58,18.4500,queue_depleted,False,True,,,,,,,,,,
8267,1791471278279,A,binance,ORCAUSDT,SELL,2.62200000,3.81460996,2.62200000,3.81,0.6030,0.0000,1.22,2.1000,queue_depleted,False,True,,,,,,,,,,
8269,1791471298603,A,binance,XLMUSDT,SELL,0.19870000,50.33979361,0.19870000,5.03,0.4940,0.0000,0.00,1184.0000,queue_depleted,False,True,,,,,,,,,,
8271,1791471302408,A,binance,TAOUSDT,SELL,280.60000000,0.03564427,280.60000000,3.56,0.5299,0.0000,0.69,0.7557,queue_depleted,False,True,,,,,,,,,,
8272,1791471306944,A,binance,ADAUSDT,SELL,0.24720000,40.46125835,0.24720000,4.05,0.6104,698.7000,0.89,1571.3000,queue_depleted,False,True,,,,,,,,,,
8273,1791471307097,A,binance,XLMUSDT,SELL,0.19870000,50.33979361,0.19870000,5.03,0.4969,0.0000,1.06,1054.0000,queue_depleted,False,True,,,,,,,,,,
8275,1791471310064,A,binance,TAOUSDT,SELL,280.70000000,0.03563157,280.70000000,3.56,0.5184,0.0000,0.79,0.7557,queue_depleted,False,True,,,,,,,,,,
8282,1791471381591,A,binance,PROMUSDT,BUY,5.11200000,1.95579894,5.11200000,3.91,0.3601,0.0000,1.02,35.3600,queue_depleted,False,True,,,,,,,,,,
8284,1791471395276,A,binance,PROMUSDT,BUY,5.11000000,1.95618153,5.11000000,7.82,0.4321,0.0000,0.00,19.5300,queue_depleted,False,True,,,,,,,,,,
8285,1791471406136,A,binance,PROMUSDT,BUY,5.10900000,1.95656427,5.10900000,7.83,0.3283,0.0000,0.51,18.4500,queue_depleted,False,True,,,,,,,,,,
8293,1791471422357,A,hyperliquid,CASHCAT,SELL,0.11897000,84.09721638,0.11897000,10.09,0.3439,0.0000,0.00,1305.0000,queue_depleted,False,True,,,,,,,,,,
8294,1791471422357,B,hyperliquid,CASHCAT,SELL,0.11897000,84.09721638,0.11897000,10.09,0.3439,0.0000,0.00,1305.0000,queue_depleted,False,True,,,,,,,,,,
8295,1791471422357,C,hyperliquid,CASHCAT,SELL,0.11897000,84.09721638,0.11897000,10.09,0.3439,0.0000,0.00,1305.0000,queue_depleted,False,True,,,,,,,,,,
8307,1791471437479,A,binance,ALGOUSDT,SELL,0.12040000,83.09098463,0.12040000,8.31,0.6566,0.0000,0.00,2521.0000,queue_depleted,False,True,,,,,,,,,,
8309,1791471446421,A,binance,TAOUSDT,BUY,281.00000000,0.03558086,281.00000000,3.56,0.4212,0.0000,0.83,0.9533,queue_depleted,False,True,,,,,,,,,,
8310,1791471458979,A,binance,FETUSDT,SELL,0.23460000,42.63483266,0.23460000,4.26,0.8617,0.0000,0.45,344.0000,queue_depleted,False,True,,,,,,,,,,
8311,1791471460254,A,binance,FETUSDT,SELL,0.23460000,42.63483266,0.23460000,4.26,0.7952,3124.4000,0.42,584.0000,queue_depleted,False,True,,,,,,,,,,
8319,1791471478530,A,binance,FETUSDT,SELL,0.23470000,42.61666312,0.23470000,4.26,0.7997,0.0000,0.67,325.0000,queue_depleted,False,True,,,,,,,,,,
8327,1791471501082,A,binance,FETUSDT,SELL,0.23480000,42.59850905,0.23480000,4.26,0.8084,0.0000,0.87,361.9000,queue_depleted,False,True,,,,,,,,,,
8330,1791471513288,A,binance,PROMUSDT,SELL,5.10700000,1.95848022,5.10700000,3.92,0.3129,0.0000,0.00,175.1800,queue_depleted,False,True,,,,,,,,,,
8331,1791471513288,B,binance,PROMUSDT,SELL,5.10700000,1.95848022,5.10700000,3.92,0.3129,0.0000,0.00,175.1800,queue_depleted,False,True,,,,,,,,,,
8332,1791471513288,C,binance,PROMUSDT,SELL,5.10700000,1.95848022,5.10700000,3.92,0.3129,0.0000,0.00,175.1800,queue_depleted,False,True,,,,,,,,,,
8336,1791471513498,A,hyperliquid,CASHCAT,SELL,0.11908000,83.99479232,0.11908000,4.20,0.7687,0.0000,0.00,144.0000,queue_depleted,False,True,,,,,,,,,,
8338,1791471518779,A,binance,FETUSDT,SELL,0.23480000,42.59850905,0.23480000,4.26,0.7981,0.0000,1.23,1618.9000,queue_depleted,False,True,,,,,,,,,,
8340,1791471523837,A,hyperliquid,PONS,SELL,0.38554000,25.94067368,0.38554000,2.33,0.3467,0.0000,0.00,43.0000,queue_depleted,False,True,,,,,,,,,,
8341,1791471523837,B,hyperliquid,PONS,SELL,0.38554000,25.94067368,0.38554000,2.33,0.3467,0.0000,0.00,43.0000,queue_depleted,False,True,,,,,,,,,,
8342,1791471523837,C,hyperliquid,PONS,SELL,0.38554000,25.94067368,0.38554000,2.33,0.3467,0.0000,0.00,43.0000,queue_depleted,False,True,,,,,,,,,,
8343,1791471526142,A,binance,TAOUSDT,SELL,281.20000000,0.03556820,281.20000000,3.56,0.5709,0.0000,0.00,0.0574,queue_depleted,False,True,,,,,,,,,,
8347,1791471528181,A,binance,XLMUSDT,SELL,0.19930000,50.18820577,0.19930000,5.02,0.5733,0.0000,0.00,2189.0000,queue_depleted,False,True,,,,,,,,,,
8349,1791471530264,A,binance,FETUSDT,SELL,0.23480000,42.59850905,0.23480000,4.26,0.7943,0.0000,0.00,361.9000,queue_depleted,False,True,,,,,,,,,,
8354,1791471546362,A,binance,FETUSDT,BUY,0.23480000,42.58037045,0.23480000,4.26,0.6869,739.0000,0.86,50.0000,queue_depleted,False,True,,,,,,,,,,
8355,1791471546362,B,binance,FETUSDT,BUY,0.23480000,42.58037045,0.23480000,4.26,0.6869,739.0000,0.86,50.0000,queue_depleted,False,True,,,,,,,,,,
8359,1791471580366,A,binance,FETUSDT,BUY,0.23450000,42.63483266,0.23450000,4.26,0.7788,2613.0000,0.00,997.7000,queue_depleted,False,True,,,,,,,,,,
8360,1791471580366,B,binance,FETUSDT,BUY,0.23450000,42.63483266,0.23450000,4.26,0.7788,2613.0000,0.00,997.7000,queue_depleted,False,True,,,,,,,,,,
8364,1791471612097,A,binance,PROMUSDT,BUY,5.10700000,1.95752178,5.10700000,5.87,0.4180,0.0000,0.58,208.4900,queue_depleted,False,True,,,,,,,,,,
8367,1791471633197,A,binance,PROMUSDT,BUY,5.10200000,1.95943960,5.10200000,5.88,0.9666,0.0000,1.05,21.0000,queue_depleted,False,True,,,,,,,,,,
8368,1791471633197,B,binance,PROMUSDT,BUY,5.10200000,1.95943960,5.10200000,5.88,0.9666,0.0000,1.05,21.0000,queue_depleted,False,True,,,,,,,,,,
8369,1791471633197,C,binance,PROMUSDT,BUY,5.10200000,1.95943960,5.10200000,5.88,0.9666,0.0000,1.05,21.0000,queue_depleted,False,True,,,,,,,,,,
8374,1791471676309,A,binance,PROMUSDT,BUY,5.10500000,1.95828846,5.10500000,5.87,0.5265,0.0000,0.76,18.4500,queue_depleted,False,True,,,,,,,,,,
8376,1791471682661,A,binance,ALGOUSDT,SELL,0.12030000,83.16008316,0.12030000,8.32,0.5595,0.0000,2.27,2521.0000,queue_depleted,False,True,,,,,,,,,,
8384,1791471718934,A,hyperliquid,CASHCAT,BUY,0.11863000,84.27439744,0.11863000,5.06,0.0973,0.0000,0.00,250.0000,queue_depleted,False,True,,,,,,,,,,
8389,1791471733509,A,binance,PROMUSDT,BUY,5.10500000,1.95790504,5.10500000,9.79,0.5107,0.0000,0.43,18.4500,queue_depleted,False,True,,,,,,,,,,
8394,1791471794799,A,binance,PROMUSDT,BUY,5.10200000,1.95963159,5.10200000,3.92,0.9603,18.4500,0.32,19.5300,queue_depleted,False,True,,,,,,,,,,
8395,1791471794799,B,binance,PROMUSDT,BUY,5.10200000,1.95963159,5.10200000,3.92,0.9603,18.4500,0.32,19.5300,queue_depleted,False,True,,,,,,,,,,
8396,1791471794799,C,binance,PROMUSDT,BUY,5.10200000,1.95963159,5.10200000,3.92,0.9603,18.4500,0.32,19.5300,queue_depleted,False,True,,,,,,,,,,
8400,1791471839450,A,binance,PROMUSDT,SELL,5.10800000,1.95828846,5.10800000,5.87,0.5465,0.0000,0.82,1.0800,queue_depleted,False,True,,,,,,,,,,
8402,1791471843997,A,binance,PROMUSDT,BUY,5.10800000,1.95733020,5.10800000,3.91,0.2615,0.0000,0.92,18.4500,queue_depleted,False,True,,,,,,,,,,
8404,1791471856243,A,binance,PROMUSDT,SELL,5.11000000,1.95733020,5.11000000,3.91,0.6486,0.0000,0.00,2.0100,queue_depleted,False,True,,,,,,,,,,
8405,1791471901209,A,binance,PROMUSDT,SELL,5.11200000,1.95656427,5.11200000,3.91,0.6803,0.0000,0.00,1.0800,queue_depleted,False,True,,,,,,,,,,
8410,1791471923756,A,binance,XLMUSDT,BUY,0.19830000,50.41593143,0.19830000,5.04,0.4699,0.0000,1.10,1232.0000,queue_depleted,False,True,,,,,,,,,,
8411,1791471923881,A,binance,TAOUSDT,BUY,278.70000000,0.03587444,278.70000000,3.59,0.5701,0.0000,0.45,1.0000,queue_depleted,False,True,,,,,,,,,,
8416,1791471934556,A,binance,TAOUSDT,BUY,278.80000000,0.03586157,278.80000000,3.59,0.5402,0.0000,0.77,1.4347,queue_depleted,False,True,,,,,,,,,,
8417,1791471935148,A,hyperliquid,kPEPE,BUY,0.00399500,2502.81566763,0.00399500,2.50,0.3422,0.0000,0.00,677752.0000,queue_depleted,False,True,,,,,,,,,,
8418,1791471947102,A,binance,ALGOUSDT,BUY,0.11920000,83.85744235,0.11920000,8.39,0.5106,0.0000,0.00,6267.0000,queue_depleted,False,True,,,,,,,,,,
8419,1791471950102,A,binance,ALGOUSDT,SELL,0.11920000,83.92782207,0.11920000,8.39,0.5975,0.0000,1.75,1521.0000,queue_depleted,False,True,,,,,,,,,,
8420,1791471958007,A,binance,ALGOUSDT,SELL,0.11920000,83.92782207,0.11920000,8.39,0.6353,0.0000,2.04,3388.0000,queue_depleted,False,True,,,,,,,,,,
8421,1791471960617,C,binance,ALGOUSDT,BUY,0.11920000,83.85744235,0.11920000,8.39,0.6100,1256.0000,1.67,36235.0000,queue_depleted,False,True,,,,,,,,,,
8426,1791471968823,A,binance,ALGOUSDT,BUY,0.11910000,83.92782207,0.11910000,8.39,0.5692,0.0000,1.12,4943.0000,queue_depleted,False,True,,,,,,,,,,
8430,1791472016859,A,hyperliquid,TAO,SELL,278.54000000,0.03590535,278.54000000,2.15,0.3346,0.0000,0.00,1.2090,queue_depleted,False,True,,,,,,,,,,
8431,1791472016859,B,hyperliquid,TAO,SELL,278.54000000,0.03590535,278.54000000,2.15,0.3346,0.0000,0.00,1.2090,queue_depleted,False,True,,,,,,,,,,
8432,1791472016859,C,hyperliquid,TAO,SELL,278.54000000,0.03590535,278.54000000,2.15,0.3346,0.0000,0.00,1.2090,queue_depleted,False,True,,,,,,,,,,
8436,1791472034966,A,binance,TAOUSDT,SELL,278.50000000,0.03591309,278.50000000,3.59,0.5911,0.0000,0.00,0.1444,queue_depleted,False,True,,,,,,,,,,
8437,1791472037114,A,binance,PROMUSDT,BUY,5.12300000,1.95140989,5.12300000,5.85,0.6323,0.0000,0.57,18.4500,queue_depleted,False,True,,,,,,,,,,
8438,1791472037114,B,binance,PROMUSDT,BUY,5.12300000,1.95140989,5.12300000,5.85,0.6323,0.0000,0.57,18.4500,queue_depleted,False,True,,,,,,,,,,
8439,1791472037114,C,binance,PROMUSDT,BUY,5.12300000,1.95140989,5.12300000,5.85,0.6323,0.0000,0.57,18.4500,queue_depleted,False,True,,,,,,,,,,
8440,1791472055947,A,binance,PROMUSDT,SELL,5.12300000,1.95255296,5.12300000,5.86,0.9480,0.0000,0.00,47.7600,queue_depleted,False,True,,,,,,,,,,
8442,1791472056240,A,binance,ADAUSDT,SELL,0.24550000,40.74149521,0.24550000,4.07,0.6469,0.0000,0.00,63.6000,queue_depleted,False,True,,,,,,,,,,
8443,1791472062080,A,binance,TAOUSDT,BUY,278.40000000,0.03591309,278.40000000,3.59,0.6193,0.0000,0.91,0.1118,queue_depleted,False,True,,,,,,,,,,
8444,1791472062080,B,binance,TAOUSDT,BUY,278.40000000,0.03591309,278.40000000,3.59,0.6193,0.0000,0.91,0.1118,queue_depleted,False,True,,,,,,,,,,
8445,1791472062080,C,binance,TAOUSDT,BUY,278.40000000,0.03591309,278.40000000,3.59,0.6193,0.0000,0.91,0.1118,queue_depleted,False,True,,,,,,,,,,
8446,1791472064002,A,binance,ADAUSDT,BUY,0.24540000,40.74149521,0.24540000,4.07,0.5750,126.5000,0.76,8298.9000,queue_depleted,False,True,,,,,,,,,,
8451,1791472072403,A,binance,ORCAUSDT,BUY,2.60700000,3.83509108,2.60700000,3.84,0.5493,0.0000,0.00,158.6900,queue_depleted,False,True,,,,,,,,,,
8454,1791472083446,A,hyperliquid,kPEPE,SELL,0.00398700,2508.78073256,0.00398700,5.02,0.4892,1003009.0000,0.00,775619.0000,queue_depleted,False,True,,,,,,,,,,
8456,1791472087491,A,binance,ALGOUSDT,SELL,0.11860000,84.35259384,0.11860000,8.44,0.6099,0.0000,1.13,11305.0000,queue_depleted,False,True,,,,,,,,,,
8466,1791472120834,A,binance,ORCAUSDT,BUY,2.60200000,3.84245917,2.60200000,3.84,0.5979,137.0000,1.30,27.8600,queue_depleted,False,True,,,,,,,,,,
8467,1791472120834,B,binance,ORCAUSDT,BUY,2.60200000,3.84245917,2.60200000,3.84,0.6098,137.0000,1.28,98.4300,queue_depleted,False,True,,,,,,,,,,
8473,1791472147973,A,binance,PROMUSDT,SELL,5.12900000,1.95045836,5.12900000,7.80,0.5646,24.5800,1.14,24.1300,queue_depleted,False,True,,,,,,,,,,
8474,1791472150988,A,binance,PROMUSDT,SELL,5.13000000,1.94988788,5.13000000,5.85,0.7422,0.0000,1.17,10.8300,queue_depleted,False,True,,,,,,,,,,
8475,1791472160634,A,hyperliquid,CASHCAT,BUY,0.11692000,85.49931601,0.11692000,6.84,0.0417,0.0000,0.00,121.0000,queue_depleted,False,True,,,,,,,,,,
8491,1791472211701,A,binance,TAOUSDT,SELL,278.00000000,0.03597769,278.00000000,3.60,0.4929,0.0000,0.52,12.3136,queue_depleted,False,True,,,,,,,,,,
8505,1791472240352,A,binance,TAOUSDT,BUY,278.10000000,0.03595182,278.10000000,3.60,0.5136,0.0000,0.93,0.0620,queue_depleted,False,True,,,,,,,,,,
8511,1791472269753,A,hyperliquid,CHIP,BUY,0.04953600,201.83264037,0.04953600,4.04,0.1199,0.0000,0.00,231.0000,queue_depleted,False,True,,,,,,,,,,
8518,1791472370667,A,binance,PROMUSDT,BUY,5.12600000,1.95026816,5.12600000,5.85,0.5435,0.0000,0.75,1.0800,queue_depleted,False,True,,,,,,,,,,
8520,1791472425959,A,hyperliquid,ALGO,BUY,0.11914000,83.92430028,0.11914000,2.52,0.5666,0.0000,0.00,3357.0000,queue_depleted,False,True,,,,,,,,,,
8523,1791472449316,A,binance,PROMUSDT,SELL,5.12100000,1.95350654,5.12100000,7.81,0.6745,0.0000,1.90,18.4500,queue_depleted,False,True,,,,,,,,,,
8524,1791472468684,A,binance,PROMUSDT,BUY,5.11400000,1.95465207,5.11400000,7.82,0.6725,0.0000,2.95,82.2900,queue_depleted,False,True,,,,,,,,,,
8525,1791472468684,B,binance,PROMUSDT,BUY,5.11400000,1.95465207,5.11400000,7.82,0.6725,0.0000,2.95,82.2900,queue_depleted,False,True,,,,,,,,,,
8526,1791472468684,C,binance,PROMUSDT,BUY,5.11400000,1.95465207,5.11400000,7.82,0.6533,18.4500,2.79,82.2900,queue_depleted,False,True,,,,,,,,,,
8530,1791472673641,A,binance,PROMUSDT,BUY,5.09200000,1.96290117,5.09200000,9.81,0.9538,0.0000,0.35,38.8000,queue_depleted,False,True,,,,,,,,,,
8531,1791472673641,B,binance,PROMUSDT,BUY,5.09200000,1.96290117,5.09200000,9.81,0.9538,0.0000,0.35,38.8000,queue_depleted,False,True,,,,,,,,,,
8532,1791472673641,C,binance,PROMUSDT,BUY,5.09200000,1.96290117,5.09200000,9.81,0.9538,0.0000,0.35,38.8000,queue_depleted,False,True,,,,,,,,,,
8536,1791472677437,A,binance,PROMUSDT,BUY,5.09100000,1.96328654,5.09100000,9.82,0.9631,0.0000,0.50,6.3500,queue_depleted,False,True,,,,,,,,,,
8537,1791472677437,B,binance,PROMUSDT,BUY,5.09100000,1.96328654,5.09100000,9.82,0.9631,0.0000,0.50,6.3500,queue_depleted,False,True,,,,,,,,,,
8538,1791472677437,C,binance,PROMUSDT,BUY,5.09100000,1.96328654,5.09100000,9.82,0.9631,0.0000,0.50,6.3500,queue_depleted,False,True,,,,,,,,,,
8539,1791472801678,A,binance,PROMUSDT,SELL,5.09400000,1.96367207,5.09400000,5.89,0.8055,0.0000,1.12,131.3500,queue_depleted,False,True,,,,,,,,,,
8540,1791472808947,A,binance,PROMUSDT,SELL,5.09200000,1.96425064,5.09200000,3.93,0.7989,0.0000,1.49,46.8300,queue_depleted,False,True,,,,,,,,,,
8546,1791473546580,A,binance,PROMUSDT,SELL,5.01400000,1.99501247,5.01400000,5.99,0.2849,0.0000,1.07,67.6600,queue_depleted,False,True,,,,,,,,,,
8547,1791473546580,B,binance,PROMUSDT,SELL,5.01400000,1.99501247,5.01400000,5.99,0.2849,0.0000,1.07,67.6600,queue_depleted,False,True,,,,,,,,,,
8548,1791473546580,C,binance,PROMUSDT,SELL,5.01400000,1.99501247,5.01400000,5.99,0.2849,0.0000,1.07,67.6600,queue_depleted,False,True,,,,,,,,,,
8553,1791474277641,A,binance,ALGOUSDT,SELL,0.11810000,84.70986870,0.11810000,8.47,0.4297,0.0000,2.12,2915.0000,queue_depleted,False,True,,,,,,,,,,
8558,1791474436999,A,binance,PROMUSDT,SELL,5.05400000,1.97941409,5.05400000,7.92,0.6606,0.0000,2.10,1.0900,queue_depleted,False,True,,,,,,,,,,
8564,1791474491565,A,hyperliquid,CASHCAT,BUY,0.10870000,91.94979541,0.10870000,10.11,0.3248,0.0000,0.00,132.0000,queue_depleted,False,True,,,,,,,,,,
8566,1791474494435,A,hyperliquid,CASHCAT,BUY,0.10867000,91.99632015,0.10867000,5.52,0.2131,0.0000,0.00,82.0000,queue_depleted,False,True,,,,,,,,,,
8568,1791474498696,A,hyperliquid,kPEPE,BUY,0.00379500,2634.69898564,0.00379500,2.63,0.4500,0.0000,0.00,13175.0000,queue_depleted,False,True,,,,,,,,,,
8577,1791474686932,A,binance,PROMUSDT,SELL,5.04600000,1.98255353,5.04600000,7.93,0.4891,0.0000,1.16,1.0900,queue_depleted,False,True,,,,,,,,,,
8585,1791474694578,A,hyperliquid,kPEPE,SELL,0.00380600,2627.77558796,0.00380600,2.63,0.5589,0.0000,0.00,192757.0000,queue_depleted,False,True,,,,,,,,,,
8591,1791474833289,A,binance,PROMUSDT,SELL,5.04500000,1.98255353,5.04500000,3.97,0.7563,0.0000,0.70,4.7700,queue_depleted,False,True,,,,,,,,,,
8595,1791474869183,A,binance,PROMUSDT,SELL,5.04300000,1.98333994,5.04300000,3.97,0.8520,0.0000,1.57,4.7700,queue_depleted,False,True,,,,,,,,,,
8596,1791474900066,A,binance,PROMUSDT,SELL,5.04500000,1.98294666,5.04500000,7.93,0.8575,0.0000,0.81,4.7700,queue_depleted,False,True,,,,,,,,,,
8598,1791474912710,A,binance,PROMUSDT,SELL,5.04800000,1.98196413,5.04800000,9.91,0.6285,0.0000,1.20,40.0000,queue_depleted,False,True,,,,,,,,,,
8614,1791474946518,A,hyperliquid,CASHCAT,BUY,0.10835000,92.25092251,0.10835000,9.23,0.5945,0.0000,0.00,125.0000,queue_depleted,False,True,,,,,,,,,,
8616,1791474955448,A,hyperliquid,CASHCAT,BUY,0.10831000,92.28497601,0.10831000,9.23,0.6099,2308.0000,0.00,40820.0000,queue_depleted,False,True,,,,,,,,,,
8617,1791474955448,B,hyperliquid,CASHCAT,BUY,0.10831000,92.28497601,0.10831000,9.23,0.6099,2308.0000,0.00,40820.0000,queue_depleted,False,True,,,,,,,,,,
8618,1791474958642,A,hyperliquid,CASHCAT,BUY,0.10825000,92.32331625,0.10825000,12.00,0.1571,0.0000,0.00,250.0000,queue_depleted,False,True,,,,,,,,,,
8628,1791475530966,A,binance,PROMUSDT,SELL,5.01400000,1.99521149,5.01400000,7.98,0.6695,0.0000,1.39,1.1000,queue_depleted,False,True,,,,,,,,,,
8631,1791476117475,A,binance,PROMUSDT,SELL,5.04200000,1.98373339,5.04200000,3.97,0.4616,0.0000,0.00,4.1700,queue_depleted,False,True,,,,,,,,,,
8637,1791476130822,A,binance,ALGOUSDT,SELL,0.11800000,84.78168716,0.11800000,8.48,0.5917,0.0000,0.00,915.0000,queue_depleted,False,True,,,,,,,,,,
8651,1791476495493,A,binance,PROMUSDT,SELL,5.08200000,1.96811651,5.08200000,3.94,0.4101,0.0000,0.37,3.9300,queue_depleted,False,True,,,,,,,,,,
8652,1791476496077,A,binance,PROMUSDT,SELL,5.08400000,1.96734212,5.08400000,3.93,0.3887,3.9300,0.92,1.0900,queue_depleted,False,True,,,,,,,,,,
8653,1791476496077,B,binance,PROMUSDT,SELL,5.08400000,1.96734212,5.08400000,3.93,0.3887,3.9300,0.92,1.0900,queue_depleted,False,True,,,,,,,,,,
8654,1791476496077,C,binance,PROMUSDT,SELL,5.08400000,1.96734212,5.08400000,3.93,0.3887,3.9300,0.92,1.0900,queue_depleted,False,True,,,,,,,,,,
8655,1791476514438,A,binance,PROMUSDT,BUY,5.08100000,1.96734212,5.08100000,7.87,0.4494,0.0000,0.00,26.0600,queue_depleted,False,True,,,,,,,,,,
8657,1791476526871,A,binance,PROMUSDT,BUY,5.07900000,1.96811651,5.07900000,7.87,0.4639,0.0000,0.72,16.4400,queue_depleted,False,True,,,,,,,,,,
8658,1791476529473,A,binance,PROMUSDT,BUY,5.07800000,1.96889151,5.07800000,3.94,0.5418,0.0000,0.98,1.0900,queue_depleted,False,True,,,,,,,,,,
8662,1791476698423,A,binance,PROMUSDT,SELL,5.08800000,1.96618168,5.08800000,7.86,0.5332,0.0000,0.00,19.5400,queue_depleted,False,True,,,,,,,,,,
8664,1791476710904,A,binance,PROMUSDT,SELL,5.09200000,1.96425064,5.09200000,3.93,0.7179,0.0000,0.24,1.0900,queue_depleted,False,True,,,,,,,,,,
8672,1791476943495,A,binance,ORCAUSDT,BUY,2.45400000,4.07414952,2.45400000,4.07,0.3445,0.0000,1.06,6.5100,queue_depleted,False,True,,,,,,,,,,
8680,1791476957644,A,binance,PROMUSDT,BUY,5.06200000,1.97511357,5.06200000,3.95,0.2757,0.0000,0.62,1.0900,queue_depleted,False,True,,,,,,,,,,
8684,1791477030028,A,binance,ALGOUSDT,SELL,0.12030000,83.16008316,0.12030000,8.32,0.6673,0.0000,0.00,1607.0000,queue_depleted,False,True,,,,,,,,,,
8689,1791477143944,A,binance,PROMUSDT,SELL,5.06000000,1.97726149,5.06000000,9.89,0.8068,0.0000,1.15,1.0900,queue_depleted,False,True,,,,,,,,,,
8690,1791477159143,A,binance,PROMUSDT,SELL,5.06400000,1.97550375,5.06400000,7.90,0.7772,0.0000,0.41,1.0900,queue_depleted,False,True,,,,,,,,,,
8691,1791477163622,A,binance,PROMUSDT,SELL,5.06600000,1.97491853,5.06600000,9.87,0.8621,0.0000,0.68,1.0900,queue_depleted,False,True,,,,,,,,,,
8699,1791477428660,A,binance,PROMUSDT,SELL,5.06800000,1.97355437,5.06800000,3.95,0.6706,0.0000,1.03,1.0900,queue_depleted,False,True,,,,,,,,,,
8702,1791477567703,A,binance,PROMUSDT,SELL,5.07800000,1.96966713,5.07800000,3.94,0.8208,0.0000,0.00,1.0900,queue_depleted,False,True,,,,,,,,,,
8706,1791477571676,A,binance,ADAUSDT,SELL,0.23210000,43.09416074,0.23210000,4.31,0.6584,0.0000,0.92,11669.3000,queue_depleted,False,True,,,,,,,,,,
8711,1791477576106,A,binance,XLMUSDT,SELL,0.19060000,52.47966413,0.19060000,5.25,0.3716,0.0000,0.74,21733.0000,queue_depleted,False,True,,,,,,,,,,
8712,1791477576106,B,binance,XLMUSDT,SELL,0.19060000,52.47966413,0.19060000,5.25,0.3716,0.0000,0.74,21733.0000,queue_depleted,False,True,,,,,,,,,,
8713,1791477576106,C,binance,XLMUSDT,SELL,0.19060000,52.47966413,0.19060000,5.25,0.3716,0.0000,0.74,21733.0000,queue_depleted,False,True,,,,,,,,,,
8723,1791477652690,A,binance,PROMUSDT,SELL,5.08700000,1.96656834,5.08700000,7.87,0.8285,0.0000,0.46,0.0400,queue_depleted,False,True,,,,,,,,,,
8726,1791477662651,A,hyperliquid,CASHCAT,SELL,0.11184000,89.43743851,0.11184000,5.37,0.5930,0.0000,0.00,462.0000,queue_depleted,False,True,,,,,,,,,,
8734,1791477683510,A,binance,ADAUSDT,BUY,0.23230000,43.03851947,0.23230000,4.30,0.5460,0.0000,0.52,9865.6000,queue_depleted,False,True,,,,,,,,,,
8736,1791477683993,A,hyperliquid,CASHCAT,BUY,0.11185000,89.38148016,0.11185000,5.36,0.5507,0.0000,0.00,96.0000,queue_depleted,False,True,,,,,,,,,,
8738,1791477684074,A,hyperliquid,TAO,BUY,266.66000000,0.03749602,266.66000000,2.62,0.5471,0.0000,0.00,0.8760,queue_depleted,False,True,,,,,,,,,,
8741,1791477707638,A,binance,XLMUSDT,SELL,0.19070000,52.45213742,0.19070000,5.25,0.5529,0.0000,0.00,1954.0000,queue_depleted,False,True,,,,,,,,,,
8746,1791477732565,A,hyperliquid,CASHCAT,SELL,0.11191000,89.40945058,0.11191000,11.62,0.1560,0.0000,0.00,250.0000,queue_depleted,False,True,,,,,,,,,,
8747,1791477732565,B,hyperliquid,CASHCAT,SELL,0.11191000,89.40945058,0.11191000,11.62,0.1560,0.0000,0.00,250.0000,queue_depleted,False,True,,,,,,,,,,
8748,1791477732565,C,hyperliquid,CASHCAT,SELL,0.11191000,89.40945058,0.11191000,11.62,0.1560,0.0000,0.00,250.0000,queue_depleted,False,True,,,,,,,,,,
8752,1791477737705,A,hyperliquid,CASHCAT,SELL,0.11197000,89.33756198,0.11197000,6.25,0.9261,0.0000,0.00,250.0000,queue_depleted,False,True,,,,,,,,,,
8754,1791477759627,B,binance,ORCAUSDT,BUY,2.45700000,4.06917599,2.45700000,4.07,0.6009,0.0000,0.00,60.9400,queue_depleted,False,True,,,,,,,,,,
8755,1791477759627,C,binance,ORCAUSDT,BUY,2.45700000,4.06917599,2.45700000,4.07,0.6009,0.0000,0.00,60.9400,queue_depleted,False,True,,,,,,,,,,
8759,1791477816634,A,binance,ORCAUSDT,BUY,2.45400000,4.07331976,2.45400000,8.15,0.6357,0.0000,0.61,371.3700,queue_depleted,False,True,,,,,,,,,,
8760,1791477816634,B,binance,ORCAUSDT,BUY,2.45400000,4.07331976,2.45400000,8.15,0.6357,0.0000,0.61,371.3700,queue_depleted,False,True,,,,,,,,,,
8761,1791477816634,C,binance,ORCAUSDT,BUY,2.45400000,4.07331976,2.45400000,8.15,0.6357,0.0000,0.61,371.3700,queue_depleted,False,True,,,,,,,,,,
8772,1791477933804,A,binance,XLMUSDT,SELL,0.19030000,52.56241787,0.19030000,5.26,0.4860,0.0000,0.78,2373.0000,queue_depleted,False,True,,,,,,,,,,
8773,1791477983169,A,hyperliquid,CASHCAT,SELL,0.11199000,89.31761343,0.11199000,5.36,0.8451,0.0000,0.00,92.0000,queue_depleted,False,True,,,,,,,,,,
8776,1791477992604,A,binance,ORCAUSDT,BUY,2.45700000,4.06917599,2.45700000,4.07,0.5374,0.0000,0.75,26.4500,queue_depleted,False,True,,,,,,,,,,
8779,1791478000951,A,binance,ORCAUSDT,SELL,2.45600000,4.07249033,2.45600000,4.07,0.6501,14.1000,0.96,54.0000,queue_depleted,False,True,,,,,,,,,,
8783,1791478010927,A,binance,ORCAUSDT,BUY,2.45400000,4.07414952,2.45400000,4.07,0.6114,0.0000,0.76,636.2900,queue_depleted,False,True,,,,,,,,,,
8784,1791478010927,B,binance,ORCAUSDT,BUY,2.45400000,4.07414952,2.45400000,4.07,0.6114,0.0000,0.76,636.2900,queue_depleted,False,True,,,,,,,,,,
8785,1791478010927,C,binance,ORCAUSDT,BUY,2.45400000,4.07414952,2.45400000,4.07,0.6114,0.0000,0.76,636.2900,queue_depleted,False,True,,,,,,,,,,
8789,1791478011575,A,binance,ORCAUSDT,SELL,2.45500000,4.07414952,2.45500000,4.07,0.5473,0.0000,1.08,282.9800,queue_depleted,False,True,,,,,,,,,,
8790,1791478030687,A,binance,ORCAUSDT,BUY,2.45400000,4.07414952,2.45400000,4.07,0.5863,0.0000,1.55,2.2500,queue_depleted,False,True,,,,,,,,,,
8797,1791478149618,A,binance,PROMUSDT,BUY,5.06000000,1.97550375,5.06000000,7.90,0.5565,0.0000,0.87,1.0900,queue_depleted,False,True,,,,,,,,,,
8799,1791478242266,A,binance,PROMUSDT,SELL,5.06200000,1.97608932,5.06200000,5.93,0.8552,0.0000,0.47,1.0900,queue_depleted,False,True,,,,,,,,,,
8811,1791478596047,A,binance,PROMUSDT,BUY,5.06800000,1.97277570,5.06800000,3.95,0.4037,0.0000,0.40,1.0900,queue_depleted,False,True,,,,,,,,,,
8812,1791478604336,B,binance,PROMUSDT,BUY,5.06600000,1.97316496,5.06600000,7.89,0.6217,0.0000,0.66,41.4900,queue_depleted,False,True,,,,,,,,,,
8813,1791478604336,C,binance,PROMUSDT,BUY,5.06600000,1.97316496,5.06600000,7.89,0.6217,0.0000,0.66,41.4900,queue_depleted,False,True,,,,,,,,,,
8828,1791479226467,A,hyperliquid,kPEPE,BUY,0.00369400,2706.35994587,0.00369400,5.41,0.3625,0.0000,0.00,305290.0000,queue_depleted,False,True,,,,,,,,,,
8837,1791479301175,A,binance,PROMUSDT,BUY,5.08300000,1.96656834,5.08300000,7.87,0.5198,0.0000,0.43,32.0900,queue_depleted,False,True,,,,,,,,,,
8839,1791479460775,A,binance,PROMUSDT,SELL,5.08200000,1.96831021,5.08200000,5.90,0.6814,0.0000,0.61,18.4500,queue_depleted,False,True,,,,,,,,,,
8843,1791479501818,A,hyperliquid,NEAR,BUY,4.62030000,2.16410401,4.62030000,2.38,0.6891,0.0000,0.00,961.0000,queue_depleted,False,True,,,,,,,,,,
8844,1791479501818,B,hyperliquid,NEAR,BUY,4.62030000,2.16410401,4.62030000,2.38,0.6891,0.0000,0.00,961.0000,queue_depleted,False,True,,,,,,,,,,
8845,1791479501818,C,hyperliquid,NEAR,BUY,4.62030000,2.16410401,4.62030000,2.38,0.6891,0.0000,0.00,961.0000,queue_depleted,False,True,,,,,,,,,,
8849,1791479544477,A,binance,PROMUSDT,SELL,5.08400000,1.96753566,5.08400000,5.90,0.3950,0.0000,0.39,1.0900,queue_depleted,False,True,,,,,,,,,,
8850,1791479544477,B,binance,PROMUSDT,SELL,5.08400000,1.96753566,5.08400000,5.90,0.3950,0.0000,0.39,1.0900,queue_depleted,False,True,,,,,,,,,,
8851,1791479544477,C,binance,PROMUSDT,SELL,5.08400000,1.96753566,5.08400000,5.90,0.3950,0.0000,0.39,1.0900,queue_depleted,False,True,,,,,,,,,,
8852,1791479548598,B,binance,PROMUSDT,SELL,5.08500000,1.96714862,5.08500000,5.90,0.3857,0.0000,0.72,18.4500,queue_depleted,False,True,,,,,,,,,,
8853,1791479548598,C,binance,PROMUSDT,SELL,5.08500000,1.96714862,5.08500000,5.90,0.3857,0.0000,0.72,18.4500,queue_depleted,False,True,,,,,,,,,,
8854,1791479550622,A,binance,PROMUSDT,SELL,5.08800000,1.96579516,5.08800000,3.93,0.4680,0.0000,1.40,1.0900,queue_depleted,False,True,,,,,,,,,,
8857,1791479710026,A,binance,PROMUSDT,BUY,5.07800000,1.96869771,5.07800000,5.91,0.2429,0.0000,0.51,1.0900,queue_depleted,False,True,,,,,,,,,,
8860,1791479721269,A,binance,PROMUSDT,SELL,5.08200000,1.96869771,5.08200000,9.84,0.5995,0.0000,1.54,18.4500,queue_depleted,False,True,,,,,,,,,,
8862,1791479760528,A,binance,PROMUSDT,BUY,5.07600000,1.96966713,5.07600000,3.94,0.2929,0.0000,1.07,1.0900,queue_depleted,False,True,,,,,,,,,,
8863,1791479763060,A,binance,PROMUSDT,BUY,5.07500000,1.97005516,5.07500000,3.94,0.4975,0.0000,0.38,1.0000,queue_depleted,False,True,,,,,,,,,,
8865,1791480076185,A,binance,PROMUSDT,BUY,5.04400000,1.98176774,5.04400000,7.93,0.6605,0.0000,1.64,1.8300,queue_depleted,False,True,,,,,,,,,,
8866,1791480076185,B,binance,PROMUSDT,BUY,5.04400000,1.98176774,5.04400000,7.93,0.6605,0.0000,1.64,1.8300,queue_depleted,False,True,,,,,,,,,,
8867,1791480076185,C,binance,PROMUSDT,BUY,5.04400000,1.98176774,5.04400000,7.93,0.6605,0.0000,1.64,1.8300,queue_depleted,False,True,,,,,,,,,,
8872,1791480116201,A,binance,PROMUSDT,SELL,5.04200000,1.98393017,5.04200000,5.95,0.3087,0.0000,0.35,1.8300,queue_depleted,False,True,,,,,,,,,,
8873,1791480119171,A,binance,PROMUSDT,BUY,5.04200000,1.98294666,5.04200000,3.97,0.6296,0.0000,1.17,1.8300,queue_depleted,False,True,,,,,,,,,,
8874,1791480119171,B,binance,PROMUSDT,BUY,5.04200000,1.98294666,5.04200000,3.97,0.6296,0.0000,1.17,1.8300,queue_depleted,False,True,,,,,,,,,,
8875,1791480119171,C,binance,PROMUSDT,BUY,5.04200000,1.98294666,5.04200000,3.97,0.6296,0.0000,1.17,1.8300,queue_depleted,False,True,,,,,,,,,,
8876,1791480162447,A,binance,PROMUSDT,BUY,5.03900000,1.98393017,5.03900000,5.95,0.4063,0.0000,0.17,1.3200,queue_depleted,False,True,,,,,,,,,,
8878,1791480171268,A,binance,PROMUSDT,BUY,5.03800000,1.98452074,5.03800000,3.97,0.2911,0.0000,0.42,1.4300,queue_depleted,False,True,,,,,,,,,,
8881,1791480181746,A,binance,PROMUSDT,BUY,5.03600000,1.98511166,5.03600000,5.96,0.3116,0.0000,0.93,1.1000,queue_depleted,False,True,,,,,,,,,,
