fill_id,timestamp_ms,arm,venue,instrument,side,fill_price,fill_size,quote_price,spread_bps_at_placement,top5_imbalance,flow_1s,realised_vol_10s,queue_ahead,fill_reason,is_primary_pessimistic_fill,is_queue_depleted_fill,mid_1s,mid_10s,mid_60s,far_touch_exit_10s,exit_time_ms,status
0,1791481927119,A,hyperliquid,FARTCOIN,SELL,0.14413000,69.39143710,0.14413000,2.78,0.8266,0.0000,0.33,9651.6000,queue_depleted,False,True,,,,,,NEW
1,1791481927582,A,binance,RLCUSDT,BUY,0.96550000,10.35464665,0.96550000,5.18,0.0160,407.6000,2.45,5.7000,trade_through,True,False,,,,,,NEW
2,1791481931741,A,hyperliquid,PONS,BUY,0.33396000,29.93787890,0.33396000,3.89,0.1087,0.0000,0.57,984.0000,trade_through,True,False,,,,,,NEW
3,1791481932438,A,hyperliquid,GRASS,BUY,0.56650000,17.64944669,0.56650000,3.18,0.7597,0.0000,0.50,70.7000,trade_through,True,False,,,,,,NEW
4,1791481932438,B,hyperliquid,GRASS,BUY,0.56650000,17.64944669,0.56650000,3.18,0.7597,0.0000,0.50,70.7000,trade_through,True,False,,,,,,NEW
5,1791481932438,C,hyperliquid,GRASS,BUY,0.56650000,17.64944669,0.56650000,3.18,0.7597,0.0000,0.50,70.7000,trade_through,True,False,,,,,,NEW
6,1791481932847,A,binance,XLMUSDT,SELL,0.18580000,53.83580081,0.18580000,5.38,0.4843,53.0000,2.54,58.0000,queue_depleted,False,True,,,,,,NEW
7,1791481932644,A,hyperliquid,USELESS,SELL,0.17996000,55.57562453,0.17996000,2.78,0.6517,0.0000,1.67,334.0000,trade_through,True,False,,,,,,NEW
8,1791481933036,A,binance,TAOUSDT,SELL,256.10000000,0.03905487,256.10000000,3.91,0.4323,0.0000,0.00,1.8784,queue_depleted,False,True,,,,,,NEW
9,1791481934053,A,hyperliquid,CASHCAT,SELL,0.10656000,93.86586568,0.10656000,4.69,0.1614,0.0000,0.32,5941.0000,trade_through,True,False,,,,,,NEW
10,1791481934053,B,hyperliquid,CASHCAT,SELL,0.10656000,93.86586568,0.10656000,4.69,0.1614,0.0000,0.32,5941.0000,trade_through,True,False,,,,,,NEW
11,1791481934053,C,hyperliquid,CASHCAT,SELL,0.10656000,93.86586568,0.10656000,4.69,0.1614,0.0000,0.32,5941.0000,trade_through,True,False,,,,,,NEW
12,1791481934596,A,binance,FETUSDT,SELL,0.20650000,48.43787842,0.20650000,4.84,0.3893,5072.7000,3.83,4410.9000,queue_depleted,False,True,,,,,,NEW
13,1791481934749,A,binance,PEPEUSDT,SELL,0.00000366,2735978.11217510,0.00000366,27.36,0.6474,0.0000,0.00,7013404077.0000,trade_through,True,False,,,,,,NEW
14,1791481934778,A,hyperliquid,CRV,SELL,0.32985000,30.32094723,0.32985000,2.73,0.5962,0.0000,0.53,424.2000,trade_through,True,False,,,,,,NEW
15,1791481934778,A,hyperliquid,ZRO,SELL,1.93940000,5.15729758,1.93940000,4.13,0.4998,3245.2000,2.63,266.2000,trade_through,True,False,,,,,,NEW
16,1791481934862,A,hyperliquid,FET,SELL,0.20645000,48.44374470,0.20645000,2.42,0.3100,0.0000,2.22,1938.0000,trade_through,True,False,,,,,,NEW
17,1791481934862,B,hyperliquid,FET,SELL,0.20645000,48.44374470,0.20645000,2.42,0.3100,0.0000,2.22,1938.0000,trade_through,True,False,,,,,,NEW
18,1791481934862,C,hyperliquid,FET,SELL,0.20645000,48.44374470,0.20645000,2.42,0.3100,0.0000,2.22,1938.0000,trade_through,True,False,,,,,,NEW
19,1791481935068,A,hyperliquid,CASHCAT,SELL,0.10656000,93.86586568,0.10656000,4.69,0.1614,1206.0000,0.32,5941.0000,trade_through,True,False,,,,,,NEW
20,1791481935068,B,hyperliquid,CASHCAT,SELL,0.10656000,93.86586568,0.10656000,4.69,0.1614,1206.0000,0.32,5941.0000,trade_through,True,False,,,,,,NEW
0,1791481927119,A,hyperliquid,FARTCOIN,SELL,0.14413000,69.39143710,0.14413000,2.78,0.8266,0.0000,0.33,9651.6000,queue_depleted,False,True,0.14411000,0.14424500,,0.14425000,1791481937552,EXIT_10S
21,1791481937459,A,binance,ADAUSDT,BUY,0.22470000,44.49388209,0.22470000,4.45,0.6279,0.0000,1.88,20612.7000,trade_through,True,False,,,,,,NEW
22,1791481937459,B,binance,ADAUSDT,BUY,0.22470000,44.49388209,0.22470000,4.45,0.6279,0.0000,1.88,20612.7000,trade_through,True,False,,,,,,NEW
23,1791481937459,C,binance,ADAUSDT,BUY,0.22470000,44.49388209,0.22470000,4.45,0.6279,0.0000,1.88,20612.7000,trade_through,True,False,,,,,,NEW
24,1791481937070,A,hyperliquid,WLD,SELL,0.46018000,21.73487796,0.46018000,3.91,0.3955,0.0000,0.07,4349.8000,trade_through,True,False,,,,,,NEW
25,1791481937070,B,hyperliquid,WLD,SELL,0.46018000,21.73487796,0.46018000,3.91,0.3955,0.0000,0.07,4349.8000,trade_through,True,False,,,,,,NEW
26,1791481937070,C,hyperliquid,WLD,SELL,0.46018000,21.73487796,0.46018000,3.91,0.3955,0.0000,0.07,4349.8000,trade_through,True,False,,,,,,NEW
27,1791481937070,A,hyperliquid,ZRO,SELL,1.93940000,5.15729758,1.93940000,4.13,0.4998,0.0000,2.63,266.2000,trade_through,True,False,,,,,,NEW
28,1791481937200,A,hyperliquid,CASHCAT,SELL,0.10656000,93.86586568,0.10656000,4.69,0.1614,1848.0000,0.32,5941.0000,trade_through,True,False,,,,,,NEW
29,1791481937200,B,hyperliquid,CASHCAT,SELL,0.10656000,93.86586568,0.10656000,4.69,0.1614,1848.0000,0.32,5941.0000,trade_through,True,False,,,,,,NEW
30,1791481937336,C,hyperliquid,CASHCAT,SELL,0.10656000,93.86586568,0.10656000,4.69,0.1614,0.0000,0.30,5941.0000,trade_through,True,False,,,,,,NEW
1,1791481927582,A,binance,RLCUSDT,BUY,0.96550000,10.35464665,0.96550000,5.18,0.0160,407.6000,2.45,5.7000,trade_through,True,False,0.96365000,0.95765000,,0.95690000,1791481938053,EXIT_10S
31,1791481938072,A,binance,SANDUSDT,SELL,0.06561000,152.43902439,0.06561000,3.05,0.3738,0.0000,2.02,115.0000,trade_through,True,False,,,,,,NEW
32,1791481938072,B,binance,SANDUSDT,SELL,0.06561000,152.43902439,0.06561000,3.05,0.3738,0.0000,1.88,115.0000,trade_through,True,False,,,,,,NEW
33,1791481938072,C,binance,SANDUSDT,SELL,0.06561000,152.43902439,0.06561000,3.05,0.3738,0.0000,2.02,115.0000,trade_through,True,False,,,,,,NEW
2,1791481931741,A,hyperliquid,PONS,BUY,0.33396000,29.93787890,0.33396000,3.89,0.1087,0.0000,0.57,984.0000,trade_through,True,False,0.33393000,0.33428000,,0.33414000,1791481941927,EXIT_10S
3,1791481932438,A,hyperliquid,GRASS,BUY,0.56650000,17.64944669,0.56650000,3.18,0.7597,0.0000,0.50,70.7000,trade_through,True,False,0.56633500,0.56629500,,0.56620000,1791481942929,EXIT_10S
4,1791481932438,B,hyperliquid,GRASS,BUY,0.56650000,17.64944669,0.56650000,3.18,0.7597,0.0000,0.50,70.7000,trade_through,True,False,0.56633500,0.56629500,,0.56620000,1791481942929,EXIT_10S
5,1791481932438,C,hyperliquid,GRASS,BUY,0.56650000,17.64944669,0.56650000,3.18,0.7597,0.0000,0.50,70.7000,trade_through,True,False,0.56633500,0.56629500,,0.56620000,1791481942929,EXIT_10S
6,1791481932847,A,binance,XLMUSDT,SELL,0.18580000,53.83580081,0.18580000,5.38,0.4843,53.0000,2.54,58.0000,queue_depleted,False,True,0.18585000,0.18605000,,0.18610000,1791481942929,EXIT_10S
7,1791481932644,A,hyperliquid,USELESS,SELL,0.17996000,55.57562453,0.17996000,2.78,0.6517,0.0000,1.67,334.0000,trade_through,True,False,0.17993500,0.18027500,,0.18034000,1791481942929,EXIT_10S
34,1791481943070,A,hyperliquid,MON,SELL,0.02368400,422.27054874,0.02368400,2.11,0.7765,0.0000,2.94,3959.0000,trade_through,True,False,,,,,,NEW
8,1791481933036,A,binance,TAOUSDT,SELL,256.10000000,0.03905487,256.10000000,3.91,0.4323,0.0000,0.00,1.8784,queue_depleted,False,True,256.15000000,256.35000000,,256.40000000,1791481943448,EXIT_10S
9,1791481934053,A,hyperliquid,CASHCAT,SELL,0.10656000,93.86586568,0.10656000,4.69,0.1614,0.0000,0.32,5941.0000,trade_through,True,False,0.10653500,0.10666000,,0.10672000,1791481944458,EXIT_10S
10,1791481934053,B,hyperliquid,CASHCAT,SELL,0.10656000,93.86586568,0.10656000,4.69,0.1614,0.0000,0.32,5941.0000,trade_through,True,False,0.10653500,0.10666000,,0.10672000,1791481944458,EXIT_10S
11,1791481934053,C,hyperliquid,CASHCAT,SELL,0.10656000,93.86586568,0.10656000,4.69,0.1614,0.0000,0.32,5941.0000,trade_through,True,False,0.10653500,0.10666000,,0.10672000,1791481944458,EXIT_10S
12,1791481934596,A,binance,FETUSDT,SELL,0.20650000,48.43787842,0.20650000,4.84,0.3893,5072.7000,3.83,4410.9000,queue_depleted,False,True,0.20645000,0.20655000,,0.20660000,1791481944983,EXIT_10S
13,1791481934749,A,binance,PEPEUSDT,SELL,0.00000366,2735978.11217510,0.00000366,27.36,0.6474,0.0000,0.00,7013404077.0000,trade_through,True,False,0.00000367,0.00000367,,0.00000367,1791481944983,EXIT_10S
14,1791481934778,A,hyperliquid,CRV,SELL,0.32985000,30.32094723,0.32985000,2.73,0.5962,0.0000,0.53,424.2000,trade_through,True,False,0.32980500,0.33026000,,0.33030000,1791481944983,EXIT_10S
15,1791481934778,A,hyperliquid,ZRO,SELL,1.93940000,5.15729758,1.93940000,4.13,0.4998,3245.2000,2.63,266.2000,trade_through,True,False,1.93900000,1.94245000,,1.94250000,1791481944983,EXIT_10S
16,1791481934862,A,hyperliquid,FET,SELL,0.20645000,48.44374470,0.20645000,2.42,0.3100,0.0000,2.22,1938.0000,trade_through,True,False,0.20642500,0.20667000,,0.20670000,1791481944983,EXIT_10S
17,1791481934862,B,hyperliquid,FET,SELL,0.20645000,48.44374470,0.20645000,2.42,0.3100,0.0000,2.22,1938.0000,trade_through,True,False,0.20642500,0.20667000,,0.20670000,1791481944983,EXIT_10S
18,1791481934862,C,hyperliquid,FET,SELL,0.20645000,48.44374470,0.20645000,2.42,0.3100,0.0000,2.22,1938.0000,trade_through,True,False,0.20642500,0.20667000,,0.20670000,1791481944983,EXIT_10S
19,1791481935068,A,hyperliquid,CASHCAT,SELL,0.10656000,93.86586568,0.10656000,4.69,0.1614,1206.0000,0.32,5941.0000,trade_through,True,False,0.10653500,0.10666000,,0.10672000,1791481945496,EXIT_10S
20,1791481935068,B,hyperliquid,CASHCAT,SELL,0.10656000,93.86586568,0.10656000,4.69,0.1614,1206.0000,0.32,5941.0000,trade_through,True,False,0.10653500,0.10666000,,0.10672000,1791481945496,EXIT_10S
21,1791481937459,A,binance,ADAUSDT,BUY,0.22470000,44.49388209,0.22470000,4.45,0.6279,0.0000,1.88,20612.7000,trade_through,True,False,0.22475000,0.22485000,,0.22480000,1791481947509,EXIT_10S
22,1791481937459,B,binance,ADAUSDT,BUY,0.22470000,44.49388209,0.22470000,4.45,0.6279,0.0000,1.88,20612.7000,trade_through,True,False,0.22475000,0.22485000,,0.22480000,1791481947509,EXIT_10S
23,1791481937459,C,binance,ADAUSDT,BUY,0.22470000,44.49388209,0.22470000,4.45,0.6279,0.0000,1.88,20612.7000,trade_through,True,False,0.22475000,0.22485000,,0.22480000,1791481947509,EXIT_10S
24,1791481937070,A,hyperliquid,WLD,SELL,0.46018000,21.73487796,0.46018000,3.91,0.3955,0.0000,0.07,4349.8000,trade_through,True,False,0.46056500,0.46070000,,0.46081000,1791481947509,EXIT_10S
25,1791481937070,B,hyperliquid,WLD,SELL,0.46018000,21.73487796,0.46018000,3.91,0.3955,0.0000,0.07,4349.8000,trade_through,True,False,0.46056500,0.46070000,,0.46081000,1791481947509,EXIT_10S
26,1791481937070,C,hyperliquid,WLD,SELL,0.46018000,21.73487796,0.46018000,3.91,0.3955,0.0000,0.07,4349.8000,trade_through,True,False,0.46056500,0.46070000,,0.46081000,1791481947509,EXIT_10S
27,1791481937070,A,hyperliquid,ZRO,SELL,1.93940000,5.15729758,1.93940000,4.13,0.4998,0.0000,2.63,266.2000,trade_through,True,False,1.94215000,1.94245000,,1.94250000,1791481947509,EXIT_10S
28,1791481937200,A,hyperliquid,CASHCAT,SELL,0.10656000,93.86586568,0.10656000,4.69,0.1614,1848.0000,0.32,5941.0000,trade_through,True,False,0.10666500,0.10666000,,0.10672000,1791481947509,EXIT_10S
29,1791481937200,B,hyperliquid,CASHCAT,SELL,0.10656000,93.86586568,0.10656000,4.69,0.1614,1848.0000,0.32,5941.0000,trade_through,True,False,0.10666500,0.10666000,,0.10672000,1791481947509,EXIT_10S
30,1791481937336,C,hyperliquid,CASHCAT,SELL,0.10656000,93.86586568,0.10656000,4.69,0.1614,0.0000,0.30,5941.0000,trade_through,True,False,0.10666500,0.10666000,,0.10672000,1791481947509,EXIT_10S
31,1791481938072,A,binance,SANDUSDT,SELL,0.06561000,152.43902439,0.06561000,3.05,0.3738,0.0000,2.02,115.0000,trade_through,True,False,0.06561000,0.06563500,,0.06564000,1791481948514,EXIT_10S
32,1791481938072,B,binance,SANDUSDT,SELL,0.06561000,152.43902439,0.06561000,3.05,0.3738,0.0000,1.88,115.0000,trade_through,True,False,0.06561000,0.06563500,,0.06564000,1791481948514,EXIT_10S
33,1791481938072,C,binance,SANDUSDT,SELL,0.06561000,152.43902439,0.06561000,3.05,0.3738,0.0000,2.02,115.0000,trade_through,True,False,0.06561000,0.06563500,,0.06564000,1791481948514,EXIT_10S
34,1791481943070,A,hyperliquid,MON,SELL,0.02368400,422.27054874,0.02368400,2.11,0.7765,0.0000,2.94,3959.0000,trade_through,True,False,0.02368700,0.02367750,,0.02367900,1791481953522,EXIT_10S
35,1791481953865,A,hyperliquid,ETHFI,SELL,0.63614000,15.72314683,0.63614000,4.25,0.8504,0.0000,1.32,101.6000,trade_through,True,False,,,,,,NEW
35,1791481953865,A,hyperliquid,ETHFI,SELL,0.63614000,15.72314683,0.63614000,4.25,0.8504,0.0000,1.32,101.6000,trade_through,True,False,0.63678500,0.63633500,,0.63647000,1791481964041,EXIT_10S
0,1791481927119,A,hyperliquid,FARTCOIN,SELL,0.14413000,69.39143710,0.14413000,2.78,0.8266,0.0000,0.33,9651.6000,queue_depleted,False,True,0.14411000,0.14424500,0.14454000,0.14425000,1791481937552,COMPLETED
1,1791481927582,A,binance,RLCUSDT,BUY,0.96550000,10.35464665,0.96550000,5.18,0.0160,407.6000,2.45,5.7000,trade_through,True,False,0.96365000,0.95765000,0.95820000,0.95690000,1791481938053,COMPLETED
2,1791481931741,A,hyperliquid,PONS,BUY,0.33396000,29.93787890,0.33396000,3.89,0.1087,0.0000,0.57,984.0000,trade_through,True,False,0.33393000,0.33428000,0.33601500,0.33414000,1791481941927,COMPLETED
3,1791481932438,A,hyperliquid,GRASS,BUY,0.56650000,17.64944669,0.56650000,3.18,0.7597,0.0000,0.50,70.7000,trade_through,True,False,0.56633500,0.56629500,0.56796000,0.56620000,1791481942929,COMPLETED
4,1791481932438,B,hyperliquid,GRASS,BUY,0.56650000,17.64944669,0.56650000,3.18,0.7597,0.0000,0.50,70.7000,trade_through,True,False,0.56633500,0.56629500,0.56796000,0.56620000,1791481942929,COMPLETED
5,1791481932438,C,hyperliquid,GRASS,BUY,0.56650000,17.64944669,0.56650000,3.18,0.7597,0.0000,0.50,70.7000,trade_through,True,False,0.56633500,0.56629500,0.56796000,0.56620000,1791481942929,COMPLETED
6,1791481932847,A,binance,XLMUSDT,SELL,0.18580000,53.83580081,0.18580000,5.38,0.4843,53.0000,2.54,58.0000,queue_depleted,False,True,0.18585000,0.18605000,0.18625000,0.18610000,1791481942929,COMPLETED
7,1791481932644,A,hyperliquid,USELESS,SELL,0.17996000,55.57562453,0.17996000,2.78,0.6517,0.0000,1.67,334.0000,trade_through,True,False,0.17993500,0.18027500,0.18140500,0.18034000,1791481942929,COMPLETED
8,1791481933036,A,binance,TAOUSDT,SELL,256.10000000,0.03905487,256.10000000,3.91,0.4323,0.0000,0.00,1.8784,queue_depleted,False,True,256.15000000,256.35000000,256.65000000,256.40000000,1791481943448,COMPLETED
9,1791481934053,A,hyperliquid,CASHCAT,SELL,0.10656000,93.86586568,0.10656000,4.69,0.1614,0.0000,0.32,5941.0000,trade_through,True,False,0.10653500,0.10666000,0.10672000,0.10672000,1791481944458,COMPLETED
10,1791481934053,B,hyperliquid,CASHCAT,SELL,0.10656000,93.86586568,0.10656000,4.69,0.1614,0.0000,0.32,5941.0000,trade_through,True,False,0.10653500,0.10666000,0.10672000,0.10672000,1791481944458,COMPLETED
11,1791481934053,C,hyperliquid,CASHCAT,SELL,0.10656000,93.86586568,0.10656000,4.69,0.1614,0.0000,0.32,5941.0000,trade_through,True,False,0.10653500,0.10666000,0.10672000,0.10672000,1791481944458,COMPLETED
12,1791481934596,A,binance,FETUSDT,SELL,0.20650000,48.43787842,0.20650000,4.84,0.3893,5072.7000,3.83,4410.9000,queue_depleted,False,True,0.20645000,0.20655000,0.20685000,0.20660000,1791481944983,COMPLETED
13,1791481934749,A,binance,PEPEUSDT,SELL,0.00000366,2735978.11217510,0.00000366,27.36,0.6474,0.0000,0.00,7013404077.0000,trade_through,True,False,0.00000367,0.00000367,0.00000367,0.00000367,1791481944983,COMPLETED
14,1791481934778,A,hyperliquid,CRV,SELL,0.32985000,30.32094723,0.32985000,2.73,0.5962,0.0000,0.53,424.2000,trade_through,True,False,0.32980500,0.33026000,0.33062000,0.33030000,1791481944983,COMPLETED
15,1791481934778,A,hyperliquid,ZRO,SELL,1.93940000,5.15729758,1.93940000,4.13,0.4998,3245.2000,2.63,266.2000,trade_through,True,False,1.93900000,1.94245000,1.95110000,1.94250000,1791481944983,COMPLETED
16,1791481934862,A,hyperliquid,FET,SELL,0.20645000,48.44374470,0.20645000,2.42,0.3100,0.0000,2.22,1938.0000,trade_through,True,False,0.20642500,0.20667000,0.20694000,0.20670000,1791481944983,COMPLETED
17,1791481934862,B,hyperliquid,FET,SELL,0.20645000,48.44374470,0.20645000,2.42,0.3100,0.0000,2.22,1938.0000,trade_through,True,False,0.20642500,0.20667000,0.20694000,0.20670000,1791481944983,COMPLETED
18,1791481934862,C,hyperliquid,FET,SELL,0.20645000,48.44374470,0.20645000,2.42,0.3100,0.0000,2.22,1938.0000,trade_through,True,False,0.20642500,0.20667000,0.20694000,0.20670000,1791481944983,COMPLETED
19,1791481935068,A,hyperliquid,CASHCAT,SELL,0.10656000,93.86586568,0.10656000,4.69,0.1614,1206.0000,0.32,5941.0000,trade_through,True,False,0.10653500,0.10666000,0.10672000,0.10672000,1791481945496,COMPLETED
20,1791481935068,B,hyperliquid,CASHCAT,SELL,0.10656000,93.86586568,0.10656000,4.69,0.1614,1206.0000,0.32,5941.0000,trade_through,True,False,0.10653500,0.10666000,0.10672000,0.10672000,1791481945496,COMPLETED
24,1791481937070,A,hyperliquid,WLD,SELL,0.46018000,21.73487796,0.46018000,3.91,0.3955,0.0000,0.07,4349.8000,trade_through,True,False,0.46056500,0.46070000,0.46105500,0.46081000,1791481947509,COMPLETED
25,1791481937070,B,hyperliquid,WLD,SELL,0.46018000,21.73487796,0.46018000,3.91,0.3955,0.0000,0.07,4349.8000,trade_through,True,False,0.46056500,0.46070000,0.46105500,0.46081000,1791481947509,COMPLETED
26,1791481937070,C,hyperliquid,WLD,SELL,0.46018000,21.73487796,0.46018000,3.91,0.3955,0.0000,0.07,4349.8000,trade_through,True,False,0.46056500,0.46070000,0.46105500,0.46081000,1791481947509,COMPLETED
27,1791481937070,A,hyperliquid,ZRO,SELL,1.93940000,5.15729758,1.93940000,4.13,0.4998,0.0000,2.63,266.2000,trade_through,True,False,1.94215000,1.94245000,1.95065000,1.94250000,1791481947509,COMPLETED
21,1791481937459,A,binance,ADAUSDT,BUY,0.22470000,44.49388209,0.22470000,4.45,0.6279,0.0000,1.88,20612.7000,trade_through,True,False,0.22475000,0.22485000,0.22525000,0.22480000,1791481947509,COMPLETED
22,1791481937459,B,binance,ADAUSDT,BUY,0.22470000,44.49388209,0.22470000,4.45,0.6279,0.0000,1.88,20612.7000,trade_through,True,False,0.22475000,0.22485000,0.22525000,0.22480000,1791481947509,COMPLETED
23,1791481937459,C,binance,ADAUSDT,BUY,0.22470000,44.49388209,0.22470000,4.45,0.6279,0.0000,1.88,20612.7000,trade_through,True,False,0.22475000,0.22485000,0.22525000,0.22480000,1791481947509,COMPLETED
28,1791481937200,A,hyperliquid,CASHCAT,SELL,0.10656000,93.86586568,0.10656000,4.69,0.1614,1848.0000,0.32,5941.0000,trade_through,True,False,0.10666500,0.10666000,0.10658000,0.10672000,1791481947509,COMPLETED
29,1791481937200,B,hyperliquid,CASHCAT,SELL,0.10656000,93.86586568,0.10656000,4.69,0.1614,1848.0000,0.32,5941.0000,trade_through,True,False,0.10666500,0.10666000,0.10658000,0.10672000,1791481947509,COMPLETED
30,1791481937336,C,hyperliquid,CASHCAT,SELL,0.10656000,93.86586568,0.10656000,4.69,0.1614,0.0000,0.30,5941.0000,trade_through,True,False,0.10666500,0.10666000,0.10658000,0.10672000,1791481947509,COMPLETED
31,1791481938072,A,binance,SANDUSDT,SELL,0.06561000,152.43902439,0.06561000,3.05,0.3738,0.0000,2.02,115.0000,trade_through,True,False,0.06561000,0.06563500,0.06560000,0.06564000,1791481948514,COMPLETED
32,1791481938072,B,binance,SANDUSDT,SELL,0.06561000,152.43902439,0.06561000,3.05,0.3738,0.0000,1.88,115.0000,trade_through,True,False,0.06561000,0.06563500,0.06560000,0.06564000,1791481948514,COMPLETED
33,1791481938072,C,binance,SANDUSDT,SELL,0.06561000,152.43902439,0.06561000,3.05,0.3738,0.0000,2.02,115.0000,trade_through,True,False,0.06561000,0.06563500,0.06560000,0.06564000,1791481948514,COMPLETED
34,1791481943070,A,hyperliquid,MON,SELL,0.02368400,422.27054874,0.02368400,2.11,0.7765,0.0000,2.94,3959.0000,trade_through,True,False,0.02368700,0.02367750,0.02371700,0.02367900,1791481953522,COMPLETED
35,1791481953865,A,hyperliquid,ETHFI,SELL,0.63614000,15.72314683,0.63614000,4.25,0.8504,0.0000,1.32,101.6000,trade_through,True,False,0.63678500,0.63633500,0.63509000,0.63647000,1791481964041,COMPLETED
36,1791482043038,A,hyperliquid,ICP,SELL,2.87140000,3.48298562,2.87140000,2.09,0.4129,0.0000,2.72,139.0000,trade_through,True,False,,,,,,NEW
36,1791482043038,A,hyperliquid,ICP,SELL,2.87140000,3.48298562,2.87140000,2.09,0.4129,0.0000,2.72,139.0000,trade_through,True,False,2.87110000,2.87045000,,2.87080000,1791482053194,EXIT_10S
37,1791482061832,A,hyperliquid,ICP,SELL,2.87270000,3.48183353,2.87270000,4.53,0.2664,0.0000,1.76,45.7000,trade_through,True,False,,,,,,NEW
38,1791482061832,B,hyperliquid,ICP,SELL,2.87270000,3.48183353,2.87270000,4.53,0.2664,0.0000,1.76,45.7000,trade_through,True,False,,,,,,NEW
39,1791482061832,C,hyperliquid,ICP,SELL,2.87270000,3.48183353,2.87270000,4.53,0.2664,0.0000,1.76,45.7000,trade_through,True,False,,,,,,NEW
37,1791482061832,A,hyperliquid,ICP,SELL,2.87270000,3.48183353,2.87270000,4.53,0.2664,0.0000,1.76,45.7000,trade_through,True,False,2.87310000,2.87505000,,2.87530000,1791482072216,EXIT_10S
38,1791482061832,B,hyperliquid,ICP,SELL,2.87270000,3.48183353,2.87270000,4.53,0.2664,0.0000,1.76,45.7000,trade_through,True,False,2.87310000,2.87505000,,2.87530000,1791482072216,EXIT_10S
39,1791482061832,C,hyperliquid,ICP,SELL,2.87270000,3.48183353,2.87270000,4.53,0.2664,0.0000,1.76,45.7000,trade_through,True,False,2.87310000,2.87505000,,2.87530000,1791482072216,EXIT_10S
36,1791482043038,A,hyperliquid,ICP,SELL,2.87140000,3.48298562,2.87140000,2.09,0.4129,0.0000,2.72,139.0000,trade_through,True,False,2.87110000,2.87045000,2.87175000,2.87080000,1791482053194,COMPLETED
40,1791482113822,A,binance,TAOUSDT,SELL,256.60000000,0.03897876,256.60000000,3.90,0.1948,0.0000,2.88,0.7391,queue_depleted,False,True,,,,,,NEW
41,1791482113822,B,binance,TAOUSDT,SELL,256.60000000,0.03897876,256.60000000,3.90,0.1948,0.0000,2.88,0.7391,queue_depleted,False,True,,,,,,NEW
37,1791482061832,A,hyperliquid,ICP,SELL,2.87270000,3.48183353,2.87270000,4.53,0.2664,0.0000,1.76,45.7000,trade_through,True,False,2.87310000,2.87505000,2.87325000,2.87530000,1791482072216,COMPLETED
38,1791482061832,B,hyperliquid,ICP,SELL,2.87270000,3.48183353,2.87270000,4.53,0.2664,0.0000,1.76,45.7000,trade_through,True,False,2.87310000,2.87505000,2.87325000,2.87530000,1791482072216,COMPLETED
39,1791482061832,C,hyperliquid,ICP,SELL,2.87270000,3.48183353,2.87270000,4.53,0.2664,0.0000,1.76,45.7000,trade_through,True,False,2.87310000,2.87505000,2.87325000,2.87530000,1791482072216,COMPLETED
40,1791482113822,A,binance,TAOUSDT,SELL,256.60000000,0.03897876,256.60000000,3.90,0.1948,0.0000,2.88,0.7391,queue_depleted,False,True,256.75000000,256.85000000,,256.90000000,1791482124290,EXIT_10S
41,1791482113822,B,binance,TAOUSDT,SELL,256.60000000,0.03897876,256.60000000,3.90,0.1948,0.0000,2.88,0.7391,queue_depleted,False,True,256.75000000,256.85000000,,256.90000000,1791482124290,EXIT_10S
40,1791482113822,A,binance,TAOUSDT,SELL,256.60000000,0.03897876,256.60000000,3.90,0.1948,0.0000,2.88,0.7391,queue_depleted,False,True,256.75000000,256.85000000,256.75000000,256.90000000,1791482124290,COMPLETED
41,1791482113822,B,binance,TAOUSDT,SELL,256.60000000,0.03897876,256.60000000,3.90,0.1948,0.0000,2.88,0.7391,queue_depleted,False,True,256.75000000,256.85000000,256.75000000,256.90000000,1791482124290,COMPLETED
42,1791482177854,A,hyperliquid,ASTER,SELL,0.67338000,14.85266160,0.67338000,2.97,0.6031,7425.0000,0.13,594.0000,trade_through,True,False,,,,,,NEW
43,1791482178869,A,hyperliquid,ASTER,SELL,0.67338000,14.85266160,0.67338000,2.97,0.6031,664.0000,0.13,594.0000,trade_through,True,False,,,,,,NEW
42,1791482177854,A,hyperliquid,ASTER,SELL,0.67338000,14.85266160,0.67338000,2.97,0.6031,7425.0000,0.13,594.0000,trade_through,True,False,0.67328000,0.67334500,,0.67335000,1791482187885,EXIT_10S
43,1791482178869,A,hyperliquid,ASTER,SELL,0.67338000,14.85266160,0.67338000,2.97,0.6031,664.0000,0.13,594.0000,trade_through,True,False,0.67379000,0.67334500,,0.67335000,1791482188887,EXIT_10S
44,1791482223149,A,hyperliquid,CASHCAT,BUY,0.10667000,93.72071228,0.10667000,5.62,0.2185,0.0000,1.93,99.0000,trade_through,True,False,,,,,,NEW
44,1791482223149,A,hyperliquid,CASHCAT,BUY,0.10667000,93.72071228,0.10667000,5.62,0.2185,0.0000,1.93,99.0000,trade_through,True,False,0.10663500,0.10652500,,0.10651000,1791482233450,EXIT_10S
42,1791482177854,A,hyperliquid,ASTER,SELL,0.67338000,14.85266160,0.67338000,2.97,0.6031,7425.0000,0.13,594.0000,trade_through,True,False,0.67328000,0.67334500,0.67209000,0.67335000,1791482187885,COMPLETED
43,1791482178869,A,hyperliquid,ASTER,SELL,0.67338000,14.85266160,0.67338000,2.97,0.6031,664.0000,0.13,594.0000,trade_through,True,False,0.67379000,0.67334500,0.67199500,0.67335000,1791482188887,COMPLETED
44,1791482223149,A,hyperliquid,CASHCAT,BUY,0.10667000,93.72071228,0.10667000,5.62,0.2185,0.0000,1.93,99.0000,trade_through,True,False,0.10663500,0.10652500,0.10671500,0.10651000,1791482233450,COMPLETED
45,1791482357127,A,hyperliquid,ALGO,BUY,0.11553000,86.54636722,0.11553000,2.60,0.8413,0.0000,0.14,866.0000,queue_depleted,False,True,,,,,,NEW
46,1791482357127,B,hyperliquid,ALGO,BUY,0.11553000,86.54636722,0.11553000,2.60,0.8413,0.0000,0.14,866.0000,queue_depleted,False,True,,,,,,NEW
47,1791482357127,C,hyperliquid,ALGO,BUY,0.11553000,86.54636722,0.11553000,2.60,0.8413,0.0000,0.14,866.0000,queue_depleted,False,True,,,,,,NEW
48,1791482359220,A,hyperliquid,CHIP,SELL,0.04681800,213.62272091,0.04681800,2.78,0.5142,0.0000,0.88,1067.0000,queue_depleted,False,True,,,,,,NEW
45,1791482357127,A,hyperliquid,ALGO,BUY,0.11553000,86.54636722,0.11553000,2.60,0.8413,0.0000,0.14,866.0000,queue_depleted,False,True,0.11553500,0.11553500,,0.11553000,1791482367129,EXIT_10S
46,1791482357127,B,hyperliquid,ALGO,BUY,0.11553000,86.54636722,0.11553000,2.60,0.8413,0.0000,0.14,866.0000,queue_depleted,False,True,0.11553500,0.11553500,,0.11553000,1791482367129,EXIT_10S
47,1791482357127,C,hyperliquid,ALGO,BUY,0.11553000,86.54636722,0.11553000,2.60,0.8413,0.0000,0.14,866.0000,queue_depleted,False,True,0.11553500,0.11553500,,0.11553000,1791482367129,EXIT_10S
48,1791482359220,A,hyperliquid,CHIP,SELL,0.04681800,213.62272091,0.04681800,2.78,0.5142,0.0000,0.88,1067.0000,queue_depleted,False,True,0.04681150,0.04687000,,0.04687700,1791482369633,EXIT_10S
49,1791482373905,A,binance,XLMUSDT,SELL,0.18620000,53.72011818,0.18620000,5.37,0.5337,0.0000,0.00,8179.0000,queue_depleted,False,True,,,,,,NEW
50,1791482373840,A,hyperliquid,GRASS,SELL,0.57002000,17.54539872,0.57002000,2.46,0.4298,0.0000,0.03,346.1000,trade_through,True,False,,,,,,NEW
51,1791482375911,A,binance,TAOUSDT,BUY,256.60000000,0.03896357,256.60000000,3.90,0.1278,0.0410,2.47,1.5035,queue_depleted,False,True,,,,,,NEW
52,1791482382139,A,binance,XLMUSDT,BUY,0.18620000,53.69127517,0.18620000,5.37,0.5065,0.0000,1.70,58.0000,queue_depleted,False,True,,,,,,NEW
53,1791482382687,A,hyperliquid,kPEPE,BUY,0.00365800,2733.36066694,0.00365800,2.73,0.3516,0.0000,1.30,1789098.0000,trade_through,True,False,,,,,,NEW
49,1791482373905,A,binance,XLMUSDT,SELL,0.18620000,53.72011818,0.18620000,5.37,0.5337,0.0000,0.00,8179.0000,queue_depleted,False,True,0.18625000,0.18625000,,0.18630000,1791482384152,EXIT_10S
50,1791482373840,A,hyperliquid,GRASS,SELL,0.57002000,17.54539872,0.57002000,2.46,0.4298,0.0000,0.03,346.1000,trade_through,True,False,0.57187000,0.57207500,,0.57209000,1791482384152,EXIT_10S
51,1791482375911,A,binance,TAOUSDT,BUY,256.60000000,0.03896357,256.60000000,3.90,0.1278,0.0410,2.47,1.5035,queue_depleted,False,True,256.55000000,256.45000000,,256.40000000,1791482386155,EXIT_10S
52,1791482382139,A,binance,XLMUSDT,BUY,0.18620000,53.69127517,0.18620000,5.37,0.5065,0.0000,1.70,58.0000,queue_depleted,False,True,0.18615000,0.18625000,,0.18620000,1791482392172,EXIT_10S
53,1791482382687,A,hyperliquid,kPEPE,BUY,0.00365800,2733.36066694,0.00365800,2.73,0.3516,0.0000,1.30,1789098.0000,trade_through,True,False,0.00365850,0.00365750,,0.00365700,1791482393173,EXIT_10S
54,1791482399959,A,hyperliquid,FARTCOIN,SELL,0.14455000,69.20894180,0.14455000,8.31,0.9143,0.0000,1.59,2767.2000,trade_through,True,False,,,,,,NEW
55,1791482400496,C,hyperliquid,WLD,SELL,0.46107000,21.69150344,0.46107000,2.60,0.1831,0.0000,0.97,617.5000,trade_through,True,False,,,,,,NEW
56,1791482403452,A,binance,PEPEUSDT,SELL,0.00000367,2728512.96043656,0.00000367,27.29,0.6993,0.0000,0.00,3808178787.0000,trade_through,True,False,,,,,,NEW
57,1791482406289,A,hyperliquid,kPEPE,SELL,0.00366200,2731.49412729,0.00366200,5.46,0.4483,0.0000,3.03,1288682.0000,trade_through,True,False,,,,,,NEW
54,1791482399959,A,hyperliquid,FARTCOIN,SELL,0.14455000,69.20894180,0.14455000,8.31,0.9143,0.0000,1.59,2767.2000,trade_through,True,False,0.14459500,0.14480500,,0.14481000,1791482410197,EXIT_10S
55,1791482400496,C,hyperliquid,WLD,SELL,0.46107000,21.69150344,0.46107000,2.60,0.1831,0.0000,0.97,617.5000,trade_through,True,False,0.46134500,0.46219500,,0.46228000,1791482410698,EXIT_10S
56,1791482403452,A,binance,PEPEUSDT,SELL,0.00000367,2728512.96043656,0.00000367,27.29,0.6993,0.0000,0.00,3808178787.0000,trade_through,True,False,0.00000367,0.00000367,,0.00000367,1791482413706,EXIT_10S
57,1791482406289,A,hyperliquid,kPEPE,SELL,0.00366200,2731.49412729,0.00366200,5.46,0.4483,0.0000,3.03,1288682.0000,trade_through,True,False,0.00366350,0.00366500,,0.00366600,1791482416711,EXIT_10S
45,1791482357127,A,hyperliquid,ALGO,BUY,0.11553000,86.54636722,0.11553000,2.60,0.8413,0.0000,0.14,866.0000,queue_depleted,False,True,0.11553500,0.11553500,0.11555500,0.11553000,1791482367129,COMPLETED
46,1791482357127,B,hyperliquid,ALGO,BUY,0.11553000,86.54636722,0.11553000,2.60,0.8413,0.0000,0.14,866.0000,queue_depleted,False,True,0.11553500,0.11553500,0.11555500,0.11553000,1791482367129,COMPLETED
47,1791482357127,C,hyperliquid,ALGO,BUY,0.11553000,86.54636722,0.11553000,2.60,0.8413,0.0000,0.14,866.0000,queue_depleted,False,True,0.11553500,0.11553500,0.11555500,0.11553000,1791482367129,COMPLETED
48,1791482359220,A,hyperliquid,CHIP,SELL,0.04681800,213.62272091,0.04681800,2.78,0.5142,0.0000,0.88,1067.0000,queue_depleted,False,True,0.04681150,0.04687000,0.04686900,0.04687700,1791482369633,COMPLETED
49,1791482373905,A,binance,XLMUSDT,SELL,0.18620000,53.72011818,0.18620000,5.37,0.5337,0.0000,0.00,8179.0000,queue_depleted,False,True,0.18625000,0.18625000,0.18615000,0.18630000,1791482384152,COMPLETED
50,1791482373840,A,hyperliquid,GRASS,SELL,0.57002000,17.54539872,0.57002000,2.46,0.4298,0.0000,0.03,346.1000,trade_through,True,False,0.57187000,0.57207500,0.57095500,0.57209000,1791482384152,COMPLETED
51,1791482375911,A,binance,TAOUSDT,BUY,256.60000000,0.03896357,256.60000000,3.90,0.1278,0.0410,2.47,1.5035,queue_depleted,False,True,256.55000000,256.45000000,256.35000000,256.40000000,1791482386155,COMPLETED
52,1791482382139,A,binance,XLMUSDT,BUY,0.18620000,53.69127517,0.18620000,5.37,0.5065,0.0000,1.70,58.0000,queue_depleted,False,True,0.18615000,0.18625000,0.18625000,0.18620000,1791482392172,COMPLETED
53,1791482382687,A,hyperliquid,kPEPE,BUY,0.00365800,2733.36066694,0.00365800,2.73,0.3516,0.0000,1.30,1789098.0000,trade_through,True,False,0.00365850,0.00365750,0.00365700,0.00365700,1791482393173,COMPLETED
54,1791482399959,A,hyperliquid,FARTCOIN,SELL,0.14455000,69.20894180,0.14455000,8.31,0.9143,0.0000,1.59,2767.2000,trade_through,True,False,0.14459500,0.14480500,0.14472500,0.14481000,1791482410197,COMPLETED
55,1791482400496,C,hyperliquid,WLD,SELL,0.46107000,21.69150344,0.46107000,2.60,0.1831,0.0000,0.97,617.5000,trade_through,True,False,0.46134500,0.46219500,0.46169500,0.46228000,1791482410698,COMPLETED
56,1791482403452,A,binance,PEPEUSDT,SELL,0.00000367,2728512.96043656,0.00000367,27.29,0.6993,0.0000,0.00,3808178787.0000,trade_through,True,False,0.00000367,0.00000367,0.00000367,0.00000367,1791482413706,COMPLETED
57,1791482406289,A,hyperliquid,kPEPE,SELL,0.00366200,2731.49412729,0.00366200,5.46,0.4483,0.0000,3.03,1288682.0000,trade_through,True,False,0.00366350,0.00366500,0.00365850,0.00366600,1791482416711,COMPLETED
58,1791482675461,A,hyperliquid,BCH,SELL,275.17000000,0.03634844,275.17000000,4.00,0.4239,0.0000,2.03,0.7870,trade_through,True,False,,,,,,NEW
58,1791482675461,A,hyperliquid,BCH,SELL,275.17000000,0.03634844,275.17000000,4.00,0.4239,0.0000,2.03,0.7870,trade_through,True,False,275.11500000,275.02500000,,275.06000000,1791482685580,EXIT_10S
58,1791482675461,A,hyperliquid,BCH,SELL,275.17000000,0.03634844,275.17000000,4.00,0.4239,0.0000,2.03,0.7870,trade_through,True,False,275.11500000,275.02500000,274.68500000,275.06000000,1791482685580,COMPLETED
59,1791482742423,A,hyperliquid,CRV,BUY,0.32973000,30.32462511,0.32973000,2.12,0.1092,0.0000,0.53,2669.7000,trade_through,True,False,,,,,,NEW
59,1791482742423,A,hyperliquid,CRV,BUY,0.32973000,30.32462511,0.32973000,2.12,0.1092,0.0000,0.53,2669.7000,trade_through,True,False,0.32976500,0.32967000,,0.32966000,1791482752669,EXIT_10S
59,1791482742423,A,hyperliquid,CRV,BUY,0.32973000,30.32462511,0.32973000,2.12,0.1092,0.0000,0.53,2669.7000,trade_through,True,False,0.32976500,0.32967000,0.32956500,0.32966000,1791482752669,COMPLETED
60,1791482824978,A,hyperliquid,CASHCAT,BUY,0.10726000,93.19664492,0.10726000,7.46,0.1246,0.0000,0.31,1254.0000,trade_through,True,False,,,,,,NEW
60,1791482824978,A,hyperliquid,CASHCAT,BUY,0.10726000,93.19664492,0.10726000,7.46,0.1246,0.0000,0.31,1254.0000,trade_through,True,False,0.10720000,0.10719000,,0.10717000,1791482835287,EXIT_10S
60,1791482824978,A,hyperliquid,CASHCAT,BUY,0.10726000,93.19664492,0.10726000,7.46,0.1246,0.0000,0.31,1254.0000,trade_through,True,False,0.10720000,0.10719000,0.10710500,0.10717000,1791482835287,COMPLETED
61,1791482892998,A,hyperliquid,FARTCOIN,SELL,0.14442000,69.25687374,0.14442000,4.16,0.8016,0.0000,1.07,2955.4000,trade_through,True,False,,,,,,NEW
62,1791482892998,A,hyperliquid,ASTER,SELL,0.67259000,14.87044128,0.67259000,3.42,0.4300,0.0000,0.36,595.0000,trade_through,True,False,,,,,,NEW
63,1791482895038,A,hyperliquid,kPEPE,BUY,0.00366000,2731.86723125,0.00366000,2.73,0.5236,0.0000,1.73,2114394.0000,trade_through,True,False,,,,,,NEW
61,1791482892998,A,hyperliquid,FARTCOIN,SELL,0.14442000,69.25687374,0.14442000,4.16,0.8016,0.0000,1.07,2955.4000,trade_through,True,False,0.14439000,0.14431500,,0.14432000,1791482903410,EXIT_10S
62,1791482892998,A,hyperliquid,ASTER,SELL,0.67259000,14.87044128,0.67259000,3.42,0.4300,0.0000,0.36,595.0000,trade_through,True,False,0.67247500,0.67222000,,0.67230000,1791482903410,EXIT_10S
63,1791482895038,A,hyperliquid,kPEPE,BUY,0.00366000,2731.86723125,0.00366000,2.73,0.5236,0.0000,1.73,2114394.0000,trade_through,True,False,0.00366000,0.00365950,,0.00365900,1791482905414,EXIT_10S
64,1791482914891,A,binance,ADAUSDT,SELL,0.22510000,44.43457010,0.22510000,4.44,0.6345,0.0000,1.40,7953.3000,queue_depleted,False,True,,,,,,NEW
64,1791482914891,A,binance,ADAUSDT,SELL,0.22510000,44.43457010,0.22510000,4.44,0.6345,0.0000,1.40,7953.3000,queue_depleted,False,True,0.22515000,0.22535000,,0.22540000,1791482924954,EXIT_10S
65,1791482925621,A,hyperliquid,CASHCAT,SELL,0.10720000,93.30969488,0.10720000,5.60,0.2126,1287.0000,1.03,44867.0000,trade_through,True,False,,,,,,NEW
66,1791482925621,B,hyperliquid,CASHCAT,SELL,0.10720000,93.30969488,0.10720000,5.60,0.2126,1287.0000,1.03,44867.0000,trade_through,True,False,,,,,,NEW
67,1791482928221,C,hyperliquid,CASHCAT,SELL,0.10720000,93.30969488,0.10720000,5.60,0.2126,100.0000,0.44,44867.0000,trade_through,True,False,,,,,,NEW
68,1791482928963,A,hyperliquid,CASHCAT,SELL,0.10720000,93.30969488,0.10720000,5.60,0.2126,150.0000,0.44,44867.0000,trade_through,True,False,,,,,,NEW
69,1791482928963,B,hyperliquid,CASHCAT,SELL,0.10720000,93.30969488,0.10720000,5.60,0.2126,150.0000,0.44,44867.0000,trade_through,True,False,,,,,,NEW
65,1791482925621,A,hyperliquid,CASHCAT,SELL,0.10720000,93.30969488,0.10720000,5.60,0.2126,1287.0000,1.03,44867.0000,trade_through,True,False,0.10717000,0.10748500,,0.10750000,1791482935973,EXIT_10S
66,1791482925621,B,hyperliquid,CASHCAT,SELL,0.10720000,93.30969488,0.10720000,5.60,0.2126,1287.0000,1.03,44867.0000,trade_through,True,False,0.10717000,0.10748500,,0.10750000,1791482935973,EXIT_10S
67,1791482928221,C,hyperliquid,CASHCAT,SELL,0.10720000,93.30969488,0.10720000,5.60,0.2126,100.0000,0.44,44867.0000,trade_through,True,False,0.10742000,0.10748500,,0.10750000,1791482938477,EXIT_10S
68,1791482928963,A,hyperliquid,CASHCAT,SELL,0.10720000,93.30969488,0.10720000,5.60,0.2126,150.0000,0.44,44867.0000,trade_through,True,False,0.10742000,0.10748500,,0.10750000,1791482938979,EXIT_10S
69,1791482928963,B,hyperliquid,CASHCAT,SELL,0.10720000,93.30969488,0.10720000,5.60,0.2126,150.0000,0.44,44867.0000,trade_through,True,False,0.10742000,0.10748500,,0.10750000,1791482938979,EXIT_10S
61,1791482892998,A,hyperliquid,FARTCOIN,SELL,0.14442000,69.25687374,0.14442000,4.16,0.8016,0.0000,1.07,2955.4000,trade_through,True,False,0.14439000,0.14431500,0.14473500,0.14432000,1791482903410,COMPLETED
62,1791482892998,A,hyperliquid,ASTER,SELL,0.67259000,14.87044128,0.67259000,3.42,0.4300,0.0000,0.36,595.0000,trade_through,True,False,0.67247500,0.67222000,0.67288500,0.67230000,1791482903410,COMPLETED
63,1791482895038,A,hyperliquid,kPEPE,BUY,0.00366000,2731.86723125,0.00366000,2.73,0.5236,0.0000,1.73,2114394.0000,trade_through,True,False,0.00366000,0.00365950,0.00366950,0.00365900,1791482905414,COMPLETED
64,1791482914891,A,binance,ADAUSDT,SELL,0.22510000,44.43457010,0.22510000,4.44,0.6345,0.0000,1.40,7953.3000,queue_depleted,False,True,0.22515000,0.22535000,0.22535000,0.22540000,1791482924954,COMPLETED
65,1791482925621,A,hyperliquid,CASHCAT,SELL,0.10720000,93.30969488,0.10720000,5.60,0.2126,1287.0000,1.03,44867.0000,trade_through,True,False,0.10717000,0.10748500,0.10728000,0.10750000,1791482935973,COMPLETED
66,1791482925621,B,hyperliquid,CASHCAT,SELL,0.10720000,93.30969488,0.10720000,5.60,0.2126,1287.0000,1.03,44867.0000,trade_through,True,False,0.10717000,0.10748500,0.10728000,0.10750000,1791482935973,COMPLETED
67,1791482928221,C,hyperliquid,CASHCAT,SELL,0.10720000,93.30969488,0.10720000,5.60,0.2126,100.0000,0.44,44867.0000,trade_through,True,False,0.10742000,0.10748500,0.10717500,0.10750000,1791482938477,COMPLETED
68,1791482928963,A,hyperliquid,CASHCAT,SELL,0.10720000,93.30969488,0.10720000,5.60,0.2126,150.0000,0.44,44867.0000,trade_through,True,False,0.10742000,0.10748500,0.10717500,0.10750000,1791482938979,COMPLETED
69,1791482928963,B,hyperliquid,CASHCAT,SELL,0.10720000,93.30969488,0.10720000,5.60,0.2126,150.0000,0.44,44867.0000,trade_through,True,False,0.10742000,0.10748500,0.10717500,0.10750000,1791482938979,COMPLETED
70,1791483033161,A,binance,SANDUSDT,SELL,0.06529000,153.18627451,0.06529000,3.06,0.2679,0.0000,2.53,3291.0000,trade_through,True,False,,,,,,NEW
71,1791483033161,B,binance,SANDUSDT,SELL,0.06529000,153.18627451,0.06529000,3.06,0.2679,0.0000,2.53,3291.0000,trade_through,True,False,,,,,,NEW
72,1791483033161,C,binance,SANDUSDT,SELL,0.06529000,153.18627451,0.06529000,3.06,0.2679,0.0000,2.53,3291.0000,trade_through,True,False,,,,,,NEW
70,1791483033161,A,binance,SANDUSDT,SELL,0.06529000,153.18627451,0.06529000,3.06,0.2679,0.0000,2.53,3291.0000,trade_through,True,False,0.06539500,0.06530500,,0.06531000,1791483043653,EXIT_10S
71,1791483033161,B,binance,SANDUSDT,SELL,0.06529000,153.18627451,0.06529000,3.06,0.2679,0.0000,2.53,3291.0000,trade_through,True,False,0.06539500,0.06530500,,0.06531000,1791483043653,EXIT_10S
72,1791483033161,C,binance,SANDUSDT,SELL,0.06529000,153.18627451,0.06529000,3.06,0.2679,0.0000,2.53,3291.0000,trade_through,True,False,0.06539500,0.06530500,,0.06531000,1791483043653,EXIT_10S
73,1791483046934,A,hyperliquid,CRV,BUY,0.32799000,30.48501661,0.32799000,2.44,0.5928,0.0000,1.33,1219.5000,trade_through,True,False,,,,,,NEW
73,1791483046934,A,hyperliquid,CRV,BUY,0.32799000,30.48501661,0.32799000,2.44,0.5928,0.0000,1.33,1219.5000,trade_through,True,False,0.32803000,0.32785500,,0.32782000,1791483057174,EXIT_10S
74,1791483062770,A,hyperliquid,CASHCAT,BUY,0.10713000,93.32711153,0.10713000,3.73,0.5565,0.0000,1.17,1629.0000,trade_through,True,False,,,,,,NEW
74,1791483062770,A,hyperliquid,CASHCAT,BUY,0.10713000,93.32711153,0.10713000,3.73,0.5565,0.0000,1.17,1629.0000,trade_through,True,False,0.10699500,0.10709000,,0.10707000,1791483073198,EXIT_10S
75,1791483088336,A,hyperliquid,CRV,SELL,0.32794000,30.49849795,0.32794000,3.35,0.7081,0.0000,1.04,488.3000,trade_through,True,False,,,,,,NEW
70,1791483033161,A,binance,SANDUSDT,SELL,0.06529000,153.18627451,0.06529000,3.06,0.2679,0.0000,2.53,3291.0000,trade_through,True,False,0.06539500,0.06530500,0.06533500,0.06531000,1791483043653,COMPLETED
71,1791483033161,B,binance,SANDUSDT,SELL,0.06529000,153.18627451,0.06529000,3.06,0.2679,0.0000,2.53,3291.0000,trade_through,True,False,0.06539500,0.06530500,0.06533500,0.06531000,1791483043653,COMPLETED
72,1791483033161,C,binance,SANDUSDT,SELL,0.06529000,153.18627451,0.06529000,3.06,0.2679,0.0000,2.53,3291.0000,trade_through,True,False,0.06539500,0.06530500,0.06533500,0.06531000,1791483043653,COMPLETED
75,1791483088336,A,hyperliquid,CRV,SELL,0.32794000,30.49849795,0.32794000,3.35,0.7081,0.0000,1.04,488.3000,trade_through,True,False,0.32788500,0.32797500,,0.32801000,1791483098739,EXIT_10S
76,1791483099055,A,hyperliquid,CRV,BUY,0.32794000,30.49012882,0.32794000,2.13,0.5348,0.0000,1.89,2577.4000,trade_through,True,False,,,,,,NEW
77,1791483105522,A,hyperliquid,CRV,SELL,0.32805000,30.49012882,0.32805000,4.57,0.5285,0.0000,0.77,487.6000,trade_through,True,False,,,,,,NEW
78,1791483106385,A,binance,ADAUSDT,SELL,0.22510000,44.43457010,0.22510000,4.44,0.6374,0.0000,1.40,9735.2000,queue_depleted,False,True,,,,,,NEW
73,1791483046934,A,hyperliquid,CRV,BUY,0.32799000,30.48501661,0.32799000,2.44,0.5928,0.0000,1.33,1219.5000,trade_through,True,False,0.32803000,0.32785500,0.32817500,0.32782000,1791483057174,COMPLETED
76,1791483099055,A,hyperliquid,CRV,BUY,0.32794000,30.49012882,0.32794000,2.13,0.5348,0.0000,1.89,2577.4000,trade_through,True,False,0.32797500,0.32817500,,0.32816000,1791483109253,EXIT_10S
79,1791483113864,A,binance,ADAUSDT,BUY,0.22510000,44.41483455,0.22510000,4.44,0.6165,0.0000,2.52,42499.8000,trade_through,True,False,,,,,,NEW
80,1791483113864,B,binance,ADAUSDT,BUY,0.22510000,44.41483455,0.22510000,4.44,0.6165,0.0000,2.52,42499.8000,trade_through,True,False,,,,,,NEW
81,1791483113864,C,binance,ADAUSDT,BUY,0.22510000,44.41483455,0.22510000,4.44,0.6165,0.0000,2.52,42499.8000,trade_through,True,False,,,,,,NEW
77,1791483105522,A,hyperliquid,CRV,SELL,0.32805000,30.49012882,0.32805000,4.57,0.5285,0.0000,0.77,487.6000,trade_through,True,False,0.32797500,0.32816500,,0.32819000,1791483115772,EXIT_10S
78,1791483106385,A,binance,ADAUSDT,SELL,0.22510000,44.43457010,0.22510000,4.44,0.6374,0.0000,1.40,9735.2000,queue_depleted,False,True,0.22515000,0.22505000,,0.22510000,1791483116774,EXIT_10S
74,1791483062770,A,hyperliquid,CASHCAT,BUY,0.10713000,93.32711153,0.10713000,3.73,0.5565,0.0000,1.17,1629.0000,trade_through,True,False,0.10699500,0.10709000,0.10693500,0.10707000,1791483073198,COMPLETED
79,1791483113864,A,binance,ADAUSDT,BUY,0.22510000,44.41483455,0.22510000,4.44,0.6165,0.0000,2.52,42499.8000,trade_through,True,False,0.22505000,0.22505000,,0.22500000,1791483124285,EXIT_10S
80,1791483113864,B,binance,ADAUSDT,BUY,0.22510000,44.41483455,0.22510000,4.44,0.6165,0.0000,2.52,42499.8000,trade_through,True,False,0.22505000,0.22505000,,0.22500000,1791483124285,EXIT_10S
81,1791483113864,C,binance,ADAUSDT,BUY,0.22510000,44.41483455,0.22510000,4.44,0.6165,0.0000,2.52,42499.8000,trade_through,True,False,0.22505000,0.22505000,,0.22500000,1791483124285,EXIT_10S
82,1791483126111,A,binance,XLMUSDT,BUY,0.18640000,53.63368195,0.18640000,5.36,0.4547,0.0000,0.00,48556.0000,trade_through,True,False,,,,,,NEW
82,1791483126111,A,binance,XLMUSDT,BUY,0.18640000,53.63368195,0.18640000,5.36,0.4547,0.0000,0.00,48556.0000,trade_through,True,False,0.18625000,0.18635000,,0.18630000,1791483136311,EXIT_10S
83,1791483139996,A,hyperliquid,kPEPE,SELL,0.00366900,2725.90977239,0.00366900,2.73,0.3246,0.0000,1.72,3509.0000,queue_depleted,False,True,,,,,,NEW
84,1791483139996,B,hyperliquid,kPEPE,SELL,0.00366900,2725.90977239,0.00366900,2.73,0.3246,0.0000,1.72,3509.0000,queue_depleted,False,True,,,,,,NEW
85,1791483139996,C,hyperliquid,kPEPE,SELL,0.00366900,2725.90977239,0.00366900,2.73,0.3246,0.0000,1.72,3509.0000,queue_depleted,False,True,,,,,,NEW
75,1791483088336,A,hyperliquid,CRV,SELL,0.32794000,30.49849795,0.32794000,3.35,0.7081,0.0000,1.04,488.3000,trade_through,True,False,0.32788500,0.32797500,0.32866000,0.32801000,1791483098739,COMPLETED
83,1791483139996,A,hyperliquid,kPEPE,SELL,0.00366900,2725.90977239,0.00366900,2.73,0.3246,0.0000,1.72,3509.0000,queue_depleted,False,True,0.00366850,0.00367000,,0.00367100,1791483150332,EXIT_10S
84,1791483139996,B,hyperliquid,kPEPE,SELL,0.00366900,2725.90977239,0.00366900,2.73,0.3246,0.0000,1.72,3509.0000,queue_depleted,False,True,0.00366850,0.00367000,,0.00367100,1791483150332,EXIT_10S
85,1791483139996,C,hyperliquid,kPEPE,SELL,0.00366900,2725.90977239,0.00366900,2.73,0.3246,0.0000,1.72,3509.0000,queue_depleted,False,True,0.00366850,0.00367000,,0.00367100,1791483150332,EXIT_10S
86,1791483157452,A,hyperliquid,CASHCAT,SELL,0.10699000,93.49726520,0.10699000,6.54,0.5844,0.0000,2.02,250.0000,queue_depleted,False,True,,,,,,NEW
76,1791483099055,A,hyperliquid,CRV,BUY,0.32794000,30.49012882,0.32794000,2.13,0.5348,0.0000,1.89,2577.4000,trade_through,True,False,0.32797500,0.32817500,0.32894500,0.32816000,1791483109253,COMPLETED
77,1791483105522,A,hyperliquid,CRV,SELL,0.32805000,30.49012882,0.32805000,4.57,0.5285,0.0000,0.77,487.6000,trade_through,True,False,0.32797500,0.32816500,0.32896500,0.32819000,1791483115772,COMPLETED
78,1791483106385,A,binance,ADAUSDT,SELL,0.22510000,44.43457010,0.22510000,4.44,0.6374,0.0000,1.40,9735.2000,queue_depleted,False,True,0.22515000,0.22505000,0.22565000,0.22510000,1791483116774,COMPLETED
86,1791483157452,A,hyperliquid,CASHCAT,SELL,0.10699000,93.49726520,0.10699000,6.54,0.5844,0.0000,2.02,250.0000,queue_depleted,False,True,0.10695500,0.10695500,,0.10696000,1791483167868,EXIT_10S
79,1791483113864,A,binance,ADAUSDT,BUY,0.22510000,44.41483455,0.22510000,4.44,0.6165,0.0000,2.52,42499.8000,trade_through,True,False,0.22505000,0.22505000,0.22585000,0.22500000,1791483124285,COMPLETED
80,1791483113864,B,binance,ADAUSDT,BUY,0.22510000,44.41483455,0.22510000,4.44,0.6165,0.0000,2.52,42499.8000,trade_through,True,False,0.22505000,0.22505000,0.22585000,0.22500000,1791483124285,COMPLETED
81,1791483113864,C,binance,ADAUSDT,BUY,0.22510000,44.41483455,0.22510000,4.44,0.6165,0.0000,2.52,42499.8000,trade_through,True,False,0.22505000,0.22505000,0.22585000,0.22500000,1791483124285,COMPLETED
87,1791483174384,A,hyperliquid,CASHCAT,SELL,0.10702000,93.47978500,0.10702000,8.41,0.5365,0.0000,0.63,194.0000,trade_through,True,False,,,,,,NEW
88,1791483177476,A,hyperliquid,CASHCAT,SELL,0.10702000,93.47978500,0.10702000,8.41,0.5365,0.0000,0.59,194.0000,trade_through,True,False,,,,,,NEW
87,1791483174384,A,hyperliquid,CASHCAT,SELL,0.10702000,93.47978500,0.10702000,8.41,0.5365,0.0000,0.63,194.0000,trade_through,True,False,0.10697500,0.10721500,,0.10725000,1791483184395,EXIT_10S
82,1791483126111,A,binance,XLMUSDT,BUY,0.18640000,53.63368195,0.18640000,5.36,0.4547,0.0000,0.00,48556.0000,trade_through,True,False,0.18625000,0.18635000,0.18715000,0.18630000,1791483136311,COMPLETED
88,1791483177476,A,hyperliquid,CASHCAT,SELL,0.10702000,93.47978500,0.10702000,8.41,0.5365,0.0000,0.59,194.0000,trade_through,True,False,0.10719000,0.10721500,,0.10725000,1791483187906,EXIT_10S
83,1791483139996,A,hyperliquid,kPEPE,SELL,0.00366900,2725.90977239,0.00366900,2.73,0.3246,0.0000,1.72,3509.0000,queue_depleted,False,True,0.00366850,0.00367000,0.00368450,0.00367100,1791483150332,COMPLETED
84,1791483139996,B,hyperliquid,kPEPE,SELL,0.00366900,2725.90977239,0.00366900,2.73,0.3246,0.0000,1.72,3509.0000,queue_depleted,False,True,0.00366850,0.00367000,0.00368450,0.00367100,1791483150332,COMPLETED
85,1791483139996,C,hyperliquid,kPEPE,SELL,0.00366900,2725.90977239,0.00366900,2.73,0.3246,0.0000,1.72,3509.0000,queue_depleted,False,True,0.00366850,0.00367000,0.00368450,0.00367100,1791483150332,COMPLETED
86,1791483157452,A,hyperliquid,CASHCAT,SELL,0.10699000,93.49726520,0.10699000,6.54,0.5844,0.0000,2.02,250.0000,queue_depleted,False,True,0.10695500,0.10695500,0.10727000,0.10696000,1791483167868,COMPLETED
87,1791483174384,A,hyperliquid,CASHCAT,SELL,0.10702000,93.47978500,0.10702000,8.41,0.5365,0.0000,0.63,194.0000,trade_through,True,False,0.10697500,0.10721500,0.10733000,0.10725000,1791483184395,COMPLETED
88,1791483177476,A,hyperliquid,CASHCAT,SELL,0.10702000,93.47978500,0.10702000,8.41,0.5365,0.0000,0.59,194.0000,trade_through,True,False,0.10719000,0.10721500,0.10734500,0.10725000,1791483187906,COMPLETED
89,1791483605916,A,hyperliquid,ALGO,SELL,0.11723000,85.31331314,0.11723000,2.56,0.4420,0.0000,1.76,2222.0000,trade_through,True,False,,,,,,NEW
89,1791483605916,A,hyperliquid,ALGO,SELL,0.11723000,85.31331314,0.11723000,2.56,0.4420,0.0000,1.76,2222.0000,trade_through,True,False,0.11729500,0.11738000,,0.11739000,1791483616038,EXIT_10S
89,1791483605916,A,hyperliquid,ALGO,SELL,0.11723000,85.31331314,0.11723000,2.56,0.4420,0.0000,1.76,2222.0000,trade_through,True,False,0.11729500,0.11738000,0.11795500,0.11739000,1791483616038,COMPLETED
90,1791483734407,A,binance,PEPEUSDT,SELL,0.00000375,2670226.96929239,0.00000375,26.70,0.5022,1058201.0000,0.00,1982081873.0000,queue_depleted,False,True,,,,,,NEW
90,1791483734407,A,binance,PEPEUSDT,SELL,0.00000375,2670226.96929239,0.00000375,26.70,0.5022,1058201.0000,0.00,1982081873.0000,queue_depleted,False,True,0.00000376,0.00000376,,0.00000376,1791483744725,EXIT_10S
90,1791483734407,A,binance,PEPEUSDT,SELL,0.00000375,2670226.96929239,0.00000375,26.70,0.5022,1058201.0000,0.00,1982081873.0000,queue_depleted,False,True,0.00000376,0.00000376,0.00000376,0.00000376,1791483744725,COMPLETED
91,1791484028263,A,hyperliquid,FARTCOIN,SELL,0.14855000,67.32873254,0.14855000,3.37,0.8996,0.0000,1.00,336.5000,queue_depleted,False,True,,,,,,NEW
92,1791484028263,A,hyperliquid,FARTCOIN,SELL,0.14855000,67.32873254,0.14855000,3.37,0.8996,0.0000,1.00,336.5000,trade_through,True,False,,,,,,NEW
93,1791484030721,A,hyperliquid,FARTCOIN,SELL,0.14855000,67.32873254,0.14855000,3.37,0.8996,0.0000,1.00,336.5000,trade_through,True,False,,,,,,NEW
91,1791484028263,A,hyperliquid,FARTCOIN,SELL,0.14855000,67.32873254,0.14855000,3.37,0.8996,0.0000,1.00,336.5000,queue_depleted,False,True,0.14852500,0.14862500,,0.14863000,1791484038729,EXIT_10S
92,1791484028263,A,hyperliquid,FARTCOIN,SELL,0.14855000,67.32873254,0.14855000,3.37,0.8996,0.0000,1.00,336.5000,trade_through,True,False,0.14852500,0.14862500,,0.14863000,1791484038729,EXIT_10S
93,1791484030721,A,hyperliquid,FARTCOIN,SELL,0.14855000,67.32873254,0.14855000,3.37,0.8996,0.0000,1.00,336.5000,trade_through,True,False,0.14859500,0.14862500,,0.14863000,1791484040732,EXIT_10S
94,1791484048946,A,hyperliquid,FARTCOIN,BUY,0.14852000,67.32193349,0.14852000,2.69,0.8307,0.0000,1.59,7201.3000,trade_through,True,False,,,,,,NEW
95,1791484048946,B,hyperliquid,FARTCOIN,BUY,0.14852000,67.32193349,0.14852000,2.69,0.8307,0.0000,1.59,7201.3000,trade_through,True,False,,,,,,NEW
96,1791484048946,C,hyperliquid,FARTCOIN,BUY,0.14852000,67.32193349,0.14852000,2.69,0.8307,0.0000,1.59,7201.3000,trade_through,True,False,,,,,,NEW
94,1791484048946,A,hyperliquid,FARTCOIN,BUY,0.14852000,67.32193349,0.14852000,2.69,0.8307,0.0000,1.59,7201.3000,trade_through,True,False,0.14854000,0.14862500,,0.14862000,1791484059269,EXIT_10S
95,1791484048946,B,hyperliquid,FARTCOIN,BUY,0.14852000,67.32193349,0.14852000,2.69,0.8307,0.0000,1.59,7201.3000,trade_through,True,False,0.14854000,0.14862500,,0.14862000,1791484059269,EXIT_10S
96,1791484048946,C,hyperliquid,FARTCOIN,BUY,0.14852000,67.32193349,0.14852000,2.69,0.8307,0.0000,1.59,7201.3000,trade_through,True,False,0.14854000,0.14862500,,0.14862000,1791484059269,EXIT_10S
97,1791484064204,A,binance,ADAUSDT,SELL,0.22850000,43.77325454,0.22850000,4.38,0.6744,0.0000,1.85,17460.7000,trade_through,True,False,,,,,,NEW
98,1791484066455,A,hyperliquid,kPEPE,SELL,0.00374400,2671.29691465,0.00374400,2.67,0.4662,0.0000,1.13,771367.0000,trade_through,True,False,,,,,,NEW
97,1791484064204,A,binance,ADAUSDT,SELL,0.22850000,43.77325454,0.22850000,4.38,0.6744,0.0000,1.85,17460.7000,trade_through,True,False,0.22855000,0.22855000,,0.22860000,1791484074290,EXIT_10S
98,1791484066455,A,hyperliquid,kPEPE,SELL,0.00374400,2671.29691465,0.00374400,2.67,0.4662,0.0000,1.13,771367.0000,trade_through,True,False,0.00374350,0.00374650,,0.00374700,1791484076794,EXIT_10S
91,1791484028263,A,hyperliquid,FARTCOIN,SELL,0.14855000,67.32873254,0.14855000,3.37,0.8996,0.0000,1.00,336.5000,queue_depleted,False,True,0.14852500,0.14862500,0.14869000,0.14863000,1791484038729,COMPLETED
92,1791484028263,A,hyperliquid,FARTCOIN,SELL,0.14855000,67.32873254,0.14855000,3.37,0.8996,0.0000,1.00,336.5000,trade_through,True,False,0.14852500,0.14862500,0.14869000,0.14863000,1791484038729,COMPLETED
93,1791484030721,A,hyperliquid,FARTCOIN,SELL,0.14855000,67.32873254,0.14855000,3.37,0.8996,0.0000,1.00,336.5000,trade_through,True,False,0.14859500,0.14862500,0.14859500,0.14863000,1791484040732,COMPLETED
99,1791484099523,A,hyperliquid,kPEPE,SELL,0.00374200,2672.72484298,0.00374200,2.67,0.4407,0.0000,1.69,771779.0000,trade_through,True,False,,,,,,NEW
100,1791484099654,A,hyperliquid,FARTCOIN,SELL,0.14863000,67.29022273,0.14863000,2.69,0.7920,0.0000,2.08,1412.0000,trade_through,True,False,,,,,,NEW
94,1791484048946,A,hyperliquid,FARTCOIN,BUY,0.14852000,67.32193349,0.14852000,2.69,0.8307,0.0000,1.59,7201.3000,trade_through,True,False,0.14854000,0.14862500,0.14870500,0.14862000,1791484059269,COMPLETED
95,1791484048946,B,hyperliquid,FARTCOIN,BUY,0.14852000,67.32193349,0.14852000,2.69,0.8307,0.0000,1.59,7201.3000,trade_through,True,False,0.14854000,0.14862500,0.14870500,0.14862000,1791484059269,COMPLETED
96,1791484048946,C,hyperliquid,FARTCOIN,BUY,0.14852000,67.32193349,0.14852000,2.69,0.8307,0.0000,1.59,7201.3000,trade_through,True,False,0.14854000,0.14862500,0.14870500,0.14862000,1791484059269,COMPLETED
99,1791484099523,A,hyperliquid,kPEPE,SELL,0.00374200,2672.72484298,0.00374200,2.67,0.4407,0.0000,1.69,771779.0000,trade_through,True,False,0.00374350,0.00374350,,0.00374400,1791484109864,EXIT_10S
100,1791484099654,A,hyperliquid,FARTCOIN,SELL,0.14863000,67.29022273,0.14863000,2.69,0.7920,0.0000,2.08,1412.0000,trade_through,True,False,0.14866500,0.14870500,,0.14875000,1791484109864,EXIT_10S
101,1791484111707,A,hyperliquid,FARTCOIN,SELL,0.14873000,67.24497344,0.14873000,2.69,0.8786,0.0000,0.85,672.4000,trade_through,True,False,,,,,,NEW
102,1791484121012,A,hyperliquid,FARTCOIN,SELL,0.14883000,67.19752713,0.14883000,2.02,0.8567,0.0000,2.22,672.0000,trade_through,True,False,,,,,,NEW
103,1791484121213,B,hyperliquid,kPEPE,SELL,0.00374500,2670.58352250,0.00374500,2.67,0.3606,0.0000,1.38,1038456.0000,trade_through,True,False,,,,,,NEW
104,1791484121213,C,hyperliquid,kPEPE,SELL,0.00374500,2670.58352250,0.00374500,2.67,0.3606,0.0000,1.38,1038456.0000,trade_through,True,False,,,,,,NEW
101,1791484111707,A,hyperliquid,FARTCOIN,SELL,0.14873000,67.24497344,0.14873000,2.69,0.8786,0.0000,0.85,672.4000,trade_through,True,False,0.14871000,0.14883500,,0.14884000,1791484121882,EXIT_10S
97,1791484064204,A,binance,ADAUSDT,SELL,0.22850000,43.77325454,0.22850000,4.38,0.6744,0.0000,1.85,17460.7000,trade_through,True,False,0.22855000,0.22855000,0.22875000,0.22860000,1791484074290,COMPLETED
98,1791484066455,A,hyperliquid,kPEPE,SELL,0.00374400,2671.29691465,0.00374400,2.67,0.4662,0.0000,1.13,771367.0000,trade_through,True,False,0.00374350,0.00374650,0.00374550,0.00374700,1791484076794,COMPLETED
102,1791484121012,A,hyperliquid,FARTCOIN,SELL,0.14883000,67.19752713,0.14883000,2.02,0.8567,0.0000,2.22,672.0000,trade_through,True,False,0.14883500,0.14883500,,0.14884000,1791484131398,EXIT_10S
103,1791484121213,B,hyperliquid,kPEPE,SELL,0.00374500,2670.58352250,0.00374500,2.67,0.3606,0.0000,1.38,1038456.0000,trade_through,True,False,0.00374550,0.00374550,,0.00374600,1791484131398,EXIT_10S
104,1791484121213,C,hyperliquid,kPEPE,SELL,0.00374500,2670.58352250,0.00374500,2.67,0.3606,0.0000,1.38,1038456.0000,trade_through,True,False,0.00374550,0.00374550,,0.00374600,1791484131398,EXIT_10S
105,1791484138026,A,hyperliquid,PONS,SELL,0.34360000,29.11292905,0.34360000,6.40,0.0415,0.0000,2.64,124418.0000,trade_through,True,False,,,,,,NEW
106,1791484138026,B,hyperliquid,PONS,SELL,0.34360000,29.11292905,0.34360000,6.40,0.0415,0.0000,2.64,124418.0000,trade_through,True,False,,,,,,NEW
107,1791484138026,C,hyperliquid,PONS,SELL,0.34360000,29.11292905,0.34360000,6.40,0.0415,0.0000,2.64,124418.0000,trade_through,True,False,,,,,,NEW
108,1791484142042,A,hyperliquid,FARTCOIN,BUY,0.14878000,67.19752713,0.14878000,4.70,0.7143,0.0000,0.28,2688.5000,trade_through,True,False,,,,,,NEW
109,1791484142042,B,hyperliquid,FARTCOIN,BUY,0.14878000,67.19752713,0.14878000,4.70,0.7143,0.0000,0.28,2688.5000,trade_through,True,False,,,,,,NEW
110,1791484142042,C,hyperliquid,FARTCOIN,BUY,0.14878000,67.19752713,0.14878000,4.70,0.7143,0.0000,0.28,2688.5000,trade_through,True,False,,,,,,NEW
105,1791484138026,A,hyperliquid,PONS,SELL,0.34360000,29.11292905,0.34360000,6.40,0.0415,0.0000,2.64,124418.0000,trade_through,True,False,0.34349000,0.34438000,,0.34445000,1791484148434,EXIT_10S
106,1791484138026,B,hyperliquid,PONS,SELL,0.34360000,29.11292905,0.34360000,6.40,0.0415,0.0000,2.64,124418.0000,trade_through,True,False,0.34349000,0.34438000,,0.34445000,1791484148434,EXIT_10S
107,1791484138026,C,hyperliquid,PONS,SELL,0.34360000,29.11292905,0.34360000,6.40,0.0415,0.0000,2.64,124418.0000,trade_through,True,False,0.34349000,0.34438000,,0.34445000,1791484148434,EXIT_10S
111,1791484148509,A,hyperliquid,CRV,SELL,0.33585000,29.77874393,0.33585000,2.38,0.3551,0.0000,1.92,471.8000,trade_through,True,False,,,,,,NEW
112,1791484148509,B,hyperliquid,CRV,SELL,0.33585000,29.77874393,0.33585000,2.38,0.3551,0.0000,1.92,471.8000,trade_through,True,False,,,,,,NEW
113,1791484148509,C,hyperliquid,CRV,SELL,0.33585000,29.77874393,0.33585000,2.38,0.3551,0.0000,1.92,471.8000,trade_through,True,False,,,,,,NEW
108,1791484142042,A,hyperliquid,FARTCOIN,BUY,0.14878000,67.19752713,0.14878000,4.70,0.7143,0.0000,0.28,2688.5000,trade_through,True,False,0.14877500,0.14887000,,0.14885000,1791484152444,EXIT_10S
109,1791484142042,B,hyperliquid,FARTCOIN,BUY,0.14878000,67.19752713,0.14878000,4.70,0.7143,0.0000,0.28,2688.5000,trade_through,True,False,0.14877500,0.14887000,,0.14885000,1791484152444,EXIT_10S
110,1791484142042,C,hyperliquid,FARTCOIN,BUY,0.14878000,67.19752713,0.14878000,4.70,0.7143,0.0000,0.28,2688.5000,trade_through,True,False,0.14877500,0.14887000,,0.14885000,1791484152444,EXIT_10S
114,1791484154700,A,hyperliquid,CRV,SELL,0.33590000,29.77608385,0.33590000,3.57,0.3418,0.0000,0.91,471.9000,trade_through,True,False,,,,,,NEW
115,1791484154700,B,hyperliquid,CRV,SELL,0.33590000,29.77608385,0.33590000,3.57,0.3418,0.0000,0.91,471.9000,trade_through,True,False,,,,,,NEW
116,1791484154700,C,hyperliquid,CRV,SELL,0.33590000,29.77608385,0.33590000,3.57,0.3418,0.0000,0.91,471.9000,trade_through,True,False,,,,,,NEW
111,1791484148509,A,hyperliquid,CRV,SELL,0.33585000,29.77874393,0.33585000,2.38,0.3551,0.0000,1.92,471.8000,trade_through,True,False,0.33581000,0.33607500,,0.33611000,1791484158963,EXIT_10S
112,1791484148509,B,hyperliquid,CRV,SELL,0.33585000,29.77874393,0.33585000,2.38,0.3551,0.0000,1.92,471.8000,trade_through,True,False,0.33581000,0.33607500,,0.33611000,1791484158963,EXIT_10S
113,1791484148509,C,hyperliquid,CRV,SELL,0.33585000,29.77874393,0.33585000,2.38,0.3551,0.0000,1.92,471.8000,trade_through,True,False,0.33581000,0.33607500,,0.33611000,1791484158963,EXIT_10S
117,1791484159066,A,hyperliquid,ALGO,SELL,0.11864000,84.30281571,0.11864000,3.37,0.6677,0.0000,0.44,2098.0000,queue_depleted,False,True,,,,,,NEW
118,1791484159066,A,hyperliquid,ALGO,SELL,0.11864000,84.30281571,0.11864000,3.37,0.6677,0.0000,0.44,2098.0000,trade_through,True,False,,,,,,NEW
99,1791484099523,A,hyperliquid,kPEPE,SELL,0.00374200,2672.72484298,0.00374200,2.67,0.4407,0.0000,1.69,771779.0000,trade_through,True,False,0.00374350,0.00374350,0.00374550,0.00374400,1791484109864,COMPLETED
100,1791484099654,A,hyperliquid,FARTCOIN,SELL,0.14863000,67.29022273,0.14863000,2.69,0.7920,0.0000,2.08,1412.0000,trade_through,True,False,0.14866500,0.14870500,0.14890500,0.14875000,1791484109864,COMPLETED
114,1791484154700,A,hyperliquid,CRV,SELL,0.33590000,29.77608385,0.33590000,3.57,0.3418,0.0000,0.91,471.9000,trade_through,True,False,0.33584000,0.33626500,,0.33627000,1791484164975,EXIT_10S
115,1791484154700,B,hyperliquid,CRV,SELL,0.33590000,29.77608385,0.33590000,3.57,0.3418,0.0000,0.91,471.9000,trade_through,True,False,0.33584000,0.33626500,,0.33627000,1791484164975,EXIT_10S
116,1791484154700,C,hyperliquid,CRV,SELL,0.33590000,29.77608385,0.33590000,3.57,0.3418,0.0000,0.91,471.9000,trade_through,True,False,0.33584000,0.33626500,,0.33627000,1791484164975,EXIT_10S
117,1791484159066,A,hyperliquid,ALGO,SELL,0.11864000,84.30281571,0.11864000,3.37,0.6677,0.0000,0.44,2098.0000,queue_depleted,False,True,0.11862000,0.11862000,,0.11863000,1791484169484,EXIT_10S
118,1791484159066,A,hyperliquid,ALGO,SELL,0.11864000,84.30281571,0.11864000,3.37,0.6677,0.0000,0.44,2098.0000,trade_through,True,False,0.11862000,0.11862000,,0.11863000,1791484169484,EXIT_10S
101,1791484111707,A,hyperliquid,FARTCOIN,SELL,0.14873000,67.24497344,0.14873000,2.69,0.8786,0.0000,0.85,672.4000,trade_through,True,False,0.14871000,0.14883500,0.14871500,0.14884000,1791484121882,COMPLETED
102,1791484121012,A,hyperliquid,FARTCOIN,SELL,0.14883000,67.19752713,0.14883000,2.02,0.8567,0.0000,2.22,672.0000,trade_through,True,False,0.14883500,0.14883500,0.14871500,0.14884000,1791484131398,COMPLETED
103,1791484121213,B,hyperliquid,kPEPE,SELL,0.00374500,2670.58352250,0.00374500,2.67,0.3606,0.0000,1.38,1038456.0000,trade_through,True,False,0.00374550,0.00374550,0.00374650,0.00374600,1791484131398,COMPLETED
104,1791484121213,C,hyperliquid,kPEPE,SELL,0.00374500,2670.58352250,0.00374500,2.67,0.3606,0.0000,1.38,1038456.0000,trade_through,True,False,0.00374550,0.00374550,0.00374650,0.00374600,1791484131398,COMPLETED
119,1791484188566,A,hyperliquid,WLD,BUY,0.47253000,21.15887139,0.47253000,3.60,0.5808,7905.9000,0.95,1901.9000,trade_through,True,False,,,,,,NEW
105,1791484138026,A,hyperliquid,PONS,SELL,0.34360000,29.11292905,0.34360000,6.40,0.0415,0.0000,2.64,124418.0000,trade_through,True,False,0.34349000,0.34438000,0.34422500,0.34445000,1791484148434,COMPLETED
106,1791484138026,B,hyperliquid,PONS,SELL,0.34360000,29.11292905,0.34360000,6.40,0.0415,0.0000,2.64,124418.0000,trade_through,True,False,0.34349000,0.34438000,0.34422500,0.34445000,1791484148434,COMPLETED
107,1791484138026,C,hyperliquid,PONS,SELL,0.34360000,29.11292905,0.34360000,6.40,0.0415,0.0000,2.64,124418.0000,trade_through,True,False,0.34349000,0.34438000,0.34422500,0.34445000,1791484148434,COMPLETED
119,1791484188566,A,hyperliquid,WLD,BUY,0.47253000,21.15887139,0.47253000,3.60,0.5808,7905.9000,0.95,1901.9000,trade_through,True,False,0.47261500,0.47251500,,0.47249000,1791484199037,EXIT_10S
108,1791484142042,A,hyperliquid,FARTCOIN,BUY,0.14878000,67.19752713,0.14878000,4.70,0.7143,0.0000,0.28,2688.5000,trade_through,True,False,0.14877500,0.14887000,0.14871000,0.14885000,1791484152444,COMPLETED
109,1791484142042,B,hyperliquid,FARTCOIN,BUY,0.14878000,67.19752713,0.14878000,4.70,0.7143,0.0000,0.28,2688.5000,trade_through,True,False,0.14877500,0.14887000,0.14871000,0.14885000,1791484152444,COMPLETED
110,1791484142042,C,hyperliquid,FARTCOIN,BUY,0.14878000,67.19752713,0.14878000,4.70,0.7143,0.0000,0.28,2688.5000,trade_through,True,False,0.14877500,0.14887000,0.14871000,0.14885000,1791484152444,COMPLETED
120,1791484206907,A,binance,TAOUSDT,BUY,263.40000000,0.03795787,263.40000000,3.80,0.4835,0.1130,1.60,10.9202,trade_through,True,False,,,,,,NEW
111,1791484148509,A,hyperliquid,CRV,SELL,0.33585000,29.77874393,0.33585000,2.38,0.3551,0.0000,1.92,471.8000,trade_through,True,False,0.33581000,0.33607500,0.33568500,0.33611000,1791484158963,COMPLETED
112,1791484148509,B,hyperliquid,CRV,SELL,0.33585000,29.77874393,0.33585000,2.38,0.3551,0.0000,1.92,471.8000,trade_through,True,False,0.33581000,0.33607500,0.33568500,0.33611000,1791484158963,COMPLETED
113,1791484148509,C,hyperliquid,CRV,SELL,0.33585000,29.77874393,0.33585000,2.38,0.3551,0.0000,1.92,471.8000,trade_through,True,False,0.33581000,0.33607500,0.33568500,0.33611000,1791484158963,COMPLETED
114,1791484154700,A,hyperliquid,CRV,SELL,0.33590000,29.77608385,0.33590000,3.57,0.3418,0.0000,0.91,471.9000,trade_through,True,False,0.33584000,0.33626500,0.33534500,0.33627000,1791484164975,COMPLETED
115,1791484154700,B,hyperliquid,CRV,SELL,0.33590000,29.77608385,0.33590000,3.57,0.3418,0.0000,0.91,471.9000,trade_through,True,False,0.33584000,0.33626500,0.33534500,0.33627000,1791484164975,COMPLETED
116,1791484154700,C,hyperliquid,CRV,SELL,0.33590000,29.77608385,0.33590000,3.57,0.3418,0.0000,0.91,471.9000,trade_through,True,False,0.33584000,0.33626500,0.33534500,0.33627000,1791484164975,COMPLETED
120,1791484206907,A,binance,TAOUSDT,BUY,263.40000000,0.03795787,263.40000000,3.80,0.4835,0.1130,1.60,10.9202,trade_through,True,False,263.25000000,263.25000000,,263.20000000,1791484217075,EXIT_10S
117,1791484159066,A,hyperliquid,ALGO,SELL,0.11864000,84.30281571,0.11864000,3.37,0.6677,0.0000,0.44,2098.0000,queue_depleted,False,True,0.11862000,0.11862000,0.11847500,0.11863000,1791484169484,COMPLETED
118,1791484159066,A,hyperliquid,ALGO,SELL,0.11864000,84.30281571,0.11864000,3.37,0.6677,0.0000,0.44,2098.0000,trade_through,True,False,0.11862000,0.11862000,0.11847500,0.11863000,1791484169484,COMPLETED
121,1791484226691,A,hyperliquid,ZRO,BUY,1.99890000,5.00162553,1.99890000,4.50,0.2396,0.0000,2.56,168.8000,trade_through,True,False,,,,,,NEW
122,1791484233284,A,hyperliquid,ZRO,SELL,1.99790000,5.00726053,1.99790000,8.01,0.3271,0.0000,4.59,126.8000,queue_depleted,False,True,,,,,,NEW
123,1791484233284,B,hyperliquid,ZRO,SELL,1.99790000,5.00726053,1.99790000,8.01,0.3271,0.0000,4.59,126.8000,queue_depleted,False,True,,,,,,NEW
124,1791484233284,C,hyperliquid,ZRO,SELL,1.99790000,5.00726053,1.99790000,8.01,0.3271,0.0000,4.59,126.8000,queue_depleted,False,True,,,,,,NEW
125,1791484233284,A,hyperliquid,ZRO,SELL,1.99790000,5.00726053,1.99790000,8.01,0.3271,0.0000,4.59,126.8000,trade_through,True,False,,,,,,NEW
126,1791484233284,B,hyperliquid,ZRO,SELL,1.99790000,5.00726053,1.99790000,8.01,0.3271,0.0000,4.59,126.8000,trade_through,True,False,,,,,,NEW
127,1791484233284,C,hyperliquid,ZRO,SELL,1.99790000,5.00726053,1.99790000,8.01,0.3271,0.0000,4.59,126.8000,trade_through,True,False,,,,,,NEW
121,1791484226691,A,hyperliquid,ZRO,BUY,1.99890000,5.00162553,1.99890000,4.50,0.2396,0.0000,2.56,168.8000,trade_through,True,False,1.99935000,1.99805000,,1.99750000,1791484237106,EXIT_10S
122,1791484233284,A,hyperliquid,ZRO,SELL,1.99790000,5.00726053,1.99790000,8.01,0.3271,0.0000,4.59,126.8000,queue_depleted,False,True,1.99805000,1.99955000,,1.99990000,1791484243618,EXIT_10S
123,1791484233284,B,hyperliquid,ZRO,SELL,1.99790000,5.00726053,1.99790000,8.01,0.3271,0.0000,4.59,126.8000,queue_depleted,False,True,1.99805000,1.99955000,,1.99990000,1791484243618,EXIT_10S
124,1791484233284,C,hyperliquid,ZRO,SELL,1.99790000,5.00726053,1.99790000,8.01,0.3271,0.0000,4.59,126.8000,queue_depleted,False,True,1.99805000,1.99955000,,1.99990000,1791484243618,EXIT_10S
125,1791484233284,A,hyperliquid,ZRO,SELL,1.99790000,5.00726053,1.99790000,8.01,0.3271,0.0000,4.59,126.8000,trade_through,True,False,1.99805000,1.99955000,,1.99990000,1791484243618,EXIT_10S
126,1791484233284,B,hyperliquid,ZRO,SELL,1.99790000,5.00726053,1.99790000,8.01,0.3271,0.0000,4.59,126.8000,trade_through,True,False,1.99805000,1.99955000,,1.99990000,1791484243618,EXIT_10S
127,1791484233284,C,hyperliquid,ZRO,SELL,1.99790000,5.00726053,1.99790000,8.01,0.3271,0.0000,4.59,126.8000,trade_through,True,False,1.99805000,1.99955000,,1.99990000,1791484243618,EXIT_10S
119,1791484188566,A,hyperliquid,WLD,BUY,0.47253000,21.15887139,0.47253000,3.60,0.5808,7905.9000,0.95,1901.9000,trade_through,True,False,0.47261500,0.47251500,0.47140500,0.47249000,1791484199037,COMPLETED
120,1791484206907,A,binance,TAOUSDT,BUY,263.40000000,0.03795787,263.40000000,3.80,0.4835,0.1130,1.60,10.9202,trade_through,True,False,263.25000000,263.25000000,263.25000000,263.20000000,1791484217075,COMPLETED
128,1791484277875,A,hyperliquid,kPEPE,SELL,0.00373900,2675.22739433,0.00373900,5.35,0.4725,0.0000,2.52,2402105.0000,trade_through,True,False,,,,,,NEW
121,1791484226691,A,hyperliquid,ZRO,BUY,1.99890000,5.00162553,1.99890000,4.50,0.2396,0.0000,2.56,168.8000,trade_through,True,False,1.99935000,1.99805000,2.00105000,1.99750000,1791484237106,COMPLETED
128,1791484277875,A,hyperliquid,kPEPE,SELL,0.00373900,2675.22739433,0.00373900,5.35,0.4725,0.0000,2.52,2402105.0000,trade_through,True,False,0.00373800,0.00373600,,0.00373700,1791484288215,EXIT_10S
122,1791484233284,A,hyperliquid,ZRO,SELL,1.99790000,5.00726053,1.99790000,8.01,0.3271,0.0000,4.59,126.8000,queue_depleted,False,True,1.99805000,1.99955000,2.00150000,1.99990000,1791484243618,COMPLETED
123,1791484233284,B,hyperliquid,ZRO,SELL,1.99790000,5.00726053,1.99790000,8.01,0.3271,0.0000,4.59,126.8000,queue_depleted,False,True,1.99805000,1.99955000,2.00150000,1.99990000,1791484243618,COMPLETED
124,1791484233284,C,hyperliquid,ZRO,SELL,1.99790000,5.00726053,1.99790000,8.01,0.3271,0.0000,4.59,126.8000,queue_depleted,False,True,1.99805000,1.99955000,2.00150000,1.99990000,1791484243618,COMPLETED
125,1791484233284,A,hyperliquid,ZRO,SELL,1.99790000,5.00726053,1.99790000,8.01,0.3271,0.0000,4.59,126.8000,trade_through,True,False,1.99805000,1.99955000,2.00150000,1.99990000,1791484243618,COMPLETED
126,1791484233284,B,hyperliquid,ZRO,SELL,1.99790000,5.00726053,1.99790000,8.01,0.3271,0.0000,4.59,126.8000,trade_through,True,False,1.99805000,1.99955000,2.00150000,1.99990000,1791484243618,COMPLETED
127,1791484233284,C,hyperliquid,ZRO,SELL,1.99790000,5.00726053,1.99790000,8.01,0.3271,0.0000,4.59,126.8000,trade_through,True,False,1.99805000,1.99955000,2.00150000,1.99990000,1791484243618,COMPLETED
128,1791484277875,A,hyperliquid,kPEPE,SELL,0.00373900,2675.22739433,0.00373900,5.35,0.4725,0.0000,2.52,2402105.0000,trade_through,True,False,0.00373800,0.00373600,0.00373600,0.00373700,1791484288215,COMPLETED
129,1791484343272,A,hyperliquid,kPEPE,SELL,0.00373900,2675.22739433,0.00373900,5.35,0.4970,0.0000,1.70,2521979.0000,trade_through,True,False,,,,,,NEW
129,1791484343272,A,hyperliquid,kPEPE,SELL,0.00373900,2675.22739433,0.00373900,5.35,0.4970,0.0000,1.70,2521979.0000,trade_through,True,False,0.00373800,0.00374350,,0.00374400,1791484353350,EXIT_10S
129,1791484343272,A,hyperliquid,kPEPE,SELL,0.00373900,2675.22739433,0.00373900,5.35,0.4970,0.0000,1.70,2521979.0000,trade_through,True,False,0.00373800,0.00374350,0.00374300,0.00374400,1791484353350,COMPLETED
130,1791484420711,A,hyperliquid,kPEPE,SELL,0.00374300,2672.36771780,0.00374300,5.34,0.4830,0.0000,4.14,918811.0000,trade_through,True,False,,,,,,NEW
130,1791484420711,A,hyperliquid,kPEPE,SELL,0.00374300,2672.36771780,0.00374300,5.34,0.4830,0.0000,4.14,918811.0000,trade_through,True,False,0.00374200,0.00374750,,0.00374800,1791484431010,EXIT_10S
131,1791484440488,A,binance,ADAUSDT,SELL,0.22940000,43.60148245,0.22940000,4.36,0.6566,0.0000,2.48,11309.5000,queue_depleted,False,True,,,,,,NEW
132,1791484446015,A,binance,ADAUSDT,BUY,0.22940000,43.58247984,0.22940000,4.36,0.6400,0.0000,2.76,140875.0000,trade_through,True,False,,,,,,NEW
133,1791484446015,B,binance,ADAUSDT,BUY,0.22940000,43.58247984,0.22940000,4.36,0.6400,0.0000,2.76,140875.0000,trade_through,True,False,,,,,,NEW
134,1791484448699,A,binance,ADAUSDT,SELL,0.22950000,43.58247984,0.22950000,4.36,0.6183,0.0000,4.01,49058.5000,trade_through,True,False,,,,,,NEW
131,1791484440488,A,binance,ADAUSDT,SELL,0.22940000,43.60148245,0.22940000,4.36,0.6566,0.0000,2.48,11309.5000,queue_depleted,False,True,0.22925000,0.22955000,,0.22960000,1791484450538,EXIT_10S
132,1791484446015,A,binance,ADAUSDT,BUY,0.22940000,43.58247984,0.22940000,4.36,0.6400,0.0000,2.76,140875.0000,trade_through,True,False,0.22945000,0.22955000,,0.22950000,1791484456047,EXIT_10S
133,1791484446015,B,binance,ADAUSDT,BUY,0.22940000,43.58247984,0.22940000,4.36,0.6400,0.0000,2.76,140875.0000,trade_through,True,False,0.22945000,0.22955000,,0.22950000,1791484456047,EXIT_10S
134,1791484448699,A,binance,ADAUSDT,SELL,0.22950000,43.58247984,0.22950000,4.36,0.6183,0.0000,4.01,49058.5000,trade_through,True,False,0.22955000,0.22955000,,0.22960000,1791484459052,EXIT_10S
130,1791484420711,A,hyperliquid,kPEPE,SELL,0.00374300,2672.36771780,0.00374300,5.34,0.4830,0.0000,4.14,918811.0000,trade_through,True,False,0.00374200,0.00374750,0.00375750,0.00374800,1791484431010,COMPLETED
135,1791484488167,A,hyperliquid,ETHFI,BUY,0.65464000,15.27370479,0.65464000,2.44,0.5159,0.0000,2.38,631.3000,trade_through,True,False,,,,,,NEW
135,1791484488167,A,hyperliquid,ETHFI,BUY,0.65464000,15.27370479,0.65464000,2.44,0.5159,0.0000,2.38,631.3000,trade_through,True,False,0.65472000,0.65415500,,0.65408000,1791484498635,EXIT_10S
131,1791484440488,A,binance,ADAUSDT,SELL,0.22940000,43.60148245,0.22940000,4.36,0.6566,0.0000,2.48,11309.5000,queue_depleted,False,True,0.22925000,0.22955000,0.22925000,0.22960000,1791484450538,COMPLETED
132,1791484446015,A,binance,ADAUSDT,BUY,0.22940000,43.58247984,0.22940000,4.36,0.6400,0.0000,2.76,140875.0000,trade_through,True,False,0.22945000,0.22955000,0.22925000,0.22950000,1791484456047,COMPLETED
133,1791484446015,B,binance,ADAUSDT,BUY,0.22940000,43.58247984,0.22940000,4.36,0.6400,0.0000,2.76,140875.0000,trade_through,True,False,0.22945000,0.22955000,0.22925000,0.22950000,1791484456047,COMPLETED
134,1791484448699,A,binance,ADAUSDT,SELL,0.22950000,43.58247984,0.22950000,4.36,0.6183,0.0000,4.01,49058.5000,trade_through,True,False,0.22955000,0.22955000,0.22925000,0.22960000,1791484459052,COMPLETED
135,1791484488167,A,hyperliquid,ETHFI,BUY,0.65464000,15.27370479,0.65464000,2.44,0.5159,0.0000,2.38,631.3000,trade_through,True,False,0.65472000,0.65415500,0.65122500,0.65408000,1791484498635,COMPLETED
136,1791484628175,A,binance,ADAUSDT,SELL,0.22890000,43.69674459,0.22890000,4.37,0.6245,21.8000,0.00,7055.5000,queue_depleted,False,True,,,,,,NEW
137,1791484628721,A,binance,FETUSDT,SELL,0.21280000,47.00352526,0.21280000,4.70,0.6447,0.0000,2.67,110.6000,queue_depleted,False,True,,,,,,NEW
138,1791484636295,A,binance,ADAUSDT,BUY,0.22890000,43.67765888,0.22890000,4.37,0.5701,570.3000,1.38,17748.1000,queue_depleted,False,True,,,,,,NEW
136,1791484628175,A,binance,ADAUSDT,SELL,0.22890000,43.69674459,0.22890000,4.37,0.6245,21.8000,0.00,7055.5000,queue_depleted,False,True,0.22895000,0.22885000,,0.22890000,1791484638400,EXIT_10S
137,1791484628721,A,binance,FETUSDT,SELL,0.21280000,47.00352526,0.21280000,4.70,0.6447,0.0000,2.67,110.6000,queue_depleted,False,True,0.21285000,0.21285000,,0.21290000,1791484638902,EXIT_10S
139,1791484638701,A,hyperliquid,CHIP,BUY,0.04848400,206.23234136,0.04848400,2.06,0.8050,1031.0000,0.88,1031.0000,trade_through,True,False,,,,,,NEW
140,1791484638701,B,hyperliquid,CHIP,BUY,0.04848400,206.23234136,0.04848400,2.06,0.8050,1031.0000,0.88,1031.0000,trade_through,True,False,,,,,,NEW
141,1791484638701,C,hyperliquid,CHIP,BUY,0.04848400,206.23234136,0.04848400,2.06,0.8050,0.0000,0.88,1031.0000,trade_through,True,False,,,,,,NEW
138,1791484636295,A,binance,ADAUSDT,BUY,0.22890000,43.67765888,0.22890000,4.37,0.5701,570.3000,1.38,17748.1000,queue_depleted,False,True,0.22885000,0.22885000,,0.22880000,1791484646412,EXIT_10S
139,1791484638701,A,hyperliquid,CHIP,BUY,0.04848400,206.23234136,0.04848400,2.06,0.8050,1031.0000,0.88,1031.0000,trade_through,True,False,0.04848900,0.04843800,,0.04843100,1791484648918,EXIT_10S
140,1791484638701,B,hyperliquid,CHIP,BUY,0.04848400,206.23234136,0.04848400,2.06,0.8050,1031.0000,0.88,1031.0000,trade_through,True,False,0.04848900,0.04843800,,0.04843100,1791484648918,EXIT_10S
141,1791484638701,C,hyperliquid,CHIP,BUY,0.04848400,206.23234136,0.04848400,2.06,0.8050,0.0000,0.88,1031.0000,trade_through,True,False,0.04848900,0.04843800,,0.04843100,1791484648918,EXIT_10S
142,1791484663744,A,binance,FETUSDT,BUY,0.21300000,46.93733865,0.21300000,4.69,0.5978,0.0000,1.48,17539.7000,trade_through,True,False,,,,,,NEW
143,1791484668184,A,binance,XLMUSDT,SELL,0.18940000,52.81225244,0.18940000,5.28,0.5650,0.0000,0.00,50632.0000,queue_depleted,False,True,,,,,,NEW
142,1791484663744,A,binance,FETUSDT,BUY,0.21300000,46.93733865,0.21300000,4.69,0.5978,0.0000,1.48,17539.7000,trade_through,True,False,0.21255000,0.21265000,,0.21260000,1791484673952,EXIT_10S
143,1791484668184,A,binance,XLMUSDT,SELL,0.18940000,52.81225244,0.18940000,5.28,0.5650,0.0000,0.00,50632.0000,queue_depleted,False,True,0.18935000,0.18935000,,0.18940000,1791484678458,EXIT_10S
136,1791484628175,A,binance,ADAUSDT,SELL,0.22890000,43.69674459,0.22890000,4.37,0.6245,21.8000,0.00,7055.5000,queue_depleted,False,True,0.22895000,0.22885000,0.22885000,0.22890000,1791484638400,COMPLETED
137,1791484628721,A,binance,FETUSDT,SELL,0.21280000,47.00352526,0.21280000,4.70,0.6447,0.0000,2.67,110.6000,queue_depleted,False,True,0.21285000,0.21285000,0.21245000,0.21290000,1791484638902,COMPLETED
138,1791484636295,A,binance,ADAUSDT,BUY,0.22890000,43.67765888,0.22890000,4.37,0.5701,570.3000,1.38,17748.1000,queue_depleted,False,True,0.22885000,0.22885000,0.22915000,0.22880000,1791484646412,COMPLETED
139,1791484638701,A,hyperliquid,CHIP,BUY,0.04848400,206.23234136,0.04848400,2.06,0.8050,1031.0000,0.88,1031.0000,trade_through,True,False,0.04848900,0.04843800,0.04845150,0.04843100,1791484648918,COMPLETED
140,1791484638701,B,hyperliquid,CHIP,BUY,0.04848400,206.23234136,0.04848400,2.06,0.8050,1031.0000,0.88,1031.0000,trade_through,True,False,0.04848900,0.04843800,0.04845150,0.04843100,1791484648918,COMPLETED
141,1791484638701,C,hyperliquid,CHIP,BUY,0.04848400,206.23234136,0.04848400,2.06,0.8050,0.0000,0.88,1031.0000,trade_through,True,False,0.04848900,0.04843800,0.04845150,0.04843100,1791484648918,COMPLETED
142,1791484663744,A,binance,FETUSDT,BUY,0.21300000,46.93733865,0.21300000,4.69,0.5978,0.0000,1.48,17539.7000,trade_through,True,False,0.21255000,0.21265000,0.21295000,0.21260000,1791484673952,COMPLETED
143,1791484668184,A,binance,XLMUSDT,SELL,0.18940000,52.81225244,0.18940000,5.28,0.5650,0.0000,0.00,50632.0000,queue_depleted,False,True,0.18935000,0.18935000,0.18955000,0.18940000,1791484678458,COMPLETED
144,1791484755041,A,hyperliquid,kPEPE,SELL,0.00375800,2661.34397871,0.00375800,2.66,0.5821,0.0000,0.63,1990394.0000,trade_through,True,False,,,,,,NEW
145,1791484757250,A,hyperliquid,kPEPE,BUY,0.00375700,2661.34397871,0.00375700,2.66,0.5821,0.0000,0.63,653740.0000,trade_through,True,False,,,,,,NEW
146,1791484761815,A,binance,FETUSDT,BUY,0.21300000,46.93733865,0.21300000,4.69,0.5606,0.0000,0.00,3741.3000,queue_depleted,False,True,,,,,,NEW
147,1791484761829,A,binance,FETUSDT,BUY,0.21300000,46.93733865,0.21300000,4.69,0.5606,0.0000,0.00,3741.3000,trade_through,True,False,,,,,,NEW
144,1791484755041,A,hyperliquid,kPEPE,SELL,0.00375800,2661.34397871,0.00375800,2.66,0.5821,0.0000,0.63,1990394.0000,trade_through,True,False,0.00375750,0.00375450,,0.00375500,1791484765144,EXIT_10S
145,1791484757250,A,hyperliquid,kPEPE,BUY,0.00375700,2661.34397871,0.00375700,2.66,0.5821,0.0000,0.63,653740.0000,trade_through,True,False,0.00375500,0.00375450,,0.00375400,1791484767657,EXIT_10S
146,1791484761815,A,binance,FETUSDT,BUY,0.21300000,46.93733865,0.21300000,4.69,0.5606,0.0000,0.00,3741.3000,queue_depleted,False,True,0.21305000,0.21325000,,0.21320000,1791484772166,EXIT_10S
147,1791484761829,A,binance,FETUSDT,BUY,0.21300000,46.93733865,0.21300000,4.69,0.5606,0.0000,0.00,3741.3000,trade_through,True,False,0.21305000,0.21325000,,0.21320000,1791484772166,EXIT_10S
148,1791484791154,A,binance,XLMUSDT,SELL,0.18970000,52.72871078,0.18970000,5.27,0.5251,0.0000,0.00,6240.0000,queue_depleted,False,True,,,,,,NEW
148,1791484791154,A,binance,XLMUSDT,SELL,0.18970000,52.72871078,0.18970000,5.27,0.5251,0.0000,0.00,6240.0000,queue_depleted,False,True,0.18975000,0.18965000,,0.18970000,1791484801237,EXIT_10S
144,1791484755041,A,hyperliquid,kPEPE,SELL,0.00375800,2661.34397871,0.00375800,2.66,0.5821,0.0000,0.63,1990394.0000,trade_through,True,False,0.00375750,0.00375450,0.00375900,0.00375500,1791484765144,COMPLETED
145,1791484757250,A,hyperliquid,kPEPE,BUY,0.00375700,2661.34397871,0.00375700,2.66,0.5821,0.0000,0.63,653740.0000,trade_through,True,False,0.00375500,0.00375450,0.00375900,0.00375400,1791484767657,COMPLETED
146,1791484761815,A,binance,FETUSDT,BUY,0.21300000,46.93733865,0.21300000,4.69,0.5606,0.0000,0.00,3741.3000,queue_depleted,False,True,0.21305000,0.21325000,0.21315000,0.21320000,1791484772166,COMPLETED
147,1791484761829,A,binance,FETUSDT,BUY,0.21300000,46.93733865,0.21300000,4.69,0.5606,0.0000,0.00,3741.3000,trade_through,True,False,0.21305000,0.21325000,0.21315000,0.21320000,1791484772166,COMPLETED
149,1791484822586,A,hyperliquid,ETHFI,BUY,0.65419000,15.28234125,0.65419000,4.89,0.1185,0.0000,1.95,611.4000,trade_through,True,False,,,,,,NEW
149,1791484822586,A,hyperliquid,ETHFI,BUY,0.65419000,15.28234125,0.65419000,4.89,0.1185,0.0000,1.95,611.4000,trade_through,True,False,0.65399000,0.65382500,,0.65363000,1791484832789,EXIT_10S
150,1791484835995,C,hyperliquid,CASHCAT,SELL,0.11187000,89.42944017,0.11187000,8.94,0.3534,0.0000,2.11,14846.0000,trade_through,True,False,,,,,,NEW
151,1791484837131,C,hyperliquid,CASHCAT,SELL,0.11187000,89.42944017,0.11187000,8.94,0.3534,90.0000,2.11,14846.0000,trade_through,True,False,,,,,,NEW
152,1791484842288,A,hyperliquid,CASHCAT,SELL,0.11194000,89.36949819,0.11194000,8.04,0.4364,0.0000,2.24,17702.0000,trade_through,True,False,,,,,,NEW
153,1791484845544,A,hyperliquid,WLD,SELL,0.47223000,21.17903699,0.47223000,2.75,0.7686,0.0000,1.67,1840.9000,trade_through,True,False,,,,,,NEW
150,1791484835995,C,hyperliquid,CASHCAT,SELL,0.11187000,89.42944017,0.11187000,8.94,0.3534,0.0000,2.11,14846.0000,trade_through,True,False,0.11182000,0.11192500,,0.11198000,1791484846325,EXIT_10S
151,1791484837131,C,hyperliquid,CASHCAT,SELL,0.11187000,89.42944017,0.11187000,8.94,0.3534,90.0000,2.11,14846.0000,trade_through,True,False,0.11182000,0.11192500,,0.11198000,1791484847327,EXIT_10S
154,1791484849841,A,hyperliquid,PENGU,SELL,0.00784500,1275.02231289,0.00784500,5.10,0.2672,0.0000,1.75,344849.0000,trade_through,True,False,,,,,,NEW
155,1791484849841,B,hyperliquid,PENGU,SELL,0.00784500,1275.02231289,0.00784500,5.10,0.2672,0.0000,1.75,344849.0000,trade_through,True,False,,,,,,NEW
156,1791484849841,C,hyperliquid,PENGU,SELL,0.00784500,1275.02231289,0.00784500,5.10,0.2672,0.0000,1.75,344849.0000,trade_through,True,False,,,,,,NEW
148,1791484791154,A,binance,XLMUSDT,SELL,0.18970000,52.72871078,0.18970000,5.27,0.5251,0.0000,0.00,6240.0000,queue_depleted,False,True,0.18975000,0.18965000,0.18985000,0.18970000,1791484801237,COMPLETED
152,1791484842288,A,hyperliquid,CASHCAT,SELL,0.11194000,89.36949819,0.11194000,8.04,0.4364,0.0000,2.24,17702.0000,trade_through,True,False,0.11189500,0.11192000,,0.11198000,1791484852335,EXIT_10S
153,1791484845544,A,hyperliquid,WLD,SELL,0.47223000,21.17903699,0.47223000,2.75,0.7686,0.0000,1.67,1840.9000,trade_through,True,False,0.47216500,0.47266500,,0.47273000,1791484855841,EXIT_10S
157,1791484857066,B,hyperliquid,CASHCAT,SELL,0.11198000,89.34953538,0.11198000,10.72,0.2106,0.0000,0.14,29502.0000,trade_through,True,False,,,,,,NEW
158,1791484857066,C,hyperliquid,CASHCAT,SELL,0.11198000,89.34953538,0.11198000,10.72,0.2106,0.0000,0.14,29502.0000,trade_through,True,False,,,,,,NEW
154,1791484849841,A,hyperliquid,PENGU,SELL,0.00784500,1275.02231289,0.00784500,5.10,0.2672,0.0000,1.75,344849.0000,trade_through,True,False,0.00785050,0.00784850,,0.00784900,1791484859845,EXIT_10S
155,1791484849841,B,hyperliquid,PENGU,SELL,0.00784500,1275.02231289,0.00784500,5.10,0.2672,0.0000,1.75,344849.0000,trade_through,True,False,0.00785050,0.00784850,,0.00784900,1791484859845,EXIT_10S
156,1791484849841,C,hyperliquid,PENGU,SELL,0.00784500,1275.02231289,0.00784500,5.10,0.2672,0.0000,1.75,344849.0000,trade_through,True,False,0.00785050,0.00784850,,0.00784900,1791484859845,EXIT_10S
159,1791484860568,A,binance,FETUSDT,BUY,0.21340000,46.84937925,0.21340000,4.68,0.3807,0.0000,0.00,2367.7000,trade_through,True,False,,,,,,NEW
160,1791484861236,A,binance,FETUSDT,BUY,0.21320000,46.89331770,0.21320000,4.69,0.5326,2814.3000,2.96,7373.0000,trade_through,True,False,,,,,,NEW
157,1791484857066,B,hyperliquid,CASHCAT,SELL,0.11198000,89.34953538,0.11198000,10.72,0.2106,0.0000,0.14,29502.0000,trade_through,True,False,0.11192000,0.11195500,,0.11199000,1791484867356,EXIT_10S
158,1791484857066,C,hyperliquid,CASHCAT,SELL,0.11198000,89.34953538,0.11198000,10.72,0.2106,0.0000,0.14,29502.0000,trade_through,True,False,0.11192000,0.11195500,,0.11199000,1791484867356,EXIT_10S
159,1791484860568,A,binance,FETUSDT,BUY,0.21340000,46.84937925,0.21340000,4.68,0.3807,0.0000,0.00,2367.7000,trade_through,True,False,0.21315000,0.21325000,,0.21320000,1791484870862,EXIT_10S
160,1791484861236,A,binance,FETUSDT,BUY,0.21320000,46.89331770,0.21320000,4.69,0.5326,2814.3000,2.96,7373.0000,trade_through,True,False,0.21315000,0.21325000,,0.21320000,1791484871381,EXIT_10S
149,1791484822586,A,hyperliquid,ETHFI,BUY,0.65419000,15.28234125,0.65419000,4.89,0.1185,0.0000,1.95,611.4000,trade_through,True,False,0.65399000,0.65382500,0.65384000,0.65363000,1791484832789,COMPLETED
161,1791484893461,A,hyperliquid,GRASS,BUY,0.57970000,17.24673174,0.57970000,4.14,0.6187,0.0000,1.61,256.8000,trade_through,True,False,,,,,,NEW
162,1791484893461,B,hyperliquid,GRASS,BUY,0.57970000,17.24673174,0.57970000,4.14,0.6187,0.0000,1.61,256.8000,trade_through,True,False,,,,,,NEW
163,1791484893461,C,hyperliquid,GRASS,BUY,0.57970000,17.24673174,0.57970000,4.14,0.6187,0.0000,1.61,256.8000,trade_through,True,False,,,,,,NEW
150,1791484835995,C,hyperliquid,CASHCAT,SELL,0.11187000,89.42944017,0.11187000,8.94,0.3534,0.0000,2.11,14846.0000,trade_through,True,False,0.11182000,0.11192500,0.11199500,0.11198000,1791484846325,COMPLETED
151,1791484837131,C,hyperliquid,CASHCAT,SELL,0.11187000,89.42944017,0.11187000,8.94,0.3534,90.0000,2.11,14846.0000,trade_through,True,False,0.11182000,0.11192500,0.11199500,0.11198000,1791484847327,COMPLETED
164,1791484899292,A,hyperliquid,CASHCAT,SELL,0.11200000,89.30166101,0.11200000,3.57,0.3439,0.0000,0.42,2407.0000,trade_through,True,False,,,,,,NEW
165,1791484899292,B,hyperliquid,CASHCAT,SELL,0.11200000,89.30166101,0.11200000,3.57,0.3439,0.0000,0.42,2407.0000,trade_through,True,False,,,,,,NEW
166,1791484899292,C,hyperliquid,CASHCAT,SELL,0.11200000,89.30166101,0.11200000,3.57,0.3439,0.0000,0.42,2407.0000,trade_through,True,False,,,,,,NEW
152,1791484842288,A,hyperliquid,CASHCAT,SELL,0.11194000,89.36949819,0.11194000,8.04,0.4364,0.0000,2.24,17702.0000,trade_through,True,False,0.11189500,0.11192000,0.11198000,0.11198000,1791484852335,COMPLETED
161,1791484893461,A,hyperliquid,GRASS,BUY,0.57970000,17.24673174,0.57970000,4.14,0.6187,0.0000,1.61,256.8000,trade_through,True,False,0.57966000,0.57977000,,0.57973000,1791484903950,EXIT_10S
162,1791484893461,B,hyperliquid,GRASS,BUY,0.57970000,17.24673174,0.57970000,4.14,0.6187,0.0000,1.61,256.8000,trade_through,True,False,0.57966000,0.57977000,,0.57973000,1791484903950,EXIT_10S
163,1791484893461,C,hyperliquid,GRASS,BUY,0.57970000,17.24673174,0.57970000,4.14,0.6187,0.0000,1.61,256.8000,trade_through,True,False,0.57966000,0.57977000,,0.57973000,1791484903950,EXIT_10S
153,1791484845544,A,hyperliquid,WLD,SELL,0.47223000,21.17903699,0.47223000,2.75,0.7686,0.0000,1.67,1840.9000,trade_through,True,False,0.47216500,0.47266500,0.47208000,0.47273000,1791484855841,COMPLETED
167,1791484908030,A,hyperliquid,GRASS,BUY,0.57966000,17.24970675,0.57966000,2.07,0.4688,0.0000,0.69,690.1000,trade_through,True,False,,,,,,NEW
164,1791484899292,A,hyperliquid,CASHCAT,SELL,0.11200000,89.30166101,0.11200000,3.57,0.3439,0.0000,0.42,2407.0000,trade_through,True,False,0.11198000,0.11205500,,0.11206000,1791484909460,EXIT_10S
165,1791484899292,B,hyperliquid,CASHCAT,SELL,0.11200000,89.30166101,0.11200000,3.57,0.3439,0.0000,0.42,2407.0000,trade_through,True,False,0.11198000,0.11205500,,0.11206000,1791484909460,EXIT_10S
166,1791484899292,C,hyperliquid,CASHCAT,SELL,0.11200000,89.30166101,0.11200000,3.57,0.3439,0.0000,0.42,2407.0000,trade_through,True,False,0.11198000,0.11205500,,0.11206000,1791484909460,EXIT_10S
154,1791484849841,A,hyperliquid,PENGU,SELL,0.00784500,1275.02231289,0.00784500,5.10,0.2672,0.0000,1.75,344849.0000,trade_through,True,False,0.00785050,0.00784850,0.00783950,0.00784900,1791484859845,COMPLETED
155,1791484849841,B,hyperliquid,PENGU,SELL,0.00784500,1275.02231289,0.00784500,5.10,0.2672,0.0000,1.75,344849.0000,trade_through,True,False,0.00785050,0.00784850,0.00783950,0.00784900,1791484859845,COMPLETED
156,1791484849841,C,hyperliquid,PENGU,SELL,0.00784500,1275.02231289,0.00784500,5.10,0.2672,0.0000,1.75,344849.0000,trade_through,True,False,0.00785050,0.00784850,0.00783950,0.00784900,1791484859845,COMPLETED
168,1791484914487,A,hyperliquid,GRASS,SELL,0.57957000,17.25699987,0.57957000,3.28,0.5160,0.0000,1.33,54.5000,trade_through,True,False,,,,,,NEW
157,1791484857066,B,hyperliquid,CASHCAT,SELL,0.11198000,89.34953538,0.11198000,10.72,0.2106,0.0000,0.14,29502.0000,trade_through,True,False,0.11192000,0.11195500,0.11205500,0.11199000,1791484867356,COMPLETED
158,1791484857066,C,hyperliquid,CASHCAT,SELL,0.11198000,89.34953538,0.11198000,10.72,0.2106,0.0000,0.14,29502.0000,trade_through,True,False,0.11192000,0.11195500,0.11205500,0.11199000,1791484867356,COMPLETED
167,1791484908030,A,hyperliquid,GRASS,BUY,0.57966000,17.24970675,0.57966000,2.07,0.4688,0.0000,0.69,690.1000,trade_through,True,False,0.57972000,0.57959500,,0.57959000,1791484918487,EXIT_10S
159,1791484860568,A,binance,FETUSDT,BUY,0.21340000,46.84937925,0.21340000,4.68,0.3807,0.0000,0.00,2367.7000,trade_through,True,False,0.21315000,0.21325000,0.21335000,0.21320000,1791484870862,COMPLETED
160,1791484861236,A,binance,FETUSDT,BUY,0.21320000,46.89331770,0.21320000,4.69,0.5326,2814.3000,2.96,7373.0000,trade_through,True,False,0.21315000,0.21325000,0.21335000,0.21320000,1791484871381,COMPLETED
168,1791484914487,A,hyperliquid,GRASS,SELL,0.57957000,17.25699987,0.57957000,3.28,0.5160,0.0000,1.33,54.5000,trade_through,True,False,0.57959500,0.57947000,,0.57950000,1791484924498,EXIT_10S
169,1791484925637,A,binance,PEPEUSDT,BUY,0.00000376,2656042.49667995,0.00000376,26.56,0.4704,0.0000,0.00,2766619895.0000,trade_through,True,False,,,,,,NEW
169,1791484925637,A,binance,PEPEUSDT,BUY,0.00000376,2656042.49667995,0.00000376,26.56,0.4704,0.0000,0.00,2766619895.0000,trade_through,True,False,0.00000376,0.00000376,,0.00000376,1791484936032,EXIT_10S
161,1791484893461,A,hyperliquid,GRASS,BUY,0.57970000,17.24673174,0.57970000,4.14,0.6187,0.0000,1.61,256.8000,trade_through,True,False,0.57966000,0.57977000,0.57955500,0.57973000,1791484903950,COMPLETED
162,1791484893461,B,hyperliquid,GRASS,BUY,0.57970000,17.24673174,0.57970000,4.14,0.6187,0.0000,1.61,256.8000,trade_through,True,False,0.57966000,0.57977000,0.57955500,0.57973000,1791484903950,COMPLETED
163,1791484893461,C,hyperliquid,GRASS,BUY,0.57970000,17.24673174,0.57970000,4.14,0.6187,0.0000,1.61,256.8000,trade_through,True,False,0.57966000,0.57977000,0.57955500,0.57973000,1791484903950,COMPLETED
164,1791484899292,A,hyperliquid,CASHCAT,SELL,0.11200000,89.30166101,0.11200000,3.57,0.3439,0.0000,0.42,2407.0000,trade_through,True,False,0.11198000,0.11205500,0.11186500,0.11206000,1791484909460,COMPLETED
165,1791484899292,B,hyperliquid,CASHCAT,SELL,0.11200000,89.30166101,0.11200000,3.57,0.3439,0.0000,0.42,2407.0000,trade_through,True,False,0.11198000,0.11205500,0.11186500,0.11206000,1791484909460,COMPLETED
166,1791484899292,C,hyperliquid,CASHCAT,SELL,0.11200000,89.30166101,0.11200000,3.57,0.3439,0.0000,0.42,2407.0000,trade_through,True,False,0.11198000,0.11205500,0.11186500,0.11206000,1791484909460,COMPLETED
170,1791484961100,A,hyperliquid,ETHFI,SELL,0.65320000,15.31088757,0.65320000,2.14,0.7757,189.7000,0.79,23.8000,trade_through,True,False,,,,,,NEW
167,1791484908030,A,hyperliquid,GRASS,BUY,0.57966000,17.24970675,0.57966000,2.07,0.4688,0.0000,0.69,690.1000,trade_through,True,False,0.57972000,0.57959500,0.58072000,0.57959000,1791484918487,COMPLETED
171,1791484969210,A,binance,XLMUSDT,SELL,0.18990000,52.67316302,0.18990000,5.27,0.5281,0.0000,0.00,1584.0000,queue_depleted,False,True,,,,,,NEW
170,1791484961100,A,hyperliquid,ETHFI,SELL,0.65320000,15.31088757,0.65320000,2.14,0.7757,189.7000,0.79,23.8000,trade_through,True,False,0.65313000,0.65350500,,0.65356000,1791484971106,EXIT_10S
168,1791484914487,A,hyperliquid,GRASS,SELL,0.57957000,17.25699987,0.57957000,3.28,0.5160,0.0000,1.33,54.5000,trade_through,True,False,0.57959500,0.57947000,0.58070500,0.57950000,1791484924498,COMPLETED
171,1791484969210,A,binance,XLMUSDT,SELL,0.18990000,52.67316302,0.18990000,5.27,0.5281,0.0000,0.00,1584.0000,queue_depleted,False,True,0.18995000,0.18995000,,0.19000000,1791484979635,EXIT_10S
172,1791484985324,A,hyperliquid,FARTCOIN,SELL,0.14980000,66.77127500,0.14980000,4.67,0.8287,0.0000,1.94,8164.7000,trade_through,True,False,,,,,,NEW
169,1791484925637,A,binance,PEPEUSDT,BUY,0.00000376,2656042.49667995,0.00000376,26.56,0.4704,0.0000,0.00,2766619895.0000,trade_through,True,False,0.00000376,0.00000376,0.00000376,0.00000376,1791484936032,COMPLETED
173,1791484988646,A,binance,ENAUSDT,SELL,0.20300000,49.27322000,0.20300000,4.93,0.4921,0.0000,0.00,23123.1100,trade_through,True,False,,,,,,NEW
174,1791484989421,A,binance,ENAUSDT,SELL,0.20310000,49.24895346,0.20310000,4.92,0.4063,5662.9200,1.56,104406.2900,trade_through,True,False,,,,,,NEW
175,1791484992516,A,binance,ADAUSDT,BUY,0.22930000,43.60148245,0.22930000,4.36,0.4292,1483.4000,0.00,12756.9000,queue_depleted,False,True,,,,,,NEW
172,1791484985324,A,hyperliquid,FARTCOIN,SELL,0.14980000,66.77127500,0.14980000,4.67,0.8287,0.0000,1.94,8164.7000,trade_through,True,False,0.14976500,0.15004500,,0.15005000,1791484995669,EXIT_10S
173,1791484988646,A,binance,ENAUSDT,SELL,0.20300000,49.27322000,0.20300000,4.93,0.4921,0.0000,0.00,23123.1100,trade_through,True,False,0.20315000,0.20315000,,0.20320000,1791484998673,EXIT_10S
174,1791484989421,A,binance,ENAUSDT,SELL,0.20310000,49.24895346,0.20310000,4.92,0.4063,5662.9200,1.56,104406.2900,trade_through,True,False,0.20305000,0.20315000,,0.20320000,1791484999675,EXIT_10S
176,1791484999471,A,hyperliquid,WLD,SELL,0.47188000,21.19452334,0.47188000,2.54,0.6989,0.0000,0.69,847.7000,trade_through,True,False,,,,,,NEW
177,1791485000585,A,binance,ADAUSDT,SELL,0.22930000,43.62050164,0.22930000,4.36,0.5704,0.0000,1.38,26137.0000,queue_depleted,False,True,,,,,,NEW
175,1791484992516,A,binance,ADAUSDT,BUY,0.22930000,43.60148245,0.22930000,4.36,0.4292,1483.4000,0.00,12756.9000,queue_depleted,False,True,0.22925000,0.22925000,,0.22920000,1791485002679,EXIT_10S
178,1791485004122,A,binance,ADAUSDT,SELL,0.22930000,43.62050164,0.22930000,4.36,0.5775,0.0000,0.00,12719.9000,queue_depleted,False,True,,,,,,NEW
176,1791484999471,A,hyperliquid,WLD,SELL,0.47188000,21.19452334,0.47188000,2.54,0.6989,0.0000,0.69,847.7000,trade_through,True,False,0.47182000,0.47209000,,0.47214000,1791485009710,EXIT_10S
177,1791485000585,A,binance,ADAUSDT,SELL,0.22930000,43.62050164,0.22930000,4.36,0.5704,0.0000,1.38,26137.0000,queue_depleted,False,True,0.22925000,0.22935000,,0.22940000,1791485010714,EXIT_10S
179,1791485012786,A,binance,ADAUSDT,SELL,0.22940000,43.60148245,0.22940000,4.36,0.5246,0.0000,1.38,25484.8000,trade_through,True,False,,,,,,NEW
178,1791485004122,A,binance,ADAUSDT,SELL,0.22930000,43.62050164,0.22930000,4.36,0.5775,0.0000,0.00,12719.9000,queue_depleted,False,True,0.22935000,0.22945000,,0.22950000,1791485014221,EXIT_10S
180,1791485016797,A,binance,ADAUSDT,BUY,0.22940000,43.58247984,0.22940000,4.36,0.4610,0.0000,1.38,11163.8000,queue_depleted,False,True,,,,,,NEW
181,1791485020490,A,binance,ADAUSDT,SELL,0.22940000,43.60148245,0.22940000,4.36,0.5330,0.0000,2.05,23828.1000,trade_through,True,False,,,,,,NEW
170,1791484961100,A,hyperliquid,ETHFI,SELL,0.65320000,15.31088757,0.65320000,2.14,0.7757,189.7000,0.79,23.8000,trade_through,True,False,0.65313000,0.65350500,0.65484500,0.65356000,1791484971106,COMPLETED
179,1791485012786,A,binance,ADAUSDT,SELL,0.22940000,43.60148245,0.22940000,4.36,0.5246,0.0000,1.38,25484.8000,trade_through,True,False,0.22945000,0.22935000,,0.22940000,1791485023241,EXIT_10S
180,1791485016797,A,binance,ADAUSDT,BUY,0.22940000,43.58247984,0.22940000,4.36,0.4610,0.0000,1.38,11163.8000,queue_depleted,False,True,0.22935000,0.22945000,,0.22940000,1791485027248,EXIT_10S
171,1791484969210,A,binance,XLMUSDT,SELL,0.18990000,52.67316302,0.18990000,5.27,0.5281,0.0000,0.00,1584.0000,queue_depleted,False,True,0.18995000,0.18995000,0.18995000,0.19000000,1791484979635,COMPLETED
181,1791485020490,A,binance,ADAUSDT,SELL,0.22940000,43.60148245,0.22940000,4.36,0.5330,0.0000,2.05,23828.1000,trade_through,True,False,0.22935000,0.22935000,,0.22940000,1791485030763,EXIT_10S
182,1791485041024,A,binance,ADAUSDT,SELL,0.22930000,43.62050164,0.22930000,4.36,0.5703,0.0000,1.38,10402.1000,queue_depleted,False,True,,,,,,NEW
183,1791485043764,A,hyperliquid,WLD,SELL,0.47178000,21.19879167,0.47178000,2.33,0.3349,0.0000,1.62,952.9000,trade_through,True,False,,,,,,NEW
184,1791485043764,B,hyperliquid,WLD,SELL,0.47178000,21.19879167,0.47178000,2.33,0.3349,0.0000,1.62,952.9000,trade_through,True,False,,,,,,NEW
185,1791485043764,C,hyperliquid,WLD,SELL,0.47178000,21.19879167,0.47178000,2.33,0.3349,0.0000,1.62,952.9000,trade_through,True,False,,,,,,NEW
172,1791484985324,A,hyperliquid,FARTCOIN,SELL,0.14980000,66.77127500,0.14980000,4.67,0.8287,0.0000,1.94,8164.7000,trade_through,True,False,0.14976500,0.15004500,0.15010500,0.15005000,1791484995669,COMPLETED
186,1791485047893,A,hyperliquid,kPEPE,BUY,0.00374900,2667.02226964,0.00374900,2.67,0.5840,0.0000,0.84,417000.0000,trade_through,True,False,,,,,,NEW
173,1791484988646,A,binance,ENAUSDT,SELL,0.20300000,49.27322000,0.20300000,4.93,0.4921,0.0000,0.00,23123.1100,trade_through,True,False,0.20315000,0.20315000,0.20305000,0.20320000,1791484998673,COMPLETED
174,1791484989421,A,binance,ENAUSDT,SELL,0.20310000,49.24895346,0.20310000,4.92,0.4063,5662.9200,1.56,104406.2900,trade_through,True,False,0.20305000,0.20315000,0.20305000,0.20320000,1791484999675,COMPLETED
182,1791485041024,A,binance,ADAUSDT,SELL,0.22930000,43.62050164,0.22930000,4.36,0.5703,0.0000,1.38,10402.1000,queue_depleted,False,True,0.22935000,0.22935000,,0.22940000,1791485051302,EXIT_10S
175,1791484992516,A,binance,ADAUSDT,BUY,0.22930000,43.60148245,0.22930000,4.36,0.4292,1483.4000,0.00,12756.9000,queue_depleted,False,True,0.22925000,0.22925000,0.22945000,0.22920000,1791485002679,COMPLETED
183,1791485043764,A,hyperliquid,WLD,SELL,0.47178000,21.19879167,0.47178000,2.33,0.3349,0.0000,1.62,952.9000,trade_through,True,False,0.47171000,0.47169500,,0.47172000,1791485053806,EXIT_10S
184,1791485043764,B,hyperliquid,WLD,SELL,0.47178000,21.19879167,0.47178000,2.33,0.3349,0.0000,1.62,952.9000,trade_through,True,False,0.47171000,0.47169500,,0.47172000,1791485053806,EXIT_10S
185,1791485043764,C,hyperliquid,WLD,SELL,0.47178000,21.19879167,0.47178000,2.33,0.3349,0.0000,1.62,952.9000,trade_through,True,False,0.47171000,0.47169500,,0.47172000,1791485053806,EXIT_10S
186,1791485047893,A,hyperliquid,kPEPE,BUY,0.00374900,2667.02226964,0.00374900,2.67,0.5840,0.0000,0.84,417000.0000,trade_through,True,False,0.00374950,0.00375000,,0.00374900,1791485058326,EXIT_10S
187,1791485058562,A,binance,ADAUSDT,BUY,0.22940000,43.58247984,0.22940000,4.36,0.5072,0.0000,1.84,11666.6000,queue_depleted,False,True,,,,,,NEW
188,1791485058563,A,binance,ADAUSDT,BUY,0.22940000,43.58247984,0.22940000,4.36,0.5072,0.0000,1.84,11666.6000,trade_through,True,False,,,,,,NEW
176,1791484999471,A,hyperliquid,WLD,SELL,0.47188000,21.19452334,0.47188000,2.54,0.6989,0.0000,0.69,847.7000,trade_through,True,False,0.47182000,0.47209000,0.47200000,0.47214000,1791485009710,COMPLETED
177,1791485000585,A,binance,ADAUSDT,SELL,0.22930000,43.62050164,0.22930000,4.36,0.5704,0.0000,1.38,26137.0000,queue_depleted,False,True,0.22925000,0.22935000,0.22935000,0.22940000,1791485010714,COMPLETED
178,1791485004122,A,binance,ADAUSDT,SELL,0.22930000,43.62050164,0.22930000,4.36,0.5775,0.0000,0.00,12719.9000,queue_depleted,False,True,0.22935000,0.22945000,0.22935000,0.22950000,1791485014221,COMPLETED
187,1791485058562,A,binance,ADAUSDT,BUY,0.22940000,43.58247984,0.22940000,4.36,0.5072,0.0000,1.84,11666.6000,queue_depleted,False,True,0.22935000,0.22945000,,0.22940000,1791485068846,EXIT_10S
188,1791485058563,A,binance,ADAUSDT,BUY,0.22940000,43.58247984,0.22940000,4.36,0.5072,0.0000,1.84,11666.6000,trade_through,True,False,0.22935000,0.22945000,,0.22940000,1791485068846,EXIT_10S
189,1791485069075,A,binance,TAOUSDT,BUY,265.80000000,0.03761520,265.80000000,3.76,0.2458,0.0000,2.38,0.7377,queue_depleted,False,True,,,,,,NEW
190,1791485070171,A,binance,FETUSDT,SELL,0.21330000,46.89331770,0.21330000,4.69,0.5482,0.0000,1.48,44286.1000,trade_through,True,False,,,,,,NEW
179,1791485012786,A,binance,ADAUSDT,SELL,0.22940000,43.60148245,0.22940000,4.36,0.5246,0.0000,1.38,25484.8000,trade_through,True,False,0.22945000,0.22935000,0.22945000,0.22940000,1791485023241,COMPLETED
180,1791485016797,A,binance,ADAUSDT,BUY,0.22940000,43.58247984,0.22940000,4.36,0.4610,0.0000,1.38,11163.8000,queue_depleted,False,True,0.22935000,0.22945000,0.22945000,0.22940000,1791485027248,COMPLETED
191,1791485076912,A,binance,TAOUSDT,BUY,265.80000000,0.03761520,265.80000000,3.76,0.2744,3.8426,1.59,2.8069,queue_depleted,False,True,,,,,,NEW
192,1791485076912,A,binance,TAOUSDT,BUY,265.80000000,0.03761520,265.80000000,3.76,0.2744,3.8426,1.59,2.8069,trade_through,True,False,,,,,,NEW
189,1791485069075,A,binance,TAOUSDT,BUY,265.80000000,0.03761520,265.80000000,3.76,0.2458,0.0000,2.38,0.7377,queue_depleted,False,True,265.75000000,265.75000000,,265.70000000,1791485079372,EXIT_10S
193,1791485079809,A,binance,TAOUSDT,SELL,265.80000000,0.03762935,265.80000000,3.76,0.3058,0.0000,1.19,25.9810,queue_depleted,False,True,,,,,,NEW
194,1791485079809,B,binance,TAOUSDT,SELL,265.80000000,0.03762935,265.80000000,3.76,0.3058,0.0000,1.19,25.9810,queue_depleted,False,True,,,,,,NEW
195,1791485079809,C,binance,TAOUSDT,SELL,265.80000000,0.03762935,265.80000000,3.76,0.3058,0.0000,1.19,25.9810,queue_depleted,False,True,,,,,,NEW
196,1791485079816,A,binance,TAOUSDT,SELL,265.80000000,0.03762935,265.80000000,3.76,0.3058,0.0000,1.19,25.9810,trade_through,True,False,,,,,,NEW
197,1791485079816,B,binance,TAOUSDT,SELL,265.80000000,0.03762935,265.80000000,3.76,0.3058,0.0000,1.19,25.9810,trade_through,True,False,,,,,,NEW
198,1791485079816,C,binance,TAOUSDT,SELL,265.80000000,0.03762935,265.80000000,3.76,0.3058,0.0000,1.19,25.9810,trade_through,True,False,,,,,,NEW
190,1791485070171,A,binance,FETUSDT,SELL,0.21330000,46.89331770,0.21330000,4.69,0.5482,0.0000,1.48,44286.1000,trade_through,True,False,0.21375000,0.21365000,,0.21370000,1791485080375,EXIT_10S
181,1791485020490,A,binance,ADAUSDT,SELL,0.22940000,43.60148245,0.22940000,4.36,0.5330,0.0000,2.05,23828.1000,trade_through,True,False,0.22935000,0.22935000,0.22945000,0.22940000,1791485030763,COMPLETED
199,1791485081570,A,binance,TAOUSDT,SELL,265.90000000,0.03761520,265.90000000,3.76,0.3383,2.8564,1.19,31.4348,queue_depleted,False,True,,,,,,NEW
200,1791485081570,B,binance,TAOUSDT,SELL,265.90000000,0.03761520,265.90000000,3.76,0.3383,2.8564,1.19,31.4348,queue_depleted,False,True,,,,,,NEW
201,1791485081570,C,binance,TAOUSDT,SELL,265.90000000,0.03761520,265.90000000,3.76,0.3383,1.6874,1.19,31.4348,queue_depleted,False,True,,,,,,NEW
202,1791485083491,C,binance,TAOUSDT,SELL,265.90000000,0.03761520,265.90000000,3.76,0.3306,0.0000,2.14,54.0698,queue_depleted,False,True,,,,,,NEW
203,1791485083492,C,binance,TAOUSDT,SELL,265.90000000,0.03761520,265.90000000,3.76,0.3306,0.0000,2.14,54.0698,trade_through,True,False,,,,,,NEW
204,1791485083635,A,binance,TAOUSDT,SELL,265.90000000,0.03761520,265.90000000,3.76,0.3352,0.0000,1.19,54.0698,trade_through,True,False,,,,,,NEW
205,1791485083635,B,binance,TAOUSDT,SELL,265.90000000,0.03761520,265.90000000,3.76,0.3352,0.0000,1.19,54.0698,trade_through,True,False,,,,,,NEW
191,1791485076912,A,binance,TAOUSDT,BUY,265.80000000,0.03761520,265.80000000,3.76,0.2744,3.8426,1.59,2.8069,queue_depleted,False,True,265.75000000,266.25000000,,266.20000000,1791485087401,EXIT_10S
192,1791485076912,A,binance,TAOUSDT,BUY,265.80000000,0.03761520,265.80000000,3.76,0.2744,3.8426,1.59,2.8069,trade_through,True,False,265.75000000,266.25000000,,266.20000000,1791485087401,EXIT_10S
206,1791485087562,A,hyperliquid,CASHCAT,BUY,0.11213000,89.17027063,0.11213000,2.68,0.1136,0.0000,0.57,105.0000,queue_depleted,False,True,,,,,,NEW
193,1791485079809,A,binance,TAOUSDT,SELL,265.80000000,0.03762935,265.80000000,3.76,0.3058,0.0000,1.19,25.9810,queue_depleted,False,True,265.85000000,266.25000000,,266.30000000,1791485089916,EXIT_10S
194,1791485079809,B,binance,TAOUSDT,SELL,265.80000000,0.03762935,265.80000000,3.76,0.3058,0.0000,1.19,25.9810,queue_depleted,False,True,265.85000000,266.25000000,,266.30000000,1791485089916,EXIT_10S
195,1791485079809,C,binance,TAOUSDT,SELL,265.80000000,0.03762935,265.80000000,3.76,0.3058,0.0000,1.19,25.9810,queue_depleted,False,True,265.85000000,266.25000000,,266.30000000,1791485089916,EXIT_10S
196,1791485079816,A,binance,TAOUSDT,SELL,265.80000000,0.03762935,265.80000000,3.76,0.3058,0.0000,1.19,25.9810,trade_through,True,False,265.85000000,266.25000000,,266.30000000,1791485089916,EXIT_10S
197,1791485079816,B,binance,TAOUSDT,SELL,265.80000000,0.03762935,265.80000000,3.76,0.3058,0.0000,1.19,25.9810,trade_through,True,False,265.85000000,266.25000000,,266.30000000,1791485089916,EXIT_10S
198,1791485079816,C,binance,TAOUSDT,SELL,265.80000000,0.03762935,265.80000000,3.76,0.3058,0.0000,1.19,25.9810,trade_through,True,False,265.85000000,266.25000000,,266.30000000,1791485089916,EXIT_10S
199,1791485081570,A,binance,TAOUSDT,SELL,265.90000000,0.03761520,265.90000000,3.76,0.3383,2.8564,1.19,31.4348,queue_depleted,False,True,265.85000000,266.25000000,,266.30000000,1791485091922,EXIT_10S
200,1791485081570,B,binance,TAOUSDT,SELL,265.90000000,0.03761520,265.90000000,3.76,0.3383,2.8564,1.19,31.4348,queue_depleted,False,True,265.85000000,266.25000000,,266.30000000,1791485091922,EXIT_10S
201,1791485081570,C,binance,TAOUSDT,SELL,265.90000000,0.03761520,265.90000000,3.76,0.3383,1.6874,1.19,31.4348,queue_depleted,False,True,265.85000000,266.25000000,,266.30000000,1791485091922,EXIT_10S
202,1791485083491,C,binance,TAOUSDT,SELL,265.90000000,0.03761520,265.90000000,3.76,0.3306,0.0000,2.14,54.0698,queue_depleted,False,True,266.25000000,266.25000000,,266.30000000,1791485093925,EXIT_10S
203,1791485083492,C,binance,TAOUSDT,SELL,265.90000000,0.03761520,265.90000000,3.76,0.3306,0.0000,2.14,54.0698,trade_through,True,False,266.25000000,266.25000000,,266.30000000,1791485093925,EXIT_10S
204,1791485083635,A,binance,TAOUSDT,SELL,265.90000000,0.03761520,265.90000000,3.76,0.3352,0.0000,1.19,54.0698,trade_through,True,False,266.25000000,266.25000000,,266.30000000,1791485093925,EXIT_10S
205,1791485083635,B,binance,TAOUSDT,SELL,265.90000000,0.03761520,265.90000000,3.76,0.3352,0.0000,1.19,54.0698,trade_through,True,False,266.25000000,266.25000000,,266.30000000,1791485093925,EXIT_10S
207,1791485097063,A,binance,ADAUSDT,BUY,0.22940000,43.58247984,0.22940000,4.36,0.6334,0.0000,1.38,57959.3000,trade_through,True,False,,,,,,NEW
208,1791485097063,B,binance,ADAUSDT,BUY,0.22940000,43.58247984,0.22940000,4.36,0.6334,0.0000,1.38,57959.3000,trade_through,True,False,,,,,,NEW
206,1791485087562,A,hyperliquid,CASHCAT,BUY,0.11213000,89.17027063,0.11213000,2.68,0.1136,0.0000,0.57,105.0000,queue_depleted,False,True,0.11214500,0.11212500,,0.11209000,1791485097933,EXIT_10S
209,1791485100762,A,binance,ADAUSDT,BUY,0.22930000,43.60148245,0.22930000,4.36,0.5598,0.0000,1.38,46260.6000,trade_through,True,False,,,,,,NEW
182,1791485041024,A,binance,ADAUSDT,SELL,0.22930000,43.62050164,0.22930000,4.36,0.5703,0.0000,1.38,10402.1000,queue_depleted,False,True,0.22935000,0.22935000,0.22925000,0.22940000,1791485051302,COMPLETED
183,1791485043764,A,hyperliquid,WLD,SELL,0.47178000,21.19879167,0.47178000,2.33,0.3349,0.0000,1.62,952.9000,trade_through,True,False,0.47171000,0.47169500,0.47232500,0.47172000,1791485053806,COMPLETED
184,1791485043764,B,hyperliquid,WLD,SELL,0.47178000,21.19879167,0.47178000,2.33,0.3349,0.0000,1.62,952.9000,trade_through,True,False,0.47171000,0.47169500,0.47232500,0.47172000,1791485053806,COMPLETED
185,1791485043764,C,hyperliquid,WLD,SELL,0.47178000,21.19879167,0.47178000,2.33,0.3349,0.0000,1.62,952.9000,trade_through,True,False,0.47171000,0.47169500,0.47232500,0.47172000,1791485053806,COMPLETED
210,1791485107051,A,hyperliquid,WLD,SELL,0.47240000,21.17186259,0.47240000,3.18,0.7400,0.0000,3.18,6171.7000,trade_through,True,False,,,,,,NEW
207,1791485097063,A,binance,ADAUSDT,BUY,0.22940000,43.58247984,0.22940000,4.36,0.6334,0.0000,1.38,57959.3000,trade_through,True,False,0.22935000,0.22925000,,0.22920000,1791485107458,EXIT_10S
208,1791485097063,B,binance,ADAUSDT,BUY,0.22940000,43.58247984,0.22940000,4.36,0.6334,0.0000,1.38,57959.3000,trade_through,True,False,0.22935000,0.22925000,,0.22920000,1791485107458,EXIT_10S
186,1791485047893,A,hyperliquid,kPEPE,BUY,0.00374900,2667.02226964,0.00374900,2.67,0.5840,0.0000,0.84,417000.0000,trade_through,True,False,0.00374950,0.00375000,0.00374950,0.00374900,1791485058326,COMPLETED
209,1791485100762,A,binance,ADAUSDT,BUY,0.22930000,43.60148245,0.22930000,4.36,0.5598,0.0000,1.38,46260.6000,trade_through,True,False,0.22925000,0.22935000,,0.22930000,1791485110971,EXIT_10S
211,1791485112179,A,hyperliquid,kPEPE,SELL,0.00375100,2666.31115851,0.00375100,2.67,0.5159,0.0000,0.84,2007397.0000,trade_through,True,False,,,,,,NEW
210,1791485107051,A,hyperliquid,WLD,SELL,0.47240000,21.17186259,0.47240000,3.18,0.7400,0.0000,3.18,6171.7000,trade_through,True,False,0.47240000,0.47255000,,0.47258000,1791485117480,EXIT_10S
187,1791485058562,A,binance,ADAUSDT,BUY,0.22940000,43.58247984,0.22940000,4.36,0.5072,0.0000,1.84,11666.6000,queue_depleted,False,True,0.22935000,0.22945000,0.22935000,0.22940000,1791485068846,COMPLETED
188,1791485058563,A,binance,ADAUSDT,BUY,0.22940000,43.58247984,0.22940000,4.36,0.5072,0.0000,1.84,11666.6000,trade_through,True,False,0.22935000,0.22945000,0.22935000,0.22940000,1791485068846,COMPLETED
212,1791485121083,A,hyperliquid,CASHCAT,BUY,0.11206000,89.21402444,0.11206000,5.35,0.4980,107.0000,0.14,107.0000,trade_through,True,False,,,,,,NEW
211,1791485112179,A,hyperliquid,kPEPE,SELL,0.00375100,2666.31115851,0.00375100,2.67,0.5159,0.0000,0.84,2007397.0000,trade_through,True,False,0.00375050,0.00375200,,0.00375300,1791485122491,EXIT_10S
189,1791485069075,A,binance,TAOUSDT,BUY,265.80000000,0.03761520,265.80000000,3.76,0.2458,0.0000,2.38,0.7377,queue_depleted,False,True,265.75000000,265.75000000,266.25000000,265.70000000,1791485079372,COMPLETED
190,1791485070171,A,binance,FETUSDT,SELL,0.21330000,46.89331770,0.21330000,4.69,0.5482,0.0000,1.48,44286.1000,trade_through,True,False,0.21375000,0.21365000,0.21355000,0.21370000,1791485080375,COMPLETED
212,1791485121083,A,hyperliquid,CASHCAT,BUY,0.11206000,89.21402444,0.11206000,5.35,0.4980,107.0000,0.14,107.0000,trade_through,True,False,0.11209000,0.11196500,,0.11192000,1791485131510,EXIT_10S
213,1791485132532,A,binance,ADAUSDT,BUY,0.22930000,43.60148245,0.22930000,4.36,0.5498,70.0000,0.00,22075.5000,trade_through,True,False,,,,,,NEW
191,1791485076912,A,binance,TAOUSDT,BUY,265.80000000,0.03761520,265.80000000,3.76,0.2744,3.8426,1.59,2.8069,queue_depleted,False,True,265.75000000,266.25000000,266.25000000,266.20000000,1791485087401,COMPLETED
192,1791485076912,A,binance,TAOUSDT,BUY,265.80000000,0.03761520,265.80000000,3.76,0.2744,3.8426,1.59,2.8069,trade_through,True,False,265.75000000,266.25000000,266.25000000,266.20000000,1791485087401,COMPLETED
193,1791485079809,A,binance,TAOUSDT,SELL,265.80000000,0.03762935,265.80000000,3.76,0.3058,0.0000,1.19,25.9810,queue_depleted,False,True,265.85000000,266.25000000,266.15000000,266.30000000,1791485089916,COMPLETED
194,1791485079809,B,binance,TAOUSDT,SELL,265.80000000,0.03762935,265.80000000,3.76,0.3058,0.0000,1.19,25.9810,queue_depleted,False,True,265.85000000,266.25000000,266.15000000,266.30000000,1791485089916,COMPLETED
195,1791485079809,C,binance,TAOUSDT,SELL,265.80000000,0.03762935,265.80000000,3.76,0.3058,0.0000,1.19,25.9810,queue_depleted,False,True,265.85000000,266.25000000,266.15000000,266.30000000,1791485089916,COMPLETED
196,1791485079816,A,binance,TAOUSDT,SELL,265.80000000,0.03762935,265.80000000,3.76,0.3058,0.0000,1.19,25.9810,trade_through,True,False,265.85000000,266.25000000,266.15000000,266.30000000,1791485089916,COMPLETED
197,1791485079816,B,binance,TAOUSDT,SELL,265.80000000,0.03762935,265.80000000,3.76,0.3058,0.0000,1.19,25.9810,trade_through,True,False,265.85000000,266.25000000,266.15000000,266.30000000,1791485089916,COMPLETED
198,1791485079816,C,binance,TAOUSDT,SELL,265.80000000,0.03762935,265.80000000,3.76,0.3058,0.0000,1.19,25.9810,trade_through,True,False,265.85000000,266.25000000,266.15000000,266.30000000,1791485089916,COMPLETED
199,1791485081570,A,binance,TAOUSDT,SELL,265.90000000,0.03761520,265.90000000,3.76,0.3383,2.8564,1.19,31.4348,queue_depleted,False,True,265.85000000,266.25000000,266.15000000,266.30000000,1791485091922,COMPLETED
200,1791485081570,B,binance,TAOUSDT,SELL,265.90000000,0.03761520,265.90000000,3.76,0.3383,2.8564,1.19,31.4348,queue_depleted,False,True,265.85000000,266.25000000,266.15000000,266.30000000,1791485091922,COMPLETED
201,1791485081570,C,binance,TAOUSDT,SELL,265.90000000,0.03761520,265.90000000,3.76,0.3383,1.6874,1.19,31.4348,queue_depleted,False,True,265.85000000,266.25000000,266.15000000,266.30000000,1791485091922,COMPLETED
213,1791485132532,A,binance,ADAUSDT,BUY,0.22930000,43.60148245,0.22930000,4.36,0.5498,70.0000,0.00,22075.5000,trade_through,True,False,0.22925000,0.22925000,,0.22920000,1791485142536,EXIT_10S
202,1791485083491,C,binance,TAOUSDT,SELL,265.90000000,0.03761520,265.90000000,3.76,0.3306,0.0000,2.14,54.0698,queue_depleted,False,True,266.25000000,266.25000000,266.15000000,266.30000000,1791485093925,COMPLETED
203,1791485083492,C,binance,TAOUSDT,SELL,265.90000000,0.03761520,265.90000000,3.76,0.3306,0.0000,2.14,54.0698,trade_through,True,False,266.25000000,266.25000000,266.15000000,266.30000000,1791485093925,COMPLETED
204,1791485083635,A,binance,TAOUSDT,SELL,265.90000000,0.03761520,265.90000000,3.76,0.3352,0.0000,1.19,54.0698,trade_through,True,False,266.25000000,266.25000000,266.05000000,266.30000000,1791485093925,COMPLETED
205,1791485083635,B,binance,TAOUSDT,SELL,265.90000000,0.03761520,265.90000000,3.76,0.3352,0.0000,1.19,54.0698,trade_through,True,False,266.25000000,266.25000000,266.05000000,266.30000000,1791485093925,COMPLETED
214,1791485145646,A,binance,ADAUSDT,BUY,0.22920000,43.62050164,0.22920000,4.36,0.6353,0.0000,0.00,23426.9000,trade_through,True,False,,,,,,NEW
206,1791485087562,A,hyperliquid,CASHCAT,BUY,0.11213000,89.17027063,0.11213000,2.68,0.1136,0.0000,0.57,105.0000,queue_depleted,False,True,0.11214500,0.11212500,0.11192500,0.11209000,1791485097933,COMPLETED
215,1791485152383,A,binance,FETUSDT,BUY,0.21320000,46.89331770,0.21320000,4.69,0.5479,0.0000,2.96,2162.6000,queue_depleted,False,True,,,,,,NEW
214,1791485145646,A,binance,ADAUSDT,BUY,0.22920000,43.62050164,0.22920000,4.36,0.6353,0.0000,0.00,23426.9000,trade_through,True,False,0.22905000,0.22905000,,0.22900000,1791485156075,EXIT_10S
207,1791485097063,A,binance,ADAUSDT,BUY,0.22940000,43.58247984,0.22940000,4.36,0.6334,0.0000,1.38,57959.3000,trade_through,True,False,0.22935000,0.22925000,0.22905000,0.22920000,1791485107458,COMPLETED
208,1791485097063,B,binance,ADAUSDT,BUY,0.22940000,43.58247984,0.22940000,4.36,0.6334,0.0000,1.38,57959.3000,trade_through,True,False,0.22935000,0.22925000,0.22905000,0.22920000,1791485107458,COMPLETED
216,1791485157072,A,hyperliquid,PENGU,BUY,0.00783100,1276.81307457,0.00783100,2.55,0.3597,0.0000,1.61,4340.0000,trade_through,True,False,,,,,,NEW
217,1791485160720,C,binance,ADAUSDT,BUY,0.22900000,43.65858983,0.22900000,4.37,0.6129,0.0000,0.00,19601.0000,queue_depleted,False,True,,,,,,NEW
218,1791485160853,C,binance,ADAUSDT,BUY,0.22900000,43.65858983,0.22900000,4.37,0.6129,0.0000,0.00,19601.0000,trade_through,True,False,,,,,,NEW
209,1791485100762,A,binance,ADAUSDT,BUY,0.22930000,43.60148245,0.22930000,4.36,0.5598,0.0000,1.38,46260.6000,trade_through,True,False,0.22925000,0.22935000,0.22895000,0.22930000,1791485110971,COMPLETED
215,1791485152383,A,binance,FETUSDT,BUY,0.21320000,46.89331770,0.21320000,4.69,0.5479,0.0000,2.96,2162.6000,queue_depleted,False,True,0.21315000,0.21285000,,0.21280000,1791485162591,EXIT_10S
216,1791485157072,A,hyperliquid,PENGU,BUY,0.00783100,1276.81307457,0.00783100,2.55,0.3597,0.0000,1.61,4340.0000,trade_through,True,False,0.00782450,0.00781800,,0.00781700,1791485167114,EXIT_10S
210,1791485107051,A,hyperliquid,WLD,SELL,0.47240000,21.17186259,0.47240000,3.18,0.7400,0.0000,3.18,6171.7000,trade_through,True,False,0.47240000,0.47255000,0.47142000,0.47258000,1791485117480,COMPLETED
217,1791485160720,C,binance,ADAUSDT,BUY,0.22900000,43.65858983,0.22900000,4.37,0.6129,0.0000,0.00,19601.0000,queue_depleted,False,True,0.22895000,0.22905000,,0.22900000,1791485171127,EXIT_10S
218,1791485160853,C,binance,ADAUSDT,BUY,0.22900000,43.65858983,0.22900000,4.37,0.6129,0.0000,0.00,19601.0000,trade_through,True,False,0.22895000,0.22905000,,0.22900000,1791485171127,EXIT_10S
219,1791485172387,A,binance,ADAUSDT,SELL,0.22900000,43.67765888,0.22900000,4.37,0.5997,0.0000,2.06,21110.9000,queue_depleted,False,True,,,,,,NEW
220,1791485172387,A,binance,ADAUSDT,SELL,0.22900000,43.67765888,0.22900000,4.37,0.5997,0.0000,2.06,21110.9000,trade_through,True,False,,,,,,NEW
211,1791485112179,A,hyperliquid,kPEPE,SELL,0.00375100,2666.31115851,0.00375100,2.67,0.5159,0.0000,0.84,2007397.0000,trade_through,True,False,0.00375050,0.00375200,0.00374650,0.00375300,1791485122491,COMPLETED
212,1791485121083,A,hyperliquid,CASHCAT,BUY,0.11206000,89.21402444,0.11206000,5.35,0.4980,107.0000,0.14,107.0000,trade_through,True,False,0.11209000,0.11196500,0.11175000,0.11192000,1791485131510,COMPLETED
219,1791485172387,A,binance,ADAUSDT,SELL,0.22900000,43.67765888,0.22900000,4.37,0.5997,0.0000,2.06,21110.9000,queue_depleted,False,True,0.22895000,0.22895000,,0.22900000,1791485182659,EXIT_10S
220,1791485172387,A,binance,ADAUSDT,SELL,0.22900000,43.67765888,0.22900000,4.37,0.5997,0.0000,2.06,21110.9000,trade_through,True,False,0.22895000,0.22895000,,0.22900000,1791485182659,EXIT_10S
213,1791485132532,A,binance,ADAUSDT,BUY,0.22930000,43.60148245,0.22930000,4.36,0.5498,70.0000,0.00,22075.5000,trade_through,True,False,0.22925000,0.22925000,0.22895000,0.22920000,1791485142536,COMPLETED
221,1791485205053,A,hyperliquid,kPEPE,SELL,0.00374500,2670.58352250,0.00374500,2.67,0.4610,0.0000,1.69,1076513.0000,trade_through,True,False,,,,,,NEW
222,1791485205320,A,hyperliquid,MON,SELL,0.02431300,411.34489212,0.02431300,2.06,0.3997,0.0000,2.33,5243.0000,trade_through,True,False,,,,,,NEW
223,1791485205320,B,hyperliquid,MON,SELL,0.02431300,411.34489212,0.02431300,2.06,0.3997,0.0000,2.33,5243.0000,trade_through,True,False,,,,,,NEW
224,1791485205320,C,hyperliquid,MON,SELL,0.02431300,411.34489212,0.02431300,2.06,0.3997,0.0000,2.33,5243.0000,trade_through,True,False,,,,,,NEW
214,1791485145646,A,binance,ADAUSDT,BUY,0.22920000,43.62050164,0.22920000,4.36,0.6353,0.0000,0.00,23426.9000,trade_through,True,False,0.22905000,0.22905000,0.22885000,0.22900000,1791485156075,COMPLETED
225,1791485208392,A,binance,ADAUSDT,SELL,0.22890000,43.69674459,0.22890000,4.37,0.6095,0.0000,2.06,15967.5000,queue_depleted,False,True,,,,,,NEW
226,1791485211391,C,hyperliquid,MON,SELL,0.02433300,411.01520756,0.02433300,2.47,0.3832,0.0000,2.03,5820.0000,queue_depleted,False,True,,,,,,NEW
227,1791485211505,C,hyperliquid,MON,SELL,0.02433300,411.01520756,0.02433300,2.47,0.3832,0.0000,2.03,5820.0000,trade_through,True,False,,,,,,NEW
215,1791485152383,A,binance,FETUSDT,BUY,0.21320000,46.89331770,0.21320000,4.69,0.5479,0.0000,2.96,2162.6000,queue_depleted,False,True,0.21315000,0.21285000,0.21305000,0.21280000,1791485162591,COMPLETED
221,1791485205053,A,hyperliquid,kPEPE,SELL,0.00374500,2670.58352250,0.00374500,2.67,0.4610,0.0000,1.69,1076513.0000,trade_through,True,False,0.00375650,0.00375650,,0.00375700,1791485215260,EXIT_10S
222,1791485205320,A,hyperliquid,MON,SELL,0.02431300,411.34489212,0.02431300,2.06,0.3997,0.0000,2.33,5243.0000,trade_through,True,False,0.02431450,0.02433000,,0.02433300,1791485215761,EXIT_10S
223,1791485205320,B,hyperliquid,MON,SELL,0.02431300,411.34489212,0.02431300,2.06,0.3997,0.0000,2.33,5243.0000,trade_through,True,False,0.02431450,0.02433000,,0.02433300,1791485215761,EXIT_10S
224,1791485205320,C,hyperliquid,MON,SELL,0.02431300,411.34489212,0.02431300,2.06,0.3997,0.0000,2.33,5243.0000,trade_through,True,False,0.02431450,0.02433000,,0.02433300,1791485215761,EXIT_10S
216,1791485157072,A,hyperliquid,PENGU,BUY,0.00783100,1276.81307457,0.00783100,2.55,0.3597,0.0000,1.61,4340.0000,trade_through,True,False,0.00782450,0.00781800,0.00781600,0.00781700,1791485167114,COMPLETED
225,1791485208392,A,binance,ADAUSDT,SELL,0.22890000,43.69674459,0.22890000,4.37,0.6095,0.0000,2.06,15967.5000,queue_depleted,False,True,0.22895000,0.22885000,,0.22890000,1791485218770,EXIT_10S
217,1791485160720,C,binance,ADAUSDT,BUY,0.22900000,43.65858983,0.22900000,4.37,0.6129,0.0000,0.00,19601.0000,queue_depleted,False,True,0.22895000,0.22905000,0.22885000,0.22900000,1791485171127,COMPLETED
218,1791485160853,C,binance,ADAUSDT,BUY,0.22900000,43.65858983,0.22900000,4.37,0.6129,0.0000,0.00,19601.0000,trade_through,True,False,0.22895000,0.22905000,0.22885000,0.22900000,1791485171127,COMPLETED
226,1791485211391,C,hyperliquid,MON,SELL,0.02433300,411.01520756,0.02433300,2.47,0.3832,0.0000,2.03,5820.0000,queue_depleted,False,True,0.02433000,0.02433650,,0.02433700,1791485221777,EXIT_10S
227,1791485211505,C,hyperliquid,MON,SELL,0.02433300,411.01520756,0.02433300,2.47,0.3832,0.0000,2.03,5820.0000,trade_through,True,False,0.02433000,0.02433650,,0.02433700,1791485221777,EXIT_10S
219,1791485172387,A,binance,ADAUSDT,SELL,0.22900000,43.67765888,0.22900000,4.37,0.5997,0.0000,2.06,21110.9000,queue_depleted,False,True,0.22895000,0.22895000,0.22895000,0.22900000,1791485182659,COMPLETED
220,1791485172387,A,binance,ADAUSDT,SELL,0.22900000,43.67765888,0.22900000,4.37,0.5997,0.0000,2.06,21110.9000,trade_through,True,False,0.22895000,0.22895000,0.22895000,0.22900000,1791485182659,COMPLETED
221,1791485205053,A,hyperliquid,kPEPE,SELL,0.00374500,2670.58352250,0.00374500,2.67,0.4610,0.0000,1.69,1076513.0000,trade_through,True,False,0.00375650,0.00375650,0.00376150,0.00375700,1791485215260,COMPLETED
222,1791485205320,A,hyperliquid,MON,SELL,0.02431300,411.34489212,0.02431300,2.06,0.3997,0.0000,2.33,5243.0000,trade_through,True,False,0.02431450,0.02433000,0.02435950,0.02433300,1791485215761,COMPLETED
223,1791485205320,B,hyperliquid,MON,SELL,0.02431300,411.34489212,0.02431300,2.06,0.3997,0.0000,2.33,5243.0000,trade_through,True,False,0.02431450,0.02433000,0.02435950,0.02433300,1791485215761,COMPLETED
224,1791485205320,C,hyperliquid,MON,SELL,0.02431300,411.34489212,0.02431300,2.06,0.3997,0.0000,2.33,5243.0000,trade_through,True,False,0.02431450,0.02433000,0.02435950,0.02433300,1791485215761,COMPLETED
225,1791485208392,A,binance,ADAUSDT,SELL,0.22890000,43.69674459,0.22890000,4.37,0.6095,0.0000,2.06,15967.5000,queue_depleted,False,True,0.22895000,0.22885000,0.22895000,0.22890000,1791485218770,COMPLETED
226,1791485211391,C,hyperliquid,MON,SELL,0.02433300,411.01520756,0.02433300,2.47,0.3832,0.0000,2.03,5820.0000,queue_depleted,False,True,0.02433000,0.02433650,0.02435200,0.02433700,1791485221777,COMPLETED
227,1791485211505,C,hyperliquid,MON,SELL,0.02433300,411.01520756,0.02433300,2.47,0.3832,0.0000,2.03,5820.0000,trade_through,True,False,0.02433000,0.02433650,0.02435200,0.02433700,1791485221777,COMPLETED
228,1791485274399,A,binance,ADAUSDT,BUY,0.22890000,43.67765888,0.22890000,4.37,0.5781,54.3000,2.76,137221.2000,trade_through,True,False,,,,,,NEW
229,1791485277186,A,hyperliquid,kPEPE,BUY,0.00375800,2660.63589198,0.00375800,2.66,0.8130,0.0000,1.79,1115732.0000,trade_through,True,False,,,,,,NEW
230,1791485277186,B,hyperliquid,kPEPE,BUY,0.00375800,2660.63589198,0.00375800,2.66,0.8130,0.0000,1.79,1115732.0000,trade_through,True,False,,,,,,NEW
231,1791485277186,C,hyperliquid,kPEPE,BUY,0.00375800,2660.63589198,0.00375800,2.66,0.8130,0.0000,1.79,1115732.0000,trade_through,True,False,,,,,,NEW
228,1791485274399,A,binance,ADAUSDT,BUY,0.22890000,43.67765888,0.22890000,4.37,0.5781,54.3000,2.76,137221.2000,trade_through,True,False,0.22885000,0.22865000,,0.22860000,1791485284427,EXIT_10S
229,1791485277186,A,hyperliquid,kPEPE,BUY,0.00375800,2660.63589198,0.00375800,2.66,0.8130,0.0000,1.79,1115732.0000,trade_through,True,False,0.00375850,0.00375550,,0.00375500,1791485287431,EXIT_10S
230,1791485277186,B,hyperliquid,kPEPE,BUY,0.00375800,2660.63589198,0.00375800,2.66,0.8130,0.0000,1.79,1115732.0000,trade_through,True,False,0.00375850,0.00375550,,0.00375500,1791485287431,EXIT_10S
231,1791485277186,C,hyperliquid,kPEPE,BUY,0.00375800,2660.63589198,0.00375800,2.66,0.8130,0.0000,1.79,1115732.0000,trade_through,True,False,0.00375850,0.00375550,,0.00375500,1791485287431,EXIT_10S
228,1791485274399,A,binance,ADAUSDT,BUY,0.22890000,43.67765888,0.22890000,4.37,0.5781,54.3000,2.76,137221.2000,trade_through,True,False,0.22885000,0.22865000,0.22855000,0.22860000,1791485284427,COMPLETED
229,1791485277186,A,hyperliquid,kPEPE,BUY,0.00375800,2660.63589198,0.00375800,2.66,0.8130,0.0000,1.79,1115732.0000,trade_through,True,False,0.00375850,0.00375550,0.00375550,0.00375500,1791485287431,COMPLETED
230,1791485277186,B,hyperliquid,kPEPE,BUY,0.00375800,2660.63589198,0.00375800,2.66,0.8130,0.0000,1.79,1115732.0000,trade_through,True,False,0.00375850,0.00375550,0.00375550,0.00375500,1791485287431,COMPLETED
231,1791485277186,C,hyperliquid,kPEPE,BUY,0.00375800,2660.63589198,0.00375800,2.66,0.8130,0.0000,1.79,1115732.0000,trade_through,True,False,0.00375850,0.00375550,0.00375550,0.00375500,1791485287431,COMPLETED
232,1791485341042,A,binance,PUMPUSDT,BUY,0.00551800,1811.92244972,0.00551800,3.62,0.2776,1849.0000,1.49,3283.0000,trade_through,True,False,,,,,,NEW
233,1791485348493,A,hyperliquid,CRV,SELL,0.33668000,29.70488200,0.33668000,2.08,0.4768,0.0000,1.18,6340.2000,trade_through,True,False,,,,,,NEW
232,1791485341042,A,binance,PUMPUSDT,BUY,0.00551800,1811.92244972,0.00551800,3.62,0.2776,1849.0000,1.49,3283.0000,trade_through,True,False,0.00551650,0.00551700,,0.00551600,1791485351084,EXIT_10S
234,1791485352267,A,binance,ADAUSDT,BUY,0.22830000,43.79242391,0.22830000,4.38,0.5278,0.0000,0.00,21735.6000,trade_through,True,False,,,,,,NEW
235,1791485354898,A,binance,ADAUSDT,SELL,0.22840000,43.79242391,0.22840000,4.38,0.5223,8097.3000,2.06,41698.2000,trade_through,True,False,,,,,,NEW
233,1791485348493,A,hyperliquid,CRV,SELL,0.33668000,29.70488200,0.33668000,2.08,0.4768,0.0000,1.18,6340.2000,trade_through,True,False,0.33664500,0.33696500,,0.33700000,1791485358605,EXIT_10S
236,1791485361189,A,hyperliquid,kPEPE,SELL,0.00375300,2664.89007328,0.00375300,2.66,0.8658,0.0000,0.42,175166.0000,trade_through,True,False,,,,,,NEW
234,1791485352267,A,binance,ADAUSDT,BUY,0.22830000,43.79242391,0.22830000,4.38,0.5278,0.0000,0.00,21735.6000,trade_through,True,False,0.22825000,0.22875000,,0.22870000,1791485362614,EXIT_10S
235,1791485354898,A,binance,ADAUSDT,SELL,0.22840000,43.79242391,0.22840000,4.38,0.5223,8097.3000,2.06,41698.2000,trade_through,True,False,0.22855000,0.22875000,,0.22880000,1791485365128,EXIT_10S
237,1791485365382,A,binance,FETUSDT,BUY,0.21340000,46.84937925,0.21340000,4.68,0.5322,0.0000,1.98,31365.1000,trade_through,True,False,,,,,,NEW
236,1791485361189,A,hyperliquid,kPEPE,SELL,0.00375300,2664.89007328,0.00375300,2.66,0.8658,0.0000,0.42,175166.0000,trade_through,True,False,0.00375750,0.00375750,,0.00375800,1791485371648,EXIT_10S
238,1791485371634,A,binance,FETUSDT,SELL,0.21330000,46.89331770,0.21330000,4.69,0.5412,0.0000,2.96,24.6000,queue_depleted,False,True,,,,,,NEW
237,1791485365382,A,binance,FETUSDT,BUY,0.21340000,46.84937925,0.21340000,4.68,0.5322,0.0000,1.98,31365.1000,trade_through,True,False,0.21325000,0.21355000,,0.21350000,1791485375657,EXIT_10S
238,1791485371634,A,binance,FETUSDT,SELL,0.21330000,46.89331770,0.21330000,4.69,0.5412,0.0000,2.96,24.6000,queue_depleted,False,True,0.21335000,0.21345000,,0.21350000,1791485381681,EXIT_10S
232,1791485341042,A,binance,PUMPUSDT,BUY,0.00551800,1811.92244972,0.00551800,3.62,0.2776,1849.0000,1.49,3283.0000,trade_through,True,False,0.00551650,0.00551700,0.00552250,0.00551600,1791485351084,COMPLETED
233,1791485348493,A,hyperliquid,CRV,SELL,0.33668000,29.70488200,0.33668000,2.08,0.4768,0.0000,1.18,6340.2000,trade_through,True,False,0.33664500,0.33696500,0.33731500,0.33700000,1791485358605,COMPLETED
234,1791485352267,A,binance,ADAUSDT,BUY,0.22830000,43.79242391,0.22830000,4.38,0.5278,0.0000,0.00,21735.6000,trade_through,True,False,0.22825000,0.22875000,0.22905000,0.22870000,1791485362614,COMPLETED
239,1791485413992,A,hyperliquid,ASTER,SELL,0.68520000,14.59598319,0.68520000,2.34,0.5381,0.0000,1.46,1702.0000,trade_through,True,False,,,,,,NEW
235,1791485354898,A,binance,ADAUSDT,SELL,0.22840000,43.79242391,0.22840000,4.38,0.5223,8097.3000,2.06,41698.2000,trade_through,True,False,0.22855000,0.22875000,0.22915000,0.22880000,1791485365128,COMPLETED
236,1791485361189,A,hyperliquid,kPEPE,SELL,0.00375300,2664.89007328,0.00375300,2.66,0.8658,0.0000,0.42,175166.0000,trade_through,True,False,0.00375750,0.00375750,0.00376150,0.00375800,1791485371648,COMPLETED
239,1791485413992,A,hyperliquid,ASTER,SELL,0.68520000,14.59598319,0.68520000,2.34,0.5381,0.0000,1.46,1702.0000,trade_through,True,False,0.68535500,0.68558000,,0.68566000,1791485424263,EXIT_10S
237,1791485365382,A,binance,FETUSDT,BUY,0.21340000,46.84937925,0.21340000,4.68,0.5322,0.0000,1.98,31365.1000,trade_through,True,False,0.21325000,0.21355000,0.21355000,0.21350000,1791485375657,COMPLETED
240,1791485429358,A,hyperliquid,CRV,BUY,0.33756000,29.62085308,0.33756000,2.37,0.3145,0.0000,0.80,1185.0000,trade_through,True,False,,,,,,NEW
238,1791485371634,A,binance,FETUSDT,SELL,0.21330000,46.89331770,0.21330000,4.69,0.5412,0.0000,2.96,24.6000,queue_depleted,False,True,0.21335000,0.21345000,0.21345000,0.21350000,1791485381681,COMPLETED
240,1791485429358,A,hyperliquid,CRV,BUY,0.33756000,29.62085308,0.33756000,2.37,0.3145,0.0000,0.80,1185.0000,trade_through,True,False,0.33740000,0.33730000,,0.33727000,1791485439799,EXIT_10S
239,1791485413992,A,hyperliquid,ASTER,SELL,0.68520000,14.59598319,0.68520000,2.34,0.5381,0.0000,1.46,1702.0000,trade_through,True,False,0.68535500,0.68558000,0.68570000,0.68566000,1791485424263,COMPLETED
240,1791485429358,A,hyperliquid,CRV,BUY,0.33756000,29.62085308,0.33756000,2.37,0.3145,0.0000,0.80,1185.0000,trade_through,True,False,0.33740000,0.33730000,0.33712000,0.33727000,1791485439799,COMPLETED
241,1791485492797,C,hyperliquid,CRV,SELL,0.33743000,29.64280421,0.33743000,4.74,0.2404,0.0000,2.82,13208.5000,trade_through,True,False,,,,,,NEW
241,1791485492797,C,hyperliquid,CRV,SELL,0.33743000,29.64280421,0.33743000,4.74,0.2404,0.0000,2.82,13208.5000,trade_through,True,False,0.33735000,0.33717500,,0.33724000,1791485502935,EXIT_10S
