quote_id,timestamp_ms,arm,venue,instrument,action,side,price,size,spread_bps,top5_imbalance,flow_1s,realised_vol_10s,queue_ahead
0,1791441810520,A,hyperliquid,PONS,PLACE,BUY,0.41783000,23.93060126,2.15,0.2879,0.0000,0.00,488.0000
1,1791441810520,A,hyperliquid,PONS,PLACE,SELL,0.41792000,23.93060126,2.15,0.2879,0.0000,0.00,2393.0000
2,1791441810520,B,hyperliquid,PONS,PLACE,SELL,0.41792000,23.93060126,2.15,0.2879,0.0000,0.00,2393.0000
3,1791441810520,C,hyperliquid,PONS,PLACE,SELL,0.41792000,23.93060126,2.15,0.2879,0.0000,0.00,2393.0000
4,1791441810655,A,hyperliquid,LIT,PLACE,BUY,3.55710000,2.81088374,2.81,0.4677,0.0000,0.00,282.0000
5,1791441810655,A,hyperliquid,LIT,PLACE,SELL,3.55810000,2.81088374,2.81,0.4677,0.0000,0.00,112.0000
6,1791441810666,A,hyperliquid,MET,PLACE,BUY,0.48480000,20.60305131,23.28,0.2710,0.0000,0.00,1068.0000
7,1791441810666,A,hyperliquid,MET,PLACE,SELL,0.48593000,20.60305131,23.28,0.2710,0.0000,0.00,399.0000
8,1791441810666,B,hyperliquid,MET,PLACE,SELL,0.48593000,20.60305131,23.28,0.2710,0.0000,0.00,399.0000
9,1791441810666,C,hyperliquid,MET,PLACE,SELL,0.48593000,20.60305131,23.28,0.2710,0.0000,0.00,399.0000
10,1791441810801,A,hyperliquid,CASHCAT,PLACE,BUY,0.12140000,82.36214636,2.47,0.1105,0.0000,0.00,121.0000
11,1791441810801,A,hyperliquid,CASHCAT,PLACE,SELL,0.12143000,82.36214636,2.47,0.1105,0.0000,0.00,2056.0000
12,1791441810801,B,hyperliquid,CASHCAT,PLACE,SELL,0.12143000,82.36214636,2.47,0.1105,0.0000,0.00,2056.0000
13,1791441810801,C,hyperliquid,CASHCAT,PLACE,SELL,0.12143000,82.36214636,2.47,0.1105,0.0000,0.00,2056.0000
14,1791441810803,A,hyperliquid,kPEPE,PLACE,BUY,0.00401400,2490.97023291,2.49,0.4807,0.0000,0.00,223778.0000
15,1791441810803,A,hyperliquid,kPEPE,PLACE,SELL,0.00401500,2490.97023291,2.49,0.4807,0.0000,0.00,2205334.0000
16,1791441810925,A,hyperliquid,W,PLACE,BUY,0.01738000,575.20851309,5.75,0.5572,0.0000,0.00,962.7000
17,1791441810925,A,hyperliquid,W,PLACE,SELL,0.01739000,575.20851309,5.75,0.5572,0.0000,0.00,23001.7000
18,1791441810927,A,hyperliquid,GRIFFAIN,PLACE,BUY,0.01589800,628.61453357,12.57,0.3101,0.0000,0.00,25160.0000
19,1791441810927,A,hyperliquid,GRIFFAIN,PLACE,SELL,0.01591800,628.61453357,12.57,0.3101,0.0000,0.00,17369.0000
20,1791441810927,B,hyperliquid,GRIFFAIN,PLACE,SELL,0.01591800,628.61453357,12.57,0.3101,0.0000,0.00,17369.0000
21,1791441810927,C,hyperliquid,GRIFFAIN,PLACE,SELL,0.01591800,628.61453357,12.57,0.3101,0.0000,0.00,17369.0000
22,1791441810929,A,hyperliquid,MINA,PLACE,BUY,0.08862000,112.81270271,5.08,0.2799,0.0000,0.00,383.0000
23,1791441810929,A,hyperliquid,MINA,PLACE,SELL,0.08866500,112.81270271,5.08,0.2799,0.0000,0.00,4511.0000
24,1791441810929,B,hyperliquid,MINA,PLACE,SELL,0.08866500,112.81270271,5.08,0.2799,0.0000,0.00,4511.0000
25,1791441810929,C,hyperliquid,MINA,PLACE,SELL,0.08866500,112.81270271,5.08,0.2799,0.0000,0.00,4511.0000
26,1791441810935,A,hyperliquid,PENGU,PLACE,BUY,0.00856900,1166.86114352,2.33,0.5923,0.0000,0.00,18933.0000
27,1791441810935,A,hyperliquid,PENGU,PLACE,SELL,0.00857100,1166.86114352,2.33,0.5923,0.0000,0.00,304158.0000
28,1791441811877,A,hyperliquid,GRIFFAIN,CANCEL,BUY,0.01589800,628.61453357,12.57,0.2223,0.0000,0.00,25160.0000
29,1791441811877,A,hyperliquid,GRIFFAIN,PLACE,BUY,0.01590200,628.53551226,10.06,0.2223,0.0000,0.00,25154.0000
30,1791441811879,A,hyperliquid,MINA,CANCEL,BUY,0.08862000,112.81270271,5.08,0.3330,0.0000,0.00,383.0000
31,1791441811879,A,hyperliquid,MINA,PLACE,BUY,0.08863200,112.81079374,2.71,0.3330,0.0000,0.00,511.0000
32,1791441811879,A,hyperliquid,MINA,CANCEL,SELL,0.08866500,112.81270271,5.08,0.3330,0.0000,0.00,4511.0000
33,1791441811879,A,hyperliquid,MINA,PLACE,SELL,0.08865600,112.81079374,2.71,0.3330,0.0000,0.00,383.0000
34,1791441811879,B,hyperliquid,MINA,CANCEL,SELL,0.08866500,112.81270271,5.08,0.3330,0.0000,0.00,4511.0000
35,1791441811879,B,hyperliquid,MINA,PLACE,SELL,0.08865600,112.81079374,2.71,0.3330,0.0000,0.00,383.0000
36,1791441811879,C,hyperliquid,MINA,CANCEL,SELL,0.08866500,112.81270271,5.08,0.3330,0.0000,0.00,4511.0000
37,1791441811879,C,hyperliquid,MINA,PLACE,SELL,0.08865600,112.81079374,2.71,0.3330,0.0000,0.00,383.0000
38,1791441811884,A,hyperliquid,PONS,PLACE,BUY,0.41778000,23.93317857,2.39,0.2723,268.0000,0.00,241.0000
39,1791441811884,A,hyperliquid,PONS,CANCEL,SELL,0.41792000,23.93060126,2.15,0.2723,0.0000,0.00,2393.0000
40,1791441811884,A,hyperliquid,PONS,PLACE,SELL,0.41788000,23.93317857,2.39,0.2723,0.0000,0.00,2393.0000
41,1791441811884,B,hyperliquid,PONS,CANCEL,SELL,0.41792000,23.93060126,2.15,0.2723,0.0000,0.00,2393.0000
42,1791441811884,B,hyperliquid,PONS,PLACE,SELL,0.41788000,23.93317857,2.39,0.2723,0.0000,0.00,2393.0000
43,1791441811884,C,hyperliquid,PONS,CANCEL,SELL,0.41792000,23.93060126,2.15,0.2723,0.0000,0.00,2393.0000
44,1791441811884,C,hyperliquid,PONS,PLACE,SELL,0.41788000,23.93317857,2.39,0.2723,0.0000,0.00,2393.0000
45,1791441811887,A,hyperliquid,VVV,PLACE,BUY,24.98600000,0.40016807,2.80,0.7400,0.0000,0.00,46.5500
46,1791441811887,A,hyperliquid,VVV,PLACE,SELL,24.99300000,0.40016807,2.80,0.7400,0.0000,0.00,16.0000
47,1791441811887,B,hyperliquid,VVV,PLACE,BUY,24.98600000,0.40016807,2.80,0.7400,0.0000,0.00,46.5500
48,1791441811887,C,hyperliquid,VVV,PLACE,BUY,24.98600000,0.40016807,2.80,0.7400,0.0000,0.00,46.5500
49,1791441811889,A,hyperliquid,W,CANCEL,SELL,0.01739000,575.20851309,5.75,0.6394,956.6000,0.00,23001.7000
50,1791441811889,A,hyperliquid,W,PLACE,SELL,0.01741000,574.87783846,17.25,0.6394,956.6000,0.00,44258.6000
51,1791441811889,B,hyperliquid,W,PLACE,BUY,0.01738000,574.87783846,17.25,0.6394,0.0000,0.00,431894.7000
52,1791441811889,C,hyperliquid,W,PLACE,BUY,0.01738000,574.87783846,17.25,0.6394,0.0000,0.00,431894.7000
53,1791441811891,A,hyperliquid,kPEPE,CANCEL,BUY,0.00401400,2490.97023291,2.49,0.4743,0.0000,0.00,223778.0000
54,1791441811891,A,hyperliquid,kPEPE,PLACE,BUY,0.00401400,2490.97023291,2.49,0.4743,0.0000,0.00,223778.0000
55,1791441811891,A,hyperliquid,kPEPE,CANCEL,SELL,0.00401500,2490.97023291,2.49,0.4743,0.0000,0.00,2205334.0000
56,1791441811891,A,hyperliquid,kPEPE,PLACE,SELL,0.00401500,2490.97023291,2.49,0.4743,0.0000,0.00,2205334.0000
57,1791441817042,A,hyperliquid,CASHCAT,PLACE,BUY,0.12132000,82.40286762,5.77,0.4125,0.0000,2.33,18.0000
58,1791441817042,A,hyperliquid,CASHCAT,PLACE,SELL,0.12139000,82.40286762,5.77,0.4125,0.0000,2.33,2084.0000
59,1791441817044,A,hyperliquid,GRIFFAIN,CANCEL,BUY,0.01590200,628.53551226,10.06,0.2842,0.0000,1.78,25154.0000
60,1791441817044,A,hyperliquid,GRIFFAIN,PLACE,BUY,0.01590700,628.29856748,11.31,0.2842,0.0000,1.78,25146.0000
61,1791441817044,A,hyperliquid,GRIFFAIN,PLACE,SELL,0.01592500,628.29856748,11.31,0.2842,0.0000,1.78,17369.0000
62,1791441817044,B,hyperliquid,GRIFFAIN,PLACE,SELL,0.01592500,628.29856748,11.31,0.2842,0.0000,1.78,17369.0000
63,1791441817044,C,hyperliquid,GRIFFAIN,PLACE,SELL,0.01592500,628.29856748,11.31,0.2842,0.0000,1.78,17369.0000
64,1791441817046,A,hyperliquid,MINA,PLACE,BUY,0.08854600,112.91142099,4.29,0.4614,0.0000,6.42,4517.0000
65,1791441817046,A,hyperliquid,MINA,CANCEL,SELL,0.08865600,112.81079374,2.71,0.4614,0.0000,6.42,383.0000
66,1791441817046,A,hyperliquid,MINA,PLACE,SELL,0.08858400,112.91142099,4.29,0.4614,0.0000,6.42,4515.0000
67,1791441817177,A,hyperliquid,VVV,CANCEL,BUY,24.98600000,0.40016807,2.80,0.6909,0.0000,4.10,46.5500
68,1791441817177,A,hyperliquid,VVV,PLACE,BUY,25.00000000,0.39991202,4.40,0.6909,0.0000,4.10,1.7500
69,1791441817177,A,hyperliquid,VVV,PLACE,SELL,25.01100000,0.39991202,4.40,0.6909,0.0000,4.10,1.8700
70,1791441817177,B,hyperliquid,VVV,CANCEL,BUY,24.98600000,0.40016807,2.80,0.6909,0.0000,4.10,46.5500
71,1791441817177,B,hyperliquid,VVV,PLACE,BUY,25.00000000,0.39991202,4.40,0.6909,0.0000,4.10,1.7500
72,1791441817177,C,hyperliquid,VVV,CANCEL,BUY,24.98600000,0.40016807,2.80,0.6909,0.0000,4.10,46.5500
73,1791441817177,C,hyperliquid,VVV,PLACE,BUY,25.00000000,0.39991202,4.40,0.6909,0.0000,4.10,1.7500
74,1791441817183,A,hyperliquid,kPEPE,CANCEL,BUY,0.00401400,2490.97023291,2.49,0.4724,0.0000,3.52,223778.0000
75,1791441817183,A,hyperliquid,kPEPE,PLACE,BUY,0.00401600,2489.72986431,2.49,0.4724,0.0000,3.52,2418629.0000
76,1791441817183,A,hyperliquid,kPEPE,CANCEL,SELL,0.00401500,2490.97023291,2.49,0.4724,0.0000,3.52,2205334.0000
77,1791441817183,A,hyperliquid,kPEPE,PLACE,SELL,0.00401700,2489.72986431,2.49,0.4724,0.0000,3.52,233999.0000
78,1791441822327,A,hyperliquid,GRIFFAIN,CANCEL,BUY,0.01590700,628.29856748,11.31,0.4027,0.0000,0.00,25146.0000
79,1791441822327,A,hyperliquid,GRIFFAIN,PLACE,BUY,0.01591900,628.00263761,5.65,0.4027,0.0000,0.00,27608.0000
80,1791441822327,A,hyperliquid,GRIFFAIN,CANCEL,SELL,0.01592500,628.29856748,11.31,0.4027,0.0000,0.00,17369.0000
81,1791441822327,A,hyperliquid,GRIFFAIN,PLACE,SELL,0.01592800,628.00263761,5.65,0.4027,0.0000,0.00,3139.0000
82,1791441822329,A,hyperliquid,MINA,CANCEL,BUY,0.08854600,112.91142099,4.29,0.3633,0.0000,0.00,4517.0000
83,1791441822329,A,hyperliquid,MINA,PLACE,BUY,0.08855500,112.90887125,2.71,0.3633,0.0000,0.00,510.0000
84,1791441822329,A,hyperliquid,MINA,CANCEL,SELL,0.08858400,112.91142099,4.29,0.3633,0.0000,0.00,4515.0000
85,1791441822329,A,hyperliquid,MINA,PLACE,SELL,0.08857900,112.90887125,2.71,0.3633,0.0000,0.00,4516.0000
86,1791441822329,B,hyperliquid,MINA,PLACE,SELL,0.08857900,112.90887125,2.71,0.3633,0.0000,0.00,4516.0000
87,1791441822329,C,hyperliquid,MINA,PLACE,SELL,0.08857900,112.90887125,2.71,0.3633,0.0000,0.00,4516.0000
88,1791441822461,A,hyperliquid,PENGU,PLACE,BUY,0.00857700,1165.77290744,2.33,0.4703,0.0000,0.00,278457.0000
89,1791441822461,A,hyperliquid,PENGU,PLACE,SELL,0.00857900,1165.77290744,2.33,0.4703,0.0000,0.00,52453.0000
90,1791441822462,A,hyperliquid,kPEPE,PLACE,BUY,0.00401400,2490.66002491,4.98,0.4494,0.0000,0.00,2197903.0000
91,1791441822462,A,hyperliquid,kPEPE,CANCEL,SELL,0.00401700,2489.72986431,2.49,0.4494,0.0000,0.00,233999.0000
92,1791441822462,A,hyperliquid,kPEPE,PLACE,SELL,0.00401600,2490.66002491,4.98,0.4494,0.0000,0.00,1251035.0000
93,1791441827552,A,hyperliquid,GRIFFAIN,CANCEL,BUY,0.01591900,628.00263761,5.65,0.2731,0.0000,0.00,11708.0000
94,1791441827552,A,hyperliquid,GRIFFAIN,PLACE,BUY,0.01591500,628.08152498,8.17,0.2731,0.0000,0.00,2369.0000
95,1791441827552,A,hyperliquid,GRIFFAIN,CANCEL,SELL,0.01592800,628.00263761,5.65,0.2731,0.0000,0.00,3139.0000
96,1791441827552,A,hyperliquid,GRIFFAIN,PLACE,SELL,0.01592800,628.08152498,8.17,0.2731,0.0000,0.00,3139.0000
97,1791441827552,B,hyperliquid,GRIFFAIN,PLACE,SELL,0.01592800,628.08152498,8.17,0.2731,0.0000,0.00,3139.0000
98,1791441827552,C,hyperliquid,GRIFFAIN,PLACE,SELL,0.01592800,628.08152498,8.17,0.2731,0.0000,0.00,3139.0000
99,1791441827555,A,hyperliquid,MINA,CANCEL,BUY,0.08855500,112.90887125,2.71,0.5627,0.0000,0.00,510.0000
100,1791441827555,A,hyperliquid,MINA,PLACE,BUY,0.08857600,112.87191295,4.51,0.5627,0.0000,0.00,5026.0000
101,1791441827555,A,hyperliquid,MINA,CANCEL,SELL,0.08857900,112.90887125,2.71,0.5627,0.0000,0.00,4516.0000
102,1791441827555,A,hyperliquid,MINA,PLACE,SELL,0.08861600,112.87191295,4.51,0.5627,0.0000,0.00,510.0000
103,1791441827686,A,hyperliquid,PENGU,CANCEL,BUY,0.00857700,1165.77290744,2.33,0.4002,0.0000,0.00,278457.0000
104,1791441827686,A,hyperliquid,PENGU,PLACE,BUY,0.00857700,1165.77290744,2.33,0.4002,0.0000,0.00,278457.0000
105,1791441827686,A,hyperliquid,PENGU,CANCEL,SELL,0.00857900,1165.77290744,2.33,0.4002,0.0000,0.00,52453.0000
106,1791441827686,A,hyperliquid,PENGU,PLACE,SELL,0.00857900,1165.77290744,2.33,0.4002,0.0000,0.00,71386.0000
107,1791441827689,A,hyperliquid,kPEPE,CANCEL,BUY,0.00401400,2490.66002491,4.98,0.5530,0.0000,0.00,2197903.0000
108,1791441827689,A,hyperliquid,kPEPE,PLACE,BUY,0.00401300,2491.28051819,4.98,0.5530,0.0000,0.00,2644087.0000
109,1791441827689,A,hyperliquid,kPEPE,CANCEL,SELL,0.00401600,2490.66002491,4.98,0.5530,0.0000,0.00,1251035.0000
110,1791441827689,A,hyperliquid,kPEPE,PLACE,SELL,0.00401500,2491.28051819,4.98,0.5530,0.0000,0.00,1506848.0000
111,1791441833129,A,hyperliquid,GRIFFAIN,CANCEL,BUY,0.01591500,628.08152498,8.17,0.4989,0.0000,0.00,2369.0000
112,1791441833129,A,hyperliquid,GRIFFAIN,PLACE,BUY,0.01591800,627.90405626,10.05,0.4989,0.0000,0.00,25129.0000
113,1791441833129,A,hyperliquid,GRIFFAIN,PLACE,SELL,0.01593400,627.90405626,10.05,0.4989,0.0000,0.00,2376.0000
114,1791441833131,A,hyperliquid,MINA,CANCEL,BUY,0.08857600,112.87191295,4.51,0.3328,0.0000,0.00,5026.0000
115,1791441833131,A,hyperliquid,MINA,PLACE,BUY,0.08852800,112.92735948,5.53,0.3328,0.0000,0.00,382.0000
116,1791441833131,A,hyperliquid,MINA,CANCEL,SELL,0.08861600,112.87191295,4.51,0.3328,0.0000,0.00,510.0000
117,1791441833131,A,hyperliquid,MINA,PLACE,SELL,0.08857700,112.92735948,5.53,0.3328,0.0000,0.00,4516.0000
118,1791441833131,B,hyperliquid,MINA,PLACE,SELL,0.08857700,112.92735948,5.53,0.3328,0.0000,0.00,4516.0000
119,1791441833131,C,hyperliquid,MINA,PLACE,SELL,0.08857700,112.92735948,5.53,0.3328,0.0000,0.00,4516.0000
120,1791441833264,A,hyperliquid,PENGU,CANCEL,BUY,0.00857700,1165.77290744,2.33,0.4649,0.0000,0.00,278457.0000
121,1791441833264,A,hyperliquid,PENGU,PLACE,BUY,0.00857700,1165.77290744,2.33,0.4649,0.0000,0.00,303711.0000
122,1791441833264,A,hyperliquid,PENGU,CANCEL,SELL,0.00857900,1165.77290744,2.33,0.4649,0.0000,0.00,71386.0000
123,1791441833264,A,hyperliquid,PENGU,PLACE,SELL,0.00857900,1165.77290744,2.33,0.4649,0.0000,0.00,52453.0000
124,1791441833266,A,hyperliquid,kPEPE,CANCEL,BUY,0.00401300,2491.28051819,4.98,0.5878,0.0000,0.00,2638745.0000
125,1791441833266,A,hyperliquid,kPEPE,PLACE,BUY,0.00401300,2491.28051819,4.98,0.5878,0.0000,0.00,2638745.0000
126,1791441833266,A,hyperliquid,kPEPE,CANCEL,SELL,0.00401500,2491.28051819,4.98,0.5878,0.0000,0.00,1506848.0000
127,1791441833266,A,hyperliquid,kPEPE,PLACE,SELL,0.00401500,2491.28051819,4.98,0.5878,0.0000,0.00,632497.0000
128,1791441838550,A,hyperliquid,GRIFFAIN,CANCEL,BUY,0.01591800,627.90405626,10.05,0.7627,0.0000,0.00,25129.0000
129,1791441838550,A,hyperliquid,GRIFFAIN,PLACE,BUY,0.01588900,628.47625931,28.28,0.7627,0.0000,0.00,25175.0000
130,1791441838550,A,hyperliquid,GRIFFAIN,CANCEL,SELL,0.01593400,627.90405626,10.05,0.7627,0.0000,0.00,2376.0000
131,1791441838550,A,hyperliquid,GRIFFAIN,PLACE,SELL,0.01593400,628.47625931,28.28,0.7627,0.0000,0.00,2376.0000
132,1791441838550,B,hyperliquid,GRIFFAIN,PLACE,BUY,0.01588900,628.47625931,28.28,0.7627,0.0000,0.00,25175.0000
133,1791441838550,C,hyperliquid,GRIFFAIN,PLACE,BUY,0.01588900,628.47625931,28.28,0.7627,0.0000,0.00,25175.0000
134,1791441838554,A,hyperliquid,MINA,CANCEL,BUY,0.08852800,112.92735948,5.53,0.6392,0.0000,0.00,382.0000
135,1791441838554,A,hyperliquid,MINA,PLACE,BUY,0.08852400,112.94585376,3.16,0.6392,0.0000,0.00,510.0000
136,1791441838554,A,hyperliquid,MINA,CANCEL,SELL,0.08857700,112.92735948,5.53,0.6392,0.0000,0.00,4516.0000
137,1791441838554,A,hyperliquid,MINA,PLACE,SELL,0.08855200,112.94585376,3.16,0.6392,0.0000,0.00,510.0000
138,1791441838554,B,hyperliquid,MINA,PLACE,BUY,0.08852400,112.94585376,3.16,0.6392,0.0000,0.00,510.0000
139,1791441838554,C,hyperliquid,MINA,PLACE,BUY,0.08852400,112.94585376,3.16,0.6392,0.0000,0.00,510.0000
140,1791441838685,A,hyperliquid,kPEPE,CANCEL,BUY,0.00401300,2491.28051819,4.98,0.6108,0.0000,0.00,2627956.0000
141,1791441838685,A,hyperliquid,kPEPE,PLACE,BUY,0.00401300,2491.59088078,2.49,0.6108,0.0000,0.00,2378644.0000
142,1791441838685,A,hyperliquid,kPEPE,CANCEL,SELL,0.00401500,2491.28051819,4.98,0.6108,0.0000,0.00,632497.0000
143,1791441838685,A,hyperliquid,kPEPE,PLACE,SELL,0.00401400,2491.59088078,2.49,0.6108,0.0000,0.00,247435.0000
144,1791441838685,B,hyperliquid,kPEPE,PLACE,BUY,0.00401300,2491.59088078,2.49,0.6108,0.0000,0.00,2378644.0000
145,1791441838685,C,hyperliquid,kPEPE,PLACE,BUY,0.00401300,2491.59088078,2.49,0.6108,0.0000,0.00,2378644.0000
146,1791441843977,A,hyperliquid,GRIFFAIN,CANCEL,BUY,0.01588900,628.47625931,28.28,0.3971,0.0000,0.00,25175.0000
147,1791441843977,A,hyperliquid,GRIFFAIN,PLACE,BUY,0.01590900,628.18016207,12.56,0.3971,0.0000,0.00,25143.0000
148,1791441843977,A,hyperliquid,GRIFFAIN,CANCEL,SELL,0.01593400,628.47625931,28.28,0.3971,0.0000,0.00,2376.0000
149,1791441843977,A,hyperliquid,GRIFFAIN,PLACE,SELL,0.01592900,628.18016207,12.56,0.3971,0.0000,0.00,17369.0000
150,1791441843977,B,hyperliquid,GRIFFAIN,PLACE,SELL,0.01592900,628.18016207,12.56,0.3971,0.0000,0.00,17369.0000
151,1791441843977,C,hyperliquid,GRIFFAIN,PLACE,SELL,0.01592900,628.18016207,12.56,0.3971,0.0000,0.00,17369.0000
152,1791441844112,A,hyperliquid,MINA,CANCEL,BUY,0.08852400,112.94585376,3.16,0.5630,0.0000,0.00,510.0000
153,1791441844112,A,hyperliquid,MINA,PLACE,BUY,0.08852500,112.94585376,2.94,0.5630,0.0000,0.00,4518.0000
154,1791441844112,A,hyperliquid,MINA,CANCEL,SELL,0.08855200,112.94585376,3.16,0.5630,0.0000,0.00,510.0000
155,1791441844112,A,hyperliquid,MINA,PLACE,SELL,0.08855100,112.94585376,2.94,0.5630,0.0000,0.00,382.0000
156,1791441844114,A,hyperliquid,kPEPE,CANCEL,BUY,0.00401300,2491.59088078,2.49,0.4923,0.0000,0.00,2378644.0000
157,1791441844114,A,hyperliquid,kPEPE,PLACE,BUY,0.00401500,2490.34989416,2.49,0.4923,0.0000,0.00,288352.0000
158,1791441844114,A,hyperliquid,kPEPE,CANCEL,SELL,0.00401400,2491.59088078,2.49,0.4923,0.0000,0.00,247435.0000
159,1791441844114,A,hyperliquid,kPEPE,PLACE,SELL,0.00401600,2490.34989416,2.49,0.4923,0.0000,0.00,415672.0000
160,1791441849417,A,hyperliquid,MINA,CANCEL,BUY,0.08852500,112.94585376,2.94,0.4118,0.0000,0.00,4518.0000
161,1791441849417,A,hyperliquid,MINA,PLACE,BUY,0.08852200,112.94585376,3.61,0.4118,0.0000,0.00,510.0000
162,1791441849417,A,hyperliquid,MINA,CANCEL,SELL,0.08855100,112.94585376,2.94,0.4118,0.0000,0.00,382.0000
163,1791441849417,A,hyperliquid,MINA,PLACE,SELL,0.08855400,112.94585376,3.61,0.4118,0.0000,0.00,4517.0000
164,1791441849551,A,hyperliquid,kPEPE,CANCEL,BUY,0.00401500,2490.34989416,2.49,0.5143,0.0000,0.00,288352.0000
165,1791441849551,A,hyperliquid,kPEPE,PLACE,BUY,0.00401500,2490.34989416,2.49,0.5143,0.0000,0.00,2188516.0000
166,1791441849551,A,hyperliquid,kPEPE,CANCEL,SELL,0.00401600,2490.34989416,2.49,0.5143,0.0000,0.00,415672.0000
167,1791441849551,A,hyperliquid,kPEPE,PLACE,SELL,0.00401600,2490.34989416,2.49,0.5143,0.0000,0.00,248636.0000
168,1791441854647,A,hyperliquid,MINA,CANCEL,BUY,0.08852200,112.94585376,3.61,0.6051,0.0000,0.00,510.0000
169,1791441854647,A,hyperliquid,MINA,PLACE,BUY,0.08847600,113.01095076,2.49,0.6051,0.0000,0.00,2332.0000
170,1791441854647,A,hyperliquid,MINA,CANCEL,SELL,0.08855400,112.94585376,3.61,0.6051,0.0000,0.00,4517.0000
171,1791441854647,A,hyperliquid,MINA,PLACE,SELL,0.08849800,113.01095076,2.49,0.6051,0.0000,0.00,510.0000
172,1791441854647,B,hyperliquid,MINA,PLACE,BUY,0.08847600,113.01095076,2.49,0.6051,0.0000,0.00,2332.0000
173,1791441854647,C,hyperliquid,MINA,PLACE,BUY,0.08847600,113.01095076,2.49,0.6051,0.0000,0.00,2332.0000
174,1791441854781,A,hyperliquid,PENGU,PLACE,BUY,0.00858200,1165.09379005,2.33,0.5237,0.0000,0.00,273387.0000
175,1791441854781,A,hyperliquid,PENGU,PLACE,SELL,0.00858400,1165.09379005,2.33,0.5237,0.0000,0.00,45409.0000
176,1791441854783,A,hyperliquid,kPEPE,CANCEL,BUY,0.00401500,2490.34989416,2.49,0.5322,0.0000,0.00,2181086.0000
177,1791441854783,A,hyperliquid,kPEPE,PLACE,BUY,0.00401500,2490.34989416,2.49,0.5322,0.0000,0.00,2105116.0000
178,1791441854783,A,hyperliquid,kPEPE,CANCEL,SELL,0.00401600,2490.34989416,2.49,0.5322,0.0000,0.00,248636.0000
179,1791441854783,A,hyperliquid,kPEPE,PLACE,SELL,0.00401600,2490.34989416,2.49,0.5322,0.0000,0.00,245018.0000
180,1791441860280,A,hyperliquid,PENGU,CANCEL,BUY,0.00858200,1165.09379005,2.33,0.6739,0.0000,0.00,273387.0000
181,1791441860280,A,hyperliquid,PENGU,PLACE,BUY,0.00857900,1165.50116550,2.33,0.6739,0.0000,0.00,44187.0000
182,1791441860280,A,hyperliquid,PENGU,CANCEL,SELL,0.00858400,1165.09379005,2.33,0.6739,0.0000,0.00,45409.0000
183,1791441860280,A,hyperliquid,PENGU,PLACE,SELL,0.00858100,1165.50116550,2.33,0.6739,0.0000,0.00,9467.0000
184,1791441860280,B,hyperliquid,PENGU,PLACE,BUY,0.00857900,1165.50116550,2.33,0.6739,0.0000,0.00,44187.0000
185,1791441860280,C,hyperliquid,PENGU,PLACE,BUY,0.00857900,1165.50116550,2.33,0.6739,0.0000,0.00,44187.0000
186,1791441860283,A,hyperliquid,kPEPE,CANCEL,BUY,0.00401500,2490.34989416,2.49,0.5862,0.0000,0.00,2105116.0000
187,1791441860283,A,hyperliquid,kPEPE,PLACE,BUY,0.00401400,2490.97023291,2.49,0.5862,0.0000,0.00,2402853.0000
188,1791441860283,A,hyperliquid,kPEPE,CANCEL,SELL,0.00401600,2490.34989416,2.49,0.5862,0.0000,0.00,245018.0000
189,1791441860283,A,hyperliquid,kPEPE,PLACE,SELL,0.00401500,2490.97023291,2.49,0.5862,0.0000,0.00,234944.0000
190,1791441865543,A,hyperliquid,MINA,PLACE,BUY,0.08847400,113.01158934,2.83,0.6473,0.0000,0.00,382.0000
191,1791441865543,A,hyperliquid,MINA,PLACE,SELL,0.08849900,113.01158934,2.83,0.6473,0.0000,0.00,510.0000
192,1791441865543,B,hyperliquid,MINA,PLACE,BUY,0.08847400,113.01158934,2.83,0.6473,0.0000,0.00,382.0000
193,1791441865543,C,hyperliquid,MINA,PLACE,BUY,0.08847400,113.01158934,2.83,0.6473,0.0000,0.00,382.0000
194,1791441865677,A,hyperliquid,kPEPE,CANCEL,BUY,0.00401400,2490.97023291,2.49,0.5174,0.0000,0.00,2390883.0000
195,1791441865677,A,hyperliquid,kPEPE,PLACE,BUY,0.00401400,2490.97023291,2.49,0.5174,0.0000,0.00,249290.0000
196,1791441865677,A,hyperliquid,kPEPE,CANCEL,SELL,0.00401500,2490.97023291,2.49,0.5174,0.0000,0.00,234944.0000
197,1791441865677,A,hyperliquid,kPEPE,PLACE,SELL,0.00401500,2490.97023291,2.49,0.5174,0.0000,0.00,1318094.0000
198,1791441870933,A,hyperliquid,MINA,CANCEL,BUY,0.08847400,113.01158934,2.83,0.4138,0.0000,0.00,382.0000
199,1791441870933,A,hyperliquid,MINA,PLACE,BUY,0.08849500,112.98541358,2.71,0.4138,0.0000,0.00,510.0000
200,1791441870933,A,hyperliquid,MINA,CANCEL,SELL,0.08849900,113.01158934,2.83,0.4138,0.0000,0.00,510.0000
201,1791441870933,A,hyperliquid,MINA,PLACE,SELL,0.08851900,112.98541358,2.71,0.4138,0.0000,0.00,510.0000
202,1791441871067,A,hyperliquid,kPEPE,CANCEL,BUY,0.00401400,2490.97023291,2.49,0.4762,0.0000,0.00,239584.0000
203,1791441871067,A,hyperliquid,kPEPE,PLACE,BUY,0.00401500,2490.34989416,2.49,0.4762,0.0000,0.00,1823551.0000
204,1791441871067,A,hyperliquid,kPEPE,CANCEL,SELL,0.00401500,2490.97023291,2.49,0.4762,0.0000,0.00,1318094.0000
205,1791441871067,A,hyperliquid,kPEPE,PLACE,SELL,0.00401600,2490.34989416,2.49,0.4762,0.0000,0.00,655797.0000
206,1791441876415,A,hyperliquid,PENGU,PLACE,BUY,0.00858000,1165.36534203,2.33,0.5413,0.0000,0.00,274050.0000
207,1791441876415,A,hyperliquid,PENGU,PLACE,SELL,0.00858200,1165.36534203,2.33,0.5413,0.0000,0.00,65543.0000
208,1791441876416,A,hyperliquid,kPEPE,CANCEL,BUY,0.00401500,2490.34989416,2.49,0.4725,0.0000,0.00,1815534.0000
209,1791441876416,A,hyperliquid,kPEPE,PLACE,BUY,0.00401500,2490.34989416,2.49,0.4725,0.0000,0.00,1375044.0000
210,1791441876416,A,hyperliquid,kPEPE,CANCEL,SELL,0.00401600,2490.34989416,2.49,0.4725,0.0000,0.00,652894.0000
211,1791441876416,A,hyperliquid,kPEPE,PLACE,SELL,0.00401600,2490.34989416,2.49,0.4725,0.0000,0.00,1056328.0000
212,1791441881793,A,hyperliquid,kPEPE,CANCEL,BUY,0.00401500,2490.34989416,2.49,0.5097,0.0000,0.00,1375044.0000
213,1791441881793,A,hyperliquid,kPEPE,PLACE,BUY,0.00401400,2490.97023291,2.49,0.5097,0.0000,0.00,1113953.0000
214,1791441881793,A,hyperliquid,kPEPE,CANCEL,SELL,0.00401600,2490.34989416,2.49,0.5097,0.0000,0.00,1056328.0000
215,1791441881793,A,hyperliquid,kPEPE,PLACE,SELL,0.00401500,2490.97023291,2.49,0.5097,0.0000,0.00,936604.0000
216,1791441887341,A,hyperliquid,LIT,PLACE,BUY,3.56060000,2.80808166,3.09,0.5451,0.0000,0.00,33.0000
217,1791441887341,A,hyperliquid,LIT,PLACE,SELL,3.56170000,2.80808166,3.09,0.5451,0.0000,0.00,33.0000
218,1791441887475,A,hyperliquid,VVV,PLACE,BUY,25.01600000,0.39968824,2.80,0.8530,0.0000,0.00,21.9600
219,1791441887475,A,hyperliquid,VVV,PLACE,SELL,25.02300000,0.39968824,2.80,0.8530,0.0000,0.00,19.9800
220,1791441887475,B,hyperliquid,VVV,PLACE,BUY,25.01600000,0.39968824,2.80,0.8530,0.0000,0.00,21.9600
221,1791441887475,C,hyperliquid,VVV,PLACE,BUY,25.01600000,0.39968824,2.80,0.8530,0.0000,0.00,21.9600
222,1791441887477,A,hyperliquid,kPEPE,CANCEL,BUY,0.00401400,2490.97023291,2.49,0.5590,11284.0000,0.00,1113953.0000
223,1791441887477,A,hyperliquid,kPEPE,PLACE,BUY,0.00401500,2490.34989416,2.49,0.5590,11284.0000,0.00,1627243.0000
224,1791441887477,A,hyperliquid,kPEPE,PLACE,SELL,0.00401600,2490.34989416,2.49,0.5590,0.0000,0.00,102698.0000
225,1791441892785,A,hyperliquid,VVV,CANCEL,BUY,25.01600000,0.39968824,2.80,0.7313,0.0000,0.00,21.9600
226,1791441892785,A,hyperliquid,VVV,PLACE,BUY,25.01500000,0.39967227,4.40,0.7313,0.0000,0.00,7.8100
227,1791441892785,A,hyperliquid,VVV,CANCEL,SELL,25.02300000,0.39968824,2.80,0.7313,0.0000,0.00,19.9800
228,1791441892785,A,hyperliquid,VVV,PLACE,SELL,25.02600000,0.39967227,4.40,0.7313,0.0000,0.00,1.8700
229,1791441892785,B,hyperliquid,VVV,CANCEL,BUY,25.01600000,0.39968824,2.80,0.7313,0.0000,0.00,21.9600
230,1791441892785,B,hyperliquid,VVV,PLACE,BUY,25.01500000,0.39967227,4.40,0.7313,0.0000,0.00,7.8100
231,1791441892785,C,hyperliquid,VVV,CANCEL,BUY,25.01600000,0.39968824,2.80,0.7313,0.0000,0.00,21.9600
232,1791441892785,C,hyperliquid,VVV,PLACE,BUY,25.01500000,0.39967227,4.40,0.7313,0.0000,0.00,7.8100
233,1791441892789,A,hyperliquid,kPEPE,CANCEL,BUY,0.00401500,2490.34989416,2.49,0.5202,0.0000,0.00,1621687.0000
234,1791441892789,A,hyperliquid,kPEPE,PLACE,BUY,0.00401500,2490.34989416,2.49,0.5202,0.0000,0.00,1694437.0000
235,1791441892789,A,hyperliquid,kPEPE,CANCEL,SELL,0.00401600,2490.34989416,2.49,0.5202,0.0000,0.00,102698.0000
236,1791441892789,A,hyperliquid,kPEPE,PLACE,SELL,0.00401600,2490.34989416,2.49,0.5202,0.0000,0.00,212026.0000
237,1791441898218,A,hyperliquid,PENGU,PLACE,BUY,0.00857800,1165.63702063,2.33,0.5318,0.0000,0.00,299774.0000
238,1791441898218,A,hyperliquid,PENGU,PLACE,SELL,0.00858000,1165.63702063,2.33,0.5318,0.0000,0.00,104727.0000
239,1791441898219,A,hyperliquid,kPEPE,CANCEL,BUY,0.00401500,2490.34989416,2.49,0.5217,0.0000,0.00,1688132.0000
240,1791441898219,A,hyperliquid,kPEPE,PLACE,BUY,0.00401500,2490.34989416,2.49,0.5217,0.0000,0.00,1628132.0000
241,1791441898219,A,hyperliquid,kPEPE,CANCEL,SELL,0.00401600,2490.34989416,2.49,0.5217,0.0000,0.00,212026.0000
242,1791441898219,A,hyperliquid,kPEPE,PLACE,SELL,0.00401600,2490.34989416,2.49,0.5217,0.0000,0.00,270518.0000
243,1791441903632,A,hyperliquid,kPEPE,CANCEL,BUY,0.00401500,2490.34989416,2.49,0.5335,0.0000,0.00,1620108.0000
244,1791441903632,A,hyperliquid,kPEPE,PLACE,BUY,0.00401500,2490.34989416,2.49,0.5335,0.0000,0.00,2380108.0000
245,1791441903632,A,hyperliquid,kPEPE,CANCEL,SELL,0.00401600,2490.34989416,2.49,0.5335,5164.0000,0.00,265354.0000
246,1791441903632,A,hyperliquid,kPEPE,PLACE,SELL,0.00401600,2490.34989416,2.49,0.5335,5164.0000,0.00,265208.0000
247,1791441908955,A,hyperliquid,VVV,PLACE,BUY,25.01500000,0.39971221,2.40,0.8311,0.0000,0.00,7.8100
248,1791441908955,A,hyperliquid,VVV,PLACE,SELL,25.02100000,0.39971221,2.40,0.8311,0.0000,0.00,19.9800
249,1791441908955,B,hyperliquid,VVV,PLACE,BUY,25.01500000,0.39971221,2.40,0.8311,0.0000,0.00,7.8100
250,1791441908955,C,hyperliquid,VVV,PLACE,BUY,25.01500000,0.39971221,2.40,0.8311,0.0000,0.00,7.8100
251,1791441908957,A,hyperliquid,kPEPE,CANCEL,BUY,0.00401500,2490.34989416,2.49,0.4987,0.0000,0.00,2380108.0000
252,1791441908957,A,hyperliquid,kPEPE,PLACE,BUY,0.00401500,2490.34989416,2.49,0.4987,0.0000,0.00,1375191.0000
253,1791441908957,A,hyperliquid,kPEPE,CANCEL,SELL,0.00401600,2490.34989416,2.49,0.4987,0.0000,0.00,265208.0000
254,1791441908957,A,hyperliquid,kPEPE,PLACE,SELL,0.00401600,2490.34989416,2.49,0.4987,0.0000,0.00,866484.0000
255,1791441914274,A,hyperliquid,CASHCAT,PLACE,BUY,0.12164000,82.18277449,6.57,0.5525,0.0000,0.00,33.0000
256,1791441914274,A,hyperliquid,CASHCAT,PLACE,SELL,0.12172000,82.18277449,6.57,0.5525,0.0000,0.00,492.0000
257,1791441914409,A,hyperliquid,kPEPE,CANCEL,BUY,0.00401500,2490.34989416,2.49,0.5201,0.0000,0.00,1375191.0000
258,1791441914409,A,hyperliquid,kPEPE,PLACE,BUY,0.00401500,2490.34989416,2.49,0.5201,0.0000,0.00,2359113.0000
259,1791441914409,A,hyperliquid,kPEPE,CANCEL,SELL,0.00401600,2490.34989416,2.49,0.5201,0.0000,0.00,866484.0000
260,1791441914409,A,hyperliquid,kPEPE,PLACE,SELL,0.00401600,2490.34989416,2.49,0.5201,0.0000,0.00,266484.0000
261,1791441919641,A,hyperliquid,CASHCAT,CANCEL,BUY,0.12164000,82.18277449,6.57,0.0939,0.0000,0.00,0.0000
262,1791441919641,A,hyperliquid,CASHCAT,PLACE,BUY,0.12156000,82.24022369,5.76,0.0939,0.0000,0.00,135.0000
263,1791441919641,A,hyperliquid,CASHCAT,CANCEL,SELL,0.12172000,82.18277449,6.57,0.0939,0.0000,0.00,492.0000
264,1791441919641,A,hyperliquid,CASHCAT,PLACE,SELL,0.12163000,82.24022369,5.76,0.0939,0.0000,0.00,1299.0000
265,1791441919641,B,hyperliquid,CASHCAT,PLACE,SELL,0.12163000,82.24022369,5.76,0.0939,0.0000,0.00,1299.0000
266,1791441919641,C,hyperliquid,CASHCAT,PLACE,SELL,0.12163000,82.24022369,5.76,0.0939,0.0000,0.00,1299.0000
267,1791441919776,A,hyperliquid,kPEPE,CANCEL,BUY,0.00401500,2490.34989416,2.49,0.4489,0.0000,0.00,2359113.0000
268,1791441919776,A,hyperliquid,kPEPE,PLACE,BUY,0.00401500,2490.03984064,4.98,0.4489,0.0000,0.00,2691638.0000
269,1791441919776,A,hyperliquid,kPEPE,CANCEL,SELL,0.00401600,2490.34989416,2.49,0.4489,0.0000,0.00,266484.0000
270,1791441919776,A,hyperliquid,kPEPE,PLACE,SELL,0.00401700,2490.03984064,4.98,0.4489,0.0000,0.00,3736058.0000
271,1791441925236,A,hyperliquid,FARTCOIN,PLACE,BUY,0.15921000,62.80223576,2.51,0.6057,0.0000,0.00,11888.2000
272,1791441925236,A,hyperliquid,FARTCOIN,PLACE,SELL,0.15925000,62.80223576,2.51,0.6057,0.0000,0.00,1180.6000
273,1791441925236,B,hyperliquid,FARTCOIN,PLACE,BUY,0.15921000,62.80223576,2.51,0.6057,0.0000,0.00,11888.2000
274,1791441925236,C,hyperliquid,FARTCOIN,PLACE,BUY,0.15921000,62.80223576,2.51,0.6057,0.0000,0.00,11888.2000
275,1791441925371,A,hyperliquid,VVV,PLACE,BUY,25.01600000,0.39965630,4.40,0.8878,0.0000,0.00,75.0600
276,1791441925371,A,hyperliquid,VVV,PLACE,SELL,25.02700000,0.39965630,4.40,0.8878,0.8000,0.00,1.8700
277,1791441925371,B,hyperliquid,VVV,PLACE,BUY,25.01600000,0.39965630,4.40,0.8878,0.0000,0.00,75.0600
278,1791441925371,C,hyperliquid,VVV,PLACE,BUY,25.01600000,0.39965630,4.40,0.8878,0.0000,0.00,75.0600
279,1791441925373,A,hyperliquid,kPEPE,CANCEL,BUY,0.00401500,2490.03984064,4.98,0.4265,0.0000,0.00,2681991.0000
280,1791441925373,A,hyperliquid,kPEPE,PLACE,BUY,0.00401600,2489.41996515,4.98,0.4265,0.0000,0.00,1736626.0000
281,1791441925373,A,hyperliquid,kPEPE,CANCEL,SELL,0.00401700,2490.03984064,4.98,0.4265,0.0000,0.00,3736058.0000
282,1791441925373,A,hyperliquid,kPEPE,PLACE,SELL,0.00401800,2489.41996515,4.98,0.4265,0.0000,0.00,3915953.0000
283,1791441930549,A,hyperliquid,CRV,PLACE,BUY,0.38607000,25.89767827,3.37,0.7636,0.0000,0.00,2355.4000
284,1791441930549,A,hyperliquid,CRV,PLACE,SELL,0.38620000,25.89767827,3.37,0.7636,0.0000,0.00,3560.2000
285,1791441930549,B,hyperliquid,CRV,PLACE,BUY,0.38607000,25.89767827,3.37,0.7636,0.0000,0.00,2355.4000
286,1791441930549,C,hyperliquid,CRV,PLACE,BUY,0.38607000,25.89767827,3.37,0.7636,0.0000,0.00,2355.4000
287,1791441930683,A,hyperliquid,VVV,CANCEL,BUY,25.01600000,0.39965630,4.40,0.8150,0.0000,0.00,75.0600
288,1791441930683,A,hyperliquid,VVV,PLACE,BUY,25.01700000,0.39968026,2.40,0.8150,0.0000,0.00,21.9400
289,1791441930683,A,hyperliquid,VVV,CANCEL,SELL,25.02700000,0.39965630,4.40,0.8150,0.0000,0.00,1.8700
290,1791441930683,A,hyperliquid,VVV,PLACE,SELL,25.02300000,0.39968026,2.40,0.8150,0.0000,0.00,19.9800
291,1791441930683,B,hyperliquid,VVV,CANCEL,BUY,25.01600000,0.39965630,4.40,0.8150,0.0000,0.00,75.0600
292,1791441930683,B,hyperliquid,VVV,PLACE,BUY,25.01700000,0.39968026,2.40,0.8150,0.0000,0.00,21.9400
293,1791441930683,C,hyperliquid,VVV,CANCEL,BUY,25.01600000,0.39965630,4.40,0.8150,0.0000,0.00,75.0600
294,1791441930683,C,hyperliquid,VVV,PLACE,BUY,25.01700000,0.39968026,2.40,0.8150,0.0000,0.00,21.9400
295,1791441930687,A,hyperliquid,kPEPE,CANCEL,BUY,0.00401600,2489.41996515,4.98,0.4535,0.0000,0.00,1736626.0000
296,1791441930687,A,hyperliquid,kPEPE,PLACE,BUY,0.00401700,2489.11014312,2.49,0.4535,0.0000,0.00,2027367.0000
297,1791441930687,A,hyperliquid,kPEPE,CANCEL,SELL,0.00401800,2489.41996515,4.98,0.4535,0.0000,0.00,3915953.0000
298,1791441930687,A,hyperliquid,kPEPE,PLACE,SELL,0.00401800,2489.11014312,2.49,0.4535,0.0000,0.00,486432.0000
299,1791441936056,A,hyperliquid,CRV,CANCEL,BUY,0.38607000,25.89767827,3.37,0.8597,0.0000,0.00,2355.4000
300,1791441936056,A,hyperliquid,CRV,PLACE,BUY,0.38611000,25.89600166,2.59,0.8597,0.0000,0.00,1036.0000
301,1791441936056,A,hyperliquid,CRV,CANCEL,SELL,0.38620000,25.89767827,3.37,0.8597,0.0000,0.00,3560.2000
302,1791441936056,A,hyperliquid,CRV,PLACE,SELL,0.38621000,25.89600166,2.59,0.8597,0.0000,0.00,126.8000
303,1791441936056,B,hyperliquid,CRV,CANCEL,BUY,0.38607000,25.89767827,3.37,0.8597,0.0000,0.00,2355.4000
304,1791441936056,B,hyperliquid,CRV,PLACE,BUY,0.38611000,25.89600166,2.59,0.8597,0.0000,0.00,1036.0000
305,1791441936056,C,hyperliquid,CRV,CANCEL,BUY,0.38607000,25.89767827,3.37,0.8597,0.0000,0.00,2355.4000
306,1791441936056,C,hyperliquid,CRV,PLACE,BUY,0.38611000,25.89600166,2.59,0.8597,0.0000,0.00,1036.0000
307,1791441936078,A,hyperliquid,PENGU,PLACE,BUY,0.00858300,1164.95806151,2.33,0.1874,0.0000,0.00,12631.0000
308,1791441936078,A,hyperliquid,PENGU,PLACE,SELL,0.00858500,1164.95806151,2.33,0.1874,0.0000,0.00,388638.0000
309,1791441936078,B,hyperliquid,PENGU,PLACE,SELL,0.00858500,1164.95806151,2.33,0.1874,0.0000,0.00,388638.0000
310,1791441936078,C,hyperliquid,PENGU,PLACE,SELL,0.00858500,1164.95806151,2.33,0.1874,0.0000,0.00,388638.0000
311,1791441936191,A,hyperliquid,VVV,PLACE,BUY,25.01200000,0.39973617,3.60,0.8413,0.0000,0.00,21.3400
312,1791441936191,A,hyperliquid,VVV,CANCEL,SELL,25.02300000,0.39968026,2.40,0.8413,0.0000,0.00,19.9800
313,1791441936191,A,hyperliquid,VVV,PLACE,SELL,25.02100000,0.39973617,3.60,0.8413,0.0000,0.00,19.9900
314,1791441936191,B,hyperliquid,VVV,PLACE,BUY,25.01200000,0.39973617,3.60,0.8413,0.0000,0.00,21.3400
315,1791441936191,C,hyperliquid,VVV,PLACE,BUY,25.01200000,0.39973617,3.60,0.8413,0.0000,0.00,21.3400
316,1791441936194,A,hyperliquid,kPEPE,CANCEL,BUY,0.00401700,2489.11014312,2.49,0.4812,0.0000,0.00,2027367.0000
317,1791441936194,A,hyperliquid,kPEPE,PLACE,BUY,0.00401700,2489.11014312,2.49,0.4812,0.0000,0.00,2307918.0000
318,1791441936194,A,hyperliquid,kPEPE,CANCEL,SELL,0.00401800,2489.11014312,2.49,0.4812,0.0000,0.00,486432.0000
319,1791441936194,A,hyperliquid,kPEPE,PLACE,SELL,0.00401800,2489.11014312,2.49,0.4812,0.0000,0.00,201431.0000
320,1791441941511,A,hyperliquid,CRV,CANCEL,BUY,0.38611000,25.89600166,2.59,0.4910,0.0000,0.00,901.5000
321,1791441941511,A,hyperliquid,CRV,PLACE,BUY,0.38613000,25.89399000,3.11,0.4910,0.0000,0.00,1035.9000
322,1791441941511,A,hyperliquid,CRV,CANCEL,SELL,0.38621000,25.89600166,2.59,0.4910,0.0000,0.00,126.8000
323,1791441941511,A,hyperliquid,CRV,PLACE,SELL,0.38625000,25.89399000,3.11,0.4910,0.0000,0.00,1295.1000
324,1791441941646,A,hyperliquid,VVV,CANCEL,BUY,25.01200000,0.39973617,3.60,0.7376,0.0000,0.00,21.3400
325,1791441941646,A,hyperliquid,VVV,PLACE,BUY,25.01300000,0.39972020,3.60,0.7376,0.0000,0.00,29.1500
326,1791441941646,A,hyperliquid,VVV,CANCEL,SELL,25.02100000,0.39973617,3.60,0.7376,0.0000,0.00,19.9900
327,1791441941646,A,hyperliquid,VVV,PLACE,SELL,25.02200000,0.39972020,3.60,0.7376,0.0000,0.00,21.8500
328,1791441941646,B,hyperliquid,VVV,CANCEL,BUY,25.01200000,0.39973617,3.60,0.7376,0.0000,0.00,21.3400
329,1791441941646,B,hyperliquid,VVV,PLACE,BUY,25.01300000,0.39972020,3.60,0.7376,0.0000,0.00,29.1500
330,1791441941646,C,hyperliquid,VVV,CANCEL,BUY,25.01200000,0.39973617,3.60,0.7376,0.0000,0.00,21.3400
331,1791441941646,C,hyperliquid,VVV,PLACE,BUY,25.01300000,0.39972020,3.60,0.7376,0.0000,0.00,29.1500
332,1791441941649,A,hyperliquid,kPEPE,CANCEL,BUY,0.00401700,2489.11014312,2.49,0.4181,0.0000,0.00,2307918.0000
333,1791441941649,A,hyperliquid,kPEPE,PLACE,BUY,0.00401800,2488.49073037,2.49,0.4181,0.0000,0.00,249042.0000
334,1791441941649,A,hyperliquid,kPEPE,CANCEL,SELL,0.00401800,2489.11014312,2.49,0.4181,0.0000,0.00,201431.0000
335,1791441941649,A,hyperliquid,kPEPE,PLACE,SELL,0.00401900,2488.49073037,2.49,0.4181,0.0000,0.00,3475778.0000
336,1791441946999,A,hyperliquid,CRV,CANCEL,BUY,0.38613000,25.89399000,3.11,0.8136,0.0000,0.00,1035.9000
337,1791441946999,A,hyperliquid,CRV,PLACE,BUY,0.38628000,25.87322122,11.38,0.8136,0.0000,0.00,9600.7000
338,1791441946999,A,hyperliquid,CRV,CANCEL,SELL,0.38625000,25.89399000,3.11,0.8136,0.0000,0.00,1295.1000
339,1791441946999,A,hyperliquid,CRV,PLACE,SELL,0.38672000,25.87322122,11.38,0.8136,0.0000,0.00,1034.3000
340,1791441946999,B,hyperliquid,CRV,PLACE,BUY,0.38628000,25.87322122,11.38,0.8136,0.0000,0.00,9600.7000
341,1791441946999,C,hyperliquid,CRV,PLACE,BUY,0.38628000,25.87322122,11.38,0.8136,0.0000,0.00,9600.7000
342,1791441947002,A,hyperliquid,FARTCOIN,PLACE,BUY,0.15928000,62.75888038,7.53,0.5026,0.0000,0.00,2511.3000
343,1791441947002,A,hyperliquid,FARTCOIN,PLACE,SELL,0.15940000,62.75888038,7.53,0.5026,184.8000,0.00,851.1000
344,1791441947003,A,hyperliquid,LIT,PLACE,BUY,3.55970000,2.80863374,4.21,0.3994,0.0000,0.00,200.0000
345,1791441947003,A,hyperliquid,LIT,PLACE,SELL,3.56120000,2.80863374,4.21,0.3994,0.0000,0.00,33.0000
346,1791441947003,B,hyperliquid,LIT,PLACE,SELL,3.56120000,2.80863374,4.21,0.3994,0.0000,0.00,33.0000
347,1791441947003,C,hyperliquid,LIT,PLACE,SELL,3.56120000,2.80863374,4.21,0.3994,0.0000,0.00,33.0000
348,1791441947133,A,hyperliquid,PENGU,PLACE,BUY,0.00858400,1164.82236459,2.33,0.4533,0.0000,0.00,288867.0000
349,1791441947133,A,hyperliquid,PENGU,PLACE,SELL,0.00858600,1164.82236459,2.33,0.4533,0.0000,0.00,75639.0000
350,1791441947135,A,hyperliquid,kPEPE,CANCEL,BUY,0.00401800,2488.49073037,2.49,0.4661,0.0000,0.00,242151.0000
351,1791441947135,A,hyperliquid,kPEPE,PLACE,BUY,0.00401800,2488.49073037,2.49,0.4661,0.0000,0.00,1733603.0000
352,1791441947135,A,hyperliquid,kPEPE,CANCEL,SELL,0.00401900,2488.49073037,2.49,0.4661,0.0000,0.00,3475778.0000
353,1791441947135,A,hyperliquid,kPEPE,PLACE,SELL,0.00401900,2488.49073037,2.49,0.4661,0.0000,0.00,213868.0000
354,1791441952401,A,hyperliquid,LIT,CANCEL,BUY,3.55970000,2.80863374,4.21,0.2212,0.0000,0.00,200.0000
355,1791441952401,A,hyperliquid,LIT,PLACE,BUY,3.55920000,2.80930442,2.25,0.2212,0.0000,0.00,33.0000
356,1791441952401,A,hyperliquid,LIT,CANCEL,SELL,3.56120000,2.80863374,4.21,0.2212,0.0000,0.00,33.0000
357,1791441952401,A,hyperliquid,LIT,PLACE,SELL,3.56000000,2.80930442,2.25,0.2212,0.0000,0.00,112.0000
358,1791441952401,B,hyperliquid,LIT,CANCEL,SELL,3.56120000,2.80863374,4.21,0.2212,0.0000,0.00,33.0000
359,1791441952401,B,hyperliquid,LIT,PLACE,SELL,3.56000000,2.80930442,2.25,0.2212,0.0000,0.00,112.0000
360,1791441952401,C,hyperliquid,LIT,CANCEL,SELL,3.56120000,2.80863374,4.21,0.2212,0.0000,0.00,33.0000
361,1791441952401,C,hyperliquid,LIT,PLACE,SELL,3.56000000,2.80930442,2.25,0.2212,0.0000,0.00,112.0000
362,1791441952536,A,hyperliquid,PENGU,CANCEL,BUY,0.00858400,1164.82236459,2.33,0.5338,0.0000,0.00,288867.0000
363,1791441952536,A,hyperliquid,PENGU,PLACE,BUY,0.00858100,1165.22955022,2.33,0.5338,0.0000,0.00,9474.0000
364,1791441952536,A,hyperliquid,PENGU,CANCEL,SELL,0.00858600,1164.82236459,2.33,0.5338,0.0000,0.00,75639.0000
365,1791441952536,A,hyperliquid,PENGU,PLACE,SELL,0.00858300,1165.22955022,2.33,0.5338,0.0000,0.00,18946.0000
366,1791441958122,A,hyperliquid,PENGU,CANCEL,BUY,0.00858100,1165.22955022,2.33,0.4797,0.0000,0.00,9474.0000
367,1791441958122,A,hyperliquid,PENGU,PLACE,BUY,0.00858100,1165.22955022,2.33,0.4797,0.0000,0.00,9474.0000
368,1791441958122,A,hyperliquid,PENGU,CANCEL,SELL,0.00858300,1165.22955022,2.33,0.4797,0.0000,0.00,18946.0000
369,1791441958122,A,hyperliquid,PENGU,PLACE,SELL,0.00858300,1165.22955022,2.33,0.4797,0.0000,0.00,323214.0000
370,1791441958124,A,hyperliquid,VVV,PLACE,BUY,25.00900000,0.39979211,3.20,0.8491,0.0000,0.00,21.4900
371,1791441958124,A,hyperliquid,VVV,PLACE,SELL,25.01700000,0.39979211,3.20,0.8491,0.0000,0.00,22.4300
372,1791441958124,B,hyperliquid,VVV,PLACE,BUY,25.00900000,0.39979211,3.20,0.8491,0.0000,0.00,21.4900
373,1791441958124,C,hyperliquid,VVV,PLACE,BUY,25.00900000,0.39979211,3.20,0.8491,0.0000,0.00,21.4900
374,1791441974043,A,hyperliquid,LIT,PLACE,BUY,3.56010000,2.80851542,2.81,0.5158,0.0000,0.00,794.0000
375,1791441974043,A,hyperliquid,LIT,PLACE,SELL,3.56110000,2.80851542,2.81,0.5158,0.0000,0.00,283.0000
376,1791441990512,A,hyperliquid,AVAX,PLACE,BUY,10.85400000,0.92119202,2.76,0.6226,0.0000,0.00,1295.8900
377,1791441990512,A,hyperliquid,AVAX,PLACE,SELL,10.85700000,0.92119202,2.76,0.6226,18.4300,0.00,149.6800
378,1791441990512,B,hyperliquid,AVAX,PLACE,BUY,10.85400000,0.92119202,2.76,0.6226,0.0000,0.00,1295.8900
379,1791441990512,C,hyperliquid,AVAX,PLACE,BUY,10.85400000,0.92119202,2.76,0.6226,0.0000,0.00,1295.8900
380,1791441990516,A,hyperliquid,LIT,PLACE,BUY,3.56200000,2.80705694,2.53,0.3366,0.0000,0.00,29.0000
381,1791441990516,A,hyperliquid,LIT,PLACE,SELL,3.56290000,2.80705694,2.53,0.3366,0.0000,0.00,112.0000
382,1791441990516,B,hyperliquid,LIT,PLACE,SELL,3.56290000,2.80705694,2.53,0.3366,0.0000,0.00,112.0000
383,1791441990516,C,hyperliquid,LIT,PLACE,SELL,3.56290000,2.80705694,2.53,0.3366,0.0000,0.00,112.0000
384,1791442012216,A,hyperliquid,LIT,PLACE,BUY,3.55970000,2.80890986,2.25,0.4467,0.0000,0.00,108.0000
385,1791442012216,A,hyperliquid,LIT,PLACE,SELL,3.56050000,2.80890986,2.25,0.4467,0.0000,0.00,255.0000
386,1791442028303,A,hyperliquid,AVAX,PLACE,BUY,10.86100000,0.92059839,2.76,0.5373,0.0000,0.00,658.3000
387,1791442028303,A,hyperliquid,AVAX,PLACE,SELL,10.86400000,0.92059839,2.76,0.5373,0.0000,0.00,292.0700
388,1791442028438,A,hyperliquid,kPEPE,PLACE,BUY,0.00402100,2486.32521134,4.97,0.5029,9988.0000,0.00,1688736.0000
389,1791442028438,A,hyperliquid,kPEPE,PLACE,SELL,0.00402300,2486.32521134,4.97,0.5029,0.0000,0.00,1423357.0000
390,1791442033880,A,hyperliquid,PENGU,PLACE,BUY,0.00858900,1164.14435390,2.33,0.2820,0.0000,0.00,9489.0000
391,1791442033880,A,hyperliquid,PENGU,PLACE,SELL,0.00859100,1164.14435390,2.33,0.2820,0.0000,0.00,548385.0000
392,1791442033880,B,hyperliquid,PENGU,PLACE,SELL,0.00859100,1164.14435390,2.33,0.2820,0.0000,0.00,548385.0000
393,1791442033880,C,hyperliquid,PENGU,PLACE,SELL,0.00859100,1164.14435390,2.33,0.2820,0.0000,0.00,548385.0000
394,1791442033882,A,hyperliquid,kPEPE,CANCEL,BUY,0.00402100,2486.32521134,4.97,0.5519,0.0000,0.00,1688736.0000
395,1791442033882,A,hyperliquid,kPEPE,PLACE,BUY,0.00402000,2486.94354638,4.97,0.5519,0.0000,0.00,1848326.0000
396,1791442033882,A,hyperliquid,kPEPE,CANCEL,SELL,0.00402300,2486.32521134,4.97,0.5519,0.0000,0.00,1423357.0000
397,1791442033882,A,hyperliquid,kPEPE,PLACE,SELL,0.00402200,2486.94354638,4.97,0.5519,0.0000,0.00,2744047.0000
398,1791442039215,A,hyperliquid,PENGU,CANCEL,BUY,0.00858900,1164.14435390,2.33,0.3800,0.0000,0.00,9489.0000
399,1791442039215,A,hyperliquid,PENGU,PLACE,BUY,0.00858800,1164.27989289,2.33,0.3800,0.0000,0.00,12652.0000
400,1791442039215,A,hyperliquid,PENGU,CANCEL,SELL,0.00859100,1164.14435390,2.33,0.3800,0.0000,0.00,548385.0000
401,1791442039215,A,hyperliquid,PENGU,PLACE,SELL,0.00859000,1164.27989289,2.33,0.3800,0.0000,0.00,588171.0000
402,1791442039215,B,hyperliquid,PENGU,CANCEL,SELL,0.00859100,1164.14435390,2.33,0.3800,0.0000,0.00,548385.0000
403,1791442039215,B,hyperliquid,PENGU,PLACE,SELL,0.00859000,1164.27989289,2.33,0.3800,0.0000,0.00,588171.0000
404,1791442039215,C,hyperliquid,PENGU,CANCEL,SELL,0.00859100,1164.14435390,2.33,0.3800,0.0000,0.00,548385.0000
405,1791442039215,C,hyperliquid,PENGU,PLACE,SELL,0.00859000,1164.27989289,2.33,0.3800,0.0000,0.00,588171.0000
406,1791442039219,A,hyperliquid,kPEPE,CANCEL,BUY,0.00402000,2486.94354638,4.97,0.5306,0.0000,0.00,1848326.0000
407,1791442039219,A,hyperliquid,kPEPE,PLACE,BUY,0.00402000,2486.94354638,4.97,0.5306,0.0000,0.00,2168357.0000
408,1791442039219,A,hyperliquid,kPEPE,CANCEL,SELL,0.00402200,2486.94354638,4.97,0.5306,0.0000,0.00,2744047.0000
409,1791442039219,A,hyperliquid,kPEPE,PLACE,SELL,0.00402200,2486.94354638,4.97,0.5306,0.0000,0.00,4334440.0000
410,1791442044686,A,hyperliquid,PENGU,CANCEL,BUY,0.00858800,1164.27989289,2.33,0.5904,0.0000,0.00,12652.0000
411,1791442044686,A,hyperliquid,PENGU,PLACE,BUY,0.00858500,1164.68669928,2.33,0.5904,0.0000,0.00,37885.0000
412,1791442044686,A,hyperliquid,PENGU,CANCEL,SELL,0.00859000,1164.27989289,2.33,0.5904,0.0000,0.00,588171.0000
413,1791442044686,A,hyperliquid,PENGU,PLACE,SELL,0.00858700,1164.68669928,2.33,0.5904,0.0000,0.00,46582.0000
414,1791442044689,A,hyperliquid,kPEPE,CANCEL,BUY,0.00402000,2486.94354638,4.97,0.5954,0.0000,0.00,2168357.0000
415,1791442044689,A,hyperliquid,kPEPE,PLACE,BUY,0.00401800,2488.49073037,2.49,0.5954,0.0000,0.00,1120245.0000
416,1791442044689,A,hyperliquid,kPEPE,CANCEL,SELL,0.00402200,2486.94354638,4.97,0.5954,0.0000,0.00,4334440.0000
417,1791442044689,A,hyperliquid,kPEPE,PLACE,SELL,0.00401900,2488.49073037,2.49,0.5954,0.0000,0.00,787668.0000
418,1791442050202,A,hyperliquid,kPEPE,CANCEL,BUY,0.00401800,2488.49073037,2.49,0.5858,0.0000,0.00,1120245.0000
419,1791442050202,A,hyperliquid,kPEPE,PLACE,BUY,0.00401800,2488.49073037,2.49,0.5858,0.0000,0.00,1124550.0000
420,1791442050202,A,hyperliquid,kPEPE,CANCEL,SELL,0.00401900,2488.49073037,2.49,0.5858,0.0000,0.00,787668.0000
421,1791442050202,A,hyperliquid,kPEPE,PLACE,SELL,0.00401900,2488.49073037,2.49,0.5858,0.0000,0.00,192974.0000
422,1791442055688,A,hyperliquid,PENGU,PLACE,BUY,0.00858700,1164.41546344,2.33,0.2535,0.0000,0.00,22138.0000
423,1791442055688,A,hyperliquid,PENGU,PLACE,SELL,0.00858900,1164.41546344,2.33,0.2535,0.0000,0.00,252222.0000
424,1791442055688,B,hyperliquid,PENGU,PLACE,SELL,0.00858900,1164.41546344,2.33,0.2535,0.0000,0.00,252222.0000
425,1791442055688,C,hyperliquid,PENGU,PLACE,SELL,0.00858900,1164.41546344,2.33,0.2535,0.0000,0.00,252222.0000
426,1791442055691,A,hyperliquid,kPEPE,CANCEL,BUY,0.00401800,2488.49073037,2.49,0.5338,10727.0000,0.00,1104625.0000
427,1791442055691,A,hyperliquid,kPEPE,PLACE,BUY,0.00401800,2488.18113959,4.98,0.5338,10727.0000,0.00,1702912.0000
428,1791442055691,A,hyperliquid,kPEPE,CANCEL,SELL,0.00401900,2488.49073037,2.49,0.5338,0.0000,0.00,192974.0000
429,1791442055691,A,hyperliquid,kPEPE,PLACE,SELL,0.00402000,2488.18113959,4.98,0.5338,0.0000,0.00,5105107.0000
430,1791442060934,A,hyperliquid,LIT,PLACE,BUY,3.55580000,2.81183219,3.37,0.0838,0.0000,0.00,112.0000
431,1791442060934,A,hyperliquid,LIT,PLACE,SELL,3.55700000,2.81183219,3.37,0.0838,0.0000,0.00,35.0000
432,1791442060934,B,hyperliquid,LIT,PLACE,SELL,3.55700000,2.81183219,3.37,0.0838,0.0000,0.00,35.0000
433,1791442060934,C,hyperliquid,LIT,PLACE,SELL,3.55700000,2.81183219,3.37,0.0838,0.0000,0.00,35.0000
434,1791442061069,A,hyperliquid,kPEPE,CANCEL,BUY,0.00401800,2488.18113959,4.98,0.5963,0.0000,0.00,1694967.0000
435,1791442061069,A,hyperliquid,kPEPE,PLACE,BUY,0.00401700,2488.80039821,4.98,0.5963,0.0000,0.00,1968247.0000
436,1791442061069,A,hyperliquid,kPEPE,CANCEL,SELL,0.00402000,2488.18113959,4.98,0.5963,0.0000,0.00,5105107.0000
437,1791442061069,A,hyperliquid,kPEPE,PLACE,SELL,0.00401900,2488.80039821,4.98,0.5963,0.0000,0.00,2084780.0000
438,1791442066578,A,hyperliquid,PENGU,PLACE,BUY,0.00858400,1164.82236459,2.33,0.4308,0.0000,0.00,37885.0000
439,1791442066578,A,hyperliquid,PENGU,PLACE,SELL,0.00858600,1164.82236459,2.33,0.4308,0.0000,0.00,321109.0000
440,1791442066580,A,hyperliquid,VVV,PLACE,BUY,25.01600000,0.39969623,2.40,0.6223,0.0000,0.00,21.0600
441,1791442066580,A,hyperliquid,VVV,PLACE,SELL,25.02200000,0.39969623,2.40,0.6223,0.0000,0.00,1.8700
442,1791442066580,B,hyperliquid,VVV,PLACE,BUY,25.01600000,0.39969623,2.40,0.6223,0.0000,0.00,21.0600
443,1791442066580,C,hyperliquid,VVV,PLACE,BUY,25.01600000,0.39969623,2.40,0.6223,0.0000,0.00,21.0600
444,1791442066582,A,hyperliquid,kPEPE,CANCEL,BUY,0.00401700,2488.80039821,4.98,0.4977,0.0000,0.00,1968247.0000
445,1791442066582,A,hyperliquid,kPEPE,PLACE,BUY,0.00401800,2488.49073037,2.49,0.4977,0.0000,0.00,1875892.0000
446,1791442066582,A,hyperliquid,kPEPE,CANCEL,SELL,0.00401900,2488.80039821,4.98,0.4977,0.0000,0.00,2084780.0000
447,1791442066582,A,hyperliquid,kPEPE,PLACE,SELL,0.00401900,2488.49073037,2.49,0.4977,0.0000,0.00,498650.0000
448,1791442071982,A,hyperliquid,PENGU,CANCEL,BUY,0.00858400,1164.82236459,2.33,0.4295,0.0000,0.00,37885.0000
449,1791442071982,A,hyperliquid,PENGU,PLACE,BUY,0.00858400,1164.82236459,2.33,0.4295,0.0000,0.00,37885.0000
450,1791442071982,A,hyperliquid,PENGU,CANCEL,SELL,0.00858600,1164.82236459,2.33,0.4295,0.0000,0.00,321109.0000
451,1791442071982,A,hyperliquid,PENGU,PLACE,SELL,0.00858600,1164.82236459,2.33,0.4295,0.0000,0.00,311620.0000
452,1791442071984,A,hyperliquid,kPEPE,CANCEL,BUY,0.00401800,2488.49073037,2.49,0.4864,0.0000,0.00,1864143.0000
453,1791442071984,A,hyperliquid,kPEPE,PLACE,BUY,0.00401800,2488.49073037,2.49,0.4864,0.0000,0.00,243129.0000
454,1791442071984,A,hyperliquid,kPEPE,CANCEL,SELL,0.00401900,2488.49073037,2.49,0.4864,0.0000,0.00,498650.0000
455,1791442071984,A,hyperliquid,kPEPE,PLACE,SELL,0.00401900,2488.49073037,2.49,0.4864,0.0000,0.00,3768795.0000
456,1791442077533,A,hyperliquid,PENGU,CANCEL,BUY,0.00858400,1164.82236459,2.33,0.5787,0.0000,0.00,37885.0000
457,1791442077533,A,hyperliquid,PENGU,PLACE,BUY,0.00858300,1164.95806151,2.33,0.5787,0.0000,0.00,18946.0000
458,1791442077533,A,hyperliquid,PENGU,CANCEL,SELL,0.00858600,1164.82236459,2.33,0.5787,0.0000,0.00,311620.0000
459,1791442077533,A,hyperliquid,PENGU,PLACE,SELL,0.00858500,1164.95806151,2.33,0.5787,0.0000,0.00,77410.0000
460,1791442077536,A,hyperliquid,kPEPE,CANCEL,BUY,0.00401800,2488.49073037,2.49,0.5354,0.0000,0.00,237812.0000
461,1791442077536,A,hyperliquid,kPEPE,PLACE,BUY,0.00401800,2488.49073037,2.49,0.5354,0.0000,0.00,2389206.0000
462,1791442077536,A,hyperliquid,kPEPE,CANCEL,SELL,0.00401900,2488.49073037,2.49,0.5354,0.0000,0.00,3768795.0000
463,1791442077536,A,hyperliquid,kPEPE,PLACE,SELL,0.00401900,2488.49073037,2.49,0.5354,0.0000,0.00,304968.0000
464,1791442082938,A,hyperliquid,kPEPE,CANCEL,BUY,0.00401800,2488.49073037,2.49,0.4671,0.0000,0.00,2389206.0000
465,1791442082938,A,hyperliquid,kPEPE,PLACE,BUY,0.00401900,2487.56218905,4.98,0.4671,0.0000,0.00,1361160.0000
466,1791442082938,A,hyperliquid,kPEPE,PLACE,SELL,0.00402100,2487.56218905,4.98,0.4671,0.0000,0.00,8003385.0000
467,1791442088379,A,hyperliquid,PENGU,PLACE,BUY,0.00858400,1164.82236459,2.33,0.4394,0.0000,0.00,12654.0000
468,1791442088379,A,hyperliquid,PENGU,PLACE,SELL,0.00858600,1164.82236459,2.33,0.4394,0.0000,0.00,100227.0000
469,1791442088380,A,hyperliquid,VVV,PLACE,BUY,25.01300000,0.39974416,2.40,0.7328,0.0000,0.00,27.0100
470,1791442088380,A,hyperliquid,VVV,PLACE,SELL,25.01900000,0.39974416,2.40,0.7328,0.0000,0.00,19.9800
471,1791442088380,B,hyperliquid,VVV,PLACE,BUY,25.01300000,0.39974416,2.40,0.7328,0.0000,0.00,27.0100
472,1791442088380,C,hyperliquid,VVV,PLACE,BUY,25.01300000,0.39974416,2.40,0.7328,0.0000,0.00,27.0100
473,1791442088381,A,hyperliquid,kPEPE,CANCEL,BUY,0.00401900,2487.56218905,4.98,0.4859,0.0000,0.00,1231069.0000
474,1791442088381,A,hyperliquid,kPEPE,PLACE,BUY,0.00401900,2487.87162582,2.49,0.4859,0.0000,0.00,1551631.0000
475,1791442088381,A,hyperliquid,kPEPE,CANCEL,SELL,0.00402100,2487.56218905,4.98,0.4859,0.0000,0.00,8000487.0000
476,1791442088381,A,hyperliquid,kPEPE,PLACE,SELL,0.00402000,2487.87162582,2.49,0.4859,0.0000,0.00,244563.0000
477,1791442093615,A,hyperliquid,FARTCOIN,PLACE,BUY,0.15948000,62.68609936,5.64,0.4573,150.0000,0.00,13559.1000
478,1791442093615,A,hyperliquid,FARTCOIN,PLACE,SELL,0.15957000,62.68609936,5.64,0.4573,250.0000,0.00,638.2000
479,1791442093750,A,hyperliquid,kPEPE,CANCEL,BUY,0.00401900,2487.87162582,2.49,0.4447,0.0000,0.00,1545852.0000
480,1791442093750,A,hyperliquid,kPEPE,PLACE,BUY,0.00402000,2487.25282925,2.49,0.4447,0.0000,0.00,315724.0000
481,1791442093750,A,hyperliquid,kPEPE,CANCEL,SELL,0.00402000,2487.87162582,2.49,0.4447,0.0000,0.00,244563.0000
482,1791442093750,A,hyperliquid,kPEPE,PLACE,SELL,0.00402100,2487.25282925,2.49,0.4447,0.0000,0.00,5724644.0000
483,1791442099365,A,hyperliquid,VVV,PLACE,BUY,25.01500000,0.39971221,2.40,0.8788,0.0000,0.00,26.8900
484,1791442099365,A,hyperliquid,VVV,PLACE,SELL,25.02100000,0.39971221,2.40,0.8788,0.0000,0.00,0.7700
485,1791442099365,B,hyperliquid,VVV,PLACE,BUY,25.01500000,0.39971221,2.40,0.8788,0.0000,0.00,26.8900
486,1791442099365,C,hyperliquid,VVV,PLACE,BUY,25.01500000,0.39971221,2.40,0.8788,0.0000,0.00,26.8900
487,1791442099366,A,hyperliquid,kPEPE,CANCEL,BUY,0.00402000,2487.25282925,2.49,0.5064,0.0000,0.00,308041.0000
488,1791442099366,A,hyperliquid,kPEPE,PLACE,BUY,0.00402000,2487.25282925,2.49,0.5064,0.0000,0.00,1429915.0000
489,1791442099366,A,hyperliquid,kPEPE,CANCEL,SELL,0.00402100,2487.25282925,2.49,0.5064,0.0000,0.00,5724644.0000
490,1791442099366,A,hyperliquid,kPEPE,PLACE,SELL,0.00402100,2487.25282925,2.49,0.5064,0.0000,0.00,1709423.0000
491,1791442104593,A,hyperliquid,FARTCOIN,PLACE,BUY,0.15948000,62.69395944,3.13,0.6000,0.0000,0.00,951.4000
492,1791442104593,A,hyperliquid,FARTCOIN,PLACE,SELL,0.15953000,62.69395944,3.13,0.6000,0.0000,0.00,8458.7000
493,1791442104593,B,hyperliquid,FARTCOIN,PLACE,BUY,0.15948000,62.69395944,3.13,0.6000,0.0000,0.00,951.4000
494,1791442104593,C,hyperliquid,FARTCOIN,PLACE,BUY,0.15948000,62.69395944,3.13,0.6000,0.0000,0.00,951.4000
495,1791442104595,A,hyperliquid,LIT,PLACE,BUY,3.55530000,2.81226711,3.09,0.0953,0.0000,0.00,101.0000
496,1791442104595,A,hyperliquid,LIT,PLACE,SELL,3.55640000,2.81226711,3.09,0.0953,0.0000,0.00,107.0000
497,1791442104595,B,hyperliquid,LIT,PLACE,SELL,3.55640000,2.81226711,3.09,0.0953,0.0000,0.00,107.0000
498,1791442104595,C,hyperliquid,LIT,PLACE,SELL,3.55640000,2.81226711,3.09,0.0953,0.0000,0.00,107.0000
499,1791442104728,A,hyperliquid,PENGU,PLACE,BUY,0.00858200,1165.02592183,3.50,0.5559,0.0000,0.00,12652.0000
500,1791442104728,A,hyperliquid,PENGU,PLACE,SELL,0.00858500,1165.02592183,3.50,0.5559,0.0000,0.00,322545.0000
501,1791442104729,A,hyperliquid,kPEPE,CANCEL,BUY,0.00402000,2487.25282925,2.49,0.4733,0.0000,0.00,1429915.0000
502,1791442104729,A,hyperliquid,kPEPE,PLACE,BUY,0.00402000,2487.25282925,2.49,0.4733,0.0000,0.00,1419390.0000
503,1791442104729,A,hyperliquid,kPEPE,CANCEL,SELL,0.00402100,2487.25282925,2.49,0.4733,0.0000,0.00,1709423.0000
504,1791442104729,A,hyperliquid,kPEPE,PLACE,SELL,0.00402100,2487.25282925,2.49,0.4733,0.0000,0.00,297652.0000
505,1791442109812,A,hyperliquid,FARTCOIN,CANCEL,BUY,0.15948000,62.69395944,3.13,0.8431,0.0000,0.00,951.4000
506,1791442109812,A,hyperliquid,FARTCOIN,PLACE,BUY,0.15953000,62.67234896,3.76,0.8431,0.0000,0.00,50147.3000
507,1791442109812,A,hyperliquid,FARTCOIN,CANCEL,SELL,0.15953000,62.69395944,3.13,0.8431,0.0000,0.00,8458.7000
508,1791442109812,A,hyperliquid,FARTCOIN,PLACE,SELL,0.15959000,62.67234896,3.76,0.8431,0.0000,0.00,555.4000
509,1791442109812,B,hyperliquid,FARTCOIN,CANCEL,BUY,0.15948000,62.69395944,3.13,0.8431,0.0000,0.00,951.4000
510,1791442109812,B,hyperliquid,FARTCOIN,PLACE,BUY,0.15953000,62.67234896,3.76,0.8431,0.0000,0.00,50147.3000
511,1791442109812,C,hyperliquid,FARTCOIN,CANCEL,BUY,0.15948000,62.69395944,3.13,0.8431,0.0000,0.00,951.4000
512,1791442109812,C,hyperliquid,FARTCOIN,PLACE,BUY,0.15953000,62.67234896,3.76,0.8431,0.0000,0.00,50147.3000
513,1791442109815,A,hyperliquid,LIT,CANCEL,BUY,3.55530000,2.81226711,3.09,0.7596,0.0000,0.00,101.0000
514,1791442109815,A,hyperliquid,LIT,PLACE,BUY,3.55530000,2.81226711,3.09,0.7596,0.0000,0.00,386.0000
515,1791442109815,A,hyperliquid,LIT,CANCEL,SELL,3.55640000,2.81226711,3.09,0.7596,0.0000,0.00,107.0000
516,1791442109815,A,hyperliquid,LIT,PLACE,SELL,3.55640000,2.81226711,3.09,0.7596,0.0000,0.00,112.0000
517,1791442109815,B,hyperliquid,LIT,PLACE,BUY,3.55530000,2.81226711,3.09,0.7596,0.0000,0.00,386.0000
518,1791442109815,C,hyperliquid,LIT,PLACE,BUY,3.55530000,2.81226711,3.09,0.7596,0.0000,0.00,386.0000
519,1791442109947,A,hyperliquid,PENGU,CANCEL,BUY,0.00858200,1165.02592183,3.50,0.4061,0.0000,0.00,12652.0000
520,1791442109947,A,hyperliquid,PENGU,PLACE,BUY,0.00858300,1164.95806151,2.33,0.4061,0.0000,0.00,15815.0000
521,1791442109947,A,hyperliquid,PENGU,CANCEL,SELL,0.00858500,1165.02592183,3.50,0.4061,0.0000,0.00,322545.0000
522,1791442109947,A,hyperliquid,PENGU,PLACE,SELL,0.00858500,1164.95806151,2.33,0.4061,0.0000,0.00,147839.0000
523,1791442109949,A,hyperliquid,kPEPE,CANCEL,BUY,0.00402000,2487.25282925,2.49,0.4817,0.0000,0.00,1409915.0000
524,1791442109949,A,hyperliquid,kPEPE,PLACE,BUY,0.00402000,2487.25282925,2.49,0.4817,0.0000,0.00,1398830.0000
525,1791442109949,A,hyperliquid,kPEPE,CANCEL,SELL,0.00402100,2487.25282925,2.49,0.4817,0.0000,0.00,297652.0000
526,1791442109949,A,hyperliquid,kPEPE,PLACE,SELL,0.00402100,2487.25282925,2.49,0.4817,0.0000,0.00,250083.0000
527,1791442115398,A,hyperliquid,kPEPE,CANCEL,BUY,0.00402000,2487.25282925,2.49,0.4387,0.0000,0.00,1387309.0000
528,1791442115398,A,hyperliquid,kPEPE,PLACE,BUY,0.00402000,2486.94354638,4.97,0.4387,0.0000,0.00,2336227.0000
529,1791442115398,A,hyperliquid,kPEPE,CANCEL,SELL,0.00402100,2487.25282925,2.49,0.4387,0.0000,0.00,250083.0000
530,1791442115398,A,hyperliquid,kPEPE,PLACE,SELL,0.00402200,2486.94354638,4.97,0.4387,0.0000,0.00,6474803.0000
531,1791442120619,A,hyperliquid,FARTCOIN,PLACE,BUY,0.15954000,62.67038511,3.13,0.8557,0.0000,0.00,3071.6000
532,1791442120619,A,hyperliquid,FARTCOIN,PLACE,SELL,0.15959000,62.67038511,3.13,0.8557,0.0000,0.00,2506.4000
533,1791442120619,B,hyperliquid,FARTCOIN,PLACE,BUY,0.15954000,62.67038511,3.13,0.8557,0.0000,0.00,3071.6000
534,1791442120619,C,hyperliquid,FARTCOIN,PLACE,BUY,0.15954000,62.67038511,3.13,0.8557,0.0000,0.00,3071.6000
535,1791442120754,A,hyperliquid,PENGU,PLACE,BUY,0.00858300,1164.95806151,2.33,0.4097,0.0000,0.00,12652.0000
536,1791442120754,A,hyperliquid,PENGU,PLACE,SELL,0.00858500,1164.95806151,2.33,0.4097,0.0000,0.00,144907.0000
537,1791442120755,A,hyperliquid,kPEPE,CANCEL,BUY,0.00402000,2486.94354638,4.97,0.4307,0.0000,0.00,2327365.0000
538,1791442120755,A,hyperliquid,kPEPE,PLACE,BUY,0.00402000,2486.94354638,4.97,0.4307,0.0000,0.00,2327365.0000
539,1791442120755,A,hyperliquid,kPEPE,CANCEL,SELL,0.00402200,2486.94354638,4.97,0.4307,0.0000,0.00,6474803.0000
540,1791442120755,A,hyperliquid,kPEPE,PLACE,SELL,0.00402200,2486.94354638,4.97,0.4307,0.0000,0.00,1675406.0000
541,1791442126076,A,hyperliquid,FARTCOIN,CANCEL,BUY,0.15954000,62.67038511,3.13,0.6324,0.0000,0.00,3071.6000
542,1791442126076,A,hyperliquid,FARTCOIN,PLACE,BUY,0.15946000,62.70378731,2.51,0.6324,0.0000,0.00,753.8000
543,1791442126076,A,hyperliquid,FARTCOIN,CANCEL,SELL,0.15959000,62.67038511,3.13,0.6324,0.0000,0.00,2506.4000
544,1791442126076,A,hyperliquid,FARTCOIN,PLACE,SELL,0.15950000,62.70378731,2.51,0.6324,0.0000,0.00,2507.8000
545,1791442126076,B,hyperliquid,FARTCOIN,CANCEL,BUY,0.15954000,62.67038511,3.13,0.6324,0.0000,0.00,3071.6000
546,1791442126076,B,hyperliquid,FARTCOIN,PLACE,BUY,0.15946000,62.70378731,2.51,0.6324,0.0000,0.00,753.8000
547,1791442126076,C,hyperliquid,FARTCOIN,CANCEL,BUY,0.15954000,62.67038511,3.13,0.6324,0.0000,0.00,3071.6000
548,1791442126076,C,hyperliquid,FARTCOIN,PLACE,BUY,0.15946000,62.70378731,2.51,0.6324,0.0000,0.00,753.8000
549,1791442126210,A,hyperliquid,PENGU,CANCEL,BUY,0.00858300,1164.95806151,2.33,0.4838,0.0000,0.00,12652.0000
550,1791442126210,A,hyperliquid,PENGU,PLACE,BUY,0.00858200,1165.09379005,2.33,0.4838,0.0000,0.00,12652.0000
551,1791442126210,A,hyperliquid,PENGU,CANCEL,SELL,0.00858500,1164.95806151,2.33,0.4838,0.0000,0.00,144907.0000
552,1791442126210,A,hyperliquid,PENGU,PLACE,SELL,0.00858400,1165.09379005,2.33,0.4838,0.0000,0.00,56090.0000
553,1791442126218,A,hyperliquid,kPEPE,CANCEL,BUY,0.00402000,2486.94354638,4.97,0.5593,0.0000,0.00,2327365.0000
554,1791442126218,A,hyperliquid,kPEPE,PLACE,BUY,0.00401900,2487.87162582,2.49,0.5593,0.0000,0.00,1400434.0000
555,1791442126218,A,hyperliquid,kPEPE,CANCEL,SELL,0.00402200,2486.94354638,4.97,0.5593,0.0000,0.00,1675406.0000
556,1791442126218,A,hyperliquid,kPEPE,PLACE,SELL,0.00402000,2487.87162582,2.49,0.5593,0.0000,0.00,311714.0000
557,1791442131543,A,hyperliquid,PENGU,CANCEL,BUY,0.00858200,1165.09379005,2.33,0.4507,0.0000,0.00,12652.0000
558,1791442131543,A,hyperliquid,PENGU,PLACE,BUY,0.00858200,1165.09379005,2.33,0.4507,0.0000,0.00,12652.0000
559,1791442131543,A,hyperliquid,PENGU,CANCEL,SELL,0.00858400,1165.09379005,2.33,0.4507,0.0000,0.00,56090.0000
560,1791442131543,A,hyperliquid,PENGU,PLACE,SELL,0.00858400,1165.09379005,2.33,0.4507,0.0000,0.00,86073.0000
561,1791442131545,A,hyperliquid,kPEPE,CANCEL,BUY,0.00401900,2487.87162582,2.49,0.5641,0.0000,0.00,1387526.0000
562,1791442131545,A,hyperliquid,kPEPE,PLACE,BUY,0.00401900,2487.87162582,2.49,0.5641,0.0000,0.00,1387526.0000
563,1791442131545,A,hyperliquid,kPEPE,CANCEL,SELL,0.00402000,2487.87162582,2.49,0.5641,0.0000,0.00,311714.0000
564,1791442131545,A,hyperliquid,kPEPE,PLACE,SELL,0.00402000,2487.87162582,2.49,0.5641,0.0000,0.00,2486377.0000
565,1791442136776,A,hyperliquid,FARTCOIN,PLACE,BUY,0.15943000,62.71165182,3.76,0.9025,0.0000,0.00,13831.6000
566,1791442136776,A,hyperliquid,FARTCOIN,PLACE,SELL,0.15949000,62.71165182,3.76,0.9025,0.0000,0.00,522.8000
567,1791442136776,B,hyperliquid,FARTCOIN,PLACE,BUY,0.15943000,62.71165182,3.76,0.9025,0.0000,0.00,13831.6000
568,1791442136776,C,hyperliquid,FARTCOIN,PLACE,BUY,0.15943000,62.71165182,3.76,0.9025,0.0000,0.00,13831.6000
569,1791442136778,A,hyperliquid,MINA,PLACE,BUY,0.08786300,113.77923415,6.03,0.2956,0.0000,0.00,4553.0000
570,1791442136778,A,hyperliquid,MINA,PLACE,SELL,0.08791600,113.77923415,6.03,0.2956,0.0000,0.00,4550.0000
571,1791442136778,B,hyperliquid,MINA,PLACE,SELL,0.08791600,113.77923415,6.03,0.2956,0.0000,0.00,4550.0000
572,1791442136778,C,hyperliquid,MINA,PLACE,SELL,0.08791600,113.77923415,6.03,0.2956,0.0000,0.00,4550.0000
573,1791442136911,A,hyperliquid,kPEPE,CANCEL,BUY,0.00401900,2487.87162582,2.49,0.5779,0.0000,0.00,1376829.0000
574,1791442136911,A,hyperliquid,kPEPE,PLACE,BUY,0.00401900,2487.87162582,2.49,0.5779,0.0000,0.00,1376829.0000
575,1791442136911,A,hyperliquid,kPEPE,CANCEL,SELL,0.00402000,2487.87162582,2.49,0.5779,0.0000,0.00,2486377.0000
576,1791442136911,A,hyperliquid,kPEPE,PLACE,SELL,0.00402000,2487.87162582,2.49,0.5779,0.0000,0.00,1114730.0000
577,1791442142202,A,hyperliquid,AVAX,PLACE,BUY,10.83700000,0.92263690,2.77,0.4162,0.0000,0.00,875.0400
578,1791442142202,A,hyperliquid,AVAX,PLACE,SELL,10.84000000,0.92263690,2.77,0.4162,0.0000,0.00,147.6800
579,1791442142203,A,hyperliquid,MINA,CANCEL,BUY,0.08786300,113.77923415,6.03,0.6382,0.0000,0.00,4553.0000
580,1791442142203,A,hyperliquid,MINA,PLACE,BUY,0.08785600,113.76887852,9.44,0.6382,0.0000,0.00,4553.0000
581,1791442142203,A,hyperliquid,MINA,CANCEL,SELL,0.08791600,113.77923415,6.03,0.6382,0.0000,0.00,4550.0000
582,1791442142203,A,hyperliquid,MINA,PLACE,SELL,0.08793900,113.76887852,9.44,0.6382,0.0000,0.00,493.0000
583,1791442142203,B,hyperliquid,MINA,PLACE,BUY,0.08785600,113.76887852,9.44,0.6382,0.0000,0.00,4553.0000
584,1791442142203,C,hyperliquid,MINA,PLACE,BUY,0.08785600,113.76887852,9.44,0.6382,0.0000,0.00,4553.0000
585,1791442142337,A,hyperliquid,kPEPE,CANCEL,BUY,0.00401900,2487.87162582,2.49,0.4242,0.0000,0.00,1376829.0000
586,1791442142337,A,hyperliquid,kPEPE,PLACE,BUY,0.00402000,2487.25282925,2.49,0.4242,0.0000,0.00,253861.0000
587,1791442142337,A,hyperliquid,kPEPE,CANCEL,SELL,0.00402000,2487.87162582,2.49,0.4242,0.0000,0.00,1114730.0000
588,1791442142337,A,hyperliquid,kPEPE,PLACE,SELL,0.00402100,2487.25282925,2.49,0.4242,0.0000,0.00,500570.0000
589,1791442147584,A,hyperliquid,LIT,PLACE,BUY,3.55570000,2.81199033,2.81,0.5037,0.0000,0.00,27.0000
590,1791442147584,A,hyperliquid,LIT,PLACE,SELL,3.55670000,2.81199033,2.81,0.5037,4.0000,0.00,32.0000
591,1791442147586,A,hyperliquid,MINA,CANCEL,BUY,0.08785600,113.76887852,9.44,0.6785,0.0000,0.00,4553.0000
592,1791442147586,A,hyperliquid,MINA,PLACE,BUY,0.08784800,113.78829687,7.85,0.6785,0.0000,0.00,4553.0000
593,1791442147586,A,hyperliquid,MINA,CANCEL,SELL,0.08793900,113.76887852,9.44,0.6785,0.0000,0.00,493.0000
594,1791442147586,A,hyperliquid,MINA,PLACE,SELL,0.08791700,113.78829687,7.85,0.6785,0.0000,0.00,493.0000
595,1791442147586,B,hyperliquid,MINA,CANCEL,BUY,0.08785600,113.76887852,9.44,0.6785,0.0000,0.00,4553.0000
596,1791442147586,B,hyperliquid,MINA,PLACE,BUY,0.08784800,113.78829687,7.85,0.6785,0.0000,0.00,4553.0000
597,1791442147586,C,hyperliquid,MINA,CANCEL,BUY,0.08785600,113.76887852,9.44,0.6785,0.0000,0.00,4553.0000
598,1791442147586,C,hyperliquid,MINA,PLACE,BUY,0.08784800,113.78829687,7.85,0.6785,0.0000,0.00,4553.0000
599,1791442147719,A,hyperliquid,PENGU,PLACE,BUY,0.00858300,1164.95806151,2.33,0.3881,0.0000,0.00,22146.0000
600,1791442147719,A,hyperliquid,PENGU,PLACE,SELL,0.00858500,1164.95806151,2.33,0.3881,0.0000,0.00,131277.0000
601,1791442147719,B,hyperliquid,PENGU,PLACE,SELL,0.00858500,1164.95806151,2.33,0.3881,0.0000,0.00,131277.0000
602,1791442147719,C,hyperliquid,PENGU,PLACE,SELL,0.00858500,1164.95806151,2.33,0.3881,0.0000,0.00,131277.0000
603,1791442147721,A,hyperliquid,kPEPE,CANCEL,BUY,0.00402000,2487.25282925,2.49,0.4392,0.0000,0.00,248483.0000
604,1791442147721,A,hyperliquid,kPEPE,PLACE,BUY,0.00402000,2487.25282925,2.49,0.4392,0.0000,0.00,1123093.0000
605,1791442147721,A,hyperliquid,kPEPE,CANCEL,SELL,0.00402100,2487.25282925,2.49,0.4392,0.0000,0.00,500570.0000
606,1791442147721,A,hyperliquid,kPEPE,PLACE,SELL,0.00402100,2487.25282925,2.49,0.4392,0.0000,0.00,880571.0000
607,1791442153069,A,hyperliquid,LIT,CANCEL,BUY,3.55570000,2.81199033,2.81,0.7432,0.0000,0.00,27.0000
608,1791442153069,A,hyperliquid,LIT,PLACE,BUY,3.55550000,2.81214848,2.81,0.7432,0.0000,0.00,49.0000
609,1791442153069,A,hyperliquid,LIT,CANCEL,SELL,3.55670000,2.81199033,2.81,0.7432,0.0000,0.00,32.0000
610,1791442153069,A,hyperliquid,LIT,PLACE,SELL,3.55650000,2.81214848,2.81,0.7432,0.0000,0.00,52.0000
611,1791442153069,B,hyperliquid,LIT,PLACE,BUY,3.55550000,2.81214848,2.81,0.7432,0.0000,0.00,49.0000
612,1791442153069,C,hyperliquid,LIT,PLACE,BUY,3.55550000,2.81214848,2.81,0.7432,0.0000,0.00,49.0000
613,1791442153072,A,hyperliquid,MINA,CANCEL,BUY,0.08784800,113.78829687,7.85,0.6636,0.0000,0.00,4553.0000
614,1791442153072,A,hyperliquid,MINA,PLACE,BUY,0.08782600,113.79477113,11.72,0.6636,0.0000,0.00,4554.0000
615,1791442153072,A,hyperliquid,MINA,CANCEL,SELL,0.08791700,113.78829687,7.85,0.6636,0.0000,0.00,493.0000
616,1791442153072,A,hyperliquid,MINA,PLACE,SELL,0.08792900,113.79477113,11.72,0.6636,0.0000,0.00,4549.0000
617,1791442153072,B,hyperliquid,MINA,CANCEL,BUY,0.08784800,113.78829687,7.85,0.6636,0.0000,0.00,4553.0000
618,1791442153072,B,hyperliquid,MINA,PLACE,BUY,0.08782600,113.79477113,11.72,0.6636,0.0000,0.00,4554.0000
619,1791442153072,C,hyperliquid,MINA,CANCEL,BUY,0.08784800,113.78829687,7.85,0.6636,0.0000,0.00,4553.0000
620,1791442153072,C,hyperliquid,MINA,PLACE,BUY,0.08782600,113.79477113,11.72,0.6636,0.0000,0.00,4554.0000
621,1791442153204,A,hyperliquid,kPEPE,CANCEL,BUY,0.00402000,2487.25282925,2.49,0.5363,0.0000,0.00,1117986.0000
622,1791442153204,A,hyperliquid,kPEPE,PLACE,BUY,0.00402000,2487.25282925,2.49,0.5363,0.0000,0.00,2097604.0000
623,1791442153204,A,hyperliquid,kPEPE,CANCEL,SELL,0.00402100,2487.25282925,2.49,0.5363,0.0000,0.00,880571.0000
624,1791442153204,A,hyperliquid,kPEPE,PLACE,SELL,0.00402100,2487.25282925,2.49,0.5363,0.0000,0.00,12431.0000
625,1791442158564,A,hyperliquid,MINA,CANCEL,BUY,0.08782600,113.79477113,11.72,0.9075,0.0000,0.00,4554.0000
626,1791442158564,A,hyperliquid,MINA,PLACE,BUY,0.08777700,113.85177637,12.87,0.9075,0.0000,0.00,18797.0000
627,1791442158564,A,hyperliquid,MINA,CANCEL,SELL,0.08792900,113.79477113,11.72,0.9075,0.0000,0.00,4549.0000
628,1791442158564,A,hyperliquid,MINA,PLACE,SELL,0.08789000,113.85177637,12.87,0.9075,0.0000,0.00,493.0000
629,1791442158564,B,hyperliquid,MINA,CANCEL,BUY,0.08782600,113.79477113,11.72,0.9075,0.0000,0.00,4554.0000
630,1791442158564,B,hyperliquid,MINA,PLACE,BUY,0.08777700,113.85177637,12.87,0.9075,0.0000,0.00,18797.0000
631,1791442158564,C,hyperliquid,MINA,CANCEL,BUY,0.08782600,113.79477113,11.72,0.9075,0.0000,0.00,4554.0000
632,1791442158564,C,hyperliquid,MINA,PLACE,BUY,0.08777700,113.85177637,12.87,0.9075,0.0000,0.00,18797.0000
633,1791442158567,A,hyperliquid,kPEPE,CANCEL,BUY,0.00402000,2487.25282925,2.49,0.4318,6511.0000,0.00,2078666.0000
634,1791442158567,A,hyperliquid,kPEPE,PLACE,BUY,0.00402000,2486.94354638,4.97,0.4318,6511.0000,0.00,2327584.0000
635,1791442158567,A,hyperliquid,kPEPE,CANCEL,SELL,0.00402100,2487.25282925,2.49,0.4318,0.0000,0.00,12431.0000
636,1791442158567,A,hyperliquid,kPEPE,PLACE,SELL,0.00402200,2486.94354638,4.97,0.4318,0.0000,0.00,6478821.0000
637,1791442163731,A,hyperliquid,MINA,CANCEL,BUY,0.08777700,113.85177637,12.87,0.8269,0.0000,0.00,18797.0000
638,1791442163731,A,hyperliquid,MINA,PLACE,BUY,0.08781800,113.83622382,6.26,0.8269,0.0000,0.00,4555.0000
639,1791442163731,A,hyperliquid,MINA,CANCEL,SELL,0.08789000,113.85177637,12.87,0.8269,0.0000,0.00,493.0000
640,1791442163731,A,hyperliquid,MINA,PLACE,SELL,0.08787300,113.83622382,6.26,0.8269,0.0000,0.00,493.0000
641,1791442163731,B,hyperliquid,MINA,CANCEL,BUY,0.08777700,113.85177637,12.87,0.8269,0.0000,0.00,18797.0000
642,1791442163731,B,hyperliquid,MINA,PLACE,BUY,0.08781800,113.83622382,6.26,0.8269,0.0000,0.00,4555.0000
643,1791442163731,C,hyperliquid,MINA,CANCEL,BUY,0.08777700,113.85177637,12.87,0.8269,0.0000,0.00,18797.0000
644,1791442163731,C,hyperliquid,MINA,PLACE,BUY,0.08781800,113.83622382,6.26,0.8269,0.0000,0.00,4555.0000
645,1791442163868,A,hyperliquid,PENGU,PLACE,BUY,0.00859000,1164.00884647,2.33,0.3502,0.0000,0.00,9491.0000
646,1791442163868,A,hyperliquid,PENGU,PLACE,SELL,0.00859200,1164.00884647,2.33,0.3502,0.0000,0.00,76846.0000
647,1791442163868,B,hyperliquid,PENGU,PLACE,SELL,0.00859200,1164.00884647,2.33,0.3502,0.0000,0.00,76846.0000
648,1791442163868,C,hyperliquid,PENGU,PLACE,SELL,0.00859200,1164.00884647,2.33,0.3502,0.0000,0.00,76846.0000
649,1791442163870,A,hyperliquid,kPEPE,CANCEL,BUY,0.00402000,2486.94354638,4.97,0.4021,7134.0000,0.00,2327584.0000
650,1791442163870,A,hyperliquid,kPEPE,PLACE,BUY,0.00402100,2486.63434042,2.49,0.4021,7134.0000,0.00,1103730.0000
651,1791442163870,A,hyperliquid,kPEPE,CANCEL,SELL,0.00402200,2486.94354638,4.97,0.4021,0.0000,0.00,6478821.0000
652,1791442163870,A,hyperliquid,kPEPE,PLACE,SELL,0.00402200,2486.63434042,2.49,0.4021,0.0000,0.00,487136.0000
653,1791442169074,A,hyperliquid,CASHCAT,PLACE,BUY,0.12144000,82.30452675,9.88,0.5034,88.0000,0.00,1473.0000
654,1791442169074,A,hyperliquid,CASHCAT,PLACE,SELL,0.12156000,82.30452675,9.88,0.5034,0.0000,0.00,1415.0000
655,1791442169076,A,hyperliquid,MINA,CANCEL,BUY,0.08781800,113.83622382,6.26,0.7699,0.0000,0.00,4555.0000
656,1791442169076,A,hyperliquid,MINA,PLACE,BUY,0.08782100,113.83104059,6.49,0.7699,0.0000,0.00,4555.0000
657,1791442169076,A,hyperliquid,MINA,CANCEL,SELL,0.08787300,113.83622382,6.26,0.7699,0.0000,0.00,493.0000
658,1791442169076,A,hyperliquid,MINA,PLACE,SELL,0.08787800,113.83104059,6.49,0.7699,0.0000,0.00,4552.0000
659,1791442169076,B,hyperliquid,MINA,CANCEL,BUY,0.08781800,113.83622382,6.26,0.7699,0.0000,0.00,4555.0000
660,1791442169076,B,hyperliquid,MINA,PLACE,BUY,0.08782100,113.83104059,6.49,0.7699,0.0000,0.00,4555.0000
661,1791442169076,C,hyperliquid,MINA,CANCEL,BUY,0.08781800,113.83622382,6.26,0.7699,0.0000,0.00,4555.0000
662,1791442169076,C,hyperliquid,MINA,PLACE,BUY,0.08782100,113.83104059,6.49,0.7699,0.0000,0.00,4555.0000
663,1791442169209,A,hyperliquid,kPEPE,CANCEL,BUY,0.00402100,2486.63434042,2.49,0.5273,12020.0000,0.00,1091710.0000
664,1791442169209,A,hyperliquid,kPEPE,PLACE,BUY,0.00402100,2486.63434042,2.49,0.5273,12020.0000,0.00,2625837.0000
665,1791442169209,A,hyperliquid,kPEPE,CANCEL,SELL,0.00402200,2486.63434042,2.49,0.5273,0.0000,0.00,487136.0000
666,1791442169209,A,hyperliquid,kPEPE,PLACE,SELL,0.00402200,2486.63434042,2.49,0.5273,0.0000,0.00,21240.0000
667,1791442174716,A,hyperliquid,CASHCAT,CANCEL,BUY,0.12144000,82.30452675,9.88,0.6179,0.0000,0.00,1473.0000
668,1791442174716,A,hyperliquid,CASHCAT,PLACE,BUY,0.12148000,82.30113987,4.12,0.6179,0.0000,0.00,107.0000
669,1791442174716,A,hyperliquid,CASHCAT,CANCEL,SELL,0.12156000,82.30452675,9.88,0.6179,0.0000,0.00,1415.0000
670,1791442174716,A,hyperliquid,CASHCAT,PLACE,SELL,0.12153000,82.30113987,4.12,0.6179,0.0000,0.00,822.0000
671,1791442174716,B,hyperliquid,CASHCAT,PLACE,BUY,0.12148000,82.30113987,4.12,0.6179,0.0000,0.00,107.0000
672,1791442174716,C,hyperliquid,CASHCAT,PLACE,BUY,0.12148000,82.30113987,4.12,0.6179,0.0000,0.00,107.0000
673,1791442174766,A,hyperliquid,MINA,CANCEL,BUY,0.08782100,113.83104059,6.49,0.7268,0.0000,0.00,4555.0000
674,1791442174766,A,hyperliquid,MINA,PLACE,BUY,0.08780900,113.84335155,7.06,0.7268,0.0000,0.00,493.0000
675,1791442174766,A,hyperliquid,MINA,CANCEL,SELL,0.08787800,113.83104059,6.49,0.7268,0.0000,0.00,4552.0000
676,1791442174766,A,hyperliquid,MINA,PLACE,SELL,0.08787100,113.84335155,7.06,0.7268,0.0000,0.00,369.0000
677,1791442174766,B,hyperliquid,MINA,CANCEL,BUY,0.08782100,113.83104059,6.49,0.7268,0.0000,0.00,4555.0000
678,1791442174766,B,hyperliquid,MINA,PLACE,BUY,0.08780900,113.84335155,7.06,0.7268,0.0000,0.00,493.0000
679,1791442174766,C,hyperliquid,MINA,CANCEL,BUY,0.08782100,113.83104059,6.49,0.7268,0.0000,0.00,4555.0000
680,1791442174766,C,hyperliquid,MINA,PLACE,BUY,0.08780900,113.84335155,7.06,0.7268,0.0000,0.00,493.0000
681,1791442174770,A,hyperliquid,PENGU,PLACE,BUY,0.00859200,1163.73792622,2.33,0.3713,0.0000,0.00,18984.0000
682,1791442174770,A,hyperliquid,PENGU,PLACE,SELL,0.00859400,1163.73792622,2.33,0.3713,0.0000,0.00,122999.0000
683,1791442174770,B,hyperliquid,PENGU,PLACE,SELL,0.00859400,1163.73792622,2.33,0.3713,0.0000,0.00,122999.0000
684,1791442174770,C,hyperliquid,PENGU,PLACE,SELL,0.00859400,1163.73792622,2.33,0.3713,0.0000,0.00,122999.0000
685,1791442174850,A,hyperliquid,kPEPE,CANCEL,BUY,0.00402100,2486.63434042,2.49,0.5247,0.0000,0.00,2617309.0000
686,1791442174850,A,hyperliquid,kPEPE,PLACE,BUY,0.00402100,2486.63434042,2.49,0.5247,0.0000,0.00,2494960.0000
687,1791442174850,A,hyperliquid,kPEPE,CANCEL,SELL,0.00402200,2486.63434042,2.49,0.5247,0.0000,0.00,21240.0000
688,1791442174850,A,hyperliquid,kPEPE,PLACE,SELL,0.00402200,2486.63434042,2.49,0.5247,0.0000,0.00,21240.0000
689,1791442180033,A,hyperliquid,CASHCAT,CANCEL,BUY,0.12148000,82.30113987,4.12,0.5464,0.0000,0.00,107.0000
690,1791442180033,A,hyperliquid,CASHCAT,PLACE,BUY,0.12148000,82.29775327,4.94,0.5464,0.0000,0.00,107.0000
691,1791442180033,A,hyperliquid,CASHCAT,CANCEL,SELL,0.12153000,82.30113987,4.12,0.5464,0.0000,0.00,822.0000
692,1791442180033,A,hyperliquid,CASHCAT,PLACE,SELL,0.12154000,82.29775327,4.94,0.5464,0.0000,0.00,822.0000
693,1791442180036,A,hyperliquid,MINA,CANCEL,BUY,0.08780900,113.84335155,7.06,0.7812,0.0000,0.00,493.0000
694,1791442180036,A,hyperliquid,MINA,PLACE,BUY,0.08781700,113.83298425,7.06,0.7812,0.0000,0.00,493.0000
695,1791442180036,A,hyperliquid,MINA,CANCEL,SELL,0.08787100,113.84335155,7.06,0.7812,0.0000,0.00,369.0000
696,1791442180036,A,hyperliquid,MINA,PLACE,SELL,0.08787900,113.83298425,7.06,0.7812,0.0000,0.00,4552.0000
697,1791442180036,B,hyperliquid,MINA,CANCEL,BUY,0.08780900,113.84335155,7.06,0.7812,0.0000,0.00,493.0000
698,1791442180036,B,hyperliquid,MINA,PLACE,BUY,0.08781700,113.83298425,7.06,0.7812,0.0000,0.00,493.0000
699,1791442180036,C,hyperliquid,MINA,CANCEL,BUY,0.08780900,113.84335155,7.06,0.7812,0.0000,0.00,493.0000
700,1791442180036,C,hyperliquid,MINA,PLACE,BUY,0.08781700,113.83298425,7.06,0.7812,0.0000,0.00,493.0000
701,1791442180169,A,hyperliquid,kPEPE,CANCEL,BUY,0.00402100,2486.63434042,2.49,0.3946,0.0000,0.00,2485234.0000
702,1791442180169,A,hyperliquid,kPEPE,PLACE,BUY,0.00402200,2485.70718369,4.97,0.3946,0.0000,0.00,2104077.0000
703,1791442180169,A,hyperliquid,kPEPE,CANCEL,SELL,0.00402200,2486.63434042,2.49,0.3946,0.0000,0.00,2898.0000
704,1791442180169,A,hyperliquid,kPEPE,PLACE,SELL,0.00402400,2485.70718369,4.97,0.3946,0.0000,0.00,4055295.0000
705,1791442180169,B,hyperliquid,kPEPE,PLACE,SELL,0.00402400,2485.70718369,4.97,0.3946,0.0000,0.00,4055295.0000
706,1791442180169,C,hyperliquid,kPEPE,PLACE,SELL,0.00402400,2485.70718369,4.97,0.3946,0.0000,0.00,4055295.0000
707,1791442185454,A,hyperliquid,CASHCAT,CANCEL,BUY,0.12148000,82.29775327,4.94,0.5554,0.0000,0.00,107.0000
708,1791442185454,A,hyperliquid,CASHCAT,PLACE,BUY,0.12148000,82.29436695,5.76,0.5554,0.0000,0.00,105.0000
709,1791442185454,A,hyperliquid,CASHCAT,CANCEL,SELL,0.12154000,82.29775327,4.94,0.5554,0.0000,0.00,822.0000
710,1791442185454,A,hyperliquid,CASHCAT,PLACE,SELL,0.12155000,82.29436695,5.76,0.5554,0.0000,0.00,2489.0000
711,1791442185456,A,hyperliquid,FARTCOIN,PLACE,BUY,0.15964000,62.63113394,3.13,0.7317,0.0000,0.00,2505.6000
712,1791442185456,A,hyperliquid,FARTCOIN,PLACE,SELL,0.15969000,62.63113394,3.13,0.7317,3129.1000,0.00,4269.0000
713,1791442185456,B,hyperliquid,FARTCOIN,PLACE,BUY,0.15964000,62.63113394,3.13,0.7317,0.0000,0.00,2505.6000
714,1791442185456,C,hyperliquid,FARTCOIN,PLACE,BUY,0.15964000,62.63113394,3.13,0.7317,0.0000,0.00,2505.6000
715,1791442185457,A,hyperliquid,MINA,CANCEL,BUY,0.08781700,113.83298425,7.06,0.2476,0.0000,0.00,493.0000
716,1791442185457,A,hyperliquid,MINA,PLACE,BUY,0.08779400,113.84594367,10.02,0.2476,0.0000,0.00,4556.0000
717,1791442185457,A,hyperliquid,MINA,CANCEL,SELL,0.08787900,113.83298425,7.06,0.2476,0.0000,0.00,4552.0000
718,1791442185457,A,hyperliquid,MINA,PLACE,SELL,0.08788200,113.84594367,10.02,0.2476,0.0000,0.00,493.0000
719,1791442185457,B,hyperliquid,MINA,PLACE,SELL,0.08788200,113.84594367,10.02,0.2476,0.0000,0.00,493.0000
720,1791442185457,C,hyperliquid,MINA,PLACE,SELL,0.08788200,113.84594367,10.02,0.2476,0.0000,0.00,493.0000
721,1791442185589,A,hyperliquid,kPEPE,CANCEL,BUY,0.00402200,2485.70718369,4.97,0.4140,0.0000,0.00,2063357.0000
722,1791442185589,A,hyperliquid,kPEPE,PLACE,BUY,0.00402200,2485.70718369,4.97,0.4140,0.0000,0.00,2312152.0000
723,1791442185589,A,hyperliquid,kPEPE,CANCEL,SELL,0.00402400,2485.70718369,4.97,0.4140,0.0000,0.00,4055295.0000
724,1791442185589,A,hyperliquid,kPEPE,PLACE,SELL,0.00402400,2485.70718369,4.97,0.4140,0.0000,0.00,3094020.0000
725,1791442190757,A,hyperliquid,CASHCAT,CANCEL,BUY,0.12148000,82.29436695,5.76,0.5201,0.0000,0.00,105.0000
726,1791442190757,A,hyperliquid,CASHCAT,PLACE,BUY,0.12153000,82.27405488,2.47,0.5201,0.0000,0.00,1562.0000
727,1791442190757,A,hyperliquid,CASHCAT,CANCEL,SELL,0.12155000,82.29436695,5.76,0.5201,0.0000,0.00,829.0000
728,1791442190757,A,hyperliquid,CASHCAT,PLACE,SELL,0.12156000,82.27405488,2.47,0.5201,0.0000,0.00,119.0000
729,1791442190759,A,hyperliquid,FARTCOIN,CANCEL,BUY,0.15964000,62.63113394,3.13,0.6884,0.0000,0.00,2505.6000
730,1791442190759,A,hyperliquid,FARTCOIN,PLACE,BUY,0.15965000,62.62721152,3.13,0.6884,0.0000,0.00,966.9000
731,1791442190759,A,hyperliquid,FARTCOIN,CANCEL,SELL,0.15969000,62.63113394,3.13,0.6884,0.0000,0.00,4269.0000
732,1791442190759,A,hyperliquid,FARTCOIN,PLACE,SELL,0.15970000,62.62721152,3.13,0.6884,0.0000,0.00,442.3000
733,1791442190759,B,hyperliquid,FARTCOIN,CANCEL,BUY,0.15964000,62.63113394,3.13,0.6884,0.0000,0.00,2505.6000
734,1791442190759,B,hyperliquid,FARTCOIN,PLACE,BUY,0.15965000,62.62721152,3.13,0.6884,0.0000,0.00,966.9000
735,1791442190759,C,hyperliquid,FARTCOIN,CANCEL,BUY,0.15964000,62.63113394,3.13,0.6884,0.0000,0.00,2505.6000
736,1791442190759,C,hyperliquid,FARTCOIN,PLACE,BUY,0.15965000,62.62721152,3.13,0.6884,0.0000,0.00,966.9000
737,1791442190761,A,hyperliquid,LIT,PLACE,BUY,3.55790000,2.81021231,3.09,0.8338,0.0000,0.00,254.0000
738,1791442190761,A,hyperliquid,LIT,PLACE,SELL,3.55900000,2.81021231,3.09,0.8338,0.0000,0.00,28.0000
739,1791442190761,B,hyperliquid,LIT,PLACE,BUY,3.55790000,2.81021231,3.09,0.8338,0.0000,0.00,254.0000
740,1791442190761,C,hyperliquid,LIT,PLACE,BUY,3.55790000,2.81021231,3.09,0.8338,0.0000,0.00,254.0000
741,1791442190815,A,hyperliquid,MINA,CANCEL,BUY,0.08779400,113.84594367,10.02,0.1873,0.0000,0.00,4556.0000
742,1791442190815,A,hyperliquid,MINA,PLACE,BUY,0.08780200,113.84075955,9.11,0.1873,0.0000,0.00,493.0000
743,1791442190815,A,hyperliquid,MINA,CANCEL,SELL,0.08788200,113.84594367,10.02,0.1873,0.0000,0.00,493.0000
744,1791442190815,A,hyperliquid,MINA,PLACE,SELL,0.08788200,113.84075955,9.11,0.1873,0.0000,0.00,493.0000
745,1791442190815,B,hyperliquid,MINA,CANCEL,SELL,0.08788200,113.84594367,10.02,0.1873,0.0000,0.00,493.0000
746,1791442190815,B,hyperliquid,MINA,PLACE,SELL,0.08788200,113.84075955,9.11,0.1873,0.0000,0.00,493.0000
747,1791442190815,C,hyperliquid,MINA,CANCEL,SELL,0.08788200,113.84594367,10.02,0.1873,0.0000,0.00,493.0000
748,1791442190815,C,hyperliquid,MINA,PLACE,SELL,0.08788200,113.84075955,9.11,0.1873,0.0000,0.00,493.0000
749,1791442190892,A,hyperliquid,kPEPE,CANCEL,BUY,0.00402200,2485.70718369,4.97,0.5078,0.0000,0.00,2180371.0000
750,1791442190892,A,hyperliquid,kPEPE,PLACE,BUY,0.00402200,2486.01615911,2.49,0.5078,0.0000,0.00,1652617.0000
751,1791442190892,A,hyperliquid,kPEPE,CANCEL,SELL,0.00402400,2485.70718369,4.97,0.5078,0.0000,0.00,3094020.0000
752,1791442190892,A,hyperliquid,kPEPE,PLACE,SELL,0.00402300,2486.01615911,2.49,0.5078,0.0000,0.00,245100.0000
753,1791442196150,A,hyperliquid,CASHCAT,PLACE,BUY,0.12148000,82.29098091,6.58,0.3235,0.0000,0.00,103.0000
754,1791442196150,A,hyperliquid,CASHCAT,CANCEL,SELL,0.12156000,82.27405488,2.47,0.3235,0.0000,0.00,119.0000
755,1791442196150,A,hyperliquid,CASHCAT,PLACE,SELL,0.12156000,82.29098091,6.58,0.3235,0.0000,0.00,119.0000
756,1791442196150,B,hyperliquid,CASHCAT,PLACE,SELL,0.12156000,82.29098091,6.58,0.3235,0.0000,0.00,119.0000
757,1791442196150,C,hyperliquid,CASHCAT,PLACE,SELL,0.12156000,82.29098091,6.58,0.3235,0.0000,0.00,119.0000
758,1791442196152,A,hyperliquid,FARTCOIN,CANCEL,BUY,0.15965000,62.62721152,3.13,0.8637,0.0000,0.00,966.9000
759,1791442196152,A,hyperliquid,FARTCOIN,PLACE,BUY,0.15964000,62.63113394,3.13,0.8637,0.0000,0.00,11312.5000
760,1791442196152,A,hyperliquid,FARTCOIN,CANCEL,SELL,0.15970000,62.62721152,3.13,0.8637,0.0000,0.00,442.3000
761,1791442196152,A,hyperliquid,FARTCOIN,PLACE,SELL,0.15969000,62.63113394,3.13,0.8637,0.0000,0.00,548.7000
762,1791442196152,B,hyperliquid,FARTCOIN,CANCEL,BUY,0.15965000,62.62721152,3.13,0.8637,0.0000,0.00,966.9000
763,1791442196152,B,hyperliquid,FARTCOIN,PLACE,BUY,0.15964000,62.63113394,3.13,0.8637,0.0000,0.00,11312.5000
764,1791442196152,C,hyperliquid,FARTCOIN,CANCEL,BUY,0.15965000,62.62721152,3.13,0.8637,0.0000,0.00,966.9000
765,1791442196152,C,hyperliquid,FARTCOIN,PLACE,BUY,0.15964000,62.63113394,3.13,0.8637,0.0000,0.00,11312.5000
766,1791442196155,A,hyperliquid,LIT,CANCEL,BUY,3.55790000,2.81021231,3.09,0.4496,0.0000,0.00,254.0000
767,1791442196155,A,hyperliquid,LIT,PLACE,BUY,3.55830000,2.80997541,2.53,0.4496,0.0000,0.00,99.0000
768,1791442196155,A,hyperliquid,LIT,CANCEL,SELL,3.55900000,2.81021231,3.09,0.4496,0.0000,0.00,28.0000
769,1791442196155,A,hyperliquid,LIT,PLACE,SELL,3.55920000,2.80997541,2.53,0.4496,0.0000,0.00,32.0000
770,1791442196156,A,hyperliquid,MINA,CANCEL,BUY,0.08780200,113.84075955,9.11,0.4228,0.0000,0.00,493.0000
771,1791442196156,A,hyperliquid,MINA,PLACE,BUY,0.08782100,113.82909699,6.83,0.4228,0.0000,0.00,493.0000
772,1791442196156,A,hyperliquid,MINA,CANCEL,SELL,0.08788200,113.84075955,9.11,0.4228,0.0000,0.00,493.0000
773,1791442196156,A,hyperliquid,MINA,PLACE,SELL,0.08788100,113.82909699,6.83,0.4228,0.0000,0.00,4552.0000
774,1791442196285,A,hyperliquid,kPEPE,CANCEL,BUY,0.00402200,2486.01615911,2.49,0.5008,0.0000,0.00,1646117.0000
775,1791442196285,A,hyperliquid,kPEPE,PLACE,BUY,0.00402200,2486.01615911,2.49,0.5008,0.0000,0.00,1646117.0000
776,1791442196285,A,hyperliquid,kPEPE,CANCEL,SELL,0.00402300,2486.01615911,2.49,0.5008,0.0000,0.00,245100.0000
777,1791442196285,A,hyperliquid,kPEPE,PLACE,SELL,0.00402300,2486.01615911,2.49,0.5008,0.0000,0.00,308894.0000
778,1791442201587,A,hyperliquid,CASHCAT,CANCEL,BUY,0.12148000,82.29098091,6.58,0.6480,0.0000,0.00,103.0000
779,1791442201587,A,hyperliquid,CASHCAT,PLACE,BUY,0.12148000,82.29098091,6.58,0.6480,0.0000,0.00,103.0000
780,1791442201587,A,hyperliquid,CASHCAT,CANCEL,SELL,0.12156000,82.29098091,6.58,0.6480,0.0000,0.00,119.0000
781,1791442201587,A,hyperliquid,CASHCAT,PLACE,SELL,0.12156000,82.29098091,6.58,0.6480,0.0000,0.00,119.0000
782,1791442201587,B,hyperliquid,CASHCAT,PLACE,BUY,0.12148000,82.29098091,6.58,0.6480,0.0000,0.00,103.0000
783,1791442201587,C,hyperliquid,CASHCAT,PLACE,BUY,0.12148000,82.29098091,6.58,0.6480,0.0000,0.00,103.0000
784,1791442201589,A,hyperliquid,FARTCOIN,CANCEL,BUY,0.15964000,62.63113394,3.13,0.8011,0.0000,0.00,11210.0000
785,1791442201589,A,hyperliquid,FARTCOIN,PLACE,BUY,0.15966000,62.62525050,2.51,0.8011,0.0000,0.00,697.8000
786,1791442201589,A,hyperliquid,FARTCOIN,CANCEL,SELL,0.15969000,62.63113394,3.13,0.8011,0.0000,0.00,548.7000
787,1791442201589,A,hyperliquid,FARTCOIN,PLACE,SELL,0.15970000,62.62525050,2.51,0.8011,0.0000,0.00,1154.9000
788,1791442201589,B,hyperliquid,FARTCOIN,CANCEL,BUY,0.15964000,62.63113394,3.13,0.8011,0.0000,0.00,11210.0000
789,1791442201589,B,hyperliquid,FARTCOIN,PLACE,BUY,0.15966000,62.62525050,2.51,0.8011,0.0000,0.00,697.8000
790,1791442201589,C,hyperliquid,FARTCOIN,CANCEL,BUY,0.15964000,62.63113394,3.13,0.8011,0.0000,0.00,11210.0000
791,1791442201589,C,hyperliquid,FARTCOIN,PLACE,BUY,0.15966000,62.62525050,2.51,0.8011,0.0000,0.00,697.8000
792,1791442201592,A,hyperliquid,MINA,CANCEL,BUY,0.08782100,113.82909699,6.83,0.7410,0.0000,0.00,493.0000
793,1791442201592,A,hyperliquid,MINA,PLACE,BUY,0.08780900,113.85372074,5.24,0.7410,0.0000,0.00,4555.0000
794,1791442201592,A,hyperliquid,MINA,CANCEL,SELL,0.08788100,113.82909699,6.83,0.7410,0.0000,0.00,4552.0000
795,1791442201592,A,hyperliquid,MINA,PLACE,SELL,0.08785500,113.85372074,5.24,0.7410,0.0000,0.00,4553.0000
796,1791442201592,B,hyperliquid,MINA,PLACE,BUY,0.08780900,113.85372074,5.24,0.7410,0.0000,0.00,4555.0000
797,1791442201592,C,hyperliquid,MINA,PLACE,BUY,0.08780900,113.85372074,5.24,0.7410,0.0000,0.00,4555.0000
798,1791442201722,A,hyperliquid,kPEPE,CANCEL,BUY,0.00402200,2486.01615911,2.49,0.4280,0.0000,0.00,1646117.0000
799,1791442201722,A,hyperliquid,kPEPE,PLACE,BUY,0.00402200,2485.70718369,4.97,0.4280,0.0000,0.00,1646117.0000
800,1791442201722,A,hyperliquid,kPEPE,CANCEL,SELL,0.00402300,2486.01615911,2.49,0.4280,0.0000,0.00,308894.0000
801,1791442201722,A,hyperliquid,kPEPE,PLACE,SELL,0.00402400,2485.70718369,4.97,0.4280,0.0000,0.00,2189352.0000
802,1791442206963,A,hyperliquid,CASHCAT,CANCEL,BUY,0.12148000,82.29098091,6.58,0.1971,0.0000,0.00,103.0000
803,1791442206963,A,hyperliquid,CASHCAT,PLACE,BUY,0.12156000,82.25037013,3.29,0.1971,0.0000,0.00,114.0000
804,1791442206963,A,hyperliquid,CASHCAT,CANCEL,SELL,0.12156000,82.29098091,6.58,0.1971,0.0000,0.00,119.0000
805,1791442206963,A,hyperliquid,CASHCAT,PLACE,SELL,0.12160000,82.25037013,3.29,0.1971,0.0000,0.00,6195.0000
806,1791442206963,B,hyperliquid,CASHCAT,PLACE,SELL,0.12160000,82.25037013,3.29,0.1971,0.0000,0.00,6195.0000
807,1791442206963,C,hyperliquid,CASHCAT,PLACE,SELL,0.12160000,82.25037013,3.29,0.1971,0.0000,0.00,6195.0000
808,1791442206965,A,hyperliquid,MINA,CANCEL,BUY,0.08780900,113.85372074,5.24,0.8757,0.0000,0.00,4555.0000
809,1791442206965,A,hyperliquid,MINA,PLACE,BUY,0.08773100,113.92181546,11.05,0.8757,0.0000,0.00,3415.0000
810,1791442206965,A,hyperliquid,MINA,CANCEL,SELL,0.08785500,113.85372074,5.24,0.8757,0.0000,0.00,4553.0000
811,1791442206965,A,hyperliquid,MINA,PLACE,SELL,0.08782800,113.92181546,11.05,0.8757,0.0000,0.00,493.0000
812,1791442206965,B,hyperliquid,MINA,CANCEL,BUY,0.08780900,113.85372074,5.24,0.8757,0.0000,0.00,4555.0000
813,1791442206965,B,hyperliquid,MINA,PLACE,BUY,0.08773100,113.92181546,11.05,0.8757,0.0000,0.00,3415.0000
814,1791442206965,C,hyperliquid,MINA,CANCEL,BUY,0.08780900,113.85372074,5.24,0.8757,0.0000,0.00,4555.0000
815,1791442206965,C,hyperliquid,MINA,PLACE,BUY,0.08773100,113.92181546,11.05,0.8757,0.0000,0.00,3415.0000
816,1791442207098,A,hyperliquid,VVV,PLACE,BUY,24.96200000,0.40054474,3.20,0.8263,6.5800,0.00,5.0000
817,1791442207098,A,hyperliquid,VVV,PLACE,SELL,24.97000000,0.40054474,3.20,0.8263,0.0000,0.00,20.0200
818,1791442207098,B,hyperliquid,VVV,PLACE,BUY,24.96200000,0.40054474,3.20,0.8263,6.5800,0.00,5.0000
819,1791442207098,C,hyperliquid,VVV,PLACE,BUY,24.96200000,0.40054474,3.20,0.8263,6.5800,0.00,5.0000
820,1791442207099,A,hyperliquid,kPEPE,CANCEL,BUY,0.00402200,2485.70718369,4.97,0.4817,0.0000,0.00,1646117.0000
821,1791442207099,A,hyperliquid,kPEPE,PLACE,BUY,0.00402300,2485.39828508,2.49,0.4817,0.0000,0.00,1423512.0000
822,1791442207099,A,hyperliquid,kPEPE,CANCEL,SELL,0.00402400,2485.70718369,4.97,0.4817,0.0000,0.00,2189352.0000
823,1791442207099,A,hyperliquid,kPEPE,PLACE,SELL,0.00402400,2485.39828508,2.49,0.4817,0.0000,0.00,279667.0000
824,1791442212337,A,hyperliquid,CASHCAT,CANCEL,BUY,0.12156000,82.25037013,3.29,0.3957,0.0000,0.00,0.0000
825,1791442212337,A,hyperliquid,CASHCAT,PLACE,BUY,0.12149000,82.28759515,5.76,0.3957,0.0000,0.00,823.0000
826,1791442212337,A,hyperliquid,CASHCAT,CANCEL,SELL,0.12160000,82.25037013,3.29,0.3957,0.0000,0.00,6195.0000
827,1791442212337,A,hyperliquid,CASHCAT,PLACE,SELL,0.12156000,82.28759515,5.76,0.3957,0.0000,0.00,311.0000
828,1791442212337,B,hyperliquid,CASHCAT,CANCEL,SELL,0.12160000,82.25037013,3.29,0.3957,0.0000,0.00,6195.0000
829,1791442212337,B,hyperliquid,CASHCAT,PLACE,SELL,0.12156000,82.28759515,5.76,0.3957,0.0000,0.00,311.0000
830,1791442212337,C,hyperliquid,CASHCAT,CANCEL,SELL,0.12160000,82.25037013,3.29,0.3957,0.0000,0.00,6195.0000
831,1791442212337,C,hyperliquid,CASHCAT,PLACE,SELL,0.12156000,82.28759515,5.76,0.3957,0.0000,0.00,311.0000
832,1791442212340,A,hyperliquid,LIT,PLACE,BUY,3.56040000,2.80831824,2.53,0.2083,0.0000,0.00,59.0000
833,1791442212340,A,hyperliquid,LIT,PLACE,SELL,3.56130000,2.80831824,2.53,0.2083,0.0000,0.00,32.0000
834,1791442212340,B,hyperliquid,LIT,PLACE,SELL,3.56130000,2.80831824,2.53,0.2083,0.0000,0.00,32.0000
835,1791442212340,C,hyperliquid,LIT,PLACE,SELL,3.56130000,2.80831824,2.53,0.2083,0.0000,0.00,32.0000
836,1791442212342,A,hyperliquid,MINA,CANCEL,BUY,0.08773100,113.92181546,11.05,0.2522,0.0000,0.00,3415.0000
837,1791442212342,A,hyperliquid,MINA,PLACE,BUY,0.08787500,113.76111304,6.48,0.2522,0.0000,0.00,493.0000
838,1791442212342,A,hyperliquid,MINA,PLACE,SELL,0.08793200,113.76111304,6.48,0.2522,0.0000,0.00,4549.0000
839,1791442212342,B,hyperliquid,MINA,PLACE,SELL,0.08793200,113.76111304,6.48,0.2522,0.0000,0.00,4549.0000
840,1791442212342,C,hyperliquid,MINA,PLACE,SELL,0.08793200,113.76111304,6.48,0.2522,0.0000,0.00,4549.0000
841,1791442212472,A,hyperliquid,VVV,CANCEL,BUY,24.96200000,0.40054474,3.20,0.7154,0.0000,0.00,5.0000
842,1791442212472,A,hyperliquid,VVV,PLACE,BUY,24.96300000,0.40054474,2.40,0.7154,0.0000,0.00,6.4500
843,1791442212472,A,hyperliquid,VVV,CANCEL,SELL,24.97000000,0.40054474,3.20,0.7154,0.0000,0.00,20.0200
844,1791442212472,A,hyperliquid,VVV,PLACE,SELL,24.96900000,0.40054474,2.40,0.7154,0.0000,0.00,20.0200
845,1791442212472,B,hyperliquid,VVV,CANCEL,BUY,24.96200000,0.40054474,3.20,0.7154,0.0000,0.00,5.0000
846,1791442212472,B,hyperliquid,VVV,PLACE,BUY,24.96300000,0.40054474,2.40,0.7154,0.0000,0.00,6.4500
847,1791442212472,C,hyperliquid,VVV,CANCEL,BUY,24.96200000,0.40054474,3.20,0.7154,0.0000,0.00,5.0000
848,1791442212472,C,hyperliquid,VVV,PLACE,BUY,24.96300000,0.40054474,2.40,0.7154,0.0000,0.00,6.4500
849,1791442212475,A,hyperliquid,kPEPE,CANCEL,BUY,0.00402300,2485.39828508,2.49,0.5262,0.0000,0.00,1412727.0000
850,1791442212475,A,hyperliquid,kPEPE,PLACE,BUY,0.00402300,2485.39828508,2.49,0.5262,0.0000,0.00,2361460.0000
851,1791442212475,A,hyperliquid,kPEPE,CANCEL,SELL,0.00402400,2485.39828508,2.49,0.5262,0.0000,0.00,279667.0000
852,1791442212475,A,hyperliquid,kPEPE,PLACE,SELL,0.00402400,2485.39828508,2.49,0.5262,0.0000,0.00,12425.0000
853,1791442217689,A,hyperliquid,CASHCAT,CANCEL,BUY,0.12149000,82.28759515,5.76,0.5761,0.0000,0.00,823.0000
854,1791442217689,A,hyperliquid,CASHCAT,PLACE,BUY,0.12156000,82.24360556,4.93,0.5761,0.0000,0.00,103.0000
855,1791442217689,A,hyperliquid,CASHCAT,PLACE,SELL,0.12162000,82.24360556,4.93,0.5761,0.0000,0.00,561.0000
856,1791442217690,A,hyperliquid,LIT,CANCEL,BUY,3.56040000,2.80831824,2.53,0.1937,0.0000,0.00,59.0000
857,1791442217690,A,hyperliquid,LIT,PLACE,BUY,3.56170000,2.80725394,2.81,0.1937,0.0000,0.00,99.0000
858,1791442217690,A,hyperliquid,LIT,CANCEL,SELL,3.56130000,2.80831824,2.53,0.1937,0.0000,0.00,32.0000
859,1791442217690,A,hyperliquid,LIT,PLACE,SELL,3.56270000,2.80725394,2.81,0.1937,0.0000,0.00,112.0000
860,1791442217690,B,hyperliquid,LIT,CANCEL,SELL,3.56130000,2.80831824,2.53,0.1937,0.0000,0.00,32.0000
861,1791442217690,B,hyperliquid,LIT,PLACE,SELL,3.56270000,2.80725394,2.81,0.1937,0.0000,0.00,112.0000
862,1791442217690,C,hyperliquid,LIT,CANCEL,SELL,3.56130000,2.80831824,2.53,0.1937,0.0000,0.00,32.0000
863,1791442217690,C,hyperliquid,LIT,PLACE,SELL,3.56270000,2.80725394,2.81,0.1937,0.0000,0.00,112.0000
864,1791442217824,A,hyperliquid,VVV,CANCEL,BUY,24.96300000,0.40054474,2.40,0.7372,0.0000,0.00,6.4500
865,1791442217824,A,hyperliquid,VVV,PLACE,BUY,24.96300000,0.40054474,2.40,0.7372,0.0000,0.00,6.4500
866,1791442217824,A,hyperliquid,VVV,CANCEL,SELL,24.96900000,0.40054474,2.40,0.7372,0.0000,0.00,20.0200
867,1791442217824,A,hyperliquid,VVV,PLACE,SELL,24.96900000,0.40054474,2.40,0.7372,0.0000,0.00,20.0200
868,1791442217824,B,hyperliquid,VVV,CANCEL,BUY,24.96300000,0.40054474,2.40,0.7372,0.0000,0.00,6.4500
869,1791442217824,B,hyperliquid,VVV,PLACE,BUY,24.96300000,0.40054474,2.40,0.7372,0.0000,0.00,6.4500
870,1791442217824,C,hyperliquid,VVV,CANCEL,BUY,24.96300000,0.40054474,2.40,0.7372,0.0000,0.00,6.4500
871,1791442217824,C,hyperliquid,VVV,PLACE,BUY,24.96300000,0.40054474,2.40,0.7372,0.0000,0.00,6.4500
872,1791442217827,A,hyperliquid,kPEPE,CANCEL,BUY,0.00402300,2485.39828508,2.49,0.5261,0.0000,0.00,2351337.0000
873,1791442217827,A,hyperliquid,kPEPE,PLACE,BUY,0.00402300,2485.39828508,2.49,0.5261,0.0000,0.00,2351337.0000
874,1791442217827,A,hyperliquid,kPEPE,CANCEL,SELL,0.00402400,2485.39828508,2.49,0.5261,0.0000,0.00,12425.0000
875,1791442217827,A,hyperliquid,kPEPE,PLACE,SELL,0.00402400,2485.39828508,2.49,0.5261,0.0000,0.00,12425.0000
876,1791442223115,A,hyperliquid,CASHCAT,CANCEL,BUY,0.12156000,82.24360556,4.93,0.5314,0.0000,0.00,103.0000
877,1791442223115,A,hyperliquid,CASHCAT,PLACE,BUY,0.12158000,82.23684211,3.29,0.5314,0.0000,0.00,822.0000
878,1791442223115,A,hyperliquid,CASHCAT,CANCEL,SELL,0.12162000,82.24360556,4.93,0.5314,0.0000,0.00,561.0000
879,1791442223115,A,hyperliquid,CASHCAT,PLACE,SELL,0.12162000,82.23684211,3.29,0.5314,0.0000,0.00,561.0000
880,1791442223250,A,hyperliquid,VVV,CANCEL,BUY,24.96300000,0.40054474,2.40,0.7275,0.0000,0.00,6.4500
881,1791442223250,A,hyperliquid,VVV,PLACE,BUY,24.96300000,0.40055276,2.00,0.7275,0.0000,0.00,6.4500
882,1791442223250,A,hyperliquid,VVV,CANCEL,SELL,24.96900000,0.40054474,2.40,0.7275,0.0000,0.00,20.0200
883,1791442223250,A,hyperliquid,VVV,PLACE,SELL,24.96800000,0.40055276,2.00,0.7275,0.0000,0.00,1.8900
884,1791442223250,B,hyperliquid,VVV,CANCEL,BUY,24.96300000,0.40054474,2.40,0.7275,0.0000,0.00,6.4500
885,1791442223250,B,hyperliquid,VVV,PLACE,BUY,24.96300000,0.40055276,2.00,0.7275,0.0000,0.00,6.4500
886,1791442223250,C,hyperliquid,VVV,CANCEL,BUY,24.96300000,0.40054474,2.40,0.7275,0.0000,0.00,6.4500
887,1791442223250,C,hyperliquid,VVV,PLACE,BUY,24.96300000,0.40055276,2.00,0.7275,0.0000,0.00,6.4500
888,1791442223259,A,hyperliquid,kPEPE,CANCEL,BUY,0.00402300,2485.39828508,2.49,0.6025,0.0000,0.00,2340765.0000
889,1791442223259,A,hyperliquid,kPEPE,PLACE,BUY,0.00402300,2485.39828508,2.49,0.6025,0.0000,0.00,4984863.0000
890,1791442223259,A,hyperliquid,kPEPE,CANCEL,SELL,0.00402400,2485.39828508,2.49,0.6025,0.0000,0.00,12425.0000
891,1791442223259,A,hyperliquid,kPEPE,PLACE,SELL,0.00402400,2485.39828508,2.49,0.6025,0.0000,0.00,12425.0000
892,1791442223259,B,hyperliquid,kPEPE,PLACE,BUY,0.00402300,2485.39828508,2.49,0.6025,0.0000,0.00,4984863.0000
893,1791442223259,C,hyperliquid,kPEPE,PLACE,BUY,0.00402300,2485.39828508,2.49,0.6025,0.0000,0.00,4984863.0000
894,1791442228465,A,hyperliquid,AVAX,PLACE,BUY,10.84200000,0.92221146,2.77,0.6024,0.0000,0.00,1126.2600
895,1791442228465,A,hyperliquid,AVAX,PLACE,SELL,10.84500000,0.92221146,2.77,0.6024,0.0000,0.00,36.8800
896,1791442228465,B,hyperliquid,AVAX,PLACE,BUY,10.84200000,0.92221146,2.77,0.6024,0.0000,0.00,1126.2600
897,1791442228465,C,hyperliquid,AVAX,PLACE,BUY,10.84200000,0.92221146,2.77,0.6024,0.0000,0.00,1126.2600
898,1791442228467,A,hyperliquid,CASHCAT,PLACE,BUY,0.12150000,82.26390260,9.87,0.6230,0.0000,0.00,1624.0000
899,1791442228467,A,hyperliquid,CASHCAT,CANCEL,SELL,0.12162000,82.23684211,3.29,0.6230,0.0000,0.00,561.0000
900,1791442228467,A,hyperliquid,CASHCAT,PLACE,SELL,0.12162000,82.26390260,9.87,0.6230,0.0000,0.00,250.0000
901,1791442228467,B,hyperliquid,CASHCAT,PLACE,BUY,0.12150000,82.26390260,9.87,0.6230,0.0000,0.00,1624.0000
902,1791442228467,C,hyperliquid,CASHCAT,PLACE,BUY,0.12150000,82.26390260,9.87,0.6230,0.0000,0.00,1624.0000
903,1791442228469,A,hyperliquid,LIT,PLACE,BUY,3.56040000,2.80827881,2.81,0.5420,0.0000,0.00,284.0000
904,1791442228469,A,hyperliquid,LIT,PLACE,SELL,3.56140000,2.80827881,2.81,0.5420,0.0000,0.00,32.0000
905,1791442228599,A,hyperliquid,PENGU,PLACE,BUY,0.00859400,1163.46713205,2.33,0.4206,0.0000,0.00,22148.0000
906,1791442228599,A,hyperliquid,PENGU,PLACE,SELL,0.00859600,1163.46713205,2.33,0.4206,0.0000,0.00,73007.0000
907,1791442228601,A,hyperliquid,kPEPE,CANCEL,BUY,0.00402300,2485.39828508,2.49,0.4842,0.0000,0.00,4984863.0000
908,1791442228601,A,hyperliquid,kPEPE,PLACE,BUY,0.00402300,2485.08946322,4.97,0.4842,0.0000,0.00,2329592.0000
909,1791442228601,A,hyperliquid,kPEPE,CANCEL,SELL,0.00402400,2485.39828508,2.49,0.4842,0.0000,0.00,12425.0000
910,1791442228601,A,hyperliquid,kPEPE,PLACE,SELL,0.00402500,2485.08946322,4.97,0.4842,0.0000,0.00,3202948.0000
911,1791442233730,A,hyperliquid,CASHCAT,CANCEL,BUY,0.12150000,82.26390260,9.87,0.5573,103.0000,0.00,1624.0000
912,1791442233730,A,hyperliquid,CASHCAT,PLACE,BUY,0.12149000,82.28420966,6.58,0.5573,103.0000,0.00,823.0000
913,1791442233730,A,hyperliquid,CASHCAT,CANCEL,SELL,0.12162000,82.26390260,9.87,0.5573,0.0000,0.00,250.0000
914,1791442233730,A,hyperliquid,CASHCAT,PLACE,SELL,0.12157000,82.28420966,6.58,0.5573,0.0000,0.00,159.0000
915,1791442233864,A,hyperliquid,VVV,PLACE,BUY,24.96200000,0.40054474,3.20,0.4930,0.0000,0.00,14.3800
916,1791442233864,A,hyperliquid,VVV,PLACE,SELL,24.97000000,0.40054474,3.20,0.4930,0.0000,0.00,13.5700
917,1791442233866,A,hyperliquid,kPEPE,CANCEL,BUY,0.00402300,2485.08946322,4.97,0.5020,0.0000,0.00,2329592.0000
918,1791442233866,A,hyperliquid,kPEPE,PLACE,BUY,0.00402300,2485.08946322,4.97,0.5020,0.0000,0.00,2346116.0000
919,1791442233866,A,hyperliquid,kPEPE,CANCEL,SELL,0.00402500,2485.08946322,4.97,0.5020,0.0000,0.00,3202948.0000
920,1791442233866,A,hyperliquid,kPEPE,PLACE,SELL,0.00402500,2485.08946322,4.97,0.5020,0.0000,0.00,3354283.0000
921,1791442238806,A,hyperliquid,CRV,PLACE,BUY,0.39146000,25.54147936,3.06,0.4299,67.5000,0.00,699.1000
922,1791442238806,A,hyperliquid,CRV,PLACE,SELL,0.39158000,25.54147936,3.06,0.4299,0.0000,0.00,1021.5000
923,1791442238940,A,hyperliquid,VVV,CANCEL,BUY,24.96200000,0.40054474,3.20,0.8838,0.0000,0.00,14.3800
924,1791442238940,A,hyperliquid,VVV,PLACE,BUY,24.96200000,0.40056881,2.00,0.8838,0.0000,0.00,6.4500
925,1791442238940,A,hyperliquid,VVV,CANCEL,SELL,24.97000000,0.40054474,3.20,0.8838,0.0000,0.00,13.5700
926,1791442238940,A,hyperliquid,VVV,PLACE,SELL,24.96700000,0.40056881,2.00,0.8838,0.0000,0.00,1.6500
927,1791442238940,B,hyperliquid,VVV,PLACE,BUY,24.96200000,0.40056881,2.00,0.8838,0.0000,0.00,6.4500
928,1791442238940,C,hyperliquid,VVV,PLACE,BUY,24.96200000,0.40056881,2.00,0.8838,0.0000,0.00,6.4500
929,1791442238943,A,hyperliquid,kPEPE,CANCEL,BUY,0.00402300,2485.08946322,4.97,0.5056,0.0000,0.00,2332585.0000
930,1791442238943,A,hyperliquid,kPEPE,PLACE,BUY,0.00402300,2485.08946322,4.97,0.5056,0.0000,0.00,2332585.0000
931,1791442238943,A,hyperliquid,kPEPE,CANCEL,SELL,0.00402500,2485.08946322,4.97,0.5056,0.0000,0.00,3354283.0000
932,1791442238943,A,hyperliquid,kPEPE,PLACE,SELL,0.00402500,2485.08946322,4.97,0.5056,0.0000,0.00,3304865.0000
933,1791442243998,A,hyperliquid,CRV,CANCEL,BUY,0.39146000,25.54147936,3.06,0.2510,0.0000,0.00,699.1000
934,1791442243998,A,hyperliquid,CRV,PLACE,BUY,0.39153000,25.53789185,2.30,0.2510,0.0000,0.00,773.3000
935,1791442243998,A,hyperliquid,CRV,PLACE,SELL,0.39162000,25.53789185,2.30,0.2510,0.0000,0.00,2158.7000
936,1791442243998,B,hyperliquid,CRV,PLACE,SELL,0.39162000,25.53789185,2.30,0.2510,0.0000,0.00,2158.7000
937,1791442243998,C,hyperliquid,CRV,PLACE,SELL,0.39162000,25.53789185,2.30,0.2510,0.0000,0.00,2158.7000
938,1791442244133,A,hyperliquid,kPEPE,CANCEL,BUY,0.00402300,2485.08946322,4.97,0.5473,0.0000,0.00,2332585.0000
939,1791442244133,A,hyperliquid,kPEPE,PLACE,BUY,0.00402400,2484.78071810,2.48,0.5473,0.0000,0.00,1940727.0000
940,1791442244133,A,hyperliquid,kPEPE,CANCEL,SELL,0.00402500,2485.08946322,4.97,0.5473,0.0000,0.00,3304865.0000
941,1791442244133,A,hyperliquid,kPEPE,PLACE,SELL,0.00402500,2484.78071810,2.48,0.5473,0.0000,0.00,522010.0000
942,1791442249319,A,hyperliquid,PENGU,PLACE,BUY,0.00859400,1163.46713205,2.33,0.6398,0.0000,0.00,12656.0000
943,1791442249319,A,hyperliquid,PENGU,PLACE,SELL,0.00859600,1163.46713205,2.33,0.6398,0.0000,0.00,18472.0000
944,1791442249319,B,hyperliquid,PENGU,PLACE,BUY,0.00859400,1163.46713205,2.33,0.6398,0.0000,0.00,12656.0000
945,1791442249319,C,hyperliquid,PENGU,PLACE,BUY,0.00859400,1163.46713205,2.33,0.6398,0.0000,0.00,12656.0000
946,1791442249321,A,hyperliquid,VVV,PLACE,BUY,24.96100000,0.40058485,2.00,0.6035,0.0000,0.00,72.0000
947,1791442249321,A,hyperliquid,VVV,PLACE,SELL,24.96600000,0.40058485,2.00,0.6035,0.0000,0.00,20.0200
948,1791442249321,B,hyperliquid,VVV,PLACE,BUY,24.96100000,0.40058485,2.00,0.6035,0.0000,0.00,72.0000
949,1791442249321,C,hyperliquid,VVV,PLACE,BUY,24.96100000,0.40058485,2.00,0.6035,0.0000,0.00,72.0000
950,1791442249323,A,hyperliquid,kPEPE,CANCEL,BUY,0.00402400,2484.78071810,2.48,0.5266,0.0000,0.00,1935028.0000
951,1791442249323,A,hyperliquid,kPEPE,PLACE,BUY,0.00402400,2484.78071810,2.48,0.5266,0.0000,0.00,1335028.0000
952,1791442249323,A,hyperliquid,kPEPE,CANCEL,SELL,0.00402500,2484.78071810,2.48,0.5266,0.0000,0.00,522010.0000
953,1791442249323,A,hyperliquid,kPEPE,PLACE,SELL,0.00402500,2484.78071810,2.48,0.5266,0.0000,0.00,1282010.0000
954,1791442254562,A,hyperliquid,CRV,PLACE,BUY,0.39131000,25.55257442,2.04,0.3528,0.0000,0.00,773.3000
955,1791442254562,A,hyperliquid,CRV,PLACE,SELL,0.39139000,25.55257442,2.04,0.3528,0.0000,0.00,1022.0000
956,1791442254562,B,hyperliquid,CRV,PLACE,SELL,0.39139000,25.55257442,2.04,0.3528,0.0000,0.00,1022.0000
957,1791442254562,C,hyperliquid,CRV,PLACE,SELL,0.39139000,25.55257442,2.04,0.3528,0.0000,0.00,1022.0000
958,1791442254697,A,hyperliquid,VVV,CANCEL,BUY,24.96100000,0.40058485,2.00,0.6129,0.0000,0.00,72.0000
959,1791442254697,A,hyperliquid,VVV,PLACE,BUY,24.96100000,0.40058485,2.00,0.6129,0.0000,0.00,72.0000
960,1791442254697,A,hyperliquid,VVV,CANCEL,SELL,24.96600000,0.40058485,2.00,0.6129,0.0000,0.00,20.0200
961,1791442254697,A,hyperliquid,VVV,PLACE,SELL,24.96600000,0.40058485,2.00,0.6129,0.0000,0.00,36.0500
962,1791442254697,B,hyperliquid,VVV,CANCEL,BUY,24.96100000,0.40058485,2.00,0.6129,0.0000,0.00,72.0000
963,1791442254697,B,hyperliquid,VVV,PLACE,BUY,24.96100000,0.40058485,2.00,0.6129,0.0000,0.00,72.0000
964,1791442254697,C,hyperliquid,VVV,CANCEL,BUY,24.96100000,0.40058485,2.00,0.6129,0.0000,0.00,72.0000
965,1791442254697,C,hyperliquid,VVV,PLACE,BUY,24.96100000,0.40058485,2.00,0.6129,0.0000,0.00,72.0000
966,1791442254700,A,hyperliquid,kPEPE,CANCEL,BUY,0.00402400,2484.78071810,2.48,0.5373,0.0000,0.00,1322999.0000
967,1791442254700,A,hyperliquid,kPEPE,PLACE,BUY,0.00402400,2484.78071810,2.48,0.5373,0.0000,0.00,1600554.0000
968,1791442254700,A,hyperliquid,kPEPE,CANCEL,SELL,0.00402500,2484.78071810,2.48,0.5373,0.0000,0.00,1282010.0000
969,1791442254700,A,hyperliquid,kPEPE,PLACE,SELL,0.00402500,2484.78071810,2.48,0.5373,0.0000,0.00,232445.0000
970,1791442260081,A,hyperliquid,CRV,CANCEL,BUY,0.39131000,25.55257442,2.04,0.2548,0.0000,0.00,773.3000
971,1791442260081,A,hyperliquid,CRV,PLACE,BUY,0.39150000,25.53919628,2.81,0.2548,0.0000,0.00,799.1000
972,1791442260081,A,hyperliquid,CRV,PLACE,SELL,0.39161000,25.53919628,2.81,0.2548,0.0000,0.00,1371.4000
973,1791442260081,B,hyperliquid,CRV,PLACE,SELL,0.39161000,25.53919628,2.81,0.2548,0.0000,0.00,1371.4000
974,1791442260081,C,hyperliquid,CRV,PLACE,SELL,0.39161000,25.53919628,2.81,0.2548,0.0000,0.00,1371.4000
975,1791442260216,A,hyperliquid,kPEPE,CANCEL,BUY,0.00402400,2484.78071810,2.48,0.5506,0.0000,0.00,1590822.0000
976,1791442260216,A,hyperliquid,kPEPE,PLACE,BUY,0.00402400,2484.78071810,2.48,0.5506,0.0000,0.00,1590822.0000
977,1791442260216,A,hyperliquid,kPEPE,CANCEL,SELL,0.00402500,2484.78071810,2.48,0.5506,0.0000,0.00,232445.0000
978,1791442260216,A,hyperliquid,kPEPE,PLACE,SELL,0.00402500,2484.78071810,2.48,0.5506,0.0000,0.00,232445.0000
979,1791442265685,A,hyperliquid,VVV,PLACE,BUY,24.95800000,0.40063300,2.00,0.0574,0.0000,0.00,15.3200
980,1791442265685,A,hyperliquid,VVV,PLACE,SELL,24.96300000,0.40063300,2.00,0.0574,0.0000,0.00,645.9900
981,1791442265685,B,hyperliquid,VVV,PLACE,SELL,24.96300000,0.40063300,2.00,0.0574,0.0000,0.00,645.9900
982,1791442265685,C,hyperliquid,VVV,PLACE,SELL,24.96300000,0.40063300,2.00,0.0574,0.0000,0.00,645.9900
983,1791442265687,A,hyperliquid,kPEPE,CANCEL,BUY,0.00402400,2484.78071810,2.48,0.5725,0.0000,0.00,1590822.0000
984,1791442265687,A,hyperliquid,kPEPE,PLACE,BUY,0.00402500,2484.16345796,2.48,0.5725,0.0000,0.00,1670774.0000
985,1791442265687,A,hyperliquid,kPEPE,CANCEL,SELL,0.00402500,2484.78071810,2.48,0.5725,0.0000,0.00,232445.0000
986,1791442265687,A,hyperliquid,kPEPE,PLACE,SELL,0.00402600,2484.16345796,2.48,0.5725,0.0000,0.00,1905910.0000
987,1791442270831,A,hyperliquid,LIT,PLACE,BUY,3.55980000,2.80879152,2.53,0.5940,0.0000,0.00,111.0000
988,1791442270831,A,hyperliquid,LIT,PLACE,SELL,3.56070000,2.80879152,2.53,0.5940,0.0000,0.00,107.0000
989,1791442270965,A,hyperliquid,PENGU,PLACE,BUY,0.00859500,1163.26411912,3.49,0.4645,12656.0000,0.00,12656.0000
990,1791442270965,A,hyperliquid,PENGU,PLACE,SELL,0.00859800,1163.26411912,3.49,0.4645,0.0000,0.00,97336.0000
991,1791442270966,A,hyperliquid,kPEPE,CANCEL,BUY,0.00402500,2484.16345796,2.48,0.5100,0.0000,0.00,1659679.0000
992,1791442270966,A,hyperliquid,kPEPE,PLACE,BUY,0.00402600,2483.54650441,2.48,0.5100,0.0000,0.00,231129.0000
993,1791442270966,A,hyperliquid,kPEPE,CANCEL,SELL,0.00402600,2484.16345796,2.48,0.5100,0.0000,0.00,1905910.0000
994,1791442270966,A,hyperliquid,kPEPE,PLACE,SELL,0.00402700,2483.54650441,2.48,0.5100,0.0000,0.00,1222604.0000
995,1791442276211,A,hyperliquid,AVAX,PLACE,BUY,10.84600000,0.92178642,4.61,0.4191,0.0000,0.00,1281.2000
996,1791442276211,A,hyperliquid,AVAX,PLACE,SELL,10.85100000,0.92178642,4.61,0.4191,0.0000,0.00,35.7200
997,1791442276346,A,hyperliquid,PENGU,CANCEL,BUY,0.00859500,1163.26411912,3.49,0.3257,0.0000,0.00,12656.0000
998,1791442276346,A,hyperliquid,PENGU,PLACE,BUY,0.00859600,1163.19646388,2.33,0.3257,0.0000,0.00,22147.0000
999,1791442276346,A,hyperliquid,PENGU,CANCEL,SELL,0.00859800,1163.26411912,3.49,0.3257,0.0000,0.00,97336.0000
1000,1791442276346,A,hyperliquid,PENGU,PLACE,SELL,0.00859800,1163.19646388,2.33,0.3257,0.0000,0.00,50814.0000
1001,1791442276346,B,hyperliquid,PENGU,PLACE,SELL,0.00859800,1163.19646388,2.33,0.3257,0.0000,0.00,50814.0000
1002,1791442276346,C,hyperliquid,PENGU,PLACE,SELL,0.00859800,1163.19646388,2.33,0.3257,0.0000,0.00,50814.0000
1003,1791442276349,A,hyperliquid,kPEPE,CANCEL,BUY,0.00402600,2483.54650441,2.48,0.5348,0.0000,0.00,231129.0000
1004,1791442276349,A,hyperliquid,kPEPE,PLACE,BUY,0.00402700,2482.92985723,2.48,0.5348,0.0000,0.00,2074571.0000
1005,1791442276349,A,hyperliquid,kPEPE,PLACE,SELL,0.00402800,2482.92985723,2.48,0.5348,0.0000,0.00,255623.0000
1006,1791442281792,A,hyperliquid,kPEPE,CANCEL,BUY,0.00402700,2482.92985723,2.48,0.5221,0.0000,0.00,2074571.0000
1007,1791442281792,A,hyperliquid,kPEPE,PLACE,BUY,0.00402800,2482.31351620,2.48,0.5221,0.0000,0.00,2043094.0000
1008,1791442287188,A,hyperliquid,FARTCOIN,PLACE,BUY,0.15983000,62.55864873,2.50,0.8733,0.0000,0.00,11298.5000
1009,1791442287188,A,hyperliquid,FARTCOIN,PLACE,SELL,0.15987000,62.55864873,2.50,0.8733,0.0000,0.00,647.6000
1010,1791442287188,B,hyperliquid,FARTCOIN,PLACE,BUY,0.15983000,62.55864873,2.50,0.8733,0.0000,0.00,11298.5000
1011,1791442287188,C,hyperliquid,FARTCOIN,PLACE,BUY,0.15983000,62.55864873,2.50,0.8733,0.0000,0.00,11298.5000
1012,1791442287323,A,hyperliquid,kPEPE,CANCEL,BUY,0.00402800,2482.31351620,2.48,0.5477,0.0000,0.00,2043094.0000
1013,1791442287323,A,hyperliquid,kPEPE,PLACE,BUY,0.00402900,2481.69748108,2.48,0.5477,0.0000,0.00,1407300.0000
1014,1791442287323,A,hyperliquid,kPEPE,PLACE,SELL,0.00403000,2481.69748108,2.48,0.5477,0.0000,0.00,1196425.0000
1015,1791442292552,A,hyperliquid,LIT,PLACE,BUY,3.56220000,2.80682057,3.09,0.2161,0.0000,0.00,32.0000
1016,1791442292552,A,hyperliquid,LIT,PLACE,SELL,3.56330000,2.80682057,3.09,0.2161,0.0000,0.00,161.0000
1017,1791442292552,B,hyperliquid,LIT,PLACE,SELL,3.56330000,2.80682057,3.09,0.2161,0.0000,0.00,161.0000
1018,1791442292552,C,hyperliquid,LIT,PLACE,SELL,3.56330000,2.80682057,3.09,0.2161,0.0000,0.00,161.0000
1019,1791442292687,A,hyperliquid,kPEPE,CANCEL,BUY,0.00402900,2481.69748108,2.48,0.6501,0.0000,0.00,1397108.0000
1020,1791442292687,A,hyperliquid,kPEPE,PLACE,BUY,0.00402900,2481.69748108,2.48,0.6501,0.0000,0.00,2400869.0000
1021,1791442292687,A,hyperliquid,kPEPE,CANCEL,SELL,0.00403000,2481.69748108,2.48,0.6501,0.0000,0.00,1196425.0000
1022,1791442292687,A,hyperliquid,kPEPE,PLACE,SELL,0.00403000,2481.69748108,2.48,0.6501,0.0000,0.00,12406.0000
1023,1791442292687,B,hyperliquid,kPEPE,PLACE,BUY,0.00402900,2481.69748108,2.48,0.6501,0.0000,0.00,2400869.0000
1024,1791442292687,C,hyperliquid,kPEPE,PLACE,BUY,0.00402900,2481.69748108,2.48,0.6501,0.0000,0.00,2400869.0000
1025,1791442298015,A,hyperliquid,LIT,CANCEL,BUY,3.56220000,2.80682057,3.09,0.7349,0.0000,0.00,32.0000
1026,1791442298015,A,hyperliquid,LIT,PLACE,BUY,3.56140000,2.80741157,3.37,0.7349,0.0000,0.00,131.0000
1027,1791442298015,A,hyperliquid,LIT,CANCEL,SELL,3.56330000,2.80682057,3.09,0.7349,0.0000,0.00,161.0000
1028,1791442298015,A,hyperliquid,LIT,PLACE,SELL,3.56260000,2.80741157,3.37,0.7349,0.0000,0.00,41.0000
1029,1791442298015,B,hyperliquid,LIT,PLACE,BUY,3.56140000,2.80741157,3.37,0.7349,0.0000,0.00,131.0000
1030,1791442298015,C,hyperliquid,LIT,PLACE,BUY,3.56140000,2.80741157,3.37,0.7349,0.0000,0.00,131.0000
1031,1791442298150,A,hyperliquid,kPEPE,CANCEL,BUY,0.00402900,2481.69748108,2.48,0.6382,0.0000,0.00,2388594.0000
1032,1791442298150,A,hyperliquid,kPEPE,PLACE,BUY,0.00402900,2481.69748108,2.48,0.6382,0.0000,0.00,1671579.0000
1033,1791442298150,A,hyperliquid,kPEPE,PLACE,SELL,0.00403000,2481.69748108,2.48,0.6382,0.0000,0.00,315388.0000
1034,1791442298150,B,hyperliquid,kPEPE,CANCEL,BUY,0.00402900,2481.69748108,2.48,0.6382,0.0000,0.00,2388594.0000
1035,1791442298150,B,hyperliquid,kPEPE,PLACE,BUY,0.00402900,2481.69748108,2.48,0.6382,0.0000,0.00,1671579.0000
1036,1791442298150,C,hyperliquid,kPEPE,CANCEL,BUY,0.00402900,2481.69748108,2.48,0.6382,0.0000,0.00,2388594.0000
1037,1791442298150,C,hyperliquid,kPEPE,PLACE,BUY,0.00402900,2481.69748108,2.48,0.6382,0.0000,0.00,1671579.0000
1038,1791442303564,A,hyperliquid,PENGU,PLACE,BUY,0.00860200,1162.38521446,2.32,0.3549,0.0000,0.00,22147.0000
1039,1791442303564,A,hyperliquid,PENGU,PLACE,SELL,0.00860400,1162.38521446,2.32,0.3549,0.0000,0.00,77097.0000
1040,1791442303564,B,hyperliquid,PENGU,PLACE,SELL,0.00860400,1162.38521446,2.32,0.3549,0.0000,0.00,77097.0000
1041,1791442303564,C,hyperliquid,PENGU,PLACE,SELL,0.00860400,1162.38521446,2.32,0.3549,0.0000,0.00,77097.0000
1042,1791442303566,A,hyperliquid,kPEPE,CANCEL,BUY,0.00402900,2481.69748108,2.48,0.4442,0.0000,0.00,1658103.0000
1043,1791442303566,A,hyperliquid,kPEPE,PLACE,BUY,0.00403000,2481.08175164,2.48,0.4442,0.0000,0.00,234758.0000
1044,1791442303566,A,hyperliquid,kPEPE,CANCEL,SELL,0.00403000,2481.69748108,2.48,0.4442,0.0000,0.00,315388.0000
1045,1791442303566,A,hyperliquid,kPEPE,PLACE,SELL,0.00403100,2481.08175164,2.48,0.4442,0.0000,0.00,3041224.0000
1046,1791442308889,A,hyperliquid,LIT,PLACE,BUY,3.56400000,2.80544256,2.81,0.8112,0.0000,0.00,254.0000
1047,1791442308889,A,hyperliquid,LIT,PLACE,SELL,3.56500000,2.80544256,2.81,0.8112,0.0000,0.00,32.0000
1048,1791442308889,B,hyperliquid,LIT,PLACE,BUY,3.56400000,2.80544256,2.81,0.8112,0.0000,0.00,254.0000
1049,1791442308889,C,hyperliquid,LIT,PLACE,BUY,3.56400000,2.80544256,2.81,0.8112,0.0000,0.00,254.0000
1050,1791442309024,A,hyperliquid,kPEPE,CANCEL,BUY,0.00403000,2481.08175164,2.48,0.5235,0.0000,0.00,222960.0000
1051,1791442309024,A,hyperliquid,kPEPE,PLACE,BUY,0.00403000,2481.08175164,2.48,0.5235,0.0000,0.00,252031.0000
1052,1791442309024,A,hyperliquid,kPEPE,CANCEL,SELL,0.00403100,2481.08175164,2.48,0.5235,0.0000,0.00,3041224.0000
1053,1791442309024,A,hyperliquid,kPEPE,PLACE,SELL,0.00403100,2481.08175164,2.48,0.5235,0.0000,0.00,2859738.0000
1054,1791442314390,A,hyperliquid,kPEPE,CANCEL,BUY,0.00403000,2481.08175164,2.48,0.5251,0.0000,0.00,242320.0000
1055,1791442314390,A,hyperliquid,kPEPE,PLACE,BUY,0.00403000,2481.08175164,2.48,0.5251,0.0000,0.00,1353163.0000
1056,1791442314390,A,hyperliquid,kPEPE,CANCEL,SELL,0.00403100,2481.08175164,2.48,0.5251,0.0000,0.00,2859738.0000
1057,1791442314390,A,hyperliquid,kPEPE,PLACE,SELL,0.00403100,2481.08175164,2.48,0.5251,0.0000,0.00,2152520.0000
1058,1791442319290,A,hyperliquid,FARTCOIN,PLACE,BUY,0.16003000,62.47461969,4.37,0.4058,0.0000,0.00,701.9000
1059,1791442319290,A,hyperliquid,FARTCOIN,PLACE,SELL,0.16010000,62.47461969,4.37,0.4058,0.0000,0.00,1242.8000
1060,1791442319425,A,hyperliquid,PENGU,PLACE,BUY,0.00860600,1161.84500988,2.32,0.5845,0.0000,0.00,48106.0000
1061,1791442319425,A,hyperliquid,PENGU,PLACE,SELL,0.00860800,1161.84500988,2.32,0.5845,0.0000,0.00,56375.0000
1062,1791442319426,A,hyperliquid,VVV,PLACE,BUY,24.97700000,0.40028821,4.00,0.5968,0.0000,0.00,6.4800
1063,1791442319426,A,hyperliquid,VVV,PLACE,SELL,24.98700000,0.40028821,4.00,0.5968,0.0000,0.00,15.9000
1064,1791442319427,A,hyperliquid,kPEPE,CANCEL,BUY,0.00403000,2481.08175164,2.48,0.4757,0.0000,0.00,1353163.0000
1065,1791442319427,A,hyperliquid,kPEPE,PLACE,BUY,0.00403100,2480.46632767,2.48,0.4757,0.0000,0.00,2180652.0000
1066,1791442319427,A,hyperliquid,kPEPE,CANCEL,SELL,0.00403100,2481.08175164,2.48,0.4757,0.0000,0.00,1930243.0000
1067,1791442319427,A,hyperliquid,kPEPE,PLACE,SELL,0.00403200,2480.46632767,2.48,0.4757,0.0000,0.00,3064092.0000
1068,1791442324762,A,hyperliquid,FARTCOIN,CANCEL,BUY,0.16003000,62.47461969,4.37,0.7212,0.0000,0.00,701.9000
1069,1791442324762,A,hyperliquid,FARTCOIN,PLACE,BUY,0.16005000,62.47071685,3.12,0.7212,0.0000,0.00,11282.9000
1070,1791442324762,A,hyperliquid,FARTCOIN,CANCEL,SELL,0.16010000,62.47461969,4.37,0.7212,0.0000,0.00,1242.8000
1071,1791442324762,A,hyperliquid,FARTCOIN,PLACE,SELL,0.16010000,62.47071685,3.12,0.7212,0.0000,0.00,2329.0000
1072,1791442324762,B,hyperliquid,FARTCOIN,PLACE,BUY,0.16005000,62.47071685,3.12,0.7212,0.0000,0.00,11282.9000
1073,1791442324762,C,hyperliquid,FARTCOIN,PLACE,BUY,0.16005000,62.47071685,3.12,0.7212,0.0000,0.00,11282.9000
1074,1791442324897,A,hyperliquid,PENGU,CANCEL,BUY,0.00860600,1161.84500988,2.32,0.4152,0.0000,0.00,48106.0000
1075,1791442324897,A,hyperliquid,PENGU,PLACE,BUY,0.00861000,1161.30530717,2.32,0.4152,0.0000,0.00,22139.0000
1076,1791442324897,A,hyperliquid,PENGU,CANCEL,SELL,0.00860800,1161.84500988,2.32,0.4152,0.0000,0.00,56375.0000
1077,1791442324897,A,hyperliquid,PENGU,PLACE,SELL,0.00861200,1161.30530717,2.32,0.4152,0.0000,0.00,330082.0000
1078,1791442324899,A,hyperliquid,VVV,CANCEL,BUY,24.97700000,0.40028821,4.00,0.7414,0.0000,0.00,6.4800
1079,1791442324899,A,hyperliquid,VVV,PLACE,BUY,24.98100000,0.40025616,2.40,0.7414,0.0000,0.00,7.7600
1080,1791442324899,A,hyperliquid,VVV,CANCEL,SELL,24.98700000,0.40028821,4.00,0.7414,0.0000,0.00,15.9000
1081,1791442324899,A,hyperliquid,VVV,PLACE,SELL,24.98700000,0.40025616,2.40,0.7414,0.0000,0.00,15.9000
1082,1791442324899,B,hyperliquid,VVV,PLACE,BUY,24.98100000,0.40025616,2.40,0.7414,0.0000,0.00,7.7600
1083,1791442324899,C,hyperliquid,VVV,PLACE,BUY,24.98100000,0.40025616,2.40,0.7414,0.0000,0.00,7.7600
1084,1791442324900,A,hyperliquid,kPEPE,CANCEL,BUY,0.00403100,2480.46632767,2.48,0.5782,0.0000,0.00,2180652.0000
1085,1791442324900,A,hyperliquid,kPEPE,PLACE,BUY,0.00403200,2479.85120893,2.48,0.5782,0.0000,0.00,1432619.0000
1086,1791442324900,A,hyperliquid,kPEPE,CANCEL,SELL,0.00403200,2480.46632767,2.48,0.5782,0.0000,0.00,3064092.0000
1087,1791442324900,A,hyperliquid,kPEPE,PLACE,SELL,0.00403300,2479.85120893,2.48,0.5782,0.0000,0.00,12394.0000
1088,1791442330379,A,hyperliquid,kPEPE,CANCEL,BUY,0.00403200,2479.85120893,2.48,0.5197,0.0000,0.00,1432619.0000
1089,1791442330379,A,hyperliquid,kPEPE,PLACE,BUY,0.00403400,2478.62188623,2.48,0.5197,0.0000,0.00,1114340.0000
1090,1791442330379,A,hyperliquid,kPEPE,PLACE,SELL,0.00403500,2478.62188623,2.48,0.5197,0.0000,0.00,1908718.0000
1091,1791442335800,A,hyperliquid,AVAX,PLACE,BUY,10.86500000,0.92025951,2.76,0.6580,0.0000,0.00,202.4700
1092,1791442335800,A,hyperliquid,AVAX,PLACE,SELL,10.86800000,0.92025951,2.76,0.6580,0.0000,0.00,26.2800
1093,1791442335800,B,hyperliquid,AVAX,PLACE,BUY,10.86500000,0.92025951,2.76,0.6580,0.0000,0.00,202.4700
1094,1791442335800,C,hyperliquid,AVAX,PLACE,BUY,10.86500000,0.92025951,2.76,0.6580,0.0000,0.00,202.4700
1095,1791442335802,A,hyperliquid,FARTCOIN,PLACE,BUY,0.16002000,62.48047485,3.75,0.9602,0.0000,0.00,11279.7000
1096,1791442335802,A,hyperliquid,FARTCOIN,PLACE,SELL,0.16008000,62.48047485,3.75,0.9602,0.0000,0.00,557.8000
1097,1791442335802,B,hyperliquid,FARTCOIN,PLACE,BUY,0.16002000,62.48047485,3.75,0.9602,0.0000,0.00,11279.7000
1098,1791442335802,C,hyperliquid,FARTCOIN,PLACE,BUY,0.16002000,62.48047485,3.75,0.9602,0.0000,0.00,11279.7000
1099,1791442335934,A,hyperliquid,PENGU,PLACE,BUY,0.00861000,1161.30530717,2.32,0.6773,0.0000,0.00,9488.0000
1100,1791442335934,A,hyperliquid,PENGU,PLACE,SELL,0.00861200,1161.30530717,2.32,0.6773,0.0000,0.00,424436.0000
1101,1791442335934,B,hyperliquid,PENGU,PLACE,BUY,0.00861000,1161.30530717,2.32,0.6773,0.0000,0.00,9488.0000
1102,1791442335934,C,hyperliquid,PENGU,PLACE,BUY,0.00861000,1161.30530717,2.32,0.6773,0.0000,0.00,9488.0000
1103,1791442335937,A,hyperliquid,kPEPE,CANCEL,BUY,0.00403400,2478.62188623,2.48,0.5791,0.0000,0.00,1105780.0000
1104,1791442335937,A,hyperliquid,kPEPE,PLACE,BUY,0.00403300,2479.23639519,2.48,0.5791,0.0000,0.00,1413412.0000
1105,1791442335937,A,hyperliquid,kPEPE,CANCEL,SELL,0.00403500,2478.62188623,2.48,0.5791,0.0000,0.00,1672065.0000
1106,1791442335937,A,hyperliquid,kPEPE,PLACE,SELL,0.00403400,2479.23639519,2.48,0.5791,0.0000,0.00,848841.0000
1107,1791442341188,A,hyperliquid,kPEPE,CANCEL,BUY,0.00403300,2479.23639519,2.48,0.4404,0.0000,0.00,1413412.0000
1108,1791442341188,A,hyperliquid,kPEPE,PLACE,BUY,0.00403400,2478.62188623,2.48,0.4404,0.0000,0.00,253442.0000
1109,1791442341188,A,hyperliquid,kPEPE,CANCEL,SELL,0.00403400,2479.23639519,2.48,0.4404,0.0000,0.00,848841.0000
1110,1791442341188,A,hyperliquid,kPEPE,PLACE,SELL,0.00403500,2478.62188623,2.48,0.4404,0.0000,0.00,2895051.0000
1111,1791442346587,A,hyperliquid,PENGU,PLACE,BUY,0.00861000,1161.30530717,2.32,0.7820,0.0000,0.00,590235.0000
1112,1791442346587,A,hyperliquid,PENGU,PLACE,SELL,0.00861200,1161.30530717,2.32,0.7820,0.0000,0.00,18979.0000
1113,1791442346587,B,hyperliquid,PENGU,PLACE,BUY,0.00861000,1161.30530717,2.32,0.7820,0.0000,0.00,590235.0000
1114,1791442346587,C,hyperliquid,PENGU,PLACE,BUY,0.00861000,1161.30530717,2.32,0.7820,0.0000,0.00,590235.0000
1115,1791442346588,A,hyperliquid,kPEPE,CANCEL,BUY,0.00403400,2478.62188623,2.48,0.4969,0.0000,0.00,246951.0000
1116,1791442346588,A,hyperliquid,kPEPE,PLACE,BUY,0.00403300,2478.92910263,4.96,0.4969,0.0000,0.00,2587457.0000
1117,1791442346588,A,hyperliquid,kPEPE,CANCEL,SELL,0.00403500,2478.62188623,2.48,0.4969,0.0000,0.00,2895051.0000
1118,1791442346588,A,hyperliquid,kPEPE,PLACE,SELL,0.00403500,2478.92910263,4.96,0.4969,0.0000,0.00,3106828.0000
1119,1791442351978,A,hyperliquid,PENGU,CANCEL,BUY,0.00861000,1161.30530717,2.32,0.5539,0.0000,0.00,590235.0000
1120,1791442351978,A,hyperliquid,PENGU,PLACE,BUY,0.00861100,1161.17045982,2.32,0.5539,0.0000,0.00,279841.0000
1121,1791442351978,A,hyperliquid,PENGU,CANCEL,SELL,0.00861200,1161.30530717,2.32,0.5539,0.0000,0.00,18979.0000
1122,1791442351978,A,hyperliquid,PENGU,PLACE,SELL,0.00861300,1161.17045982,2.32,0.5539,0.0000,0.00,15295.0000
1123,1791442351980,A,hyperliquid,VVV,PLACE,BUY,24.98400000,0.40021612,2.00,0.8777,0.0000,0.00,67.3100
1124,1791442351980,A,hyperliquid,VVV,PLACE,SELL,24.98900000,0.40021612,2.00,0.8777,0.0000,0.00,1.8700
1125,1791442351980,B,hyperliquid,VVV,PLACE,BUY,24.98400000,0.40021612,2.00,0.8777,0.0000,0.00,67.3100
1126,1791442351980,C,hyperliquid,VVV,PLACE,BUY,24.98400000,0.40021612,2.00,0.8777,0.0000,0.00,67.3100
1127,1791442351981,A,hyperliquid,kPEPE,CANCEL,BUY,0.00403300,2478.92910263,4.96,0.4653,0.0000,0.00,2587457.0000
1128,1791442351981,A,hyperliquid,kPEPE,PLACE,BUY,0.00403400,2478.62188623,2.48,0.4653,0.0000,0.00,242825.0000
1129,1791442351981,A,hyperliquid,kPEPE,CANCEL,SELL,0.00403500,2478.92910263,4.96,0.4653,0.0000,0.00,3106828.0000
1130,1791442351981,A,hyperliquid,kPEPE,PLACE,SELL,0.00403500,2478.62188623,2.48,0.4653,0.0000,0.00,1211170.0000
1131,1791442357424,A,hyperliquid,kPEPE,CANCEL,BUY,0.00403400,2478.62188623,2.48,0.4667,0.0000,0.00,234134.0000
1132,1791442357424,A,hyperliquid,kPEPE,PLACE,BUY,0.00403400,2478.62188623,2.48,0.4667,0.0000,0.00,244075.0000
1133,1791442357424,A,hyperliquid,kPEPE,CANCEL,SELL,0.00403500,2478.62188623,2.48,0.4667,0.0000,0.00,1211170.0000
1134,1791442357424,A,hyperliquid,kPEPE,PLACE,SELL,0.00403500,2478.62188623,2.48,0.4667,0.0000,0.00,1271170.0000
1135,1791442362676,A,hyperliquid,FARTCOIN,PLACE,BUY,0.16005000,62.47071685,3.12,0.8940,0.0000,0.00,11279.3000
1136,1791442362676,A,hyperliquid,FARTCOIN,PLACE,SELL,0.16010000,62.47071685,3.12,0.8940,0.0000,0.00,1699.1000
1137,1791442362676,B,hyperliquid,FARTCOIN,PLACE,BUY,0.16005000,62.47071685,3.12,0.8940,0.0000,0.00,11279.3000
1138,1791442362676,C,hyperliquid,FARTCOIN,PLACE,BUY,0.16005000,62.47071685,3.12,0.8940,0.0000,0.00,11279.3000
1139,1791442362811,A,hyperliquid,PENGU,PLACE,BUY,0.00861000,1161.30530717,2.32,0.7474,0.0000,0.00,332808.0000
1140,1791442362811,A,hyperliquid,PENGU,PLACE,SELL,0.00861200,1161.30530717,2.32,0.7474,0.0000,0.00,18979.0000
1141,1791442362811,B,hyperliquid,PENGU,PLACE,BUY,0.00861000,1161.30530717,2.32,0.7474,0.0000,0.00,332808.0000
1142,1791442362811,C,hyperliquid,PENGU,PLACE,BUY,0.00861000,1161.30530717,2.32,0.7474,0.0000,0.00,332808.0000
1143,1791442362813,A,hyperliquid,VVV,PLACE,BUY,24.98400000,0.40020811,2.40,0.8837,0.0000,0.00,67.3100
1144,1791442362813,A,hyperliquid,VVV,PLACE,SELL,24.99000000,0.40020811,2.40,0.8837,0.0000,0.00,16.0500
1145,1791442362813,B,hyperliquid,VVV,PLACE,BUY,24.98400000,0.40020811,2.40,0.8837,0.0000,0.00,67.3100
1146,1791442362813,C,hyperliquid,VVV,PLACE,BUY,24.98400000,0.40020811,2.40,0.8837,0.0000,0.00,67.3100
1147,1791442362814,A,hyperliquid,kPEPE,CANCEL,BUY,0.00403400,2478.62188623,2.48,0.5224,0.0000,0.00,244075.0000
1148,1791442362814,A,hyperliquid,kPEPE,PLACE,BUY,0.00403300,2478.92910263,4.96,0.5224,0.0000,0.00,2671025.0000
1149,1791442362814,A,hyperliquid,kPEPE,CANCEL,SELL,0.00403500,2478.62188623,2.48,0.5224,0.0000,0.00,1271170.0000
1150,1791442362814,A,hyperliquid,kPEPE,PLACE,SELL,0.00403500,2478.92910263,4.96,0.5224,0.0000,0.00,1446771.0000
1151,1791442368283,A,hyperliquid,PENGU,CANCEL,BUY,0.00861000,1161.30530717,2.32,0.7459,0.0000,0.00,332808.0000
1152,1791442368283,A,hyperliquid,PENGU,PLACE,BUY,0.00861000,1161.30530717,2.32,0.7459,0.0000,0.00,317084.0000
1153,1791442368283,A,hyperliquid,PENGU,CANCEL,SELL,0.00861200,1161.30530717,2.32,0.7459,0.0000,0.00,18979.0000
1154,1791442368283,A,hyperliquid,PENGU,PLACE,SELL,0.00861200,1161.30530717,2.32,0.7459,0.0000,0.00,22143.0000
1155,1791442368283,B,hyperliquid,PENGU,CANCEL,BUY,0.00861000,1161.30530717,2.32,0.7459,0.0000,0.00,332808.0000
1156,1791442368283,B,hyperliquid,PENGU,PLACE,BUY,0.00861000,1161.30530717,2.32,0.7459,0.0000,0.00,317084.0000
1157,1791442368283,C,hyperliquid,PENGU,CANCEL,BUY,0.00861000,1161.30530717,2.32,0.7459,0.0000,0.00,332808.0000
1158,1791442368283,C,hyperliquid,PENGU,PLACE,BUY,0.00861000,1161.30530717,2.32,0.7459,0.0000,0.00,317084.0000
1159,1791442368287,A,hyperliquid,VVV,CANCEL,BUY,24.98400000,0.40020811,2.40,0.8551,0.0000,0.00,67.3100
1160,1791442368287,A,hyperliquid,VVV,PLACE,BUY,24.97500000,0.40036032,2.00,0.8551,0.0000,0.00,64.3100
1161,1791442368287,A,hyperliquid,VVV,CANCEL,SELL,24.99000000,0.40020811,2.40,0.8551,0.0000,0.00,16.0500
1162,1791442368287,A,hyperliquid,VVV,PLACE,SELL,24.98000000,0.40036032,2.00,0.8551,0.0000,0.00,1.8700
1163,1791442368287,B,hyperliquid,VVV,CANCEL,BUY,24.98400000,0.40020811,2.40,0.8551,0.0000,0.00,67.3100
1164,1791442368287,B,hyperliquid,VVV,PLACE,BUY,24.97500000,0.40036032,2.00,0.8551,0.0000,0.00,64.3100
1165,1791442368287,C,hyperliquid,VVV,CANCEL,BUY,24.98400000,0.40020811,2.40,0.8551,0.0000,0.00,67.3100
1166,1791442368287,C,hyperliquid,VVV,PLACE,BUY,24.97500000,0.40036032,2.00,0.8551,0.0000,0.00,64.3100
1167,1791442368290,A,hyperliquid,kPEPE,CANCEL,BUY,0.00403300,2478.92910263,4.96,0.5075,0.0000,0.00,2660643.0000
1168,1791442368290,A,hyperliquid,kPEPE,PLACE,BUY,0.00403300,2478.92910263,4.96,0.5075,0.0000,0.00,2257013.0000
1169,1791442368290,A,hyperliquid,kPEPE,CANCEL,SELL,0.00403500,2478.92910263,4.96,0.5075,0.0000,0.00,1446771.0000
1170,1791442368290,A,hyperliquid,kPEPE,PLACE,SELL,0.00403500,2478.92910263,4.96,0.5075,0.0000,0.00,1553950.0000
1171,1791442373526,A,hyperliquid,PENGU,CANCEL,BUY,0.00861000,1161.30530717,2.32,0.6152,0.0000,0.00,317084.0000
1172,1791442373526,A,hyperliquid,PENGU,PLACE,BUY,0.00861100,1161.17045982,2.32,0.6152,0.0000,0.00,326678.0000
1173,1791442373526,A,hyperliquid,PENGU,CANCEL,SELL,0.00861200,1161.30530717,2.32,0.6152,0.0000,0.00,22143.0000
1174,1791442373526,A,hyperliquid,PENGU,PLACE,SELL,0.00861300,1161.17045982,2.32,0.6152,0.0000,0.00,24783.0000
1175,1791442373526,B,hyperliquid,PENGU,CANCEL,BUY,0.00861000,1161.30530717,2.32,0.6152,0.0000,0.00,317084.0000
1176,1791442373526,B,hyperliquid,PENGU,PLACE,BUY,0.00861100,1161.17045982,2.32,0.6152,0.0000,0.00,326678.0000
1177,1791442373526,C,hyperliquid,PENGU,CANCEL,BUY,0.00861000,1161.30530717,2.32,0.6152,0.0000,0.00,317084.0000
1178,1791442373526,C,hyperliquid,PENGU,PLACE,BUY,0.00861100,1161.17045982,2.32,0.6152,0.0000,0.00,326678.0000
1179,1791442373645,A,hyperliquid,VVV,CANCEL,BUY,24.97500000,0.40036032,2.00,0.8478,0.0000,0.00,64.3100
1180,1791442373645,A,hyperliquid,VVV,PLACE,BUY,24.97600000,0.40031224,3.60,0.8478,0.0000,0.00,22.1900
1181,1791442373645,A,hyperliquid,VVV,CANCEL,SELL,24.98000000,0.40036032,2.00,0.8478,0.0000,0.00,1.8700
1182,1791442373645,A,hyperliquid,VVV,PLACE,SELL,24.98500000,0.40031224,3.60,0.8478,0.0000,0.00,20.0100
1183,1791442373645,B,hyperliquid,VVV,CANCEL,BUY,24.97500000,0.40036032,2.00,0.8478,0.0000,0.00,64.3100
1184,1791442373645,B,hyperliquid,VVV,PLACE,BUY,24.97600000,0.40031224,3.60,0.8478,0.0000,0.00,22.1900
1185,1791442373645,C,hyperliquid,VVV,CANCEL,BUY,24.97500000,0.40036032,2.00,0.8478,0.0000,0.00,64.3100
1186,1791442373645,C,hyperliquid,VVV,PLACE,BUY,24.97600000,0.40031224,3.60,0.8478,0.0000,0.00,22.1900
1187,1791442373648,A,hyperliquid,kPEPE,CANCEL,BUY,0.00403300,2478.92910263,4.96,0.5088,0.0000,0.00,2257013.0000
1188,1791442373648,A,hyperliquid,kPEPE,PLACE,BUY,0.00403300,2478.92910263,4.96,0.5088,0.0000,0.00,1654834.0000
1189,1791442373648,A,hyperliquid,kPEPE,CANCEL,SELL,0.00403500,2478.92910263,4.96,0.5088,0.0000,0.00,1553950.0000
1190,1791442373648,A,hyperliquid,kPEPE,PLACE,SELL,0.00403500,2478.92910263,4.96,0.5088,0.0000,0.00,3475642.0000
1191,1791442379242,A,hyperliquid,VVV,CANCEL,BUY,24.97600000,0.40031224,3.60,0.7508,0.0000,0.00,22.1900
1192,1791442379242,A,hyperliquid,VVV,PLACE,BUY,24.97600000,0.40033628,2.40,0.7508,0.0000,0.00,6.1700
1193,1791442379242,A,hyperliquid,VVV,CANCEL,SELL,24.98500000,0.40031224,3.60,0.7508,0.0000,0.00,20.0100
1194,1791442379242,A,hyperliquid,VVV,PLACE,SELL,24.98200000,0.40033628,2.40,0.7508,0.0000,0.00,20.0100
1195,1791442379242,B,hyperliquid,VVV,CANCEL,BUY,24.97600000,0.40031224,3.60,0.7508,0.0000,0.00,22.1900
1196,1791442379242,B,hyperliquid,VVV,PLACE,BUY,24.97600000,0.40033628,2.40,0.7508,0.0000,0.00,6.1700
1197,1791442379242,C,hyperliquid,VVV,CANCEL,BUY,24.97600000,0.40031224,3.60,0.7508,0.0000,0.00,22.1900
1198,1791442379242,C,hyperliquid,VVV,PLACE,BUY,24.97600000,0.40033628,2.40,0.7508,0.0000,0.00,6.1700
1199,1791442379245,A,hyperliquid,kPEPE,CANCEL,BUY,0.00403300,2478.92910263,4.96,0.4807,0.0000,0.00,1654834.0000
1200,1791442379245,A,hyperliquid,kPEPE,PLACE,BUY,0.00403400,2478.62188623,2.48,0.4807,0.0000,0.00,540803.0000
1201,1791442379245,A,hyperliquid,kPEPE,CANCEL,SELL,0.00403500,2478.92910263,4.96,0.4807,0.0000,0.00,3475642.0000
1202,1791442379245,A,hyperliquid,kPEPE,PLACE,SELL,0.00403500,2478.62188623,2.48,0.4807,0.0000,0.00,104224.0000
1203,1791442384699,A,hyperliquid,VVV,CANCEL,BUY,24.97600000,0.40033628,2.40,0.7429,0.0000,0.00,6.1700
1204,1791442384699,A,hyperliquid,VVV,PLACE,BUY,24.98500000,0.40020010,2.00,0.7429,0.0000,0.00,16.0100
1205,1791442384699,A,hyperliquid,VVV,CANCEL,SELL,24.98200000,0.40033628,2.40,0.7429,0.0000,0.00,20.0100
1206,1791442384699,A,hyperliquid,VVV,PLACE,SELL,24.99000000,0.40020010,2.00,0.7429,0.0000,0.00,16.0500
1207,1791442384699,B,hyperliquid,VVV,CANCEL,BUY,24.97600000,0.40033628,2.40,0.7429,0.0000,0.00,6.1700
1208,1791442384699,B,hyperliquid,VVV,PLACE,BUY,24.98500000,0.40020010,2.00,0.7429,0.0000,0.00,16.0100
1209,1791442384699,C,hyperliquid,VVV,CANCEL,BUY,24.97600000,0.40033628,2.40,0.7429,0.0000,0.00,6.1700
1210,1791442384699,C,hyperliquid,VVV,PLACE,BUY,24.98500000,0.40020010,2.00,0.7429,0.0000,0.00,16.0100
1211,1791442384704,A,hyperliquid,kPEPE,CANCEL,BUY,0.00403400,2478.62188623,2.48,0.5216,0.0000,0.00,527950.0000
1212,1791442384704,A,hyperliquid,kPEPE,PLACE,BUY,0.00403400,2478.62188623,2.48,0.5216,0.0000,0.00,1359512.0000
1213,1791442384704,A,hyperliquid,kPEPE,CANCEL,SELL,0.00403500,2478.62188623,2.48,0.5216,0.0000,0.00,104224.0000
1214,1791442384704,A,hyperliquid,kPEPE,PLACE,SELL,0.00403500,2478.62188623,2.48,0.5216,0.0000,0.00,1068219.0000
1215,1791442390042,A,hyperliquid,PENGU,PLACE,BUY,0.00861500,1160.63138347,2.32,0.6607,0.0000,0.00,12655.0000
1216,1791442390042,A,hyperliquid,PENGU,PLACE,SELL,0.00861700,1160.63138347,2.32,0.6607,0.0000,0.00,22142.0000
1217,1791442390042,B,hyperliquid,PENGU,PLACE,BUY,0.00861500,1160.63138347,2.32,0.6607,0.0000,0.00,12655.0000
1218,1791442390042,C,hyperliquid,PENGU,PLACE,BUY,0.00861500,1160.63138347,2.32,0.6607,0.0000,0.00,12655.0000
1219,1791442390044,A,hyperliquid,kPEPE,CANCEL,BUY,0.00403400,2478.62188623,2.48,0.5387,0.0000,0.00,1347915.0000
1220,1791442390044,A,hyperliquid,kPEPE,PLACE,BUY,0.00403400,2478.62188623,2.48,0.5387,0.0000,0.00,1620235.0000
1221,1791442390044,A,hyperliquid,kPEPE,CANCEL,SELL,0.00403500,2478.62188623,2.48,0.5387,0.0000,0.00,1068219.0000
1222,1791442390044,A,hyperliquid,kPEPE,PLACE,SELL,0.00403500,2478.62188623,2.48,0.5387,0.0000,0.00,254737.0000
1223,1791442395569,A,hyperliquid,VVV,PLACE,BUY,24.98100000,0.40023213,3.60,0.9074,0.0000,0.00,16.0100
1224,1791442395569,A,hyperliquid,VVV,PLACE,SELL,24.99000000,0.40023213,3.60,0.9074,0.0000,0.00,10.1900
1225,1791442395569,B,hyperliquid,VVV,PLACE,BUY,24.98100000,0.40023213,3.60,0.9074,0.0000,0.00,16.0100
1226,1791442395569,C,hyperliquid,VVV,PLACE,BUY,24.98100000,0.40023213,3.60,0.9074,0.0000,0.00,16.0100
1227,1791442395570,A,hyperliquid,kPEPE,CANCEL,BUY,0.00403400,2478.62188623,2.48,0.5289,0.0000,0.00,1611009.0000
1228,1791442395570,A,hyperliquid,kPEPE,PLACE,BUY,0.00403400,2478.62188623,2.48,0.5289,0.0000,0.00,1648715.0000
1229,1791442395570,A,hyperliquid,kPEPE,CANCEL,SELL,0.00403500,2478.62188623,2.48,0.5289,0.0000,0.00,254737.0000
1230,1791442395570,A,hyperliquid,kPEPE,PLACE,SELL,0.00403500,2478.62188623,2.48,0.5289,0.0000,0.00,954737.0000
1231,1791442400492,A,hyperliquid,FARTCOIN,PLACE,BUY,0.16002000,62.48242682,3.12,0.9604,0.0000,0.00,734.3000
1232,1791442400492,A,hyperliquid,FARTCOIN,PLACE,SELL,0.16007000,62.48242682,3.12,0.9604,0.0000,0.00,624.6000
1233,1791442400492,B,hyperliquid,FARTCOIN,PLACE,BUY,0.16002000,62.48242682,3.12,0.9604,0.0000,0.00,734.3000
1234,1791442400492,C,hyperliquid,FARTCOIN,PLACE,BUY,0.16002000,62.48242682,3.12,0.9604,0.0000,0.00,734.3000
1235,1791442400627,A,hyperliquid,kPEPE,CANCEL,BUY,0.00403400,2478.62188623,2.48,0.5357,0.0000,0.00,1648715.0000
1236,1791442400627,A,hyperliquid,kPEPE,PLACE,BUY,0.00403400,2478.62188623,2.48,0.5357,0.0000,0.00,1648715.0000
1237,1791442400627,A,hyperliquid,kPEPE,CANCEL,SELL,0.00403500,2478.62188623,2.48,0.5357,0.0000,0.00,954737.0000
1238,1791442400627,A,hyperliquid,kPEPE,PLACE,SELL,0.00403500,2478.62188623,2.48,0.5357,0.0000,0.00,207125.0000
1239,1791442406023,A,hyperliquid,PENGU,PLACE,BUY,0.00861500,1160.63138347,2.32,0.7208,0.0000,0.00,327463.0000
1240,1791442406023,A,hyperliquid,PENGU,PLACE,SELL,0.00861700,1160.63138347,2.32,0.7208,0.0000,0.00,22142.0000
1241,1791442406023,B,hyperliquid,PENGU,PLACE,BUY,0.00861500,1160.63138347,2.32,0.7208,0.0000,0.00,327463.0000
1242,1791442406023,C,hyperliquid,PENGU,PLACE,BUY,0.00861500,1160.63138347,2.32,0.7208,0.0000,0.00,327463.0000
1243,1791442406025,A,hyperliquid,VVV,PLACE,BUY,24.97600000,0.40034430,2.00,0.8226,0.0000,0.00,6.1700
1244,1791442406025,A,hyperliquid,VVV,PLACE,SELL,24.98100000,0.40034430,2.00,0.8226,0.0000,0.00,1.8700
1245,1791442406025,B,hyperliquid,VVV,PLACE,BUY,24.97600000,0.40034430,2.00,0.8226,0.0000,0.00,6.1700
1246,1791442406025,C,hyperliquid,VVV,PLACE,BUY,24.97600000,0.40034430,2.00,0.8226,0.0000,0.00,6.1700
1247,1791442406026,A,hyperliquid,kPEPE,CANCEL,BUY,0.00403400,2478.62188623,2.48,0.5841,0.0000,0.00,1648715.0000
1248,1791442406026,A,hyperliquid,kPEPE,PLACE,BUY,0.00403300,2479.23639519,2.48,0.5841,0.0000,0.00,2347410.0000
1249,1791442406026,A,hyperliquid,kPEPE,CANCEL,SELL,0.00403500,2478.62188623,2.48,0.5841,0.0000,0.00,207125.0000
1250,1791442406026,A,hyperliquid,kPEPE,PLACE,SELL,0.00403400,2479.23639519,2.48,0.5841,0.0000,0.00,60000.0000
1251,1791442411325,A,hyperliquid,GRIFFAIN,PLACE,BUY,0.01600700,624.39511723,10.61,0.2935,0.0000,0.00,24989.0000
1252,1791442411325,A,hyperliquid,GRIFFAIN,PLACE,SELL,0.01602400,624.39511723,10.61,0.2935,0.0000,0.00,1251.0000
1253,1791442411325,B,hyperliquid,GRIFFAIN,PLACE,SELL,0.01602400,624.39511723,10.61,0.2935,0.0000,0.00,1251.0000
1254,1791442411325,C,hyperliquid,GRIFFAIN,PLACE,SELL,0.01602400,624.39511723,10.61,0.2935,0.0000,0.00,1251.0000
1255,1791442411457,A,hyperliquid,PENGU,CANCEL,BUY,0.00861500,1160.63138347,2.32,0.8788,0.0000,0.00,327463.0000
1256,1791442411457,A,hyperliquid,PENGU,PLACE,BUY,0.00861300,1160.90085907,2.32,0.8788,0.0000,0.00,18979.0000
1257,1791442411457,A,hyperliquid,PENGU,CANCEL,SELL,0.00861700,1160.63138347,2.32,0.8788,0.0000,0.00,22142.0000
1258,1791442411457,A,hyperliquid,PENGU,PLACE,SELL,0.00861500,1160.90085907,2.32,0.8788,0.0000,0.00,65410.0000
1259,1791442411457,B,hyperliquid,PENGU,CANCEL,BUY,0.00861500,1160.63138347,2.32,0.8788,0.0000,0.00,327463.0000
1260,1791442411457,B,hyperliquid,PENGU,PLACE,BUY,0.00861300,1160.90085907,2.32,0.8788,0.0000,0.00,18979.0000
1261,1791442411457,C,hyperliquid,PENGU,CANCEL,BUY,0.00861500,1160.63138347,2.32,0.8788,0.0000,0.00,327463.0000
1262,1791442411457,C,hyperliquid,PENGU,PLACE,BUY,0.00861300,1160.90085907,2.32,0.8788,0.0000,0.00,18979.0000
1263,1791442411461,A,hyperliquid,kPEPE,CANCEL,BUY,0.00403300,2479.23639519,2.48,0.4655,0.0000,0.00,2347410.0000
1264,1791442411461,A,hyperliquid,kPEPE,PLACE,BUY,0.00403400,2478.62188623,2.48,0.4655,0.0000,0.00,233176.0000
1265,1791442411461,A,hyperliquid,kPEPE,CANCEL,SELL,0.00403400,2479.23639519,2.48,0.4655,0.0000,0.00,60000.0000
1266,1791442411461,A,hyperliquid,kPEPE,PLACE,SELL,0.00403500,2478.62188623,2.48,0.4655,0.0000,0.00,3265441.0000
1267,1791442416664,A,hyperliquid,FARTCOIN,PLACE,BUY,0.16003000,62.47852301,3.12,0.7386,0.0000,0.00,751.4000
1268,1791442416664,A,hyperliquid,FARTCOIN,PLACE,SELL,0.16008000,62.47852301,3.12,0.7386,0.0000,0.00,747.8000
1269,1791442416664,B,hyperliquid,FARTCOIN,PLACE,BUY,0.16003000,62.47852301,3.12,0.7386,0.0000,0.00,751.4000
1270,1791442416664,C,hyperliquid,FARTCOIN,PLACE,BUY,0.16003000,62.47852301,3.12,0.7386,0.0000,0.00,751.4000
1271,1791442416666,A,hyperliquid,GRIFFAIN,CANCEL,BUY,0.01600700,624.39511723,10.61,0.2086,0.0000,0.00,24989.0000
1272,1791442416666,A,hyperliquid,GRIFFAIN,PLACE,BUY,0.01601400,624.04443196,13.10,0.2086,0.0000,0.00,1981.0000
1273,1791442416666,A,hyperliquid,GRIFFAIN,PLACE,SELL,0.01603500,624.04443196,13.10,0.2086,0.0000,0.00,17369.0000
1274,1791442416666,B,hyperliquid,GRIFFAIN,PLACE,SELL,0.01603500,624.04443196,13.10,0.2086,0.0000,0.00,17369.0000
1275,1791442416666,C,hyperliquid,GRIFFAIN,PLACE,SELL,0.01603500,624.04443196,13.10,0.2086,0.0000,0.00,17369.0000
1276,1791442416799,A,hyperliquid,PENGU,CANCEL,BUY,0.00861300,1160.90085907,2.32,0.5679,0.0000,0.00,18979.0000
1277,1791442416799,A,hyperliquid,PENGU,PLACE,BUY,0.00861600,1160.49669258,2.32,0.5679,0.0000,0.00,71731.0000
1278,1791442416799,A,hyperliquid,PENGU,CANCEL,SELL,0.00861500,1160.90085907,2.32,0.5679,0.0000,0.00,65410.0000
1279,1791442416799,A,hyperliquid,PENGU,PLACE,SELL,0.00861800,1160.49669258,2.32,0.5679,0.0000,0.00,41669.0000
1280,1791442416800,A,hyperliquid,VVV,PLACE,BUY,24.97700000,0.40028821,4.00,0.7855,0.0000,0.00,12.7900
1281,1791442416800,A,hyperliquid,VVV,PLACE,SELL,24.98700000,0.40028821,4.00,0.7855,0.0000,0.00,20.0100
1282,1791442416800,B,hyperliquid,VVV,PLACE,BUY,24.97700000,0.40028821,4.00,0.7855,0.0000,0.00,12.7900
1283,1791442416800,C,hyperliquid,VVV,PLACE,BUY,24.97700000,0.40028821,4.00,0.7855,0.0000,0.00,12.7900
1284,1791442416802,A,hyperliquid,kPEPE,CANCEL,BUY,0.00403400,2478.62188623,2.48,0.4240,0.0000,0.00,223966.0000
1285,1791442416802,A,hyperliquid,kPEPE,PLACE,BUY,0.00403400,2478.31474597,4.96,0.4240,0.0000,0.00,1634460.0000
1286,1791442416802,A,hyperliquid,kPEPE,CANCEL,SELL,0.00403500,2478.62188623,2.48,0.4240,0.0000,0.00,3265441.0000
1287,1791442416802,A,hyperliquid,kPEPE,PLACE,SELL,0.00403600,2478.31474597,4.96,0.4240,0.0000,0.00,5666294.0000
1288,1791442422022,A,hyperliquid,FARTCOIN,CANCEL,BUY,0.16003000,62.47852301,3.12,0.7369,0.0000,0.00,751.4000
1289,1791442422022,A,hyperliquid,FARTCOIN,PLACE,BUY,0.16003000,62.48047485,2.50,0.7369,0.0000,0.00,749.1000
1290,1791442422022,A,hyperliquid,FARTCOIN,CANCEL,SELL,0.16008000,62.47852301,3.12,0.7369,0.0000,0.00,747.8000
1291,1791442422022,A,hyperliquid,FARTCOIN,PLACE,SELL,0.16007000,62.48047485,2.50,0.7369,0.0000,0.00,624.8000
1292,1791442422022,B,hyperliquid,FARTCOIN,CANCEL,BUY,0.16003000,62.47852301,3.12,0.7369,0.0000,0.00,751.4000
1293,1791442422022,B,hyperliquid,FARTCOIN,PLACE,BUY,0.16003000,62.48047485,2.50,0.7369,0.0000,0.00,749.1000
1294,1791442422022,C,hyperliquid,FARTCOIN,CANCEL,BUY,0.16003000,62.47852301,3.12,0.7369,0.0000,0.00,751.4000
1295,1791442422022,C,hyperliquid,FARTCOIN,PLACE,BUY,0.16003000,62.48047485,2.50,0.7369,0.0000,0.00,749.1000
1296,1791442422025,A,hyperliquid,GRIFFAIN,CANCEL,BUY,0.01601400,624.04443196,13.10,0.2416,0.0000,0.00,1981.0000
1297,1791442422025,A,hyperliquid,GRIFFAIN,PLACE,BUY,0.01600700,624.23920846,15.61,0.2416,0.0000,0.00,24989.0000
1298,1791442422025,A,hyperliquid,GRIFFAIN,CANCEL,SELL,0.01603500,624.04443196,13.10,0.2416,0.0000,0.00,17369.0000
1299,1791442422025,A,hyperliquid,GRIFFAIN,PLACE,SELL,0.01603200,624.23920846,15.61,0.2416,0.0000,0.00,42319.0000
1300,1791442422025,B,hyperliquid,GRIFFAIN,CANCEL,SELL,0.01603500,624.04443196,13.10,0.2416,0.0000,0.00,17369.0000
1301,1791442422025,B,hyperliquid,GRIFFAIN,PLACE,SELL,0.01603200,624.23920846,15.61,0.2416,0.0000,0.00,42319.0000
1302,1791442422025,C,hyperliquid,GRIFFAIN,CANCEL,SELL,0.01603500,624.04443196,13.10,0.2416,0.0000,0.00,17369.0000
1303,1791442422025,C,hyperliquid,GRIFFAIN,PLACE,SELL,0.01603200,624.23920846,15.61,0.2416,0.0000,0.00,42319.0000
1304,1791442422157,A,hyperliquid,kPEPE,CANCEL,BUY,0.00403400,2478.31474597,4.96,0.5166,0.0000,0.00,1634460.0000
1305,1791442422157,A,hyperliquid,kPEPE,PLACE,BUY,0.00403400,2478.62188623,2.48,0.5166,0.0000,0.00,1343351.0000
1306,1791442422157,A,hyperliquid,kPEPE,CANCEL,SELL,0.00403600,2478.31474597,4.96,0.5166,0.0000,0.00,5666294.0000
1307,1791442422157,A,hyperliquid,kPEPE,PLACE,SELL,0.00403500,2478.62188623,2.48,0.5166,0.0000,0.00,208092.0000
1308,1791442427448,A,hyperliquid,GRIFFAIN,CANCEL,BUY,0.01600700,624.23920846,15.61,0.3434,0.0000,0.00,24989.0000
1309,1791442427448,A,hyperliquid,GRIFFAIN,PLACE,BUY,0.01602200,623.94708929,6.24,0.3434,0.0000,0.00,24966.0000
1310,1791442427448,A,hyperliquid,GRIFFAIN,PLACE,SELL,0.01603200,623.94708929,6.24,0.3434,0.0000,0.00,2636.0000
1311,1791442427448,B,hyperliquid,GRIFFAIN,PLACE,SELL,0.01603200,623.94708929,6.24,0.3434,0.0000,0.00,2636.0000
1312,1791442427448,C,hyperliquid,GRIFFAIN,PLACE,SELL,0.01603200,623.94708929,6.24,0.3434,0.0000,0.00,2636.0000
1313,1791442427583,A,hyperliquid,VVV,PLACE,BUY,24.97900000,0.40027219,3.20,0.7410,0.0000,0.00,6.1400
1314,1791442427583,A,hyperliquid,VVV,PLACE,SELL,24.98700000,0.40027219,3.20,0.7410,0.0000,0.00,1.8700
1315,1791442427583,B,hyperliquid,VVV,PLACE,BUY,24.97900000,0.40027219,3.20,0.7410,0.0000,0.00,6.1400
1316,1791442427583,C,hyperliquid,VVV,PLACE,BUY,24.97900000,0.40027219,3.20,0.7410,0.0000,0.00,6.1400
1317,1791442427585,A,hyperliquid,kPEPE,CANCEL,BUY,0.00403400,2478.62188623,2.48,0.3897,0.0000,0.00,1332827.0000
1318,1791442427585,A,hyperliquid,kPEPE,PLACE,BUY,0.00403500,2478.00768182,2.48,0.3897,0.0000,0.00,256178.0000
1319,1791442427585,A,hyperliquid,kPEPE,CANCEL,SELL,0.00403500,2478.62188623,2.48,0.3897,0.0000,0.00,208092.0000
1320,1791442427585,A,hyperliquid,kPEPE,PLACE,SELL,0.00403600,2478.00768182,2.48,0.3897,0.0000,0.00,2779300.0000
1321,1791442427585,B,hyperliquid,kPEPE,PLACE,SELL,0.00403600,2478.00768182,2.48,0.3897,0.0000,0.00,2779300.0000
1322,1791442427585,C,hyperliquid,kPEPE,PLACE,SELL,0.00403600,2478.00768182,2.48,0.3897,0.0000,0.00,2779300.0000
1323,1791442432892,A,hyperliquid,CASHCAT,PLACE,BUY,0.12148000,82.30113987,4.12,0.0650,0.0000,0.00,105.0000
1324,1791442432892,A,hyperliquid,CASHCAT,PLACE,SELL,0.12153000,82.30113987,4.12,0.0650,0.0000,0.00,1554.0000
1325,1791442432892,B,hyperliquid,CASHCAT,PLACE,SELL,0.12153000,82.30113987,4.12,0.0650,0.0000,0.00,1554.0000
1326,1791442432892,C,hyperliquid,CASHCAT,PLACE,SELL,0.12153000,82.30113987,4.12,0.0650,0.0000,0.00,1554.0000
1327,1791442432894,A,hyperliquid,GRIFFAIN,CANCEL,BUY,0.01602200,623.94708929,6.24,0.2724,0.0000,0.00,24966.0000
1328,1791442432894,A,hyperliquid,GRIFFAIN,PLACE,BUY,0.01600700,624.25869280,14.98,0.2724,0.0000,0.00,24989.0000
1329,1791442432894,A,hyperliquid,GRIFFAIN,CANCEL,SELL,0.01603200,623.94708929,6.24,0.2724,0.0000,0.00,2636.0000
1330,1791442432894,A,hyperliquid,GRIFFAIN,PLACE,SELL,0.01603100,624.25869280,14.98,0.2724,0.0000,0.00,17369.0000
1331,1791442432894,B,hyperliquid,GRIFFAIN,CANCEL,SELL,0.01603200,623.94708929,6.24,0.2724,0.0000,0.00,2636.0000
1332,1791442432894,B,hyperliquid,GRIFFAIN,PLACE,SELL,0.01603100,624.25869280,14.98,0.2724,0.0000,0.00,17369.0000
1333,1791442432894,C,hyperliquid,GRIFFAIN,CANCEL,SELL,0.01603200,623.94708929,6.24,0.2724,0.0000,0.00,2636.0000
1334,1791442432894,C,hyperliquid,GRIFFAIN,PLACE,SELL,0.01603100,624.25869280,14.98,0.2724,0.0000,0.00,17369.0000
1335,1791442433027,A,hyperliquid,VVV,CANCEL,BUY,24.97900000,0.40027219,3.20,0.7442,0.0000,0.00,6.1400
1336,1791442433027,A,hyperliquid,VVV,PLACE,BUY,24.98000000,0.40024815,3.60,0.7442,0.0000,0.00,1.8700
1337,1791442433027,A,hyperliquid,VVV,PLACE,SELL,24.98900000,0.40024815,3.60,0.7442,0.0000,0.00,13.8500
1338,1791442433027,B,hyperliquid,VVV,CANCEL,BUY,24.97900000,0.40027219,3.20,0.7442,0.0000,0.00,6.1400
1339,1791442433027,B,hyperliquid,VVV,PLACE,BUY,24.98000000,0.40024815,3.60,0.7442,0.0000,0.00,1.8700
1340,1791442433027,C,hyperliquid,VVV,CANCEL,BUY,24.97900000,0.40027219,3.20,0.7442,0.0000,0.00,6.1400
1341,1791442433027,C,hyperliquid,VVV,PLACE,BUY,24.98000000,0.40024815,3.60,0.7442,0.0000,0.00,1.8700
1342,1791442433030,A,hyperliquid,kPEPE,CANCEL,BUY,0.00403500,2478.00768182,2.48,0.3964,0.0000,0.00,245852.0000
1343,1791442433030,A,hyperliquid,kPEPE,PLACE,BUY,0.00403500,2478.00768182,2.48,0.3964,0.0000,0.00,1115930.0000
1344,1791442433030,A,hyperliquid,kPEPE,CANCEL,SELL,0.00403600,2478.00768182,2.48,0.3964,0.0000,0.00,2779300.0000
1345,1791442433030,A,hyperliquid,kPEPE,PLACE,SELL,0.00403600,2478.00768182,2.48,0.3964,0.0000,0.00,2483751.0000
1346,1791442433030,B,hyperliquid,kPEPE,CANCEL,SELL,0.00403600,2478.00768182,2.48,0.3964,0.0000,0.00,2779300.0000
1347,1791442433030,B,hyperliquid,kPEPE,PLACE,SELL,0.00403600,2478.00768182,2.48,0.3964,0.0000,0.00,2483751.0000
1348,1791442433030,C,hyperliquid,kPEPE,CANCEL,SELL,0.00403600,2478.00768182,2.48,0.3964,0.0000,0.00,2779300.0000
1349,1791442433030,C,hyperliquid,kPEPE,PLACE,SELL,0.00403600,2478.00768182,2.48,0.3964,0.0000,0.00,2483751.0000
1350,1791442438398,A,hyperliquid,CASHCAT,CANCEL,BUY,0.12148000,82.30113987,4.12,0.1050,0.0000,0.00,105.0000
1351,1791442438398,A,hyperliquid,CASHCAT,PLACE,BUY,0.12148000,82.29436695,5.76,0.1050,0.0000,0.00,105.0000
1352,1791442438398,A,hyperliquid,CASHCAT,CANCEL,SELL,0.12153000,82.30113987,4.12,0.1050,0.0000,0.00,1554.0000
1353,1791442438398,A,hyperliquid,CASHCAT,PLACE,SELL,0.12155000,82.29436695,5.76,0.1050,0.0000,0.00,1568.0000
1354,1791442438398,B,hyperliquid,CASHCAT,CANCEL,SELL,0.12153000,82.30113987,4.12,0.1050,0.0000,0.00,1554.0000
1355,1791442438398,B,hyperliquid,CASHCAT,PLACE,SELL,0.12155000,82.29436695,5.76,0.1050,0.0000,0.00,1568.0000
1356,1791442438398,C,hyperliquid,CASHCAT,CANCEL,SELL,0.12153000,82.30113987,4.12,0.1050,0.0000,0.00,1554.0000
1357,1791442438398,C,hyperliquid,CASHCAT,PLACE,SELL,0.12155000,82.29436695,5.76,0.1050,0.0000,0.00,1568.0000
1358,1791442438403,A,hyperliquid,GRIFFAIN,CANCEL,BUY,0.01600700,624.25869280,14.98,0.2715,0.0000,0.00,24989.0000
1359,1791442438403,A,hyperliquid,GRIFFAIN,PLACE,BUY,0.01600900,624.10285215,17.47,0.2715,0.0000,0.00,24986.0000
1360,1791442438403,A,hyperliquid,GRIFFAIN,CANCEL,SELL,0.01603100,624.25869280,14.98,0.2715,0.0000,0.00,17369.0000
1361,1791442438403,A,hyperliquid,GRIFFAIN,PLACE,SELL,0.01603700,624.10285215,17.47,0.2715,0.0000,0.00,18619.0000
1362,1791442438403,B,hyperliquid,GRIFFAIN,CANCEL,SELL,0.01603100,624.25869280,14.98,0.2715,0.0000,0.00,17369.0000
1363,1791442438403,B,hyperliquid,GRIFFAIN,PLACE,SELL,0.01603700,624.10285215,17.47,0.2715,0.0000,0.00,18619.0000
1364,1791442438403,C,hyperliquid,GRIFFAIN,CANCEL,SELL,0.01603100,624.25869280,14.98,0.2715,0.0000,0.00,17369.0000
1365,1791442438403,C,hyperliquid,GRIFFAIN,PLACE,SELL,0.01603700,624.10285215,17.47,0.2715,0.0000,0.00,18619.0000
1366,1791442438532,A,hyperliquid,kPEPE,CANCEL,BUY,0.00403500,2478.00768182,2.48,0.4188,0.0000,0.00,1103573.0000
1367,1791442438532,A,hyperliquid,kPEPE,PLACE,BUY,0.00403500,2478.00768182,2.48,0.4188,0.0000,0.00,1345583.0000
1368,1791442438532,A,hyperliquid,kPEPE,CANCEL,SELL,0.00403600,2478.00768182,2.48,0.4188,0.0000,0.00,2483751.0000
1369,1791442438532,A,hyperliquid,kPEPE,PLACE,SELL,0.00403600,2478.00768182,2.48,0.4188,0.0000,0.00,1532138.0000
1370,1791442443704,A,hyperliquid,GRIFFAIN,CANCEL,BUY,0.01600900,624.10285215,17.47,0.2399,0.0000,0.00,24986.0000
1371,1791442443704,A,hyperliquid,GRIFFAIN,PLACE,BUY,0.01601600,623.96655539,13.10,0.2399,0.0000,0.00,2651.0000
1372,1791442443704,A,hyperliquid,GRIFFAIN,CANCEL,SELL,0.01603700,624.10285215,17.47,0.2399,0.0000,0.00,18619.0000
1373,1791442443704,A,hyperliquid,GRIFFAIN,PLACE,SELL,0.01603700,623.96655539,13.10,0.2399,0.0000,0.00,1250.0000
1374,1791442443704,B,hyperliquid,GRIFFAIN,CANCEL,SELL,0.01603700,624.10285215,17.47,0.2399,0.0000,0.00,18619.0000
1375,1791442443704,B,hyperliquid,GRIFFAIN,PLACE,SELL,0.01603700,623.96655539,13.10,0.2399,0.0000,0.00,1250.0000
1376,1791442443704,C,hyperliquid,GRIFFAIN,CANCEL,SELL,0.01603700,624.10285215,17.47,0.2399,0.0000,0.00,18619.0000
1377,1791442443704,C,hyperliquid,GRIFFAIN,PLACE,SELL,0.01603700,623.96655539,13.10,0.2399,0.0000,0.00,1250.0000
1378,1791442443707,A,hyperliquid,LIT,PLACE,BUY,3.55960000,2.80898876,2.25,0.2133,0.0000,0.00,112.0000
1379,1791442443707,A,hyperliquid,LIT,PLACE,SELL,3.56040000,2.80898876,2.25,0.2133,0.0000,0.00,389.0000
1380,1791442443707,B,hyperliquid,LIT,PLACE,SELL,3.56040000,2.80898876,2.25,0.2133,0.0000,0.00,389.0000
1381,1791442443707,C,hyperliquid,LIT,PLACE,SELL,3.56040000,2.80898876,2.25,0.2133,0.0000,0.00,389.0000
1382,1791442443838,A,hyperliquid,PENGU,PLACE,BUY,0.00861600,1160.49669258,2.32,0.4691,0.0000,0.00,288651.0000
1383,1791442443838,A,hyperliquid,PENGU,PLACE,SELL,0.00861800,1160.49669258,2.32,0.4691,0.0000,0.00,18975.0000
1384,1791442443839,A,hyperliquid,kPEPE,CANCEL,BUY,0.00403500,2478.00768182,2.48,0.4367,0.0000,0.00,1345583.0000
1385,1791442443839,A,hyperliquid,kPEPE,PLACE,BUY,0.00403400,2478.31474597,4.96,0.4367,0.0000,0.00,1950869.0000
1386,1791442443839,A,hyperliquid,kPEPE,CANCEL,SELL,0.00403600,2478.00768182,2.48,0.4367,0.0000,0.00,1532138.0000
1387,1791442443839,A,hyperliquid,kPEPE,PLACE,SELL,0.00403600,2478.31474597,4.96,0.4367,0.0000,0.00,1845161.0000
1388,1791442449097,A,hyperliquid,GRIFFAIN,CANCEL,BUY,0.01601600,623.96655539,13.10,0.3220,0.0000,0.00,2651.0000
1389,1791442449097,A,hyperliquid,GRIFFAIN,PLACE,BUY,0.01602000,623.88869826,10.61,0.3220,0.0000,0.00,1988.0000
1390,1791442449097,A,hyperliquid,GRIFFAIN,CANCEL,SELL,0.01603700,623.96655539,13.10,0.3220,0.0000,0.00,1250.0000
1391,1791442449097,A,hyperliquid,GRIFFAIN,PLACE,SELL,0.01603700,623.88869826,10.61,0.3220,0.0000,0.00,1250.0000
1392,1791442449097,B,hyperliquid,GRIFFAIN,CANCEL,SELL,0.01603700,623.96655539,13.10,0.3220,0.0000,0.00,1250.0000
1393,1791442449097,B,hyperliquid,GRIFFAIN,PLACE,SELL,0.01603700,623.88869826,10.61,0.3220,0.0000,0.00,1250.0000
1394,1791442449097,C,hyperliquid,GRIFFAIN,CANCEL,SELL,0.01603700,623.96655539,13.10,0.3220,0.0000,0.00,1250.0000
1395,1791442449097,C,hyperliquid,GRIFFAIN,PLACE,SELL,0.01603700,623.88869826,10.61,0.3220,0.0000,0.00,1250.0000
1396,1791442449232,A,hyperliquid,VVV,PLACE,BUY,24.99300000,0.40007201,2.00,0.4423,0.0000,0.00,2.5600
1397,1791442449232,A,hyperliquid,VVV,PLACE,SELL,24.99800000,0.40007201,2.00,0.4423,0.0000,0.00,11.7400
1398,1791442449233,A,hyperliquid,kPEPE,CANCEL,BUY,0.00403400,2478.31474597,4.96,0.5412,0.0000,0.00,1950869.0000
1399,1791442449233,A,hyperliquid,kPEPE,PLACE,BUY,0.00403500,2478.00768182,2.48,0.5412,0.0000,0.00,4859572.0000
1400,1791442449233,A,hyperliquid,kPEPE,CANCEL,SELL,0.00403600,2478.31474597,4.96,0.5412,0.0000,0.00,1845161.0000
1401,1791442449233,A,hyperliquid,kPEPE,PLACE,SELL,0.00403600,2478.00768182,2.48,0.5412,0.0000,0.00,12388.0000
1402,1791442454100,A,hyperliquid,GRIFFAIN,CANCEL,BUY,0.01602000,623.88869826,10.61,0.2739,0.0000,0.00,1988.0000
1403,1791442454100,A,hyperliquid,GRIFFAIN,PLACE,BUY,0.01602900,623.42196316,14.34,0.2739,0.0000,0.00,27614.0000
1404,1791442454100,A,hyperliquid,GRIFFAIN,PLACE,SELL,0.01605200,623.42196316,14.34,0.2739,0.0000,0.00,17369.0000
1405,1791442454100,B,hyperliquid,GRIFFAIN,PLACE,SELL,0.01605200,623.42196316,14.34,0.2739,0.0000,0.00,17369.0000
1406,1791442454100,C,hyperliquid,GRIFFAIN,PLACE,SELL,0.01605200,623.42196316,14.34,0.2739,0.0000,0.00,17369.0000
1407,1791442454234,A,hyperliquid,PENGU,PLACE,BUY,0.00861700,1160.36203295,2.32,0.5273,0.0000,0.00,357375.0000
1408,1791442454234,A,hyperliquid,PENGU,PLACE,SELL,0.00861900,1160.36203295,2.32,0.5273,0.0000,0.00,65393.0000
1409,1791442454236,A,hyperliquid,kPEPE,CANCEL,BUY,0.00403500,2478.00768182,2.48,0.5386,0.0000,0.00,4859572.0000
1410,1791442454236,A,hyperliquid,kPEPE,PLACE,BUY,0.00403500,2478.00768182,2.48,0.5386,0.0000,0.00,2917588.0000
1411,1791442454236,A,hyperliquid,kPEPE,CANCEL,SELL,0.00403600,2478.00768182,2.48,0.5386,0.0000,0.00,12388.0000
1412,1791442454236,A,hyperliquid,kPEPE,PLACE,SELL,0.00403600,2478.00768182,2.48,0.5386,0.0000,0.00,12388.0000
1413,1791442459646,A,hyperliquid,GRIFFAIN,CANCEL,BUY,0.01602900,623.42196316,14.34,0.5165,0.0000,0.00,27614.0000
1414,1791442459646,A,hyperliquid,GRIFFAIN,PLACE,BUY,0.01602400,623.59690696,14.97,0.5165,0.0000,0.00,24963.0000
1415,1791442459646,A,hyperliquid,GRIFFAIN,CANCEL,SELL,0.01605200,623.42196316,14.34,0.5165,0.0000,0.00,17369.0000
1416,1791442459646,A,hyperliquid,GRIFFAIN,PLACE,SELL,0.01604800,623.59690696,14.97,0.5165,0.0000,0.00,17369.0000
1417,1791442459780,A,hyperliquid,kPEPE,CANCEL,BUY,0.00403500,2478.00768182,2.48,0.5682,0.0000,0.00,2906525.0000
1418,1791442459780,A,hyperliquid,kPEPE,PLACE,BUY,0.00403500,2478.00768182,2.48,0.5682,0.0000,0.00,5434970.0000
1419,1791442459780,A,hyperliquid,kPEPE,CANCEL,SELL,0.00403600,2478.00768182,2.48,0.5682,0.0000,0.00,12388.0000
1420,1791442459780,A,hyperliquid,kPEPE,PLACE,SELL,0.00403600,2478.00768182,2.48,0.5682,0.0000,0.00,12388.0000
1421,1791442464936,A,hyperliquid,GRIFFAIN,CANCEL,BUY,0.01602400,623.59690696,14.97,0.3867,0.0000,0.00,24963.0000
1422,1791442464936,A,hyperliquid,GRIFFAIN,PLACE,BUY,0.01601500,623.92762440,15.60,0.3867,0.0000,0.00,2658.0000
1423,1791442464936,A,hyperliquid,GRIFFAIN,CANCEL,SELL,0.01604800,623.59690696,14.97,0.3867,0.0000,0.00,17369.0000
1424,1791442464936,A,hyperliquid,GRIFFAIN,PLACE,SELL,0.01604000,623.92762440,15.60,0.3867,0.0000,0.00,2235.0000
1425,1791442464936,B,hyperliquid,GRIFFAIN,PLACE,SELL,0.01604000,623.92762440,15.60,0.3867,0.0000,0.00,2235.0000
1426,1791442464936,C,hyperliquid,GRIFFAIN,PLACE,SELL,0.01604000,623.92762440,15.60,0.3867,0.0000,0.00,2235.0000
1427,1791442465070,A,hyperliquid,PENGU,PLACE,BUY,0.00862100,1159.82370680,2.32,0.3266,0.0000,0.00,282821.0000
1428,1791442465070,A,hyperliquid,PENGU,PLACE,SELL,0.00862300,1159.82370680,2.32,0.3266,0.0000,0.00,65372.0000
1429,1791442465070,B,hyperliquid,PENGU,PLACE,SELL,0.00862300,1159.82370680,2.32,0.3266,0.0000,0.00,65372.0000
1430,1791442465070,C,hyperliquid,PENGU,PLACE,SELL,0.00862300,1159.82370680,2.32,0.3266,0.0000,0.00,65372.0000
1431,1791442465072,A,hyperliquid,kPEPE,CANCEL,BUY,0.00403500,2478.00768182,2.48,0.5229,0.0000,0.00,5434970.0000
1432,1791442465072,A,hyperliquid,kPEPE,PLACE,BUY,0.00403700,2476.78018576,2.48,0.5229,0.0000,0.00,2055962.0000
1433,1791442465072,A,hyperliquid,kPEPE,CANCEL,SELL,0.00403600,2478.00768182,2.48,0.5229,0.0000,0.00,0.0000
1434,1791442465072,A,hyperliquid,kPEPE,PLACE,SELL,0.00403800,2476.78018576,2.48,0.5229,0.0000,0.00,148844.0000
1435,1791442470003,A,hyperliquid,GRIFFAIN,CANCEL,BUY,0.01601500,623.92762440,15.60,0.2308,0.0000,0.00,2658.0000
1436,1791442470003,A,hyperliquid,GRIFFAIN,PLACE,BUY,0.01601400,623.83031815,19.96,0.2308,0.0000,0.00,24978.0000
1437,1791442470003,A,hyperliquid,GRIFFAIN,PLACE,SELL,0.01604600,623.83031815,19.96,0.2308,0.0000,0.00,17369.0000
1438,1791442470003,B,hyperliquid,GRIFFAIN,PLACE,SELL,0.01604600,623.83031815,19.96,0.2308,0.0000,0.00,17369.0000
1439,1791442470003,C,hyperliquid,GRIFFAIN,PLACE,SELL,0.01604600,623.83031815,19.96,0.2308,0.0000,0.00,17369.0000
1440,1791442470137,A,hyperliquid,kPEPE,CANCEL,BUY,0.00403700,2476.78018576,2.48,0.6067,0.0000,0.00,2055962.0000
1441,1791442470137,A,hyperliquid,kPEPE,PLACE,BUY,0.00403700,2476.78018576,2.48,0.6067,0.0000,0.00,2405884.0000
1442,1791442470137,A,hyperliquid,kPEPE,CANCEL,SELL,0.00403800,2476.78018576,2.48,0.6067,0.0000,0.00,148844.0000
1443,1791442470137,A,hyperliquid,kPEPE,PLACE,SELL,0.00403800,2476.78018576,2.48,0.6067,0.0000,0.00,12382.0000
1444,1791442470137,B,hyperliquid,kPEPE,PLACE,BUY,0.00403700,2476.78018576,2.48,0.6067,0.0000,0.00,2405884.0000
1445,1791442470137,C,hyperliquid,kPEPE,PLACE,BUY,0.00403700,2476.78018576,2.48,0.6067,0.0000,0.00,2405884.0000
1446,1791442475438,A,hyperliquid,GRIFFAIN,CANCEL,BUY,0.01601400,623.83031815,19.96,0.6085,0.0000,0.00,24978.0000
1447,1791442475438,A,hyperliquid,GRIFFAIN,PLACE,BUY,0.01600800,623.98602271,22.46,0.6085,0.0000,0.00,24988.0000
1448,1791442475438,A,hyperliquid,GRIFFAIN,CANCEL,SELL,0.01604600,623.83031815,19.96,0.6085,0.0000,0.00,17369.0000
1449,1791442475438,A,hyperliquid,GRIFFAIN,PLACE,SELL,0.01604400,623.98602271,22.46,0.6085,0.0000,0.00,24931.0000
1450,1791442475438,B,hyperliquid,GRIFFAIN,PLACE,BUY,0.01600800,623.98602271,22.46,0.6085,0.0000,0.00,24988.0000
1451,1791442475438,C,hyperliquid,GRIFFAIN,PLACE,BUY,0.01600800,623.98602271,22.46,0.6085,0.0000,0.00,24988.0000
1452,1791442475572,A,hyperliquid,PENGU,PLACE,BUY,0.00862400,1159.42028986,2.32,0.6910,0.0000,0.00,283093.0000
1453,1791442475572,A,hyperliquid,PENGU,PLACE,SELL,0.00862600,1159.42028986,2.32,0.6910,0.0000,0.00,32313.0000
1454,1791442475572,B,hyperliquid,PENGU,PLACE,BUY,0.00862400,1159.42028986,2.32,0.6910,0.0000,0.00,283093.0000
1455,1791442475572,C,hyperliquid,PENGU,PLACE,BUY,0.00862400,1159.42028986,2.32,0.6910,0.0000,0.00,283093.0000
1456,1791442475575,A,hyperliquid,kPEPE,CANCEL,BUY,0.00403700,2476.78018576,2.48,0.5389,0.0000,0.00,2405884.0000
1457,1791442475575,A,hyperliquid,kPEPE,PLACE,BUY,0.00403700,2476.47350173,4.95,0.5389,0.0000,0.00,2124676.0000
1458,1791442475575,A,hyperliquid,kPEPE,CANCEL,SELL,0.00403800,2476.78018576,2.48,0.5389,0.0000,0.00,12382.0000
1459,1791442475575,A,hyperliquid,kPEPE,PLACE,SELL,0.00403900,2476.47350173,4.95,0.5389,0.0000,0.00,3536694.0000
1460,1791442480707,A,hyperliquid,GRIFFAIN,CANCEL,BUY,0.01600800,623.98602271,22.46,0.3286,0.0000,0.00,24988.0000
1461,1791442480707,A,hyperliquid,GRIFFAIN,PLACE,BUY,0.01602200,623.73304226,13.10,0.3286,0.0000,0.00,27622.0000
1462,1791442480707,A,hyperliquid,GRIFFAIN,CANCEL,SELL,0.01604400,623.98602271,22.46,0.3286,0.0000,0.00,24931.0000
1463,1791442480707,A,hyperliquid,GRIFFAIN,PLACE,SELL,0.01604300,623.73304226,13.10,0.3286,0.0000,0.00,23586.0000
1464,1791442480707,B,hyperliquid,GRIFFAIN,PLACE,SELL,0.01604300,623.73304226,13.10,0.3286,0.0000,0.00,23586.0000
1465,1791442480707,C,hyperliquid,GRIFFAIN,PLACE,SELL,0.01604300,623.73304226,13.10,0.3286,0.0000,0.00,23586.0000
1466,1791442480841,A,hyperliquid,PENGU,CANCEL,BUY,0.00862400,1159.42028986,2.32,0.3831,0.0000,0.00,270449.0000
1467,1791442480841,A,hyperliquid,PENGU,PLACE,BUY,0.00862300,1159.55473098,2.32,0.3831,0.0000,0.00,286487.0000
1468,1791442480841,A,hyperliquid,PENGU,PLACE,SELL,0.00862500,1159.55473098,2.32,0.3831,0.0000,0.00,59022.0000
1469,1791442480841,B,hyperliquid,PENGU,PLACE,SELL,0.00862500,1159.55473098,2.32,0.3831,0.0000,0.00,59022.0000
1470,1791442480841,C,hyperliquid,PENGU,PLACE,SELL,0.00862500,1159.55473098,2.32,0.3831,0.0000,0.00,59022.0000
1471,1791442480843,A,hyperliquid,VVV,PLACE,BUY,25.00600000,0.39983207,3.60,0.4414,0.0000,0.00,1.8500
1472,1791442480843,A,hyperliquid,VVV,PLACE,SELL,25.01500000,0.39983207,3.60,0.4414,0.0000,0.00,1.8700
1473,1791442480844,A,hyperliquid,kPEPE,CANCEL,BUY,0.00403700,2476.47350173,4.95,0.5148,0.0000,0.00,2113471.0000
1474,1791442480844,A,hyperliquid,kPEPE,PLACE,BUY,0.00403700,2476.78018576,2.48,0.5148,0.0000,0.00,481575.0000
1475,1791442480844,A,hyperliquid,kPEPE,CANCEL,SELL,0.00403900,2476.47350173,4.95,0.5148,0.0000,0.00,3536694.0000
1476,1791442480844,A,hyperliquid,kPEPE,PLACE,SELL,0.00403800,2476.78018576,2.48,0.5148,0.0000,0.00,1090396.0000
1477,1791442486165,A,hyperliquid,FARTCOIN,PLACE,BUY,0.16023000,62.39276244,5.62,0.6933,143.0000,0.00,7902.4000
1478,1791442486165,A,hyperliquid,FARTCOIN,PLACE,SELL,0.16032000,62.39276244,5.62,0.6933,449.3000,0.00,1034.2000
1479,1791442486165,B,hyperliquid,FARTCOIN,PLACE,BUY,0.16023000,62.39276244,5.62,0.6933,143.0000,0.00,7902.4000
1480,1791442486165,C,hyperliquid,FARTCOIN,PLACE,BUY,0.16023000,62.39276244,5.62,0.6933,143.0000,0.00,7902.4000
1481,1791442486166,A,hyperliquid,GRIFFAIN,CANCEL,BUY,0.01602200,623.73304226,13.10,0.0854,0.0000,0.00,27622.0000
1482,1791442486166,A,hyperliquid,GRIFFAIN,PLACE,BUY,0.01602500,623.61635122,13.10,0.0854,0.0000,0.00,2663.0000
1483,1791442486166,A,hyperliquid,GRIFFAIN,PLACE,SELL,0.01604600,623.61635122,13.10,0.0854,0.0000,0.00,17369.0000
1484,1791442486166,B,hyperliquid,GRIFFAIN,PLACE,SELL,0.01604600,623.61635122,13.10,0.0854,0.0000,0.00,17369.0000
1485,1791442486166,C,hyperliquid,GRIFFAIN,PLACE,SELL,0.01604600,623.61635122,13.10,0.0854,0.0000,0.00,17369.0000
1486,1791442486300,A,hyperliquid,kPEPE,CANCEL,BUY,0.00403700,2476.78018576,2.48,0.3329,0.0000,0.00,481575.0000
1487,1791442486300,A,hyperliquid,kPEPE,PLACE,BUY,0.00403900,2475.55390519,2.48,0.3329,0.0000,0.00,502381.0000
1488,1791442486300,A,hyperliquid,kPEPE,CANCEL,SELL,0.00403800,2476.78018576,2.48,0.3329,0.0000,0.00,1090396.0000
1489,1791442486300,A,hyperliquid,kPEPE,PLACE,SELL,0.00404000,2475.55390519,2.48,0.3329,0.0000,0.00,5575945.0000
1490,1791442486300,B,hyperliquid,kPEPE,PLACE,SELL,0.00404000,2475.55390519,2.48,0.3329,0.0000,0.00,5575945.0000
1491,1791442486300,C,hyperliquid,kPEPE,PLACE,SELL,0.00404000,2475.55390519,2.48,0.3329,0.0000,0.00,5575945.0000
1492,1791442491555,A,hyperliquid,CRV,PLACE,BUY,0.39174000,25.52322614,3.06,0.4538,0.0000,0.00,1794.4000
1493,1791442491555,A,hyperliquid,CRV,PLACE,SELL,0.39186000,25.52322614,3.06,0.4538,0.0000,0.00,1020.8000
1494,1791442491556,A,hyperliquid,GRIFFAIN,CANCEL,BUY,0.01602500,623.61635122,13.10,0.3535,0.0000,0.00,2663.0000
1495,1791442491556,A,hyperliquid,GRIFFAIN,PLACE,BUY,0.01602200,623.75249501,12.48,0.3535,0.0000,0.00,27629.0000
1496,1791442491556,A,hyperliquid,GRIFFAIN,CANCEL,SELL,0.01604600,623.61635122,13.10,0.3535,0.0000,0.00,17369.0000
1497,1791442491556,A,hyperliquid,GRIFFAIN,PLACE,SELL,0.01604200,623.75249501,12.48,0.3535,0.0000,0.00,17369.0000
1498,1791442491556,B,hyperliquid,GRIFFAIN,CANCEL,SELL,0.01604600,623.61635122,13.10,0.3535,0.0000,0.00,17369.0000
1499,1791442491556,B,hyperliquid,GRIFFAIN,PLACE,SELL,0.01604200,623.75249501,12.48,0.3535,0.0000,0.00,17369.0000
1500,1791442491556,C,hyperliquid,GRIFFAIN,CANCEL,SELL,0.01604600,623.61635122,13.10,0.3535,0.0000,0.00,17369.0000
1501,1791442491556,C,hyperliquid,GRIFFAIN,PLACE,SELL,0.01604200,623.75249501,12.48,0.3535,0.0000,0.00,17369.0000
1502,1791442491690,A,hyperliquid,kPEPE,CANCEL,BUY,0.00403900,2475.55390519,2.48,0.4022,0.0000,0.00,497083.0000
1503,1791442491690,A,hyperliquid,kPEPE,PLACE,BUY,0.00403900,2475.55390519,2.48,0.4022,0.0000,0.00,497083.0000
1504,1791442491690,A,hyperliquid,kPEPE,CANCEL,SELL,0.00404000,2475.55390519,2.48,0.4022,0.0000,0.00,5575945.0000
1505,1791442491690,A,hyperliquid,kPEPE,PLACE,SELL,0.00404000,2475.55390519,2.48,0.4022,0.0000,0.00,5701005.0000
1506,1791442497135,A,hyperliquid,CRV,CANCEL,BUY,0.39174000,25.52322614,3.06,0.3871,0.0000,0.00,1794.4000
1507,1791442497135,A,hyperliquid,CRV,PLACE,BUY,0.39191000,25.51183111,3.32,0.3871,0.0000,0.00,773.3000
1508,1791442497135,A,hyperliquid,CRV,CANCEL,SELL,0.39186000,25.52322614,3.06,0.3871,0.0000,0.00,1020.8000
1509,1791442497135,A,hyperliquid,CRV,PLACE,SELL,0.39204000,25.51183111,3.32,0.3871,0.0000,0.00,2156.0000
1510,1791442497135,B,hyperliquid,CRV,PLACE,SELL,0.39204000,25.51183111,3.32,0.3871,0.0000,0.00,2156.0000
1511,1791442497135,C,hyperliquid,CRV,PLACE,SELL,0.39204000,25.51183111,3.32,0.3871,0.0000,0.00,2156.0000
1512,1791442497138,A,hyperliquid,GRIFFAIN,CANCEL,BUY,0.01602200,623.75249501,12.48,0.4078,0.0000,0.00,27629.0000
1513,1791442497138,A,hyperliquid,GRIFFAIN,PLACE,BUY,0.01602200,623.69414039,14.34,0.4078,0.0000,0.00,27629.0000
1514,1791442497138,A,hyperliquid,GRIFFAIN,CANCEL,SELL,0.01604200,623.75249501,12.48,0.4078,0.0000,0.00,17369.0000
1515,1791442497138,A,hyperliquid,GRIFFAIN,PLACE,SELL,0.01604500,623.69414039,14.34,0.4078,0.0000,0.00,17369.0000
1516,1791442497269,A,hyperliquid,PENGU,PLACE,BUY,0.00863400,1158.07759120,2.32,0.5393,0.0000,0.00,329892.0000
1517,1791442497269,A,hyperliquid,PENGU,PLACE,SELL,0.00863600,1158.07759120,2.32,0.5393,0.0000,0.00,11329.0000
1518,1791442497271,A,hyperliquid,VVV,PLACE,BUY,25.01600000,0.39960838,6.79,0.6661,0.0000,0.00,14.8600
1519,1791442497271,A,hyperliquid,VVV,PLACE,SELL,25.03300000,0.39960838,6.79,0.6661,0.0000,0.00,1.8700
1520,1791442497271,B,hyperliquid,VVV,PLACE,BUY,25.01600000,0.39960838,6.79,0.6661,0.0000,0.00,14.8600
1521,1791442497271,C,hyperliquid,VVV,PLACE,BUY,25.01600000,0.39960838,6.79,0.6661,0.0000,0.00,14.8600
1522,1791442497272,A,hyperliquid,kPEPE,CANCEL,BUY,0.00403900,2475.55390519,2.48,0.6275,0.0000,0.00,490003.0000
1523,1791442497272,A,hyperliquid,kPEPE,PLACE,BUY,0.00404100,2474.32883830,2.47,0.6275,0.0000,0.00,3489135.0000
1524,1791442497272,A,hyperliquid,kPEPE,PLACE,SELL,0.00404200,2474.32883830,2.47,0.6275,0.0000,0.00,127033.0000
1525,1791442497272,B,hyperliquid,kPEPE,PLACE,BUY,0.00404100,2474.32883830,2.47,0.6275,0.0000,0.00,3489135.0000
1526,1791442497272,C,hyperliquid,kPEPE,PLACE,BUY,0.00404100,2474.32883830,2.47,0.6275,0.0000,0.00,3489135.0000
1527,1791442502654,A,hyperliquid,GRIFFAIN,CANCEL,BUY,0.01602200,623.69414039,14.34,0.4560,0.0000,0.00,27629.0000
1528,1791442502654,A,hyperliquid,GRIFFAIN,PLACE,BUY,0.01602800,623.63579669,8.73,0.4560,0.0000,0.00,26955.0000
1529,1791442502654,A,hyperliquid,GRIFFAIN,PLACE,SELL,0.01604200,623.63579669,8.73,0.4560,0.0000,0.00,17369.0000
1530,1791442507842,A,hyperliquid,GRIFFAIN,PLACE,BUY,0.01602000,623.59690696,19.96,0.4274,0.0000,0.00,24969.0000
1531,1791442507842,A,hyperliquid,GRIFFAIN,CANCEL,SELL,0.01604200,623.63579669,8.73,0.4274,0.0000,0.00,17369.0000
1532,1791442507842,A,hyperliquid,GRIFFAIN,PLACE,SELL,0.01605200,623.59690696,19.96,0.4274,0.0000,0.00,19472.0000
1533,1791442513164,A,hyperliquid,GRIFFAIN,CANCEL,BUY,0.01602000,623.59690696,19.96,0.2377,0.0000,0.00,24969.0000
1534,1791442513164,A,hyperliquid,GRIFFAIN,PLACE,BUY,0.01602900,623.46083107,13.09,0.2377,0.0000,0.00,1999.0000
1535,1791442513164,A,hyperliquid,GRIFFAIN,CANCEL,SELL,0.01605200,623.59690696,19.96,0.2377,0.0000,0.00,19472.0000
1536,1791442513164,A,hyperliquid,GRIFFAIN,PLACE,SELL,0.01605000,623.46083107,13.09,0.2377,0.0000,0.00,2132.0000
1537,1791442513164,B,hyperliquid,GRIFFAIN,PLACE,SELL,0.01605000,623.46083107,13.09,0.2377,0.0000,0.00,2132.0000
1538,1791442513164,C,hyperliquid,GRIFFAIN,PLACE,SELL,0.01605000,623.46083107,13.09,0.2377,0.0000,0.00,2132.0000
1539,1791442518521,A,hyperliquid,GRIFFAIN,CANCEL,BUY,0.01602900,623.46083107,13.09,0.2884,0.0000,0.00,1999.0000
1540,1791442518521,A,hyperliquid,GRIFFAIN,PLACE,BUY,0.01602300,623.73304226,11.85,0.2884,0.0000,0.00,24964.0000
1541,1791442518521,A,hyperliquid,GRIFFAIN,CANCEL,SELL,0.01605000,623.46083107,13.09,0.2884,0.0000,0.00,2132.0000
1542,1791442518521,A,hyperliquid,GRIFFAIN,PLACE,SELL,0.01604200,623.73304226,11.85,0.2884,0.0000,0.00,17369.0000
1543,1791442518521,B,hyperliquid,GRIFFAIN,CANCEL,SELL,0.01605000,623.46083107,13.09,0.2884,0.0000,0.00,2132.0000
1544,1791442518521,B,hyperliquid,GRIFFAIN,PLACE,SELL,0.01604200,623.73304226,11.85,0.2884,0.0000,0.00,17369.0000
1545,1791442518521,C,hyperliquid,GRIFFAIN,CANCEL,SELL,0.01605000,623.46083107,13.09,0.2884,0.0000,0.00,2132.0000
1546,1791442518521,C,hyperliquid,GRIFFAIN,PLACE,SELL,0.01604200,623.73304226,11.85,0.2884,0.0000,0.00,17369.0000
1547,1791442523836,A,hyperliquid,GRIFFAIN,CANCEL,BUY,0.01602300,623.73304226,11.85,0.2934,0.0000,0.00,24964.0000
1548,1791442523836,A,hyperliquid,GRIFFAIN,PLACE,BUY,0.01603400,623.24711748,13.71,0.2934,0.0000,0.00,24947.0000
1549,1791442523836,A,hyperliquid,GRIFFAIN,CANCEL,SELL,0.01604200,623.73304226,11.85,0.2934,0.0000,0.00,17369.0000
1550,1791442523836,A,hyperliquid,GRIFFAIN,PLACE,SELL,0.01605600,623.24711748,13.71,0.2934,0.0000,0.00,17369.0000
1551,1791442523836,B,hyperliquid,GRIFFAIN,CANCEL,SELL,0.01604200,623.73304226,11.85,0.2934,0.0000,0.00,17369.0000
1552,1791442523836,B,hyperliquid,GRIFFAIN,PLACE,SELL,0.01605600,623.24711748,13.71,0.2934,0.0000,0.00,17369.0000
1553,1791442523836,C,hyperliquid,GRIFFAIN,CANCEL,SELL,0.01604200,623.73304226,11.85,0.2934,0.0000,0.00,17369.0000
1554,1791442523836,C,hyperliquid,GRIFFAIN,PLACE,SELL,0.01605600,623.24711748,13.71,0.2934,0.0000,0.00,17369.0000
1555,1791442529339,A,hyperliquid,GRIFFAIN,CANCEL,BUY,0.01603400,623.24711748,13.71,0.2510,0.0000,0.00,24947.0000
1556,1791442529339,A,hyperliquid,GRIFFAIN,PLACE,BUY,0.01603600,623.24711748,11.22,0.2510,0.0000,0.00,24944.0000
1557,1791442529339,A,hyperliquid,GRIFFAIN,CANCEL,SELL,0.01605600,623.24711748,13.71,0.2510,0.0000,0.00,17369.0000
1558,1791442529339,A,hyperliquid,GRIFFAIN,PLACE,SELL,0.01605400,623.24711748,11.22,0.2510,0.0000,0.00,17369.0000
1559,1791442529339,B,hyperliquid,GRIFFAIN,CANCEL,SELL,0.01605600,623.24711748,13.71,0.2510,0.0000,0.00,17369.0000
1560,1791442529339,B,hyperliquid,GRIFFAIN,PLACE,SELL,0.01605400,623.24711748,11.22,0.2510,0.0000,0.00,17369.0000
1561,1791442529339,C,hyperliquid,GRIFFAIN,CANCEL,SELL,0.01605600,623.24711748,13.71,0.2510,0.0000,0.00,17369.0000
1562,1791442529339,C,hyperliquid,GRIFFAIN,PLACE,SELL,0.01605400,623.24711748,11.22,0.2510,0.0000,0.00,17369.0000
1563,1791442534763,A,hyperliquid,GRIFFAIN,CANCEL,BUY,0.01603600,623.24711748,11.22,0.1168,0.0000,0.00,24944.0000
1564,1791442534763,A,hyperliquid,GRIFFAIN,PLACE,BUY,0.01603100,623.13060818,21.19,0.1168,0.0000,0.00,2671.0000
1565,1791442534763,A,hyperliquid,GRIFFAIN,PLACE,SELL,0.01606500,623.13060818,21.19,0.1168,42934.0000,0.00,129709.0000
1566,1791442534763,B,hyperliquid,GRIFFAIN,PLACE,SELL,0.01606500,623.13060818,21.19,0.1168,42934.0000,0.00,129709.0000
1567,1791442540116,A,hyperliquid,GRIFFAIN,CANCEL,BUY,0.01603100,623.13060818,21.19,0.4738,0.0000,0.00,2671.0000
1568,1791442540116,A,hyperliquid,GRIFFAIN,PLACE,BUY,0.01603400,623.26653994,13.09,0.4738,0.0000,0.00,2663.0000
1569,1791442540116,A,hyperliquid,GRIFFAIN,CANCEL,SELL,0.01606500,623.13060818,21.19,0.4738,0.0000,0.00,129709.0000
1570,1791442540116,A,hyperliquid,GRIFFAIN,PLACE,SELL,0.01605500,623.26653994,13.09,0.4738,0.0000,0.00,17369.0000
1571,1791442545518,A,hyperliquid,GRIFFAIN,CANCEL,BUY,0.01603400,623.26653994,13.09,0.1553,0.0000,0.00,2663.0000
1572,1791442545518,A,hyperliquid,GRIFFAIN,PLACE,BUY,0.01604700,622.83952540,10.59,0.1553,0.0000,0.00,2663.0000
1573,1791442545518,A,hyperliquid,GRIFFAIN,CANCEL,SELL,0.01605500,623.26653994,13.09,0.1553,0.0000,0.00,17369.0000
1574,1791442545518,A,hyperliquid,GRIFFAIN,PLACE,SELL,0.01606400,622.83952540,10.59,0.1553,0.0000,0.00,18618.0000
1575,1791442545518,B,hyperliquid,GRIFFAIN,PLACE,SELL,0.01606400,622.83952540,10.59,0.1553,0.0000,0.00,18618.0000
1576,1791442545518,C,hyperliquid,GRIFFAIN,PLACE,SELL,0.01606400,622.83952540,10.59,0.1553,0.0000,0.00,18618.0000
1577,1791442551093,A,hyperliquid,GRIFFAIN,CANCEL,BUY,0.01604700,622.83952540,10.59,0.2238,0.0000,0.00,2663.0000
1578,1791442551093,A,hyperliquid,GRIFFAIN,PLACE,BUY,0.01604700,622.85892245,9.97,0.2238,0.0000,0.00,24927.0000
1579,1791442551093,A,hyperliquid,GRIFFAIN,CANCEL,SELL,0.01606400,622.83952540,10.59,0.2238,0.0000,0.00,18618.0000
1580,1791442551093,A,hyperliquid,GRIFFAIN,PLACE,SELL,0.01606300,622.85892245,9.97,0.2238,0.0000,0.00,17369.0000
1581,1791442551093,B,hyperliquid,GRIFFAIN,CANCEL,SELL,0.01606400,622.83952540,10.59,0.2238,0.0000,0.00,18618.0000
1582,1791442551093,B,hyperliquid,GRIFFAIN,PLACE,SELL,0.01606300,622.85892245,9.97,0.2238,0.0000,0.00,17369.0000
1583,1791442551093,C,hyperliquid,GRIFFAIN,CANCEL,SELL,0.01606400,622.83952540,10.59,0.2238,0.0000,0.00,18618.0000
1584,1791442551093,C,hyperliquid,GRIFFAIN,PLACE,SELL,0.01606300,622.85892245,9.97,0.2238,0.0000,0.00,17369.0000
1585,1791442577708,A,hyperliquid,MINA,PLACE,BUY,0.08806800,113.51124329,6.58,0.5800,0.0000,0.00,4542.0000
1586,1791442577708,A,hyperliquid,MINA,PLACE,SELL,0.08812600,113.51124329,6.58,0.5800,0.0000,0.00,4539.0000
1587,1791442583058,A,hyperliquid,MINA,CANCEL,BUY,0.08806800,113.51124329,6.58,0.5481,0.0000,0.00,4542.0000
1588,1791442583058,A,hyperliquid,MINA,PLACE,BUY,0.08805600,113.48676744,13.62,0.5481,0.0000,0.00,4543.0000
1589,1791442583058,A,hyperliquid,MINA,PLACE,SELL,0.08817600,113.48676744,13.62,0.5481,1682.0000,0.00,4536.0000
1590,1791442588500,A,hyperliquid,MINA,CANCEL,BUY,0.08805600,113.48676744,13.62,0.5487,0.0000,0.00,4543.0000
1591,1791442588500,A,hyperliquid,MINA,PLACE,BUY,0.08807600,113.50931060,5.11,0.5487,0.0000,0.00,386.0000
1592,1791442588500,A,hyperliquid,MINA,CANCEL,SELL,0.08817600,113.48676744,13.62,0.5487,0.0000,0.00,4536.0000
1593,1791442588500,A,hyperliquid,MINA,PLACE,SELL,0.08812100,113.50931060,5.11,0.5487,0.0000,0.00,4539.0000
1594,1791442588605,A,hyperliquid,kPEPE,PLACE,BUY,0.00403700,2476.78018576,2.48,0.5470,0.0000,0.00,1673301.0000
1595,1791442588605,A,hyperliquid,kPEPE,PLACE,SELL,0.00403800,2476.78018576,2.48,0.5470,0.0000,0.00,1139245.0000
1596,1791442593790,A,hyperliquid,MINA,CANCEL,BUY,0.08807600,113.50931060,5.11,0.7227,0.0000,0.00,386.0000
1597,1791442593790,A,hyperliquid,MINA,PLACE,BUY,0.08803200,113.55764754,6.59,0.7227,0.0000,0.00,3405.0000
1598,1791442593790,A,hyperliquid,MINA,CANCEL,SELL,0.08812100,113.50931060,5.11,0.7227,0.0000,0.00,4539.0000
1599,1791442593790,A,hyperliquid,MINA,PLACE,SELL,0.08809000,113.55764754,6.59,0.7227,0.0000,0.00,386.0000
1600,1791442593790,B,hyperliquid,MINA,PLACE,BUY,0.08803200,113.55764754,6.59,0.7227,0.0000,0.00,3405.0000
1601,1791442593790,C,hyperliquid,MINA,PLACE,BUY,0.08803200,113.55764754,6.59,0.7227,0.0000,0.00,3405.0000
1602,1791442593924,A,hyperliquid,PENGU,PLACE,BUY,0.00862000,1159.95824150,2.32,0.6160,0.0000,0.00,12473.0000
1603,1791442593924,A,hyperliquid,PENGU,PLACE,SELL,0.00862200,1159.95824150,2.32,0.6160,0.0000,0.00,46393.0000
1604,1791442593924,B,hyperliquid,PENGU,PLACE,BUY,0.00862000,1159.95824150,2.32,0.6160,0.0000,0.00,12473.0000
1605,1791442593924,C,hyperliquid,PENGU,PLACE,BUY,0.00862000,1159.95824150,2.32,0.6160,0.0000,0.00,12473.0000
1606,1791442593926,A,hyperliquid,kPEPE,CANCEL,BUY,0.00403700,2476.78018576,2.48,0.5467,0.0000,0.00,1661279.0000
1607,1791442593926,A,hyperliquid,kPEPE,PLACE,BUY,0.00403600,2477.39378174,2.48,0.5467,0.0000,0.00,249103.0000
1608,1791442593926,A,hyperliquid,kPEPE,CANCEL,SELL,0.00403800,2476.78018576,2.48,0.5467,0.0000,0.00,1139245.0000
1609,1791442593926,A,hyperliquid,kPEPE,PLACE,SELL,0.00403700,2477.39378174,2.48,0.5467,0.0000,0.00,1180852.0000
1610,1791442599197,A,hyperliquid,MINA,CANCEL,BUY,0.08803200,113.55764754,6.59,0.5568,0.0000,0.00,3405.0000
1611,1791442599197,A,hyperliquid,MINA,PLACE,BUY,0.08813100,113.43141370,6.35,0.5568,0.0000,0.00,4539.0000
1612,1791442599197,A,hyperliquid,MINA,CANCEL,SELL,0.08809000,113.55764754,6.59,0.5568,0.0000,0.00,386.0000
1613,1791442599197,A,hyperliquid,MINA,PLACE,SELL,0.08818700,113.43141370,6.35,0.5568,0.0000,0.00,515.0000
1614,1791442599331,A,hyperliquid,PENGU,CANCEL,BUY,0.00862000,1159.95824150,2.32,0.6160,0.0000,0.00,12473.0000
1615,1791442599331,A,hyperliquid,PENGU,PLACE,BUY,0.00862000,1159.95824150,2.32,0.6160,0.0000,0.00,12473.0000
1616,1791442599331,A,hyperliquid,PENGU,CANCEL,SELL,0.00862200,1159.95824150,2.32,0.6160,0.0000,0.00,46393.0000
1617,1791442599331,A,hyperliquid,PENGU,PLACE,SELL,0.00862200,1159.95824150,2.32,0.6160,0.0000,0.00,90484.0000
1618,1791442599331,B,hyperliquid,PENGU,CANCEL,BUY,0.00862000,1159.95824150,2.32,0.6160,0.0000,0.00,12473.0000
1619,1791442599331,B,hyperliquid,PENGU,PLACE,BUY,0.00862000,1159.95824150,2.32,0.6160,0.0000,0.00,12473.0000
1620,1791442599331,C,hyperliquid,PENGU,CANCEL,BUY,0.00862000,1159.95824150,2.32,0.6160,0.0000,0.00,12473.0000
1621,1791442599331,C,hyperliquid,PENGU,PLACE,BUY,0.00862000,1159.95824150,2.32,0.6160,0.0000,0.00,12473.0000
1622,1791442599334,A,hyperliquid,kPEPE,CANCEL,BUY,0.00403600,2477.39378174,2.48,0.5809,0.0000,0.00,249103.0000
1623,1791442599334,A,hyperliquid,kPEPE,PLACE,BUY,0.00403500,2478.00768182,2.48,0.5809,0.0000,0.00,1629958.0000
1624,1791442599334,A,hyperliquid,kPEPE,CANCEL,SELL,0.00403700,2477.39378174,2.48,0.5809,0.0000,0.00,1177965.0000
1625,1791442599334,A,hyperliquid,kPEPE,PLACE,SELL,0.00403600,2478.00768182,2.48,0.5809,0.0000,0.00,938230.0000
1626,1791442604619,A,hyperliquid,AVAX,PLACE,BUY,10.88200000,0.91882207,2.76,0.3562,0.0000,0.00,620.2700
1627,1791442604619,A,hyperliquid,AVAX,PLACE,SELL,10.88500000,0.91882207,2.76,0.3562,0.0000,0.00,26.2800
1628,1791442604619,B,hyperliquid,AVAX,PLACE,SELL,10.88500000,0.91882207,2.76,0.3562,0.0000,0.00,26.2800
1629,1791442604619,C,hyperliquid,AVAX,PLACE,SELL,10.88500000,0.91882207,2.76,0.3562,0.0000,0.00,26.2800
1630,1791442604754,A,hyperliquid,PENGU,CANCEL,BUY,0.00862000,1159.95824150,2.32,0.5121,0.0000,0.00,12473.0000
1631,1791442604754,A,hyperliquid,PENGU,PLACE,BUY,0.00862000,1159.95824150,2.32,0.5121,0.0000,0.00,12473.0000
1632,1791442604754,A,hyperliquid,PENGU,CANCEL,SELL,0.00862200,1159.95824150,2.32,0.5121,0.0000,0.00,90484.0000
1633,1791442604754,A,hyperliquid,PENGU,PLACE,SELL,0.00862200,1159.95824150,2.32,0.5121,0.0000,0.00,90484.0000
1634,1791442604756,A,hyperliquid,kPEPE,CANCEL,BUY,0.00403500,2478.00768182,2.48,0.4232,0.0000,0.00,1621093.0000
1635,1791442604756,A,hyperliquid,kPEPE,PLACE,BUY,0.00403400,2478.31474597,4.96,0.4232,0.0000,0.00,2394769.0000
1636,1791442604756,A,hyperliquid,kPEPE,CANCEL,SELL,0.00403600,2478.00768182,2.48,0.4232,0.0000,0.00,938230.0000
1637,1791442604756,A,hyperliquid,kPEPE,PLACE,SELL,0.00403600,2478.31474597,4.96,0.4232,0.0000,0.00,2020885.0000
1638,1791442609956,A,hyperliquid,CRV,PLACE,BUY,0.39046000,25.60786674,2.30,0.4068,0.0000,0.00,1024.4000
1639,1791442609956,A,hyperliquid,CRV,PLACE,SELL,0.39055000,25.60786674,2.30,0.4068,0.0000,0.00,640.5000
1640,1791442609957,A,hyperliquid,LIT,PLACE,BUY,3.56070000,2.80792396,3.65,0.9100,0.0000,0.00,3650.0000
1641,1791442609957,A,hyperliquid,LIT,PLACE,SELL,3.56200000,2.80792396,3.65,0.9100,0.0000,0.00,4.0000
1642,1791442609957,B,hyperliquid,LIT,PLACE,BUY,3.56070000,2.80792396,3.65,0.9100,0.0000,0.00,3650.0000
1643,1791442609957,C,hyperliquid,LIT,PLACE,BUY,3.56070000,2.80792396,3.65,0.9100,0.0000,0.00,3650.0000
1644,1791442610091,A,hyperliquid,kPEPE,CANCEL,BUY,0.00403400,2478.31474597,4.96,0.5137,0.0000,0.00,2394769.0000
1645,1791442610091,A,hyperliquid,kPEPE,PLACE,BUY,0.00403500,2478.00768182,2.48,0.5137,0.0000,0.00,1652526.0000
1646,1791442610091,A,hyperliquid,kPEPE,CANCEL,SELL,0.00403600,2478.31474597,4.96,0.5137,0.0000,0.00,2020885.0000
1647,1791442610091,A,hyperliquid,kPEPE,PLACE,SELL,0.00403600,2478.00768182,2.48,0.5137,0.0000,0.00,291540.0000
1648,1791442615440,A,hyperliquid,PENGU,PLACE,BUY,0.00862000,1159.95824150,2.32,0.5852,0.0000,0.00,291839.0000
1649,1791442615440,A,hyperliquid,PENGU,PLACE,SELL,0.00862200,1159.95824150,2.32,0.5852,0.0000,0.00,58864.0000
1650,1791442615442,A,hyperliquid,kPEPE,CANCEL,BUY,0.00403500,2478.00768182,2.48,0.5230,0.0000,0.00,1644100.0000
1651,1791442615442,A,hyperliquid,kPEPE,PLACE,BUY,0.00403500,2478.00768182,2.48,0.5230,0.0000,0.00,1644100.0000
1652,1791442615442,A,hyperliquid,kPEPE,CANCEL,SELL,0.00403600,2478.00768182,2.48,0.5230,0.0000,0.00,291540.0000
1653,1791442615442,A,hyperliquid,kPEPE,PLACE,SELL,0.00403600,2478.00768182,2.48,0.5230,0.0000,0.00,315088.0000
1654,1791442620696,A,hyperliquid,FARTCOIN,PLACE,BUY,0.16004000,62.47266821,3.75,0.6976,0.0000,0.00,506.7000
1655,1791442620696,A,hyperliquid,FARTCOIN,PLACE,SELL,0.16010000,62.47266821,3.75,0.6976,0.0000,0.00,661.9000
1656,1791442620696,B,hyperliquid,FARTCOIN,PLACE,BUY,0.16004000,62.47266821,3.75,0.6976,0.0000,0.00,506.7000
1657,1791442620696,C,hyperliquid,FARTCOIN,PLACE,BUY,0.16004000,62.47266821,3.75,0.6976,0.0000,0.00,506.7000
1658,1791442620830,A,hyperliquid,PENGU,CANCEL,BUY,0.00862000,1159.95824150,2.32,0.6338,0.0000,0.00,289307.0000
1659,1791442620830,A,hyperliquid,PENGU,PLACE,BUY,0.00862000,1159.95824150,2.32,0.6338,0.0000,0.00,18709.0000
1660,1791442620830,A,hyperliquid,PENGU,CANCEL,SELL,0.00862200,1159.95824150,2.32,0.6338,0.0000,0.00,58864.0000
1661,1791442620830,A,hyperliquid,PENGU,PLACE,SELL,0.00862200,1159.95824150,2.32,0.6338,0.0000,0.00,58866.0000
1662,1791442620830,B,hyperliquid,PENGU,PLACE,BUY,0.00862000,1159.95824150,2.32,0.6338,0.0000,0.00,18709.0000
1663,1791442620830,C,hyperliquid,PENGU,PLACE,BUY,0.00862000,1159.95824150,2.32,0.6338,0.0000,0.00,18709.0000
1664,1791442620833,A,hyperliquid,kPEPE,CANCEL,BUY,0.00403500,2478.00768182,2.48,0.5571,0.0000,0.00,1644100.0000
1665,1791442620833,A,hyperliquid,kPEPE,PLACE,BUY,0.00403600,2477.39378174,2.48,0.5571,0.0000,0.00,1370033.0000
1666,1791442620833,A,hyperliquid,kPEPE,CANCEL,SELL,0.00403600,2478.00768182,2.48,0.5571,0.0000,0.00,315088.0000
1667,1791442620833,A,hyperliquid,kPEPE,PLACE,SELL,0.00403700,2477.39378174,2.48,0.5571,0.0000,0.00,1181382.0000
1668,1791442626182,A,hyperliquid,LIT,PLACE,BUY,3.55960000,2.80883096,3.37,0.8898,0.0000,0.00,3652.0000
1669,1791442626182,A,hyperliquid,LIT,PLACE,SELL,3.56080000,2.80883096,3.37,0.8898,0.0000,0.00,90.0000
1670,1791442626182,B,hyperliquid,LIT,PLACE,BUY,3.55960000,2.80883096,3.37,0.8898,0.0000,0.00,3652.0000
1671,1791442626182,C,hyperliquid,LIT,PLACE,BUY,3.55960000,2.80883096,3.37,0.8898,0.0000,0.00,3652.0000
1672,1791442626317,A,hyperliquid,PENGU,CANCEL,BUY,0.00862000,1159.95824150,2.32,0.2582,0.0000,0.00,18709.0000
1673,1791442626317,A,hyperliquid,PENGU,PLACE,BUY,0.00862400,1159.42028986,2.32,0.2582,0.0000,0.00,21827.0000
1674,1791442626317,A,hyperliquid,PENGU,CANCEL,SELL,0.00862200,1159.95824150,2.32,0.2582,0.0000,0.00,58866.0000
1675,1791442626317,A,hyperliquid,PENGU,PLACE,SELL,0.00862600,1159.42028986,2.32,0.2582,0.0000,0.00,65335.0000
1676,1791442626317,B,hyperliquid,PENGU,PLACE,SELL,0.00862600,1159.42028986,2.32,0.2582,0.0000,0.00,65335.0000
1677,1791442626317,C,hyperliquid,PENGU,PLACE,SELL,0.00862600,1159.42028986,2.32,0.2582,0.0000,0.00,65335.0000
1678,1791442626320,A,hyperliquid,kPEPE,CANCEL,BUY,0.00403600,2477.39378174,2.48,0.5531,0.0000,0.00,1370033.0000
1679,1791442626320,A,hyperliquid,kPEPE,PLACE,BUY,0.00403700,2476.78018576,2.48,0.5531,0.0000,0.00,1621182.0000
1680,1791442626320,A,hyperliquid,kPEPE,CANCEL,SELL,0.00403700,2477.39378174,2.48,0.5531,0.0000,0.00,1181382.0000
1681,1791442626320,A,hyperliquid,kPEPE,PLACE,SELL,0.00403800,2476.78018576,2.48,0.5531,0.0000,0.00,439245.0000
1682,1791442631770,A,hyperliquid,PENGU,PLACE,BUY,0.00862100,1159.82370680,2.32,0.3226,0.0000,0.00,18709.0000
1683,1791442631770,A,hyperliquid,PENGU,CANCEL,SELL,0.00862600,1159.42028986,2.32,0.3226,0.0000,0.00,65335.0000
1684,1791442631770,A,hyperliquid,PENGU,PLACE,SELL,0.00862300,1159.82370680,2.32,0.3226,0.0000,0.00,63300.0000
1685,1791442631770,B,hyperliquid,PENGU,CANCEL,SELL,0.00862600,1159.42028986,2.32,0.3226,0.0000,0.00,65335.0000
1686,1791442631770,B,hyperliquid,PENGU,PLACE,SELL,0.00862300,1159.82370680,2.32,0.3226,0.0000,0.00,63300.0000
1687,1791442631770,C,hyperliquid,PENGU,CANCEL,SELL,0.00862600,1159.42028986,2.32,0.3226,0.0000,0.00,65335.0000
1688,1791442631770,C,hyperliquid,PENGU,PLACE,SELL,0.00862300,1159.82370680,2.32,0.3226,0.0000,0.00,63300.0000
1689,1791442631773,A,hyperliquid,kPEPE,CANCEL,BUY,0.00403700,2476.78018576,2.48,0.5673,0.0000,0.00,1616163.0000
1690,1791442631773,A,hyperliquid,kPEPE,PLACE,BUY,0.00403700,2476.78018576,2.48,0.5673,0.0000,0.00,1629001.0000
1691,1791442631773,A,hyperliquid,kPEPE,CANCEL,SELL,0.00403800,2476.78018576,2.48,0.5673,0.0000,0.00,439245.0000
1692,1791442631773,A,hyperliquid,kPEPE,PLACE,SELL,0.00403800,2476.78018576,2.48,0.5673,0.0000,0.00,1139245.0000
1693,1791442636990,A,hyperliquid,CRV,PLACE,BUY,0.39060000,25.59803407,2.82,0.3781,0.0000,0.00,151.8000
1694,1791442636990,A,hyperliquid,CRV,PLACE,SELL,0.39071000,25.59803407,2.82,0.3781,0.0000,0.00,640.2000
1695,1791442636990,B,hyperliquid,CRV,PLACE,SELL,0.39071000,25.59803407,2.82,0.3781,0.0000,0.00,640.2000
1696,1791442636990,C,hyperliquid,CRV,PLACE,SELL,0.39071000,25.59803407,2.82,0.3781,0.0000,0.00,640.2000
1697,1791442637124,A,hyperliquid,kPEPE,CANCEL,BUY,0.00403700,2476.78018576,2.48,0.5163,0.0000,0.00,1629001.0000
1698,1791442637124,A,hyperliquid,kPEPE,PLACE,BUY,0.00403800,2476.16689365,2.48,0.5163,0.0000,0.00,1644549.0000
1699,1791442637124,A,hyperliquid,kPEPE,CANCEL,SELL,0.00403800,2476.78018576,2.48,0.5163,0.0000,0.00,1139245.0000
1700,1791442637124,A,hyperliquid,kPEPE,PLACE,SELL,0.00403900,2476.16689365,2.48,0.5163,0.0000,0.00,240458.0000
1701,1791442642267,A,hyperliquid,FARTCOIN,PLACE,BUY,0.16006000,62.46876562,2.50,0.7306,0.0000,0.00,11282.0000
1702,1791442642267,A,hyperliquid,FARTCOIN,PLACE,SELL,0.16010000,62.46876562,2.50,0.7306,0.0000,0.00,2498.4000
1703,1791442642267,B,hyperliquid,FARTCOIN,PLACE,BUY,0.16006000,62.46876562,2.50,0.7306,0.0000,0.00,11282.0000
1704,1791442642267,C,hyperliquid,FARTCOIN,PLACE,BUY,0.16006000,62.46876562,2.50,0.7306,0.0000,0.00,11282.0000
1705,1791442642401,A,hyperliquid,PENGU,PLACE,BUY,0.00862200,1159.68920329,2.32,0.3881,0.0000,0.00,12473.0000
1706,1791442642401,A,hyperliquid,PENGU,PLACE,SELL,0.00862400,1159.68920329,2.32,0.3881,0.0000,0.00,99312.0000
1707,1791442642401,B,hyperliquid,PENGU,PLACE,SELL,0.00862400,1159.68920329,2.32,0.3881,0.0000,0.00,99312.0000
1708,1791442642401,C,hyperliquid,PENGU,PLACE,SELL,0.00862400,1159.68920329,2.32,0.3881,0.0000,0.00,99312.0000
1709,1791442642403,A,hyperliquid,kPEPE,CANCEL,BUY,0.00403800,2476.16689365,2.48,0.4242,0.0000,0.00,1644549.0000
1710,1791442642403,A,hyperliquid,kPEPE,PLACE,BUY,0.00403900,2475.55390519,2.48,0.4242,0.0000,0.00,1332962.0000
1711,1791442642403,A,hyperliquid,kPEPE,CANCEL,SELL,0.00403900,2476.16689365,2.48,0.4242,0.0000,0.00,240458.0000
1712,1791442642403,A,hyperliquid,kPEPE,PLACE,SELL,0.00404000,2475.55390519,2.48,0.4242,0.0000,0.00,5965185.0000
1713,1791442647952,A,hyperliquid,kPEPE,CANCEL,BUY,0.00403900,2475.55390519,2.48,0.4997,0.0000,0.00,1327998.0000
1714,1791442647952,A,hyperliquid,kPEPE,PLACE,BUY,0.00403900,2475.55390519,2.48,0.4997,0.0000,0.00,1080250.0000
1715,1791442647952,A,hyperliquid,kPEPE,CANCEL,SELL,0.00404000,2475.55390519,2.48,0.4997,0.0000,0.00,5965185.0000
1716,1791442647952,A,hyperliquid,kPEPE,PLACE,SELL,0.00404000,2475.55390519,2.48,0.4997,0.0000,0.00,6949587.0000
1717,1791442653478,A,hyperliquid,FARTCOIN,PLACE,BUY,0.16003000,62.47852301,3.12,0.9153,0.0000,0.00,13720.4000
1718,1791442653478,A,hyperliquid,FARTCOIN,PLACE,SELL,0.16008000,62.47852301,3.12,0.9153,0.0000,0.00,589.0000
1719,1791442653478,B,hyperliquid,FARTCOIN,PLACE,BUY,0.16003000,62.47852301,3.12,0.9153,0.0000,0.00,13720.4000
1720,1791442653478,C,hyperliquid,FARTCOIN,PLACE,BUY,0.16003000,62.47852301,3.12,0.9153,0.0000,0.00,13720.4000
1721,1791442653613,A,hyperliquid,kPEPE,CANCEL,BUY,0.00403900,2475.55390519,2.48,0.4641,0.0000,0.00,1072247.0000
1722,1791442653613,A,hyperliquid,kPEPE,PLACE,BUY,0.00403900,2475.55390519,2.48,0.4641,0.0000,0.00,845984.0000
1723,1791442653613,A,hyperliquid,kPEPE,CANCEL,SELL,0.00404000,2475.55390519,2.48,0.4641,0.0000,0.00,6949587.0000
1724,1791442653613,A,hyperliquid,kPEPE,PLACE,SELL,0.00404000,2475.55390519,2.48,0.4641,0.0000,0.00,6959554.0000
1725,1791442658756,A,hyperliquid,PENGU,PLACE,BUY,0.00862100,1159.82370680,2.32,0.3493,0.0000,0.00,24946.0000
1726,1791442658756,A,hyperliquid,PENGU,PLACE,SELL,0.00862300,1159.82370680,2.32,0.3493,0.0000,0.00,58860.0000
1727,1791442658756,B,hyperliquid,PENGU,PLACE,SELL,0.00862300,1159.82370680,2.32,0.3493,0.0000,0.00,58860.0000
1728,1791442658756,C,hyperliquid,PENGU,PLACE,SELL,0.00862300,1159.82370680,2.32,0.3493,0.0000,0.00,58860.0000
1729,1791442658819,A,hyperliquid,kPEPE,CANCEL,BUY,0.00403900,2475.55390519,2.48,0.5811,0.0000,0.00,839721.0000
1730,1791442658819,A,hyperliquid,kPEPE,PLACE,BUY,0.00403900,2475.24752475,4.95,0.5811,0.0000,0.00,1619014.0000
1731,1791442658819,A,hyperliquid,kPEPE,CANCEL,SELL,0.00404000,2475.55390519,2.48,0.5811,0.0000,0.00,6959554.0000
1732,1791442658819,A,hyperliquid,kPEPE,PLACE,SELL,0.00404100,2475.24752475,4.95,0.5811,0.0000,0.00,1768876.0000
1733,1791442664006,A,hyperliquid,FARTCOIN,PLACE,BUY,0.16006000,62.46876562,2.50,0.6536,0.0000,0.00,11154.5000
1734,1791442664006,A,hyperliquid,FARTCOIN,PLACE,SELL,0.16010000,62.46876562,2.50,0.6536,0.0000,0.00,2498.0000
1735,1791442664006,B,hyperliquid,FARTCOIN,PLACE,BUY,0.16006000,62.46876562,2.50,0.6536,0.0000,0.00,11154.5000
1736,1791442664006,C,hyperliquid,FARTCOIN,PLACE,BUY,0.16006000,62.46876562,2.50,0.6536,0.0000,0.00,11154.5000
1737,1791442664008,A,hyperliquid,LIT,PLACE,BUY,3.55850000,2.80973855,3.09,0.1945,67.0000,0.00,17.0000
1738,1791442664008,A,hyperliquid,LIT,PLACE,SELL,3.55960000,2.80973855,3.09,0.1945,0.0000,0.00,73.0000
1739,1791442664008,B,hyperliquid,LIT,PLACE,SELL,3.55960000,2.80973855,3.09,0.1945,0.0000,0.00,73.0000
1740,1791442664008,C,hyperliquid,LIT,PLACE,SELL,3.55960000,2.80973855,3.09,0.1945,0.0000,0.00,73.0000
1741,1791442664140,A,hyperliquid,PENGU,CANCEL,BUY,0.00862100,1159.82370680,2.32,0.5230,0.0000,0.00,24946.0000
1742,1791442664140,A,hyperliquid,PENGU,PLACE,BUY,0.00862200,1159.68920329,2.32,0.5230,0.0000,0.00,544720.0000
1743,1791442664140,A,hyperliquid,PENGU,CANCEL,SELL,0.00862300,1159.82370680,2.32,0.5230,0.0000,0.00,58860.0000
1744,1791442664140,A,hyperliquid,PENGU,PLACE,SELL,0.00862400,1159.68920329,2.32,0.5230,0.0000,0.00,62733.0000
1745,1791442664142,A,hyperliquid,kPEPE,CANCEL,BUY,0.00403900,2475.24752475,4.95,0.6334,0.0000,0.00,1609009.0000
1746,1791442664142,A,hyperliquid,kPEPE,PLACE,BUY,0.00404000,2474.94122015,2.47,0.6334,0.0000,0.00,528059.0000
1747,1791442664142,A,hyperliquid,kPEPE,CANCEL,SELL,0.00404100,2475.24752475,4.95,0.6334,0.0000,0.00,1768876.0000
1748,1791442664142,A,hyperliquid,kPEPE,PLACE,SELL,0.00404100,2474.94122015,2.47,0.6334,0.0000,0.00,406736.0000
1749,1791442664142,B,hyperliquid,kPEPE,PLACE,BUY,0.00404000,2474.94122015,2.47,0.6334,0.0000,0.00,528059.0000
1750,1791442664142,C,hyperliquid,kPEPE,PLACE,BUY,0.00404000,2474.94122015,2.47,0.6334,0.0000,0.00,528059.0000
1751,1791442669608,A,hyperliquid,kPEPE,CANCEL,BUY,0.00404000,2474.94122015,2.47,0.5708,0.0000,0.00,528059.0000
1752,1791442669608,A,hyperliquid,kPEPE,PLACE,BUY,0.00404000,2474.94122015,2.47,0.5708,0.0000,0.00,2308259.0000
1753,1791442669608,A,hyperliquid,kPEPE,CANCEL,SELL,0.00404100,2474.94122015,2.47,0.5708,0.0000,0.00,406736.0000
1754,1791442669608,A,hyperliquid,kPEPE,PLACE,SELL,0.00404100,2474.94122015,2.47,0.5708,0.0000,0.00,173224.0000
1755,1791442674966,A,hyperliquid,kPEPE,CANCEL,BUY,0.00404000,2474.94122015,2.47,0.5416,0.0000,0.00,2308259.0000
1756,1791442674966,A,hyperliquid,kPEPE,PLACE,BUY,0.00404100,2474.32883830,2.47,0.5416,0.0000,0.00,1321808.0000
1757,1791442674966,A,hyperliquid,kPEPE,CANCEL,SELL,0.00404100,2474.94122015,2.47,0.5416,0.0000,0.00,173224.0000
1758,1791442674966,A,hyperliquid,kPEPE,PLACE,SELL,0.00404200,2474.32883830,2.47,0.5416,0.0000,0.00,1903926.0000
1759,1791442680448,A,hyperliquid,VVV,PLACE,BUY,24.98100000,0.40026417,2.00,0.5549,0.0000,0.00,1.6500
1760,1791442680448,A,hyperliquid,VVV,PLACE,SELL,24.98600000,0.40026417,2.00,0.5549,0.0000,0.00,20.0100
1761,1791442680449,A,hyperliquid,kPEPE,CANCEL,BUY,0.00404100,2474.32883830,2.47,0.5120,9413.0000,0.00,1305177.0000
1762,1791442680449,A,hyperliquid,kPEPE,PLACE,BUY,0.00404100,2474.32883830,2.47,0.5120,9413.0000,0.00,819334.0000
1763,1791442680449,A,hyperliquid,kPEPE,CANCEL,SELL,0.00404200,2474.32883830,2.47,0.5120,0.0000,0.00,1903926.0000
1764,1791442680449,A,hyperliquid,kPEPE,PLACE,SELL,0.00404200,2474.32883830,2.47,0.5120,0.0000,0.00,3069724.0000
1765,1791442685495,A,hyperliquid,PENGU,PLACE,BUY,0.00863100,1158.48007414,2.32,0.2309,0.0000,0.00,18646.0000
1766,1791442685495,A,hyperliquid,PENGU,PLACE,SELL,0.00863300,1158.48007414,2.32,0.2309,0.0000,0.00,351785.0000
1767,1791442685495,B,hyperliquid,PENGU,PLACE,SELL,0.00863300,1158.48007414,2.32,0.2309,0.0000,0.00,351785.0000
1768,1791442685495,C,hyperliquid,PENGU,PLACE,SELL,0.00863300,1158.48007414,2.32,0.2309,0.0000,0.00,351785.0000
1769,1791442685497,A,hyperliquid,kPEPE,CANCEL,BUY,0.00404100,2474.32883830,2.47,0.5937,0.0000,0.00,819334.0000
1770,1791442685497,A,hyperliquid,kPEPE,PLACE,BUY,0.00404100,2474.32883830,2.47,0.5937,0.0000,0.00,1575191.0000
1771,1791442685497,A,hyperliquid,kPEPE,CANCEL,SELL,0.00404200,2474.32883830,2.47,0.5937,0.0000,0.00,3069724.0000
1772,1791442685497,A,hyperliquid,kPEPE,PLACE,SELL,0.00404200,2474.32883830,2.47,0.5937,0.0000,0.00,245525.0000
1773,1791442690646,A,hyperliquid,FARTCOIN,PLACE,BUY,0.16019000,62.41807627,2.50,0.5688,0.0000,0.00,416.4000
1774,1791442690646,A,hyperliquid,FARTCOIN,PLACE,SELL,0.16023000,62.41807627,2.50,0.5688,0.0000,0.00,11272.4000
1775,1791442690676,A,hyperliquid,PENGU,CANCEL,BUY,0.00863100,1158.48007414,2.32,0.3810,0.0000,0.00,18646.0000
1776,1791442690676,A,hyperliquid,PENGU,PLACE,BUY,0.00862900,1158.74855156,2.32,0.3810,0.0000,0.00,24862.0000
1777,1791442690676,A,hyperliquid,PENGU,CANCEL,SELL,0.00863300,1158.48007414,2.32,0.3810,0.0000,0.00,351785.0000
1778,1791442690676,A,hyperliquid,PENGU,PLACE,SELL,0.00863100,1158.74855156,2.32,0.3810,0.0000,0.00,312988.0000
1779,1791442690676,B,hyperliquid,PENGU,CANCEL,SELL,0.00863300,1158.48007414,2.32,0.3810,0.0000,0.00,351785.0000
1780,1791442690676,B,hyperliquid,PENGU,PLACE,SELL,0.00863100,1158.74855156,2.32,0.3810,0.0000,0.00,312988.0000
1781,1791442690676,C,hyperliquid,PENGU,CANCEL,SELL,0.00863300,1158.48007414,2.32,0.3810,0.0000,0.00,351785.0000
1782,1791442690676,C,hyperliquid,PENGU,PLACE,SELL,0.00863100,1158.74855156,2.32,0.3810,0.0000,0.00,312988.0000
1783,1791442690781,A,hyperliquid,VVV,PLACE,BUY,24.98000000,0.40026417,2.80,0.9227,0.0000,0.00,1.8300
1784,1791442690781,A,hyperliquid,VVV,PLACE,SELL,24.98700000,0.40026417,2.80,0.9227,0.0000,0.00,0.5300
1785,1791442690781,B,hyperliquid,VVV,PLACE,BUY,24.98000000,0.40026417,2.80,0.9227,0.0000,0.00,1.8300
1786,1791442690781,C,hyperliquid,VVV,PLACE,BUY,24.98000000,0.40026417,2.80,0.9227,0.0000,0.00,1.8300
1787,1791442690783,A,hyperliquid,kPEPE,CANCEL,BUY,0.00404100,2474.32883830,2.47,0.5543,0.0000,0.00,1575191.0000
1788,1791442690783,A,hyperliquid,kPEPE,PLACE,BUY,0.00404100,2474.32883830,2.47,0.5543,0.0000,0.00,1060274.0000
1789,1791442690783,A,hyperliquid,kPEPE,CANCEL,SELL,0.00404200,2474.32883830,2.47,0.5543,0.0000,0.00,245525.0000
1790,1791442690783,A,hyperliquid,kPEPE,PLACE,SELL,0.00404200,2474.32883830,2.47,0.5543,0.0000,0.00,1389513.0000
1791,1791442696175,A,hyperliquid,PENGU,CANCEL,BUY,0.00862900,1158.74855156,2.32,0.2259,0.0000,0.00,24862.0000
1792,1791442696175,A,hyperliquid,PENGU,PLACE,BUY,0.00862700,1159.01715345,2.32,0.2259,0.0000,0.00,18646.0000
1793,1791442696175,A,hyperliquid,PENGU,CANCEL,SELL,0.00863100,1158.74855156,2.32,0.2259,0.0000,0.00,312988.0000
1794,1791442696175,A,hyperliquid,PENGU,PLACE,SELL,0.00862900,1159.01715345,2.32,0.2259,0.0000,0.00,313077.0000
1795,1791442696175,B,hyperliquid,PENGU,CANCEL,SELL,0.00863100,1158.74855156,2.32,0.2259,0.0000,0.00,312988.0000
1796,1791442696175,B,hyperliquid,PENGU,PLACE,SELL,0.00862900,1159.01715345,2.32,0.2259,0.0000,0.00,313077.0000
1797,1791442696175,C,hyperliquid,PENGU,CANCEL,SELL,0.00863100,1158.74855156,2.32,0.2259,0.0000,0.00,312988.0000
1798,1791442696175,C,hyperliquid,PENGU,PLACE,SELL,0.00862900,1159.01715345,2.32,0.2259,0.0000,0.00,313077.0000
1799,1791442696178,A,hyperliquid,VVV,CANCEL,BUY,24.98000000,0.40026417,2.80,0.5814,0.0000,0.00,1.8300
1800,1791442696178,A,hyperliquid,VVV,PLACE,BUY,24.97900000,0.40027219,3.20,0.5814,0.0000,0.00,1.8600
1801,1791442696178,A,hyperliquid,VVV,CANCEL,SELL,24.98700000,0.40026417,2.80,0.5814,0.0000,0.00,0.5300
1802,1791442696178,A,hyperliquid,VVV,PLACE,SELL,24.98700000,0.40027219,3.20,0.5814,0.0000,0.00,0.5300
1803,1791442696180,A,hyperliquid,kPEPE,CANCEL,BUY,0.00404100,2474.32883830,2.47,0.5309,0.0000,0.00,1054848.0000
1804,1791442696180,A,hyperliquid,kPEPE,PLACE,BUY,0.00404000,2474.63499134,4.95,0.5309,0.0000,0.00,1663502.0000
1805,1791442696180,A,hyperliquid,kPEPE,CANCEL,SELL,0.00404200,2474.32883830,2.47,0.5309,0.0000,0.00,1389513.0000
1806,1791442696180,A,hyperliquid,kPEPE,PLACE,SELL,0.00404200,2474.63499134,4.95,0.5309,0.0000,0.00,2149513.0000
1807,1791442701607,A,hyperliquid,kPEPE,CANCEL,BUY,0.00404000,2474.63499134,4.95,0.4902,0.0000,0.00,1652616.0000
1808,1791442701607,A,hyperliquid,kPEPE,PLACE,BUY,0.00404100,2474.32883830,2.47,0.4902,0.0000,0.00,227657.0000
1809,1791442701607,A,hyperliquid,kPEPE,CANCEL,SELL,0.00404200,2474.63499134,4.95,0.4902,0.0000,0.00,2149513.0000
1810,1791442701607,A,hyperliquid,kPEPE,PLACE,SELL,0.00404200,2474.32883830,2.47,0.4902,0.0000,0.00,3829502.0000
1811,1791442706850,A,hyperliquid,GRIFFAIN,PLACE,BUY,0.01598700,624.90235901,19.37,0.3127,0.0000,0.00,25020.0000
1812,1791442706850,A,hyperliquid,GRIFFAIN,PLACE,SELL,0.01601800,624.90235901,19.37,0.3127,0.0000,0.00,17369.0000
1813,1791442706850,B,hyperliquid,GRIFFAIN,PLACE,SELL,0.01601800,624.90235901,19.37,0.3127,0.0000,0.00,17369.0000
1814,1791442706850,C,hyperliquid,GRIFFAIN,PLACE,SELL,0.01601800,624.90235901,19.37,0.3127,0.0000,0.00,17369.0000
1815,1791442706984,A,hyperliquid,VVV,PLACE,BUY,24.99300000,0.40004000,3.60,0.1204,0.0000,0.00,1.8500
1816,1791442706984,A,hyperliquid,VVV,PLACE,SELL,25.00200000,0.40004000,3.60,0.1204,0.0000,0.00,4.0000
1817,1791442706984,B,hyperliquid,VVV,PLACE,SELL,25.00200000,0.40004000,3.60,0.1204,0.0000,0.00,4.0000
1818,1791442706984,C,hyperliquid,VVV,PLACE,SELL,25.00200000,0.40004000,3.60,0.1204,0.0000,0.00,4.0000
1819,1791442706986,A,hyperliquid,kPEPE,CANCEL,BUY,0.00404100,2474.32883830,2.47,0.6356,0.0000,0.00,222665.0000
1820,1791442706986,A,hyperliquid,kPEPE,PLACE,BUY,0.00404100,2474.32883830,2.47,0.6356,0.0000,0.00,4382315.0000
1821,1791442706986,A,hyperliquid,kPEPE,CANCEL,SELL,0.00404200,2474.32883830,2.47,0.6356,0.0000,0.00,3829502.0000
1822,1791442706986,A,hyperliquid,kPEPE,PLACE,SELL,0.00404200,2474.32883830,2.47,0.6356,0.0000,0.00,12370.0000
1823,1791442706986,B,hyperliquid,kPEPE,PLACE,BUY,0.00404100,2474.32883830,2.47,0.6356,0.0000,0.00,4382315.0000
1824,1791442706986,C,hyperliquid,kPEPE,PLACE,BUY,0.00404100,2474.32883830,2.47,0.6356,0.0000,0.00,4382315.0000
1825,1791442712303,A,hyperliquid,FARTCOIN,PLACE,BUY,0.16021000,62.41028522,2.50,0.6738,0.0000,0.00,2496.7000
1826,1791442712303,A,hyperliquid,FARTCOIN,PLACE,SELL,0.16025000,62.41028522,2.50,0.6738,0.0000,0.00,654.4000
1827,1791442712303,B,hyperliquid,FARTCOIN,PLACE,BUY,0.16021000,62.41028522,2.50,0.6738,0.0000,0.00,2496.7000
1828,1791442712303,C,hyperliquid,FARTCOIN,PLACE,BUY,0.16021000,62.41028522,2.50,0.6738,0.0000,0.00,2496.7000
1829,1791442712305,A,hyperliquid,GRIFFAIN,CANCEL,BUY,0.01598700,624.90235901,19.37,0.2542,0.0000,0.00,25020.0000
1830,1791442712305,A,hyperliquid,GRIFFAIN,PLACE,BUY,0.01599900,624.66814505,11.87,0.2542,0.0000,0.00,2753.0000
1831,1791442712305,A,hyperliquid,GRIFFAIN,CANCEL,SELL,0.01601800,624.90235901,19.37,0.2542,0.0000,0.00,17369.0000
1832,1791442712305,A,hyperliquid,GRIFFAIN,PLACE,SELL,0.01601800,624.66814505,11.87,0.2542,0.0000,0.00,17369.0000
1833,1791442712305,B,hyperliquid,GRIFFAIN,CANCEL,SELL,0.01601800,624.90235901,19.37,0.2542,0.0000,0.00,17369.0000
1834,1791442712305,B,hyperliquid,GRIFFAIN,PLACE,SELL,0.01601800,624.66814505,11.87,0.2542,0.0000,0.00,17369.0000
1835,1791442712305,C,hyperliquid,GRIFFAIN,CANCEL,SELL,0.01601800,624.90235901,19.37,0.2542,0.0000,0.00,17369.0000
1836,1791442712305,C,hyperliquid,GRIFFAIN,PLACE,SELL,0.01601800,624.66814505,11.87,0.2542,0.0000,0.00,17369.0000
1837,1791442712437,A,hyperliquid,PENGU,PLACE,BUY,0.00863400,1158.07759120,2.32,0.0951,0.0000,0.00,18646.0000
1838,1791442712437,A,hyperliquid,PENGU,PLACE,SELL,0.00863600,1158.07759120,2.32,0.0951,0.0000,0.00,400517.0000
1839,1791442712437,B,hyperliquid,PENGU,PLACE,SELL,0.00863600,1158.07759120,2.32,0.0951,0.0000,0.00,400517.0000
1840,1791442712437,C,hyperliquid,PENGU,PLACE,SELL,0.00863600,1158.07759120,2.32,0.0951,0.0000,0.00,400517.0000
1841,1791442712439,A,hyperliquid,VVV,CANCEL,BUY,24.99300000,0.40004000,3.60,0.1708,0.0000,0.00,1.8500
1842,1791442712439,A,hyperliquid,VVV,PLACE,BUY,24.99400000,0.40004000,2.80,0.1708,0.0000,0.00,1.8500
1843,1791442712439,A,hyperliquid,VVV,CANCEL,SELL,25.00200000,0.40004000,3.60,0.1708,0.0000,0.00,4.0000
1844,1791442712439,A,hyperliquid,VVV,PLACE,SELL,25.00100000,0.40004000,2.80,0.1708,0.0000,0.00,96.0200
1845,1791442712439,B,hyperliquid,VVV,CANCEL,SELL,25.00200000,0.40004000,3.60,0.1708,0.0000,0.00,4.0000
1846,1791442712439,B,hyperliquid,VVV,PLACE,SELL,25.00100000,0.40004000,2.80,0.1708,0.0000,0.00,96.0200
1847,1791442712439,C,hyperliquid,VVV,CANCEL,SELL,25.00200000,0.40004000,3.60,0.1708,0.0000,0.00,4.0000
1848,1791442712439,C,hyperliquid,VVV,PLACE,SELL,25.00100000,0.40004000,2.80,0.1708,0.0000,0.00,96.0200
1849,1791442712442,A,hyperliquid,kPEPE,CANCEL,BUY,0.00404100,2474.32883830,2.47,0.5984,0.0000,0.00,4373208.0000
1850,1791442712442,A,hyperliquid,kPEPE,PLACE,BUY,0.00404100,2474.32883830,2.47,0.5984,0.0000,0.00,4507662.0000
1851,1791442712442,A,hyperliquid,kPEPE,CANCEL,SELL,0.00404200,2474.32883830,2.47,0.5984,0.0000,0.00,12370.0000
1852,1791442712442,A,hyperliquid,kPEPE,PLACE,SELL,0.00404200,2474.32883830,2.47,0.5984,0.0000,0.00,12370.0000
1853,1791442717803,A,hyperliquid,CRV,PLACE,BUY,0.39185000,25.51703900,2.30,0.4439,0.0000,0.00,1172.4000
1854,1791442717803,A,hyperliquid,CRV,PLACE,SELL,0.39194000,25.51703900,2.30,0.4439,0.0000,0.00,773.3000
1855,1791442717805,A,hyperliquid,FARTCOIN,CANCEL,BUY,0.16021000,62.41028522,2.50,0.6353,0.0000,0.00,2255.3000
1856,1791442717805,A,hyperliquid,FARTCOIN,PLACE,BUY,0.16021000,62.40833775,3.12,0.6353,0.0000,0.00,2770.2000
1857,1791442717805,A,hyperliquid,FARTCOIN,CANCEL,SELL,0.16025000,62.41028522,2.50,0.6353,0.0000,0.00,654.4000
1858,1791442717805,A,hyperliquid,FARTCOIN,PLACE,SELL,0.16026000,62.40833775,3.12,0.6353,0.0000,0.00,506.1000
1859,1791442717805,B,hyperliquid,FARTCOIN,CANCEL,BUY,0.16021000,62.41028522,2.50,0.6353,0.0000,0.00,2255.3000
1860,1791442717805,B,hyperliquid,FARTCOIN,PLACE,BUY,0.16021000,62.40833775,3.12,0.6353,0.0000,0.00,2770.2000
1861,1791442717805,C,hyperliquid,FARTCOIN,CANCEL,BUY,0.16021000,62.41028522,2.50,0.6353,0.0000,0.00,2255.3000
1862,1791442717805,C,hyperliquid,FARTCOIN,PLACE,BUY,0.16021000,62.40833775,3.12,0.6353,0.0000,0.00,2770.2000
1863,1791442717809,A,hyperliquid,GRIFFAIN,CANCEL,BUY,0.01599900,624.66814505,11.87,0.2070,0.0000,0.00,2753.0000
1864,1791442717809,A,hyperliquid,GRIFFAIN,PLACE,BUY,0.01599400,624.82426817,13.12,0.2070,0.0000,0.00,2755.0000
1865,1791442717809,A,hyperliquid,GRIFFAIN,CANCEL,SELL,0.01601800,624.66814505,11.87,0.2070,0.0000,0.00,17369.0000
1866,1791442717809,A,hyperliquid,GRIFFAIN,PLACE,SELL,0.01601500,624.82426817,13.12,0.2070,0.0000,0.00,17369.0000
1867,1791442717809,B,hyperliquid,GRIFFAIN,CANCEL,SELL,0.01601800,624.66814505,11.87,0.2070,0.0000,0.00,17369.0000
1868,1791442717809,B,hyperliquid,GRIFFAIN,PLACE,SELL,0.01601500,624.82426817,13.12,0.2070,0.0000,0.00,17369.0000
1869,1791442717809,C,hyperliquid,GRIFFAIN,CANCEL,SELL,0.01601800,624.66814505,11.87,0.2070,0.0000,0.00,17369.0000
1870,1791442717809,C,hyperliquid,GRIFFAIN,PLACE,SELL,0.01601500,624.82426817,13.12,0.2070,0.0000,0.00,17369.0000
1871,1791442717938,A,hyperliquid,PENGU,CANCEL,BUY,0.00863400,1158.07759120,2.32,0.1753,0.0000,0.00,18646.0000
1872,1791442717938,A,hyperliquid,PENGU,PLACE,BUY,0.00863400,1158.07759120,2.32,0.1753,0.0000,0.00,18646.0000
1873,1791442717938,A,hyperliquid,PENGU,CANCEL,SELL,0.00863600,1158.07759120,2.32,0.1753,0.0000,0.00,400517.0000
1874,1791442717938,A,hyperliquid,PENGU,PLACE,SELL,0.00863600,1158.07759120,2.32,0.1753,0.0000,0.00,406877.0000
1875,1791442717938,B,hyperliquid,PENGU,CANCEL,SELL,0.00863600,1158.07759120,2.32,0.1753,0.0000,0.00,400517.0000
1876,1791442717938,B,hyperliquid,PENGU,PLACE,SELL,0.00863600,1158.07759120,2.32,0.1753,0.0000,0.00,406877.0000
1877,1791442717938,C,hyperliquid,PENGU,CANCEL,SELL,0.00863600,1158.07759120,2.32,0.1753,0.0000,0.00,400517.0000
1878,1791442717938,C,hyperliquid,PENGU,PLACE,SELL,0.00863600,1158.07759120,2.32,0.1753,0.0000,0.00,406877.0000
1879,1791442717941,A,hyperliquid,VVV,PLACE,BUY,24.98200000,0.40021612,3.60,0.8900,0.0000,0.00,15.7200
1880,1791442717941,A,hyperliquid,VVV,CANCEL,SELL,25.00100000,0.40004000,2.80,0.8900,0.0000,0.00,96.0200
1881,1791442717941,A,hyperliquid,VVV,PLACE,SELL,24.99100000,0.40021612,3.60,0.8900,0.0000,0.00,1.8500
1882,1791442717941,B,hyperliquid,VVV,PLACE,BUY,24.98200000,0.40021612,3.60,0.8900,0.0000,0.00,15.7200
1883,1791442717941,C,hyperliquid,VVV,PLACE,BUY,24.98200000,0.40021612,3.60,0.8900,0.0000,0.00,15.7200
1884,1791442717943,A,hyperliquid,kPEPE,CANCEL,BUY,0.00404100,2474.32883830,2.47,0.6655,0.0000,0.00,4500345.0000
1885,1791442717943,A,hyperliquid,kPEPE,PLACE,BUY,0.00404100,2474.32883830,2.47,0.6655,0.0000,0.00,7473723.0000
1886,1791442717943,A,hyperliquid,kPEPE,CANCEL,SELL,0.00404200,2474.32883830,2.47,0.6655,0.0000,0.00,9486.0000
1887,1791442717943,A,hyperliquid,kPEPE,PLACE,SELL,0.00404200,2474.32883830,2.47,0.6655,0.0000,0.00,9486.0000
1888,1791442717943,B,hyperliquid,kPEPE,PLACE,BUY,0.00404100,2474.32883830,2.47,0.6655,0.0000,0.00,7473723.0000
1889,1791442717943,C,hyperliquid,kPEPE,PLACE,BUY,0.00404100,2474.32883830,2.47,0.6655,0.0000,0.00,7473723.0000
1890,1791442723237,A,hyperliquid,CRV,CANCEL,BUY,0.39185000,25.51703900,2.30,0.7789,0.0000,0.00,1172.4000
1891,1791442723237,A,hyperliquid,CRV,PLACE,BUY,0.39179000,25.52094632,2.30,0.7789,0.0000,0.00,1659.5000
1892,1791442723237,A,hyperliquid,CRV,CANCEL,SELL,0.39194000,25.51703900,2.30,0.7789,0.0000,0.00,773.3000
1893,1791442723237,A,hyperliquid,CRV,PLACE,SELL,0.39188000,25.52094632,2.30,0.7789,0.0000,0.00,150.7000
1894,1791442723237,B,hyperliquid,CRV,PLACE,BUY,0.39179000,25.52094632,2.30,0.7789,0.0000,0.00,1659.5000
1895,1791442723237,C,hyperliquid,CRV,PLACE,BUY,0.39179000,25.52094632,2.30,0.7789,0.0000,0.00,1659.5000
1896,1791442723239,A,hyperliquid,FARTCOIN,CANCEL,BUY,0.16021000,62.40833775,3.12,0.6933,0.0000,0.00,2770.2000
1897,1791442723239,A,hyperliquid,FARTCOIN,PLACE,BUY,0.16016000,62.42976651,2.50,0.6933,0.0000,0.00,11272.4000
1898,1791442723239,A,hyperliquid,FARTCOIN,CANCEL,SELL,0.16026000,62.40833775,3.12,0.6933,0.0000,0.00,506.1000
1899,1791442723239,A,hyperliquid,FARTCOIN,PLACE,SELL,0.16020000,62.42976651,2.50,0.6933,0.0000,0.00,448.9000
1900,1791442723239,B,hyperliquid,FARTCOIN,CANCEL,BUY,0.16021000,62.40833775,3.12,0.6933,0.0000,0.00,2770.2000
1901,1791442723239,B,hyperliquid,FARTCOIN,PLACE,BUY,0.16016000,62.42976651,2.50,0.6933,0.0000,0.00,11272.4000
1902,1791442723239,C,hyperliquid,FARTCOIN,CANCEL,BUY,0.16021000,62.40833775,3.12,0.6933,0.0000,0.00,2770.2000
1903,1791442723239,C,hyperliquid,FARTCOIN,PLACE,BUY,0.16016000,62.42976651,2.50,0.6933,0.0000,0.00,11272.4000
1904,1791442723241,A,hyperliquid,GRIFFAIN,CANCEL,BUY,0.01599400,624.82426817,13.12,0.1518,0.0000,0.00,2755.0000
1905,1791442723241,A,hyperliquid,GRIFFAIN,PLACE,BUY,0.01601200,624.12232798,13.11,0.1518,0.0000,0.00,2763.0000
1906,1791442723241,A,hyperliquid,GRIFFAIN,CANCEL,SELL,0.01601500,624.82426817,13.12,0.1518,0.0000,0.00,17369.0000
1907,1791442723241,A,hyperliquid,GRIFFAIN,PLACE,SELL,0.01603300,624.12232798,13.11,0.1518,0.0000,0.00,17369.0000
1908,1791442723241,B,hyperliquid,GRIFFAIN,CANCEL,SELL,0.01601500,624.82426817,13.12,0.1518,0.0000,0.00,17369.0000
1909,1791442723241,B,hyperliquid,GRIFFAIN,PLACE,SELL,0.01603300,624.12232798,13.11,0.1518,0.0000,0.00,17369.0000
1910,1791442723241,C,hyperliquid,GRIFFAIN,CANCEL,SELL,0.01601500,624.82426817,13.12,0.1518,0.0000,0.00,17369.0000
1911,1791442723241,C,hyperliquid,GRIFFAIN,PLACE,SELL,0.01603300,624.12232798,13.11,0.1518,0.0000,0.00,17369.0000
1912,1791442723371,A,hyperliquid,VVV,CANCEL,BUY,24.98200000,0.40021612,3.60,0.7592,0.0000,0.00,15.7200
1913,1791442723371,A,hyperliquid,VVV,PLACE,BUY,24.97500000,0.40035231,2.40,0.7592,0.0000,0.00,58.1400
1914,1791442723371,A,hyperliquid,VVV,CANCEL,SELL,24.99100000,0.40021612,3.60,0.7592,0.0000,0.00,1.8500
1915,1791442723371,A,hyperliquid,VVV,PLACE,SELL,24.98100000,0.40035231,2.40,0.7592,0.0000,0.00,20.0100
1916,1791442723371,B,hyperliquid,VVV,CANCEL,BUY,24.98200000,0.40021612,3.60,0.7592,0.0000,0.00,15.7200
1917,1791442723371,B,hyperliquid,VVV,PLACE,BUY,24.97500000,0.40035231,2.40,0.7592,0.0000,0.00,58.1400
1918,1791442723371,C,hyperliquid,VVV,CANCEL,BUY,24.98200000,0.40021612,3.60,0.7592,0.0000,0.00,15.7200
1919,1791442723371,C,hyperliquid,VVV,PLACE,BUY,24.97500000,0.40035231,2.40,0.7592,0.0000,0.00,58.1400
1920,1791442723374,A,hyperliquid,kPEPE,CANCEL,BUY,0.00404100,2474.32883830,2.47,0.6093,0.0000,0.00,7462759.0000
1921,1791442723374,A,hyperliquid,kPEPE,PLACE,BUY,0.00404000,2474.94122015,2.47,0.6093,0.0000,0.00,468312.0000
1922,1791442723374,A,hyperliquid,kPEPE,CANCEL,SELL,0.00404200,2474.32883830,2.47,0.6093,0.0000,0.00,9486.0000
1923,1791442723374,A,hyperliquid,kPEPE,PLACE,SELL,0.00404100,2474.94122015,2.47,0.6093,0.0000,0.00,1054166.0000
1924,1791442723374,B,hyperliquid,kPEPE,CANCEL,BUY,0.00404100,2474.32883830,2.47,0.6093,0.0000,0.00,7462759.0000
1925,1791442723374,B,hyperliquid,kPEPE,PLACE,BUY,0.00404000,2474.94122015,2.47,0.6093,0.0000,0.00,468312.0000
1926,1791442723374,C,hyperliquid,kPEPE,CANCEL,BUY,0.00404100,2474.32883830,2.47,0.6093,0.0000,0.00,7462759.0000
1927,1791442723374,C,hyperliquid,kPEPE,PLACE,BUY,0.00404000,2474.94122015,2.47,0.6093,0.0000,0.00,468312.0000
1928,1791442728813,A,hyperliquid,CRV,CANCEL,BUY,0.39179000,25.52094632,2.30,0.7166,0.0000,0.00,1659.5000
1929,1791442728813,A,hyperliquid,CRV,PLACE,BUY,0.39164000,25.53006804,2.81,0.7166,0.0000,0.00,1021.3000
1930,1791442728813,A,hyperliquid,CRV,CANCEL,SELL,0.39188000,25.52094632,2.30,0.7166,0.0000,0.00,150.7000
1931,1791442728813,A,hyperliquid,CRV,PLACE,SELL,0.39175000,25.53006804,2.81,0.7166,0.0000,0.00,773.3000
1932,1791442728813,B,hyperliquid,CRV,CANCEL,BUY,0.39179000,25.52094632,2.30,0.7166,0.0000,0.00,1659.5000
1933,1791442728813,B,hyperliquid,CRV,PLACE,BUY,0.39164000,25.53006804,2.81,0.7166,0.0000,0.00,1021.3000
1934,1791442728813,C,hyperliquid,CRV,CANCEL,BUY,0.39179000,25.52094632,2.30,0.7166,0.0000,0.00,1659.5000
1935,1791442728813,C,hyperliquid,CRV,PLACE,BUY,0.39164000,25.53006804,2.81,0.7166,0.0000,0.00,1021.3000
1936,1791442728817,A,hyperliquid,GRIFFAIN,CANCEL,BUY,0.01601200,624.12232798,13.11,0.2417,0.0000,0.00,2763.0000
1937,1791442728817,A,hyperliquid,GRIFFAIN,PLACE,BUY,0.01600900,624.25869280,12.49,0.2417,0.0000,0.00,24986.0000
1938,1791442728817,A,hyperliquid,GRIFFAIN,CANCEL,SELL,0.01603300,624.12232798,13.11,0.2417,0.0000,0.00,17369.0000
1939,1791442728817,A,hyperliquid,GRIFFAIN,PLACE,SELL,0.01602900,624.25869280,12.49,0.2417,0.0000,0.00,17369.0000
1940,1791442728817,B,hyperliquid,GRIFFAIN,CANCEL,SELL,0.01603300,624.12232798,13.11,0.2417,0.0000,0.00,17369.0000
1941,1791442728817,B,hyperliquid,GRIFFAIN,PLACE,SELL,0.01602900,624.25869280,12.49,0.2417,0.0000,0.00,17369.0000
1942,1791442728817,C,hyperliquid,GRIFFAIN,CANCEL,SELL,0.01603300,624.12232798,13.11,0.2417,0.0000,0.00,17369.0000
1943,1791442728817,C,hyperliquid,GRIFFAIN,PLACE,SELL,0.01602900,624.25869280,12.49,0.2417,0.0000,0.00,17369.0000
1944,1791442728948,A,hyperliquid,PENGU,PLACE,BUY,0.00863300,1158.21172110,2.32,0.2163,0.0000,0.00,12431.0000
1945,1791442728948,A,hyperliquid,PENGU,PLACE,SELL,0.00863500,1158.21172110,2.32,0.2163,0.0000,0.00,312820.0000
1946,1791442728948,B,hyperliquid,PENGU,PLACE,SELL,0.00863500,1158.21172110,2.32,0.2163,0.0000,0.00,312820.0000
1947,1791442728948,C,hyperliquid,PENGU,PLACE,SELL,0.00863500,1158.21172110,2.32,0.2163,0.0000,0.00,312820.0000
1948,1791442728950,A,hyperliquid,kPEPE,CANCEL,BUY,0.00404000,2474.94122015,2.47,0.6266,0.0000,0.00,468312.0000
1949,1791442728950,A,hyperliquid,kPEPE,PLACE,BUY,0.00403900,2475.24752475,4.95,0.6266,0.0000,0.00,2611146.0000
1950,1791442728950,A,hyperliquid,kPEPE,CANCEL,SELL,0.00404100,2474.94122015,2.47,0.6266,0.0000,0.00,1054166.0000
1951,1791442728950,A,hyperliquid,kPEPE,PLACE,SELL,0.00404100,2475.24752475,4.95,0.6266,0.0000,0.00,2020256.0000
1952,1791442728950,B,hyperliquid,kPEPE,CANCEL,BUY,0.00404000,2474.94122015,2.47,0.6266,0.0000,0.00,468312.0000
1953,1791442728950,B,hyperliquid,kPEPE,PLACE,BUY,0.00403900,2475.24752475,4.95,0.6266,0.0000,0.00,2611146.0000
1954,1791442728950,C,hyperliquid,kPEPE,CANCEL,BUY,0.00404000,2474.94122015,2.47,0.6266,0.0000,0.00,468312.0000
1955,1791442728950,C,hyperliquid,kPEPE,PLACE,BUY,0.00403900,2475.24752475,4.95,0.6266,0.0000,0.00,2611146.0000
1956,1791442734040,A,hyperliquid,CRV,CANCEL,BUY,0.39164000,25.53006804,2.81,0.4674,0.0000,0.00,1021.3000
1957,1791442734040,A,hyperliquid,CRV,PLACE,BUY,0.39155000,25.53560941,3.06,0.4674,0.0000,0.00,1021.6000
1958,1791442734040,A,hyperliquid,CRV,CANCEL,SELL,0.39175000,25.53006804,2.81,0.4674,0.0000,0.00,773.3000
1959,1791442734040,A,hyperliquid,CRV,PLACE,SELL,0.39167000,25.53560941,3.06,0.4674,0.0000,0.00,150.7000
1960,1791442734175,A,hyperliquid,VVV,PLACE,BUY,24.97500000,0.40036032,2.00,0.4800,0.0000,0.00,58.1400
1961,1791442734175,A,hyperliquid,VVV,PLACE,SELL,24.98000000,0.40036032,2.00,0.4800,0.0000,0.00,4.0000
1962,1791442734176,A,hyperliquid,kPEPE,CANCEL,BUY,0.00403900,2475.24752475,4.95,0.5360,0.0000,0.00,2598342.0000
1963,1791442734176,A,hyperliquid,kPEPE,PLACE,BUY,0.00403900,2475.55390519,2.48,0.5360,0.0000,0.00,247700.0000
1964,1791442734176,A,hyperliquid,kPEPE,CANCEL,SELL,0.00404100,2475.24752475,4.95,0.5360,0.0000,0.00,2020256.0000
1965,1791442734176,A,hyperliquid,kPEPE,PLACE,SELL,0.00404000,2475.55390519,2.48,0.5360,0.0000,0.00,2150188.0000
1966,1791442739550,A,hyperliquid,CRV,PLACE,BUY,0.39134000,25.55061577,2.04,0.7290,0.0000,0.00,1022.1000
1967,1791442739550,A,hyperliquid,CRV,CANCEL,SELL,0.39167000,25.53560941,3.06,0.7290,0.0000,0.00,150.7000
1968,1791442739550,A,hyperliquid,CRV,PLACE,SELL,0.39142000,25.55061577,2.04,0.7290,0.0000,0.00,150.0000
1969,1791442739550,B,hyperliquid,CRV,PLACE,BUY,0.39134000,25.55061577,2.04,0.7290,0.0000,0.00,1022.1000
1970,1791442739550,C,hyperliquid,CRV,PLACE,BUY,0.39134000,25.55061577,2.04,0.7290,0.0000,0.00,1022.1000
1971,1791442739552,A,hyperliquid,FARTCOIN,PLACE,BUY,0.16015000,62.43366423,2.50,0.8251,0.0000,0.00,11273.2000
1972,1791442739552,A,hyperliquid,FARTCOIN,PLACE,SELL,0.16019000,62.43366423,2.50,0.8251,0.0000,0.00,11673.7000
1973,1791442739552,B,hyperliquid,FARTCOIN,PLACE,BUY,0.16015000,62.43366423,2.50,0.8251,0.0000,0.00,11273.2000
1974,1791442739552,C,hyperliquid,FARTCOIN,PLACE,BUY,0.16015000,62.43366423,2.50,0.8251,0.0000,0.00,11273.2000
1975,1791442739685,A,hyperliquid,kPEPE,CANCEL,BUY,0.00403900,2475.55390519,2.48,0.4323,0.0000,0.00,247700.0000
1976,1791442739685,A,hyperliquid,kPEPE,PLACE,BUY,0.00404100,2474.32883830,2.47,0.4323,0.0000,0.00,241365.0000
1977,1791442739685,A,hyperliquid,kPEPE,PLACE,SELL,0.00404200,2474.32883830,2.47,0.4323,0.0000,0.00,3786668.0000
1978,1791442744939,A,hyperliquid,CRV,CANCEL,BUY,0.39134000,25.55061577,2.04,0.6915,0.0000,0.00,1022.1000
1979,1791442744939,A,hyperliquid,CRV,PLACE,BUY,0.39159000,25.53332738,2.81,0.6915,0.0000,0.00,1021.5000
1980,1791442744939,A,hyperliquid,CRV,PLACE,SELL,0.39170000,25.53332738,2.81,0.6915,0.0000,0.00,112.5000
1981,1791442744939,B,hyperliquid,CRV,CANCEL,BUY,0.39134000,25.55061577,2.04,0.6915,0.0000,0.00,1022.1000
1982,1791442744939,B,hyperliquid,CRV,PLACE,BUY,0.39159000,25.53332738,2.81,0.6915,0.0000,0.00,1021.5000
1983,1791442744939,C,hyperliquid,CRV,CANCEL,BUY,0.39134000,25.55061577,2.04,0.6915,0.0000,0.00,1022.1000
1984,1791442744939,C,hyperliquid,CRV,PLACE,BUY,0.39159000,25.53332738,2.81,0.6915,0.0000,0.00,1021.5000
1985,1791442744941,A,hyperliquid,FARTCOIN,CANCEL,BUY,0.16015000,62.43366423,2.50,0.6036,0.0000,0.00,11273.2000
1986,1791442744941,A,hyperliquid,FARTCOIN,PLACE,BUY,0.16014000,62.43561327,3.12,0.6036,0.0000,0.00,13706.4000
1987,1791442744941,A,hyperliquid,FARTCOIN,CANCEL,SELL,0.16019000,62.43366423,2.50,0.6036,0.0000,0.00,11673.7000
1988,1791442744941,A,hyperliquid,FARTCOIN,PLACE,SELL,0.16019000,62.43561327,3.12,0.6036,0.0000,0.00,11940.1000
1989,1791442744941,B,hyperliquid,FARTCOIN,CANCEL,BUY,0.16015000,62.43366423,2.50,0.6036,0.0000,0.00,11273.2000
1990,1791442744941,B,hyperliquid,FARTCOIN,PLACE,BUY,0.16014000,62.43561327,3.12,0.6036,0.0000,0.00,13706.4000
1991,1791442744941,C,hyperliquid,FARTCOIN,CANCEL,BUY,0.16015000,62.43366423,2.50,0.6036,0.0000,0.00,11273.2000
1992,1791442744941,C,hyperliquid,FARTCOIN,PLACE,BUY,0.16014000,62.43561327,3.12,0.6036,0.0000,0.00,13706.4000
1993,1791442744945,A,hyperliquid,kPEPE,CANCEL,BUY,0.00404100,2474.32883830,2.47,0.4643,0.0000,0.00,236675.0000
1994,1791442744945,A,hyperliquid,kPEPE,PLACE,BUY,0.00404100,2474.32883830,2.47,0.4643,0.0000,0.00,236675.0000
1995,1791442744945,A,hyperliquid,kPEPE,CANCEL,SELL,0.00404200,2474.32883830,2.47,0.4643,0.0000,0.00,3786668.0000
1996,1791442744945,A,hyperliquid,kPEPE,PLACE,SELL,0.00404200,2474.32883830,2.47,0.4643,0.0000,0.00,3026668.0000
1997,1791442750296,A,hyperliquid,CRV,CANCEL,BUY,0.39159000,25.53332738,2.81,0.5145,0.0000,0.00,1021.5000
1998,1791442750296,A,hyperliquid,CRV,PLACE,BUY,0.39162000,25.53169760,2.55,0.5145,0.0000,0.00,1021.4000
1999,1791442750296,A,hyperliquid,CRV,PLACE,SELL,0.39172000,25.53169760,2.55,0.5145,0.0000,0.00,2308.2000
2000,1791442750297,A,hyperliquid,FARTCOIN,CANCEL,BUY,0.16014000,62.43561327,3.12,0.7409,0.0000,0.00,13553.8000
2001,1791442750297,A,hyperliquid,FARTCOIN,PLACE,BUY,0.16015000,62.43366423,2.50,0.7409,0.0000,0.00,674.4000
2002,1791442750297,A,hyperliquid,FARTCOIN,CANCEL,SELL,0.16019000,62.43561327,3.12,0.7409,0.0000,0.00,11940.1000
2003,1791442750297,A,hyperliquid,FARTCOIN,PLACE,SELL,0.16019000,62.43366423,2.50,0.7409,0.0000,0.00,468.8000
2004,1791442750297,B,hyperliquid,FARTCOIN,CANCEL,BUY,0.16014000,62.43561327,3.12,0.7409,0.0000,0.00,13553.8000
2005,1791442750297,B,hyperliquid,FARTCOIN,PLACE,BUY,0.16015000,62.43366423,2.50,0.7409,0.0000,0.00,674.4000
2006,1791442750297,C,hyperliquid,FARTCOIN,CANCEL,BUY,0.16014000,62.43561327,3.12,0.7409,0.0000,0.00,13553.8000
2007,1791442750297,C,hyperliquid,FARTCOIN,PLACE,BUY,0.16015000,62.43366423,2.50,0.7409,0.0000,0.00,674.4000
2008,1791442750300,A,hyperliquid,MINA,PLACE,BUY,0.08856200,112.86936500,8.13,0.3464,0.0000,0.00,5041.0000
2009,1791442750300,A,hyperliquid,MINA,PLACE,SELL,0.08863400,112.86936500,8.13,0.3464,0.0000,0.00,524.0000
2010,1791442750300,B,hyperliquid,MINA,PLACE,SELL,0.08863400,112.86936500,8.13,0.3464,0.0000,0.00,524.0000
2011,1791442750300,C,hyperliquid,MINA,PLACE,SELL,0.08863400,112.86936500,8.13,0.3464,0.0000,0.00,524.0000
2012,1791442750431,A,hyperliquid,kPEPE,CANCEL,BUY,0.00404100,2474.32883830,2.47,0.5212,0.0000,0.00,236675.0000
2013,1791442750431,A,hyperliquid,kPEPE,PLACE,BUY,0.00404000,2474.94122015,2.47,0.5212,0.0000,0.00,1976314.0000
2014,1791442750431,A,hyperliquid,kPEPE,CANCEL,SELL,0.00404200,2474.32883830,2.47,0.5212,0.0000,0.00,3026668.0000
2015,1791442750431,A,hyperliquid,kPEPE,PLACE,SELL,0.00404100,2474.94122015,2.47,0.5212,0.0000,0.00,1048054.0000
2016,1791442755664,A,hyperliquid,CRV,CANCEL,BUY,0.39162000,25.53169760,2.55,0.8148,0.0000,0.00,986.6000
2017,1791442755664,A,hyperliquid,CRV,PLACE,BUY,0.39162000,25.53202354,2.30,0.8148,0.0000,0.00,986.6000
2018,1791442755664,A,hyperliquid,CRV,CANCEL,SELL,0.39172000,25.53169760,2.55,0.8148,0.0000,0.00,2308.2000
2019,1791442755664,A,hyperliquid,CRV,PLACE,SELL,0.39171000,25.53202354,2.30,0.8148,0.0000,0.00,150.0000
2020,1791442755664,B,hyperliquid,CRV,PLACE,BUY,0.39162000,25.53202354,2.30,0.8148,0.0000,0.00,986.6000
2021,1791442755664,C,hyperliquid,CRV,PLACE,BUY,0.39162000,25.53202354,2.30,0.8148,0.0000,0.00,986.6000
2022,1791442755799,A,hyperliquid,kPEPE,CANCEL,BUY,0.00404000,2474.94122015,2.47,0.4098,7708.0000,0.00,1976314.0000
2023,1791442755799,A,hyperliquid,kPEPE,PLACE,BUY,0.00404100,2474.32883830,2.47,0.4098,7708.0000,0.00,239917.0000
2024,1791442755799,A,hyperliquid,kPEPE,CANCEL,SELL,0.00404100,2474.94122015,2.47,0.4098,0.0000,0.00,1048054.0000
2025,1791442755799,A,hyperliquid,kPEPE,PLACE,SELL,0.00404200,2474.32883830,2.47,0.4098,0.0000,0.00,3643899.0000
2026,1791442761084,A,hyperliquid,CRV,CANCEL,BUY,0.39162000,25.53202354,2.30,0.4309,68.0000,0.00,986.6000
2027,1791442761084,A,hyperliquid,CRV,PLACE,BUY,0.39165000,25.53006804,2.30,0.4309,68.0000,0.00,953.3000
2028,1791442761084,A,hyperliquid,CRV,CANCEL,SELL,0.39171000,25.53202354,2.30,0.4309,0.0000,0.00,150.0000
2029,1791442761084,A,hyperliquid,CRV,PLACE,SELL,0.39174000,25.53006804,2.30,0.4309,0.0000,0.00,1021.1000
2030,1791442761085,A,hyperliquid,FARTCOIN,PLACE,BUY,0.16016000,62.42976651,2.50,0.5122,0.0000,0.00,11273.7000
2031,1791442761085,A,hyperliquid,FARTCOIN,PLACE,SELL,0.16020000,62.42976651,2.50,0.5122,0.0000,0.00,11200.3000
2032,1791442761219,A,hyperliquid,kPEPE,CANCEL,BUY,0.00404100,2474.32883830,2.47,0.4169,0.0000,0.00,239917.0000
2033,1791442761219,A,hyperliquid,kPEPE,PLACE,BUY,0.00404100,2474.32883830,2.47,0.4169,0.0000,0.00,239917.0000
2034,1791442761219,A,hyperliquid,kPEPE,CANCEL,SELL,0.00404200,2474.32883830,2.47,0.4169,0.0000,0.00,3643899.0000
2035,1791442761219,A,hyperliquid,kPEPE,PLACE,SELL,0.00404200,2474.32883830,2.47,0.4169,0.0000,0.00,3803899.0000
2036,1791442766563,A,hyperliquid,kPEPE,CANCEL,BUY,0.00404100,2474.32883830,2.47,0.5689,0.0000,0.00,227238.0000
2037,1791442766563,A,hyperliquid,kPEPE,PLACE,BUY,0.00404000,2474.94122015,2.47,0.5689,0.0000,0.00,2254544.0000
2038,1791442766563,A,hyperliquid,kPEPE,CANCEL,SELL,0.00404200,2474.32883830,2.47,0.5689,0.0000,0.00,3803899.0000
2039,1791442766563,A,hyperliquid,kPEPE,PLACE,SELL,0.00404100,2474.94122015,2.47,0.5689,0.0000,0.00,253429.0000
2040,1791442771884,A,hyperliquid,CRV,PLACE,BUY,0.39155000,25.53626149,2.55,0.3935,0.0000,0.00,1021.6000
2041,1791442771884,A,hyperliquid,CRV,PLACE,SELL,0.39165000,25.53626149,2.55,0.3935,0.0000,0.00,3179.7000
2042,1791442771884,B,hyperliquid,CRV,PLACE,SELL,0.39165000,25.53626149,2.55,0.3935,0.0000,0.00,3179.7000
2043,1791442771884,C,hyperliquid,CRV,PLACE,SELL,0.39165000,25.53626149,2.55,0.3935,0.0000,0.00,3179.7000
2044,1791442772019,A,hyperliquid,PENGU,PLACE,BUY,0.00862300,1159.55473098,2.32,0.8908,0.0000,0.00,64880.0000
2045,1791442772019,A,hyperliquid,PENGU,PLACE,SELL,0.00862500,1159.55473098,2.32,0.8908,0.0000,0.00,276029.0000
2046,1791442772019,B,hyperliquid,PENGU,PLACE,BUY,0.00862300,1159.55473098,2.32,0.8908,0.0000,0.00,64880.0000
2047,1791442772019,C,hyperliquid,PENGU,PLACE,BUY,0.00862300,1159.55473098,2.32,0.8908,0.0000,0.00,64880.0000
2048,1791442772021,A,hyperliquid,kPEPE,CANCEL,BUY,0.00404000,2474.94122015,2.47,0.5919,0.0000,0.00,2254544.0000
2049,1791442772021,A,hyperliquid,kPEPE,PLACE,BUY,0.00403900,2475.55390519,2.48,0.5919,0.0000,0.00,1296730.0000
2050,1791442772021,A,hyperliquid,kPEPE,CANCEL,SELL,0.00404100,2474.94122015,2.47,0.5919,0.0000,0.00,253429.0000
2051,1791442772021,A,hyperliquid,kPEPE,PLACE,SELL,0.00404000,2475.55390519,2.48,0.5919,0.0000,0.00,2079671.0000
2052,1791442777079,A,hyperliquid,CRV,CANCEL,BUY,0.39155000,25.53626149,2.55,0.3659,0.0000,0.00,1021.6000
2053,1791442777079,A,hyperliquid,CRV,PLACE,BUY,0.39184000,25.51769014,2.30,0.3659,0.0000,0.00,149.4000
2054,1791442777079,A,hyperliquid,CRV,PLACE,SELL,0.39193000,25.51769014,2.30,0.3659,0.0000,0.00,521.7000
2055,1791442777079,B,hyperliquid,CRV,PLACE,SELL,0.39193000,25.51769014,2.30,0.3659,0.0000,0.00,521.7000
2056,1791442777079,C,hyperliquid,CRV,PLACE,SELL,0.39193000,25.51769014,2.30,0.3659,0.0000,0.00,521.7000
2057,1791442777215,A,hyperliquid,kPEPE,CANCEL,BUY,0.00403900,2475.55390519,2.48,0.5350,0.0000,0.00,1286487.0000
2058,1791442777215,A,hyperliquid,kPEPE,PLACE,BUY,0.00403800,2475.86036148,4.95,0.5350,0.0000,0.00,3461370.0000
2059,1791442777215,A,hyperliquid,kPEPE,CANCEL,SELL,0.00404000,2475.55390519,2.48,0.5350,0.0000,0.00,2079671.0000
2060,1791442777215,A,hyperliquid,kPEPE,PLACE,SELL,0.00404000,2475.86036148,4.95,0.5350,0.0000,0.00,2139671.0000
2061,1791442782453,A,hyperliquid,CRV,CANCEL,BUY,0.39184000,25.51769014,2.30,0.5570,0.0000,0.00,82.0000
2062,1791442782453,A,hyperliquid,CRV,PLACE,BUY,0.39184000,25.51703900,2.81,0.5570,0.0000,0.00,1020.8000
2063,1791442782453,A,hyperliquid,CRV,CANCEL,SELL,0.39193000,25.51769014,2.30,0.5570,0.0000,0.00,521.7000
2064,1791442782453,A,hyperliquid,CRV,PLACE,SELL,0.39195000,25.51703900,2.81,0.5570,0.0000,0.00,2158.3000
2065,1791442782507,A,hyperliquid,PENGU,PLACE,BUY,0.00862400,1159.42028986,2.32,0.7044,0.0000,0.00,18465.0000
2066,1791442782507,A,hyperliquid,PENGU,PLACE,SELL,0.00862600,1159.42028986,2.32,0.7044,0.0000,0.00,285253.0000
2067,1791442782507,B,hyperliquid,PENGU,PLACE,BUY,0.00862400,1159.42028986,2.32,0.7044,0.0000,0.00,18465.0000
2068,1791442782507,C,hyperliquid,PENGU,PLACE,BUY,0.00862400,1159.42028986,2.32,0.7044,0.0000,0.00,18465.0000
2069,1791442782588,A,hyperliquid,kPEPE,CANCEL,BUY,0.00403800,2475.86036148,4.95,0.5458,0.0000,0.00,3461370.0000
2070,1791442782588,A,hyperliquid,kPEPE,PLACE,BUY,0.00403800,2475.86036148,4.95,0.5458,0.0000,0.00,3488534.0000
2071,1791442782588,A,hyperliquid,kPEPE,CANCEL,SELL,0.00404000,2475.86036148,4.95,0.5458,0.0000,0.00,2139671.0000
2072,1791442782588,A,hyperliquid,kPEPE,PLACE,SELL,0.00404000,2475.86036148,4.95,0.5458,0.0000,0.00,3822831.0000
2073,1791442787963,A,hyperliquid,kPEPE,CANCEL,BUY,0.00403800,2475.86036148,4.95,0.5935,0.0000,0.00,3488534.0000
2074,1791442787963,A,hyperliquid,kPEPE,PLACE,BUY,0.00403700,2476.78018576,2.48,0.5935,0.0000,0.00,1274426.0000
2075,1791442787963,A,hyperliquid,kPEPE,CANCEL,SELL,0.00404000,2475.86036148,4.95,0.5935,0.0000,0.00,3822831.0000
2076,1791442787963,A,hyperliquid,kPEPE,PLACE,SELL,0.00403800,2476.78018576,2.48,0.5935,0.0000,0.00,253962.0000
2077,1791442793404,A,hyperliquid,kPEPE,CANCEL,BUY,0.00403700,2476.78018576,2.48,0.5679,0.0000,0.00,1261350.0000
2078,1791442793404,A,hyperliquid,kPEPE,PLACE,BUY,0.00403700,2476.78018576,2.48,0.5679,0.0000,0.00,280221.0000
2079,1791442793404,A,hyperliquid,kPEPE,CANCEL,SELL,0.00403800,2476.78018576,2.48,0.5679,0.0000,0.00,253962.0000
2080,1791442793404,A,hyperliquid,kPEPE,PLACE,SELL,0.00403800,2476.78018576,2.48,0.5679,0.0000,0.00,313962.0000
2081,1791442798793,A,hyperliquid,PENGU,PLACE,BUY,0.00862000,1159.95824150,2.32,0.7112,0.0000,0.00,64885.0000
2082,1791442798793,A,hyperliquid,PENGU,PLACE,SELL,0.00862200,1159.95824150,2.32,0.7112,0.0000,0.00,285356.0000
2083,1791442798793,B,hyperliquid,PENGU,PLACE,BUY,0.00862000,1159.95824150,2.32,0.7112,0.0000,0.00,64885.0000
2084,1791442798793,C,hyperliquid,PENGU,PLACE,BUY,0.00862000,1159.95824150,2.32,0.7112,0.0000,0.00,64885.0000
2085,1791442798795,A,hyperliquid,kPEPE,CANCEL,BUY,0.00403700,2476.78018576,2.48,0.5896,0.0000,0.00,280221.0000
2086,1791442798795,A,hyperliquid,kPEPE,PLACE,BUY,0.00403600,2477.08694575,4.95,0.5896,0.0000,0.00,2336330.0000
2087,1791442798795,A,hyperliquid,kPEPE,CANCEL,SELL,0.00403800,2476.78018576,2.48,0.5896,0.0000,0.00,313962.0000
2088,1791442798795,A,hyperliquid,kPEPE,PLACE,SELL,0.00403800,2477.08694575,4.95,0.5896,0.0000,0.00,1358219.0000
2089,1791442804331,A,hyperliquid,kPEPE,CANCEL,BUY,0.00403600,2477.08694575,4.95,0.5686,0.0000,0.00,2331436.0000
2090,1791442804331,A,hyperliquid,kPEPE,PLACE,BUY,0.00403600,2477.39378174,2.48,0.5686,0.0000,0.00,839366.0000
2091,1791442804331,A,hyperliquid,kPEPE,CANCEL,SELL,0.00403800,2477.08694575,4.95,0.5686,0.0000,0.00,1358219.0000
2092,1791442804331,A,hyperliquid,kPEPE,PLACE,SELL,0.00403700,2477.39378174,2.48,0.5686,0.0000,0.00,1326764.0000
2093,1791442809878,A,hyperliquid,kPEPE,CANCEL,BUY,0.00403600,2477.39378174,2.48,0.5042,0.0000,0.00,839366.0000
2094,1791442809878,A,hyperliquid,kPEPE,PLACE,BUY,0.00403600,2477.39378174,2.48,0.5042,0.0000,0.00,5821.0000
2095,1791442809878,A,hyperliquid,kPEPE,CANCEL,SELL,0.00403700,2477.39378174,2.48,0.5042,0.0000,0.00,1318713.0000
2096,1791442809878,A,hyperliquid,kPEPE,PLACE,SELL,0.00403700,2477.39378174,2.48,0.5042,0.0000,0.00,1286050.0000
2097,1791442815015,A,hyperliquid,FARTCOIN,PLACE,BUY,0.15992000,62.52149176,3.13,0.7851,0.0000,0.00,2501.3000
2098,1791442815015,A,hyperliquid,FARTCOIN,PLACE,SELL,0.15997000,62.52149176,3.13,0.7851,0.0000,0.00,494.8000
2099,1791442815015,B,hyperliquid,FARTCOIN,PLACE,BUY,0.15992000,62.52149176,3.13,0.7851,0.0000,0.00,2501.3000
2100,1791442815015,C,hyperliquid,FARTCOIN,PLACE,BUY,0.15992000,62.52149176,3.13,0.7851,0.0000,0.00,2501.3000
2101,1791442815149,A,hyperliquid,PENGU,PLACE,BUY,0.00861300,1160.90085907,2.32,0.8173,0.0000,0.00,65408.0000
2102,1791442815149,A,hyperliquid,PENGU,PLACE,SELL,0.00861500,1160.90085907,2.32,0.8173,0.0000,0.00,288648.0000
2103,1791442815149,B,hyperliquid,PENGU,PLACE,BUY,0.00861300,1160.90085907,2.32,0.8173,0.0000,0.00,65408.0000
2104,1791442815149,C,hyperliquid,PENGU,PLACE,BUY,0.00861300,1160.90085907,2.32,0.8173,0.0000,0.00,65408.0000
2105,1791442815152,A,hyperliquid,kPEPE,CANCEL,BUY,0.00403600,2477.39378174,2.48,0.4958,0.0000,0.00,-6378.0000
2106,1791442815152,A,hyperliquid,kPEPE,PLACE,BUY,0.00403500,2478.00768182,2.48,0.4958,0.0000,0.00,247962.0000
2107,1791442815152,A,hyperliquid,kPEPE,CANCEL,SELL,0.00403700,2477.39378174,2.48,0.4958,0.0000,0.00,1286050.0000
2108,1791442815152,A,hyperliquid,kPEPE,PLACE,SELL,0.00403600,2478.00768182,2.48,0.4958,0.0000,0.00,1380798.0000
2109,1791442820630,A,hyperliquid,FARTCOIN,CANCEL,BUY,0.15992000,62.52149176,3.13,0.8014,0.0000,0.00,2501.3000
2110,1791442820630,A,hyperliquid,FARTCOIN,PLACE,BUY,0.15980000,62.57039169,2.50,0.8014,0.0000,0.00,11298.8000
2111,1791442820630,A,hyperliquid,FARTCOIN,CANCEL,SELL,0.15997000,62.52149176,3.13,0.8014,0.0000,0.00,494.8000
2112,1791442820630,A,hyperliquid,FARTCOIN,PLACE,SELL,0.15984000,62.57039169,2.50,0.8014,0.0000,0.00,448.8000
2113,1791442820630,B,hyperliquid,FARTCOIN,CANCEL,BUY,0.15992000,62.52149176,3.13,0.8014,0.0000,0.00,2501.3000
2114,1791442820630,B,hyperliquid,FARTCOIN,PLACE,BUY,0.15980000,62.57039169,2.50,0.8014,0.0000,0.00,11298.8000
2115,1791442820630,C,hyperliquid,FARTCOIN,CANCEL,BUY,0.15992000,62.52149176,3.13,0.8014,0.0000,0.00,2501.3000
2116,1791442820630,C,hyperliquid,FARTCOIN,PLACE,BUY,0.15980000,62.57039169,2.50,0.8014,0.0000,0.00,11298.8000
2117,1791442820633,A,hyperliquid,LIT,PLACE,BUY,3.54830000,2.81789362,2.54,0.5850,0.0000,0.00,200.0000
2118,1791442820633,A,hyperliquid,LIT,PLACE,SELL,3.54920000,2.81789362,2.54,0.5850,0.0000,0.00,30.0000
2119,1791442820764,A,hyperliquid,PENGU,PLACE,BUY,0.00860700,1161.71003717,2.32,0.6541,0.0000,0.00,24749.0000
2120,1791442820764,A,hyperliquid,PENGU,CANCEL,SELL,0.00861500,1160.90085907,2.32,0.6541,0.0000,0.00,288648.0000
2121,1791442820764,A,hyperliquid,PENGU,PLACE,SELL,0.00860900,1161.71003717,2.32,0.6541,0.0000,0.00,64928.0000
2122,1791442820764,B,hyperliquid,PENGU,PLACE,BUY,0.00860700,1161.71003717,2.32,0.6541,0.0000,0.00,24749.0000
2123,1791442820764,C,hyperliquid,PENGU,PLACE,BUY,0.00860700,1161.71003717,2.32,0.6541,0.0000,0.00,24749.0000
2124,1791442820766,A,hyperliquid,kPEPE,CANCEL,BUY,0.00403500,2478.00768182,2.48,0.6138,0.0000,0.00,247962.0000
2125,1791442820766,A,hyperliquid,kPEPE,PLACE,BUY,0.00403300,2479.23639519,2.48,0.6138,0.0000,0.00,88657.0000
2126,1791442820766,A,hyperliquid,kPEPE,CANCEL,SELL,0.00403600,2478.00768182,2.48,0.6138,0.0000,0.00,1380798.0000
2127,1791442820766,A,hyperliquid,kPEPE,PLACE,SELL,0.00403400,2479.23639519,2.48,0.6138,0.0000,0.00,1328840.0000
2128,1791442820766,B,hyperliquid,kPEPE,PLACE,BUY,0.00403300,2479.23639519,2.48,0.6138,0.0000,0.00,88657.0000
2129,1791442820766,C,hyperliquid,kPEPE,PLACE,BUY,0.00403300,2479.23639519,2.48,0.6138,0.0000,0.00,88657.0000
2130,1791442826033,A,hyperliquid,kPEPE,CANCEL,BUY,0.00403300,2479.23639519,2.48,0.4872,0.0000,0.00,53385.0000
2131,1791442826033,A,hyperliquid,kPEPE,PLACE,BUY,0.00403200,2479.85120893,2.48,0.4872,0.0000,0.00,920658.0000
2132,1791442826033,A,hyperliquid,kPEPE,CANCEL,SELL,0.00403400,2479.23639519,2.48,0.4872,0.0000,0.00,1328840.0000
2133,1791442826033,A,hyperliquid,kPEPE,PLACE,SELL,0.00403300,2479.85120893,2.48,0.4872,0.0000,0.00,1255900.0000
2134,1791442830945,A,hyperliquid,kPEPE,CANCEL,BUY,0.00403200,2479.85120893,2.48,0.4952,0.0000,0.00,911505.0000
2135,1791442830945,A,hyperliquid,kPEPE,PLACE,BUY,0.00403200,2479.85120893,2.48,0.4952,0.0000,0.00,45543.0000
2136,1791442830945,A,hyperliquid,kPEPE,CANCEL,SELL,0.00403300,2479.85120893,2.48,0.4952,0.0000,0.00,1255900.0000
2137,1791442830945,A,hyperliquid,kPEPE,PLACE,SELL,0.00403300,2479.85120893,2.48,0.4952,0.0000,0.00,1390354.0000
2138,1791442836390,A,hyperliquid,kPEPE,CANCEL,BUY,0.00403200,2479.85120893,2.48,0.5623,0.0000,0.00,45543.0000
2139,1791442836390,A,hyperliquid,kPEPE,PLACE,BUY,0.00403300,2479.23639519,2.48,0.5623,0.0000,0.00,1521321.0000
2140,1791442836390,A,hyperliquid,kPEPE,CANCEL,SELL,0.00403300,2479.85120893,2.48,0.5623,0.0000,0.00,1390354.0000
2141,1791442836390,A,hyperliquid,kPEPE,PLACE,SELL,0.00403400,2479.23639519,2.48,0.5623,0.0000,0.00,250960.0000
2142,1791442841747,A,hyperliquid,kPEPE,CANCEL,BUY,0.00403300,2479.23639519,2.48,0.6241,0.0000,0.00,1521321.0000
2143,1791442841747,A,hyperliquid,kPEPE,PLACE,BUY,0.00403300,2479.23639519,2.48,0.6241,0.0000,0.00,1395555.0000
2144,1791442841747,A,hyperliquid,kPEPE,CANCEL,SELL,0.00403400,2479.23639519,2.48,0.6241,0.0000,0.00,250960.0000
2145,1791442841747,A,hyperliquid,kPEPE,PLACE,SELL,0.00403400,2479.23639519,2.48,0.6241,0.0000,0.00,243881.0000
2146,1791442841747,B,hyperliquid,kPEPE,PLACE,BUY,0.00403300,2479.23639519,2.48,0.6241,0.0000,0.00,1395555.0000
2147,1791442841747,C,hyperliquid,kPEPE,PLACE,BUY,0.00403300,2479.23639519,2.48,0.6241,0.0000,0.00,1395555.0000
2148,1791442847100,A,hyperliquid,kPEPE,CANCEL,BUY,0.00403300,2479.23639519,2.48,0.5698,0.0000,0.00,1384743.0000
2149,1791442847100,A,hyperliquid,kPEPE,PLACE,BUY,0.00403300,2478.92910263,4.96,0.5698,0.0000,0.00,2483064.0000
2150,1791442847100,A,hyperliquid,kPEPE,CANCEL,SELL,0.00403400,2479.23639519,2.48,0.5698,0.0000,0.00,243881.0000
2151,1791442847100,A,hyperliquid,kPEPE,PLACE,SELL,0.00403500,2478.92910263,4.96,0.5698,0.0000,0.00,2236803.0000
2152,1791442852528,A,hyperliquid,LIT,PLACE,BUY,3.54750000,2.81840985,3.38,0.9251,0.0000,0.00,3664.0000
2153,1791442852528,A,hyperliquid,LIT,PLACE,SELL,3.54870000,2.81840985,3.38,0.9251,0.0000,0.00,73.0000
2154,1791442852528,B,hyperliquid,LIT,PLACE,BUY,3.54750000,2.81840985,3.38,0.9251,0.0000,0.00,3664.0000
2155,1791442852528,C,hyperliquid,LIT,PLACE,BUY,3.54750000,2.81840985,3.38,0.9251,0.0000,0.00,3664.0000
2156,1791442852662,A,hyperliquid,kPEPE,CANCEL,BUY,0.00403300,2478.92910263,4.96,0.5667,0.0000,0.00,2478293.0000
2157,1791442852662,A,hyperliquid,kPEPE,PLACE,BUY,0.00403100,2480.46632767,2.48,0.5667,0.0000,0.00,1776817.0000
2158,1791442852662,A,hyperliquid,kPEPE,CANCEL,SELL,0.00403500,2478.92910263,4.96,0.5667,0.0000,0.00,2236803.0000
2159,1791442852662,A,hyperliquid,kPEPE,PLACE,SELL,0.00403200,2480.46632767,2.48,0.5667,0.0000,0.00,242240.0000
2160,1791442857825,A,hyperliquid,LIT,CANCEL,BUY,3.54750000,2.81840985,3.38,0.7785,0.0000,0.00,3664.0000
2161,1791442857825,A,hyperliquid,LIT,PLACE,BUY,3.54730000,2.81848929,3.95,0.7785,0.0000,0.00,30.0000
2162,1791442857825,A,hyperliquid,LIT,CANCEL,SELL,3.54870000,2.81840985,3.38,0.7785,0.0000,0.00,73.0000
2163,1791442857825,A,hyperliquid,LIT,PLACE,SELL,3.54870000,2.81848929,3.95,0.7785,0.0000,0.00,30.0000
2164,1791442857825,B,hyperliquid,LIT,CANCEL,BUY,3.54750000,2.81840985,3.38,0.7785,0.0000,0.00,3664.0000
2165,1791442857825,B,hyperliquid,LIT,PLACE,BUY,3.54730000,2.81848929,3.95,0.7785,0.0000,0.00,30.0000
2166,1791442857825,C,hyperliquid,LIT,CANCEL,BUY,3.54750000,2.81840985,3.38,0.7785,0.0000,0.00,3664.0000
2167,1791442857825,C,hyperliquid,LIT,PLACE,BUY,3.54730000,2.81848929,3.95,0.7785,0.0000,0.00,30.0000
2168,1791442857959,A,hyperliquid,kPEPE,CANCEL,BUY,0.00403100,2480.46632767,2.48,0.4980,0.0000,0.00,1767729.0000
2169,1791442857959,A,hyperliquid,kPEPE,PLACE,BUY,0.00403100,2480.46632767,2.48,0.4980,0.0000,0.00,1150429.0000
2170,1791442857959,A,hyperliquid,kPEPE,CANCEL,SELL,0.00403200,2480.46632767,2.48,0.4980,0.0000,0.00,242240.0000
2171,1791442857959,A,hyperliquid,kPEPE,PLACE,SELL,0.00403200,2480.46632767,2.48,0.4980,0.0000,0.00,1097825.0000
2172,1791442863435,A,hyperliquid,kPEPE,CANCEL,BUY,0.00403100,2480.46632767,2.48,0.5885,0.0000,0.00,1150429.0000
2173,1791442863435,A,hyperliquid,kPEPE,PLACE,BUY,0.00403000,2481.08175164,2.48,0.5885,0.0000,0.00,2070019.0000
2174,1791442863435,A,hyperliquid,kPEPE,CANCEL,SELL,0.00403200,2480.46632767,2.48,0.5885,0.0000,0.00,1097825.0000
2175,1791442863435,A,hyperliquid,kPEPE,PLACE,SELL,0.00403100,2481.08175164,2.48,0.5885,0.0000,0.00,938076.0000
2176,1791442868597,A,hyperliquid,LIT,PLACE,BUY,3.54610000,2.81968138,2.26,0.7873,0.0000,0.00,866.0000
2177,1791442868597,A,hyperliquid,LIT,PLACE,SELL,3.54690000,2.81968138,2.26,0.7873,0.0000,0.00,256.0000
2178,1791442868597,B,hyperliquid,LIT,PLACE,BUY,3.54610000,2.81968138,2.26,0.7873,0.0000,0.00,866.0000
2179,1791442868597,C,hyperliquid,LIT,PLACE,BUY,3.54610000,2.81968138,2.26,0.7873,0.0000,0.00,866.0000
2180,1791442868732,A,hyperliquid,kPEPE,CANCEL,BUY,0.00403000,2481.08175164,2.48,0.5429,0.0000,0.00,2059638.0000
2181,1791442868732,A,hyperliquid,kPEPE,PLACE,BUY,0.00403000,2481.08175164,2.48,0.5429,0.0000,0.00,1093687.0000
2182,1791442868732,A,hyperliquid,kPEPE,CANCEL,SELL,0.00403100,2481.08175164,2.48,0.5429,0.0000,0.00,938076.0000
2183,1791442868732,A,hyperliquid,kPEPE,PLACE,SELL,0.00403100,2481.08175164,2.48,0.5429,0.0000,0.00,688447.0000
2184,1791442874149,A,hyperliquid,kPEPE,CANCEL,BUY,0.00403000,2481.08175164,2.48,0.5146,0.0000,0.00,1093687.0000
2185,1791442874149,A,hyperliquid,kPEPE,PLACE,BUY,0.00403000,2481.08175164,2.48,0.5146,0.0000,0.00,95622.0000
2186,1791442874149,A,hyperliquid,kPEPE,CANCEL,SELL,0.00403100,2481.08175164,2.48,0.5146,0.0000,0.00,688447.0000
2187,1791442874149,A,hyperliquid,kPEPE,PLACE,SELL,0.00403100,2481.08175164,2.48,0.5146,0.0000,0.00,4239534.0000
2188,1791442879552,A,hyperliquid,kPEPE,CANCEL,BUY,0.00403000,2481.08175164,2.48,0.4726,0.0000,0.00,95622.0000
2189,1791442879552,A,hyperliquid,kPEPE,PLACE,BUY,0.00402900,2481.69748108,2.48,0.4726,0.0000,0.00,114451.0000
2190,1791442879552,A,hyperliquid,kPEPE,CANCEL,SELL,0.00403100,2481.08175164,2.48,0.4726,0.0000,0.00,4239534.0000
2191,1791442879552,A,hyperliquid,kPEPE,PLACE,SELL,0.00403000,2481.69748108,2.48,0.4726,0.0000,0.00,3094377.0000
2192,1791442884783,A,hyperliquid,kPEPE,CANCEL,BUY,0.00402900,2481.69748108,2.48,0.5171,4661.0000,0.00,109790.0000
2193,1791442884783,A,hyperliquid,kPEPE,PLACE,BUY,0.00402900,2481.38957816,4.96,0.5171,4661.0000,0.00,2378286.0000
2194,1791442884783,A,hyperliquid,kPEPE,CANCEL,SELL,0.00403000,2481.69748108,2.48,0.5171,0.0000,0.00,3094377.0000
2195,1791442884783,A,hyperliquid,kPEPE,PLACE,SELL,0.00403100,2481.38957816,4.96,0.5171,0.0000,0.00,2779715.0000
2196,1791442890149,A,hyperliquid,CRV,PLACE,BUY,0.38976000,25.65286543,3.08,0.1336,0.0000,0.00,217.2000
2197,1791442890149,A,hyperliquid,CRV,PLACE,SELL,0.38988000,25.65286543,3.08,0.1336,128.0000,0.00,6049.4000
2198,1791442890149,B,hyperliquid,CRV,PLACE,SELL,0.38988000,25.65286543,3.08,0.1336,128.0000,0.00,6049.4000
2199,1791442890149,C,hyperliquid,CRV,PLACE,SELL,0.38988000,25.65286543,3.08,0.1336,128.0000,0.00,6049.4000
2200,1791442890283,A,hyperliquid,PENGU,PLACE,BUY,0.00859700,1163.06117702,2.33,0.0892,0.0000,0.00,12158.0000
2201,1791442890283,A,hyperliquid,PENGU,PLACE,SELL,0.00859900,1163.06117702,2.33,0.0892,0.0000,0.00,344185.0000
2202,1791442890283,B,hyperliquid,PENGU,PLACE,SELL,0.00859900,1163.06117702,2.33,0.0892,0.0000,0.00,344185.0000
2203,1791442890283,C,hyperliquid,PENGU,PLACE,SELL,0.00859900,1163.06117702,2.33,0.0892,0.0000,0.00,344185.0000
2204,1791442890285,A,hyperliquid,kPEPE,CANCEL,BUY,0.00402900,2481.38957816,4.96,0.5863,0.0000,0.00,2378286.0000
2205,1791442890285,A,hyperliquid,kPEPE,PLACE,BUY,0.00402900,2481.69748108,2.48,0.5863,0.0000,0.00,1678303.0000
2206,1791442890285,A,hyperliquid,kPEPE,CANCEL,SELL,0.00403100,2481.38957816,4.96,0.5863,0.0000,0.00,2779715.0000
2207,1791442890285,A,hyperliquid,kPEPE,PLACE,SELL,0.00403000,2481.69748108,2.48,0.5863,0.0000,0.00,246076.0000
2208,1791442895663,A,hyperliquid,LIT,PLACE,BUY,3.54550000,2.82007896,2.82,0.4718,0.0000,0.00,266.0000
2209,1791442895663,A,hyperliquid,LIT,PLACE,SELL,3.54650000,2.82007896,2.82,0.4718,0.0000,0.00,256.0000
2210,1791442895798,A,hyperliquid,kPEPE,CANCEL,BUY,0.00402900,2481.69748108,2.48,0.5468,0.0000,0.00,1678303.0000
2211,1791442895798,A,hyperliquid,kPEPE,PLACE,BUY,0.00402900,2481.69748108,2.48,0.5468,0.0000,0.00,1669889.0000
2212,1791442895798,A,hyperliquid,kPEPE,CANCEL,SELL,0.00403000,2481.69748108,2.48,0.5468,0.0000,0.00,246076.0000
2213,1791442895798,A,hyperliquid,kPEPE,PLACE,SELL,0.00403000,2481.69748108,2.48,0.5468,0.0000,0.00,246076.0000
2214,1791442900795,A,hyperliquid,CRV,PLACE,BUY,0.38985000,25.64793085,2.31,0.3258,0.0000,0.00,138.0000
2215,1791442900795,A,hyperliquid,CRV,PLACE,SELL,0.38994000,25.64793085,2.31,0.3258,0.0000,0.00,2168.6000
2216,1791442900795,B,hyperliquid,CRV,PLACE,SELL,0.38994000,25.64793085,2.31,0.3258,0.0000,0.00,2168.6000
2217,1791442900795,C,hyperliquid,CRV,PLACE,SELL,0.38994000,25.64793085,2.31,0.3258,0.0000,0.00,2168.6000
2218,1791442900797,A,hyperliquid,LIT,CANCEL,BUY,3.54550000,2.82007896,2.82,0.8110,0.0000,0.00,266.0000
2219,1791442900797,A,hyperliquid,LIT,PLACE,BUY,3.54520000,2.82035734,2.54,0.8110,0.0000,0.00,764.0000
2220,1791442900797,A,hyperliquid,LIT,CANCEL,SELL,3.54650000,2.82007896,2.82,0.8110,0.0000,0.00,256.0000
2221,1791442900797,A,hyperliquid,LIT,PLACE,SELL,3.54610000,2.82035734,2.54,0.8110,0.0000,0.00,31.0000
2222,1791442900797,B,hyperliquid,LIT,PLACE,BUY,3.54520000,2.82035734,2.54,0.8110,0.0000,0.00,764.0000
2223,1791442900797,C,hyperliquid,LIT,PLACE,BUY,3.54520000,2.82035734,2.54,0.8110,0.0000,0.00,764.0000
2224,1791442900930,A,hyperliquid,PENGU,PLACE,BUY,0.00859500,1163.33178222,2.33,0.4577,0.0000,0.00,24054.0000
2225,1791442900930,A,hyperliquid,PENGU,PLACE,SELL,0.00859700,1163.33178222,2.33,0.4577,0.0000,0.00,677338.0000
2226,1791442900933,A,hyperliquid,kPEPE,CANCEL,BUY,0.00402900,2481.69748108,2.48,0.4870,0.0000,0.00,1659048.0000
2227,1791442900933,A,hyperliquid,kPEPE,PLACE,BUY,0.00402900,2481.69748108,2.48,0.4870,0.0000,0.00,96211.0000
2228,1791442900933,A,hyperliquid,kPEPE,CANCEL,SELL,0.00403000,2481.69748108,2.48,0.4870,0.0000,0.00,246076.0000
2229,1791442900933,A,hyperliquid,kPEPE,PLACE,SELL,0.00403000,2481.69748108,2.48,0.4870,0.0000,0.00,3134551.0000
2230,1791442906175,A,hyperliquid,CRV,CANCEL,BUY,0.38985000,25.64793085,2.31,0.3942,0.0000,0.00,138.0000
2231,1791442906175,A,hyperliquid,CRV,PLACE,BUY,0.39002000,25.63642423,2.56,0.3942,0.0000,0.00,1025.6000
2232,1791442906175,A,hyperliquid,CRV,PLACE,SELL,0.39012000,25.63642423,2.56,0.3942,0.0000,0.00,2167.8000
2233,1791442906175,B,hyperliquid,CRV,PLACE,SELL,0.39012000,25.63642423,2.56,0.3942,0.0000,0.00,2167.8000
2234,1791442906175,C,hyperliquid,CRV,PLACE,SELL,0.39012000,25.63642423,2.56,0.3942,0.0000,0.00,2167.8000
2235,1791442906309,A,hyperliquid,PENGU,CANCEL,BUY,0.00859500,1163.33178222,2.33,0.2816,0.0000,0.00,24054.0000
2236,1791442906309,A,hyperliquid,PENGU,PLACE,BUY,0.00859700,1163.06117702,2.33,0.2816,0.0000,0.00,18237.0000
2237,1791442906309,A,hyperliquid,PENGU,CANCEL,SELL,0.00859700,1163.33178222,2.33,0.2816,0.0000,0.00,677338.0000
2238,1791442906309,A,hyperliquid,PENGU,PLACE,SELL,0.00859900,1163.06117702,2.33,0.2816,0.0000,0.00,46517.0000
2239,1791442906309,B,hyperliquid,PENGU,PLACE,SELL,0.00859900,1163.06117702,2.33,0.2816,0.0000,0.00,46517.0000
2240,1791442906309,C,hyperliquid,PENGU,PLACE,SELL,0.00859900,1163.06117702,2.33,0.2816,0.0000,0.00,46517.0000
2241,1791442906312,A,hyperliquid,kPEPE,CANCEL,BUY,0.00402900,2481.69748108,2.48,0.4079,0.0000,0.00,88880.0000
2242,1791442906312,A,hyperliquid,kPEPE,PLACE,BUY,0.00403000,2481.08175164,2.48,0.4079,0.0000,0.00,234018.0000
2243,1791442906312,A,hyperliquid,kPEPE,CANCEL,SELL,0.00403000,2481.69748108,2.48,0.4079,0.0000,0.00,3134551.0000
2244,1791442906312,A,hyperliquid,kPEPE,PLACE,SELL,0.00403100,2481.08175164,2.48,0.4079,0.0000,0.00,2758945.0000
2245,1791442911539,A,hyperliquid,CRV,PLACE,BUY,0.39010000,25.63182447,2.05,0.2325,0.0000,0.00,1025.4000
2246,1791442911539,A,hyperliquid,CRV,CANCEL,SELL,0.39012000,25.63642423,2.56,0.2325,0.0000,0.00,2167.8000
2247,1791442911539,A,hyperliquid,CRV,PLACE,SELL,0.39018000,25.63182447,2.05,0.2325,0.0000,0.00,1025.2000
2248,1791442911539,B,hyperliquid,CRV,CANCEL,SELL,0.39012000,25.63642423,2.56,0.2325,0.0000,0.00,2167.8000
2249,1791442911539,B,hyperliquid,CRV,PLACE,SELL,0.39018000,25.63182447,2.05,0.2325,0.0000,0.00,1025.2000
2250,1791442911539,C,hyperliquid,CRV,CANCEL,SELL,0.39012000,25.63642423,2.56,0.2325,0.0000,0.00,2167.8000
2251,1791442911539,C,hyperliquid,CRV,PLACE,SELL,0.39018000,25.63182447,2.05,0.2325,0.0000,0.00,1025.2000
2252,1791442911674,A,hyperliquid,kPEPE,CANCEL,BUY,0.00403000,2481.08175164,2.48,0.4268,0.0000,0.00,234018.0000
2253,1791442911674,A,hyperliquid,kPEPE,PLACE,BUY,0.00403100,2480.46632767,2.48,0.4268,0.0000,0.00,248239.0000
2254,1791442911674,A,hyperliquid,kPEPE,CANCEL,SELL,0.00403100,2481.08175164,2.48,0.4268,0.0000,0.00,2758945.0000
2255,1791442911674,A,hyperliquid,kPEPE,PLACE,SELL,0.00403200,2480.46632767,2.48,0.4268,0.0000,0.00,4478177.0000
2256,1791442917055,A,hyperliquid,PENGU,PLACE,BUY,0.00859300,1163.60251338,2.33,0.3851,0.0000,0.00,18466.0000
2257,1791442917055,A,hyperliquid,PENGU,PLACE,SELL,0.00859500,1163.60251338,2.33,0.3851,0.0000,0.00,338617.0000
2258,1791442917055,B,hyperliquid,PENGU,PLACE,SELL,0.00859500,1163.60251338,2.33,0.3851,0.0000,0.00,338617.0000
2259,1791442917055,C,hyperliquid,PENGU,PLACE,SELL,0.00859500,1163.60251338,2.33,0.3851,0.0000,0.00,338617.0000
2260,1791442917056,A,hyperliquid,PONS,PLACE,BUY,0.41142000,24.30310837,2.43,0.4539,0.0000,0.00,642.0000
2261,1791442917056,A,hyperliquid,PONS,PLACE,SELL,0.41152000,24.30310837,2.43,0.4539,0.0000,0.00,2430.0000
2262,1791442917058,A,hyperliquid,kPEPE,CANCEL,BUY,0.00403100,2480.46632767,2.48,0.4878,0.0000,0.00,235654.0000
2263,1791442917058,A,hyperliquid,kPEPE,PLACE,BUY,0.00403000,2481.08175164,2.48,0.4878,0.0000,0.00,96697.0000
2264,1791442917058,A,hyperliquid,kPEPE,CANCEL,SELL,0.00403200,2480.46632767,2.48,0.4878,0.0000,0.00,4478177.0000
2265,1791442917058,A,hyperliquid,kPEPE,PLACE,SELL,0.00403100,2481.08175164,2.48,0.4878,0.0000,0.00,2299415.0000
2266,1791442922440,A,hyperliquid,kPEPE,CANCEL,BUY,0.00403000,2481.08175164,2.48,0.5541,0.0000,0.00,96697.0000
2267,1791442922440,A,hyperliquid,kPEPE,PLACE,BUY,0.00402900,2481.69748108,2.48,0.5541,0.0000,0.00,97500.0000
2268,1791442922440,A,hyperliquid,kPEPE,CANCEL,SELL,0.00403100,2481.08175164,2.48,0.5541,0.0000,0.00,2299415.0000
2269,1791442922440,A,hyperliquid,kPEPE,PLACE,SELL,0.00403000,2481.69748108,2.48,0.5541,0.0000,0.00,2082330.0000
2270,1791442927306,A,hyperliquid,PENGU,PLACE,BUY,0.00858600,1164.55106556,2.33,0.2760,5539.0000,0.00,18235.0000
2271,1791442927306,A,hyperliquid,PENGU,PLACE,SELL,0.00858800,1164.55106556,2.33,0.2760,0.0000,0.00,338853.0000
2272,1791442927306,B,hyperliquid,PENGU,PLACE,SELL,0.00858800,1164.55106556,2.33,0.2760,0.0000,0.00,338853.0000
2273,1791442927306,C,hyperliquid,PENGU,PLACE,SELL,0.00858800,1164.55106556,2.33,0.2760,0.0000,0.00,338853.0000
2274,1791442927433,A,hyperliquid,kPEPE,CANCEL,BUY,0.00402900,2481.69748108,2.48,0.5202,0.0000,0.00,97500.0000
2275,1791442927433,A,hyperliquid,kPEPE,PLACE,BUY,0.00402800,2482.31351620,2.48,0.5202,0.0000,0.00,98971.0000
2276,1791442927433,A,hyperliquid,kPEPE,CANCEL,SELL,0.00403000,2481.69748108,2.48,0.5202,0.0000,0.00,2079438.0000
2277,1791442927433,A,hyperliquid,kPEPE,PLACE,SELL,0.00402900,2482.31351620,2.48,0.5202,0.0000,0.00,2218609.0000
2278,1791442932871,A,hyperliquid,PENGU,CANCEL,BUY,0.00858600,1164.55106556,2.33,0.5261,0.0000,0.00,18235.0000
2279,1791442932871,A,hyperliquid,PENGU,PLACE,BUY,0.00858500,1164.68669928,2.33,0.5261,0.0000,0.00,12150.0000
2280,1791442932871,A,hyperliquid,PENGU,CANCEL,SELL,0.00858800,1164.55106556,2.33,0.5261,0.0000,0.00,338853.0000
2281,1791442932871,A,hyperliquid,PENGU,PLACE,SELL,0.00858700,1164.68669928,2.33,0.5261,0.0000,0.00,286211.0000
2282,1791442932873,A,hyperliquid,kPEPE,CANCEL,BUY,0.00402800,2482.31351620,2.48,0.4461,0.0000,0.00,86204.0000
2283,1791442932873,A,hyperliquid,kPEPE,PLACE,BUY,0.00402700,2482.92985723,2.48,0.4461,0.0000,0.00,704302.0000
2284,1791442932873,A,hyperliquid,kPEPE,CANCEL,SELL,0.00402900,2482.31351620,2.48,0.4461,0.0000,0.00,2218609.0000
2285,1791442932873,A,hyperliquid,kPEPE,PLACE,SELL,0.00402800,2482.92985723,2.48,0.4461,0.0000,0.00,2240246.0000
2286,1791442938338,A,hyperliquid,PONS,PLACE,BUY,0.41180000,24.27980042,3.16,0.5164,0.0000,0.00,522.0000
2287,1791442938338,A,hyperliquid,PONS,PLACE,SELL,0.41193000,24.27980042,3.16,0.5164,0.0000,0.00,242.0000
2288,1791442938340,A,hyperliquid,kPEPE,CANCEL,BUY,0.00402700,2482.92985723,2.48,0.5458,0.0000,0.00,689625.0000
2289,1791442938340,A,hyperliquid,kPEPE,PLACE,BUY,0.00402700,2482.92985723,2.48,0.5458,0.0000,0.00,2395778.0000
2290,1791442938340,A,hyperliquid,kPEPE,CANCEL,SELL,0.00402800,2482.92985723,2.48,0.5458,0.0000,0.00,2240246.0000
2291,1791442938340,A,hyperliquid,kPEPE,PLACE,SELL,0.00402800,2482.92985723,2.48,0.5458,0.0000,0.00,263526.0000
2292,1791442943645,A,hyperliquid,kPEPE,CANCEL,BUY,0.00402700,2482.92985723,2.48,0.4146,0.0000,0.00,2395778.0000
2293,1791442943645,A,hyperliquid,kPEPE,PLACE,BUY,0.00402700,2482.92985723,2.48,0.4146,0.0000,0.00,101224.0000
2294,1791442943645,A,hyperliquid,kPEPE,CANCEL,SELL,0.00402800,2482.92985723,2.48,0.4146,0.0000,0.00,263526.0000
2295,1791442943645,A,hyperliquid,kPEPE,PLACE,SELL,0.00402800,2482.92985723,2.48,0.4146,0.0000,0.00,4431433.0000
2296,1791442948846,A,hyperliquid,FARTCOIN,PLACE,BUY,0.15944000,62.70968551,3.14,0.5486,0.0000,0.00,726.8000
2297,1791442948846,A,hyperliquid,FARTCOIN,PLACE,SELL,0.15949000,62.70968551,3.14,0.5486,0.0000,0.00,411.6000
2298,1791442948980,A,hyperliquid,PONS,PLACE,BUY,0.41164000,24.28953121,2.91,0.3792,0.0000,0.00,517.0000
2299,1791442948980,A,hyperliquid,PONS,PLACE,SELL,0.41176000,24.28953121,2.91,0.3792,0.0000,0.00,2948.0000
2300,1791442948980,B,hyperliquid,PONS,PLACE,SELL,0.41176000,24.28953121,2.91,0.3792,0.0000,0.00,2948.0000
2301,1791442948980,C,hyperliquid,PONS,PLACE,SELL,0.41176000,24.28953121,2.91,0.3792,0.0000,0.00,2948.0000
2302,1791442948982,A,hyperliquid,VVV,PLACE,BUY,24.93300000,0.40099447,4.01,0.1999,0.0000,0.00,2.0000
2303,1791442948982,A,hyperliquid,VVV,PLACE,SELL,24.94300000,0.40099447,4.01,0.1999,0.0000,0.00,26.8200
2304,1791442948982,B,hyperliquid,VVV,PLACE,SELL,24.94300000,0.40099447,4.01,0.1999,0.0000,0.00,26.8200
2305,1791442948982,C,hyperliquid,VVV,PLACE,SELL,24.94300000,0.40099447,4.01,0.1999,0.0000,0.00,26.8200
2306,1791442948984,A,hyperliquid,kPEPE,CANCEL,BUY,0.00402700,2482.92985723,2.48,0.4997,0.0000,0.00,101224.0000
2307,1791442948984,A,hyperliquid,kPEPE,PLACE,BUY,0.00402700,2482.92985723,2.48,0.4997,0.0000,0.00,533254.0000
2308,1791442948984,A,hyperliquid,kPEPE,CANCEL,SELL,0.00402800,2482.92985723,2.48,0.4997,0.0000,0.00,4431433.0000
2309,1791442948984,A,hyperliquid,kPEPE,PLACE,SELL,0.00402800,2482.92985723,2.48,0.4997,0.0000,0.00,1573437.0000
2310,1791442954302,A,hyperliquid,LIT,PLACE,BUY,3.54020000,2.82438005,2.26,0.6674,0.0000,0.00,32.0000
2311,1791442954302,A,hyperliquid,LIT,PLACE,SELL,3.54100000,2.82438005,2.26,0.6674,0.0000,0.00,256.0000
2312,1791442954302,B,hyperliquid,LIT,PLACE,BUY,3.54020000,2.82438005,2.26,0.6674,0.0000,0.00,32.0000
2313,1791442954302,C,hyperliquid,LIT,PLACE,BUY,3.54020000,2.82438005,2.26,0.6674,0.0000,0.00,32.0000
2314,1791442954436,A,hyperliquid,PONS,PLACE,BUY,0.41143000,24.29926981,5.10,0.5629,931.0000,0.00,31.0000
2315,1791442954436,A,hyperliquid,PONS,CANCEL,SELL,0.41176000,24.28953121,2.91,0.5629,0.0000,0.00,2948.0000
2316,1791442954436,A,hyperliquid,PONS,PLACE,SELL,0.41164000,24.29926981,5.10,0.5629,0.0000,0.00,10539.0000
2317,1791442954438,A,hyperliquid,kPEPE,CANCEL,BUY,0.00402700,2482.92985723,2.48,0.4703,0.0000,0.00,533254.0000
2318,1791442954438,A,hyperliquid,kPEPE,PLACE,BUY,0.00402600,2483.23814254,4.97,0.4703,0.0000,0.00,2978780.0000
2319,1791442954438,A,hyperliquid,kPEPE,CANCEL,SELL,0.00402800,2482.92985723,2.48,0.4703,0.0000,0.00,1573437.0000
2320,1791442954438,A,hyperliquid,kPEPE,PLACE,SELL,0.00402800,2483.23814254,4.97,0.4703,0.0000,0.00,2368408.0000
2321,1791442959346,A,hyperliquid,FARTCOIN,PLACE,BUY,0.15935000,62.74509804,3.14,0.6096,0.0000,0.00,13840.4000
2322,1791442959346,A,hyperliquid,FARTCOIN,PLACE,SELL,0.15940000,62.74509804,3.14,0.6096,0.0000,0.00,11802.5000
2323,1791442959346,B,hyperliquid,FARTCOIN,PLACE,BUY,0.15935000,62.74509804,3.14,0.6096,0.0000,0.00,13840.4000
2324,1791442959346,C,hyperliquid,FARTCOIN,PLACE,BUY,0.15935000,62.74509804,3.14,0.6096,0.0000,0.00,13840.4000
2325,1791442959481,A,hyperliquid,PENGU,PLACE,BUY,0.00858600,1164.55106556,2.33,0.2870,0.0000,0.00,24300.0000
2326,1791442959481,A,hyperliquid,PENGU,PLACE,SELL,0.00858800,1164.55106556,2.33,0.2870,0.0000,0.00,10031.0000
2327,1791442959481,B,hyperliquid,PENGU,PLACE,SELL,0.00858800,1164.55106556,2.33,0.2870,0.0000,0.00,10031.0000
2328,1791442959481,C,hyperliquid,PENGU,PLACE,SELL,0.00858800,1164.55106556,2.33,0.2870,0.0000,0.00,10031.0000
2329,1791442959483,A,hyperliquid,kPEPE,CANCEL,BUY,0.00402600,2483.23814254,4.97,0.4424,0.0000,0.00,2968051.0000
2330,1791442959483,A,hyperliquid,kPEPE,PLACE,BUY,0.00402700,2482.92985723,2.48,0.4424,0.0000,0.00,231333.0000
2331,1791442959483,A,hyperliquid,kPEPE,CANCEL,SELL,0.00402800,2483.23814254,4.97,0.4424,0.0000,0.00,2368408.0000
2332,1791442959483,A,hyperliquid,kPEPE,PLACE,SELL,0.00402800,2482.92985723,2.48,0.4424,0.0000,0.00,2291097.0000
2333,1791442964439,A,hyperliquid,FARTCOIN,CANCEL,BUY,0.15935000,62.74509804,3.14,0.5604,0.0000,0.00,13840.4000
2334,1791442964439,A,hyperliquid,FARTCOIN,PLACE,BUY,0.15935000,62.74706657,2.51,0.5604,0.0000,0.00,494.7000
2335,1791442964439,A,hyperliquid,FARTCOIN,CANCEL,SELL,0.15940000,62.74509804,3.14,0.5604,0.0000,0.00,11802.5000
2336,1791442964439,A,hyperliquid,FARTCOIN,PLACE,SELL,0.15939000,62.74706657,2.51,0.5604,0.0000,0.00,11816.0000
2337,1791442964573,A,hyperliquid,PENGU,CANCEL,BUY,0.00858600,1164.55106556,2.33,0.3179,0.0000,0.00,24300.0000
2338,1791442964573,A,hyperliquid,PENGU,PLACE,BUY,0.00858600,1164.55106556,2.33,0.3179,0.0000,0.00,12150.0000
2339,1791442964573,A,hyperliquid,PENGU,CANCEL,SELL,0.00858800,1164.55106556,2.33,0.3179,0.0000,0.00,10031.0000
2340,1791442964573,A,hyperliquid,PENGU,PLACE,SELL,0.00858800,1164.55106556,2.33,0.3179,0.0000,0.00,332752.0000
2341,1791442964573,B,hyperliquid,PENGU,CANCEL,SELL,0.00858800,1164.55106556,2.33,0.3179,0.0000,0.00,10031.0000
2342,1791442964573,B,hyperliquid,PENGU,PLACE,SELL,0.00858800,1164.55106556,2.33,0.3179,0.0000,0.00,332752.0000
2343,1791442964573,C,hyperliquid,PENGU,CANCEL,SELL,0.00858800,1164.55106556,2.33,0.3179,0.0000,0.00,10031.0000
2344,1791442964573,C,hyperliquid,PENGU,PLACE,SELL,0.00858800,1164.55106556,2.33,0.3179,0.0000,0.00,332752.0000
2345,1791442964576,A,hyperliquid,VVV,PLACE,BUY,24.93100000,0.40105880,2.41,0.9881,0.0000,0.00,59.7300
2346,1791442964576,A,hyperliquid,VVV,PLACE,SELL,24.93700000,0.40105880,2.41,0.9881,0.0000,0.00,23.0500
2347,1791442964576,B,hyperliquid,VVV,PLACE,BUY,24.93100000,0.40105880,2.41,0.9881,0.0000,0.00,59.7300
2348,1791442964576,C,hyperliquid,VVV,PLACE,BUY,24.93100000,0.40105880,2.41,0.9881,0.0000,0.00,59.7300
2349,1791442964577,A,hyperliquid,kPEPE,CANCEL,BUY,0.00402700,2482.92985723,2.48,0.5828,0.0000,0.00,231333.0000
2350,1791442964577,A,hyperliquid,kPEPE,PLACE,BUY,0.00402600,2483.54650441,2.48,0.5828,0.0000,0.00,1855903.0000
2351,1791442964577,A,hyperliquid,kPEPE,CANCEL,SELL,0.00402800,2482.92985723,2.48,0.5828,0.0000,0.00,2291097.0000
2352,1791442964577,A,hyperliquid,kPEPE,PLACE,SELL,0.00402700,2483.54650441,2.48,0.5828,0.0000,0.00,947244.0000
2353,1791442969662,A,hyperliquid,PONS,PLACE,BUY,0.41110000,24.32172782,2.68,0.6198,0.0000,0.00,525.0000
2354,1791442969662,A,hyperliquid,PONS,PLACE,SELL,0.41121000,24.32172782,2.68,0.6198,427.0000,0.00,106.0000
2355,1791442969662,B,hyperliquid,PONS,PLACE,BUY,0.41110000,24.32172782,2.68,0.6198,0.0000,0.00,525.0000
2356,1791442969662,C,hyperliquid,PONS,PLACE,BUY,0.41110000,24.32172782,2.68,0.6198,0.0000,0.00,525.0000
2357,1791442969664,A,hyperliquid,VVV,PLACE,BUY,24.92400000,0.40114728,3.61,0.9866,0.0000,0.00,16.0500
2358,1791442969664,A,hyperliquid,VVV,CANCEL,SELL,24.93700000,0.40105880,2.41,0.9866,0.0000,0.00,23.0500
2359,1791442969664,A,hyperliquid,VVV,PLACE,SELL,24.93300000,0.40114728,3.61,0.9866,0.0000,0.00,4.0100
2360,1791442969664,B,hyperliquid,VVV,PLACE,BUY,24.92400000,0.40114728,3.61,0.9866,0.0000,0.00,16.0500
2361,1791442969664,C,hyperliquid,VVV,PLACE,BUY,24.92400000,0.40114728,3.61,0.9866,0.0000,0.00,16.0500
2362,1791442969666,A,hyperliquid,kPEPE,CANCEL,BUY,0.00402600,2483.54650441,2.48,0.5821,0.0000,0.00,1855903.0000
2363,1791442969666,A,hyperliquid,kPEPE,PLACE,BUY,0.00402600,2483.54650441,2.48,0.5821,0.0000,0.00,1857135.0000
2364,1791442969666,A,hyperliquid,kPEPE,CANCEL,SELL,0.00402700,2483.54650441,2.48,0.5821,0.0000,0.00,947244.0000
2365,1791442969666,A,hyperliquid,kPEPE,PLACE,SELL,0.00402700,2483.54650441,2.48,0.5821,0.0000,0.00,2092004.0000
2366,1791442974783,A,hyperliquid,FARTCOIN,PLACE,BUY,0.15926000,62.78252135,2.51,0.6770,0.0000,0.00,1364.2000
2367,1791442974783,A,hyperliquid,FARTCOIN,PLACE,SELL,0.15930000,62.78252135,2.51,0.6770,0.0000,0.00,11336.7000
2368,1791442974783,B,hyperliquid,FARTCOIN,PLACE,BUY,0.15926000,62.78252135,2.51,0.6770,0.0000,0.00,1364.2000
2369,1791442974783,C,hyperliquid,FARTCOIN,PLACE,BUY,0.15926000,62.78252135,2.51,0.6770,0.0000,0.00,1364.2000
2370,1791442974918,A,hyperliquid,kPEPE,CANCEL,BUY,0.00402600,2483.54650441,2.48,0.4997,0.0000,0.00,1857135.0000
2371,1791442974918,A,hyperliquid,kPEPE,PLACE,BUY,0.00402600,2483.54650441,2.48,0.4997,0.0000,0.00,201259.0000
2372,1791442974918,A,hyperliquid,kPEPE,CANCEL,SELL,0.00402700,2483.54650441,2.48,0.4997,0.0000,0.00,2092004.0000
2373,1791442974918,A,hyperliquid,kPEPE,PLACE,SELL,0.00402700,2483.54650441,2.48,0.4997,0.0000,0.00,2721189.0000
2374,1791442980285,A,hyperliquid,PENGU,PLACE,BUY,0.00858400,1164.82236459,2.33,0.6443,0.0000,0.00,102816.0000
2375,1791442980285,A,hyperliquid,PENGU,PLACE,SELL,0.00858600,1164.82236459,2.33,0.6443,0.0000,0.00,283747.0000
2376,1791442980285,B,hyperliquid,PENGU,PLACE,BUY,0.00858400,1164.82236459,2.33,0.6443,0.0000,0.00,102816.0000
2377,1791442980285,C,hyperliquid,PENGU,PLACE,BUY,0.00858400,1164.82236459,2.33,0.6443,0.0000,0.00,102816.0000
2378,1791442980287,A,hyperliquid,VVV,PLACE,BUY,24.92600000,0.40111510,3.61,0.9818,200.0000,0.00,3.0300
2379,1791442980287,A,hyperliquid,VVV,PLACE,SELL,24.93500000,0.40111510,3.61,0.9818,0.0000,0.00,76.0200
2380,1791442980287,B,hyperliquid,VVV,PLACE,BUY,24.92600000,0.40111510,3.61,0.9818,200.0000,0.00,3.0300
2381,1791442980289,A,hyperliquid,kPEPE,CANCEL,BUY,0.00402600,2483.54650441,2.48,0.5763,0.0000,0.00,190439.0000
2382,1791442980289,A,hyperliquid,kPEPE,PLACE,BUY,0.00402600,2483.54650441,2.48,0.5763,0.0000,0.00,975542.0000
2383,1791442980289,A,hyperliquid,kPEPE,CANCEL,SELL,0.00402700,2483.54650441,2.48,0.5763,0.0000,0.00,2721189.0000
2384,1791442980289,A,hyperliquid,kPEPE,PLACE,SELL,0.00402700,2483.54650441,2.48,0.5763,0.0000,0.00,1084975.0000
2385,1791442985601,A,hyperliquid,VVV,PLACE,BUY,24.92500000,0.40112314,4.01,0.9931,8.0400,0.00,3.0100
2386,1791442985601,A,hyperliquid,VVV,CANCEL,SELL,24.93500000,0.40111510,3.61,0.9931,0.0000,0.00,76.0200
2387,1791442985601,A,hyperliquid,VVV,PLACE,SELL,24.93500000,0.40112314,4.01,0.9931,0.0000,0.00,2.2800
2388,1791442985601,B,hyperliquid,VVV,PLACE,BUY,24.92500000,0.40112314,4.01,0.9931,8.0400,0.00,3.0100
2389,1791442985603,A,hyperliquid,kPEPE,CANCEL,BUY,0.00402600,2483.54650441,2.48,0.4293,0.0000,0.00,774575.0000
2390,1791442985603,A,hyperliquid,kPEPE,PLACE,BUY,0.00402600,2483.54650441,2.48,0.4293,0.0000,0.00,83863.0000
2391,1791442985603,A,hyperliquid,kPEPE,CANCEL,SELL,0.00402700,2483.54650441,2.48,0.4293,0.0000,0.00,1084975.0000
2392,1791442985603,A,hyperliquid,kPEPE,PLACE,SELL,0.00402700,2483.54650441,2.48,0.4293,0.0000,0.00,5658760.0000
2393,1791442991020,A,hyperliquid,PENGU,PLACE,BUY,0.00858600,1164.55106556,2.33,0.4182,0.0000,0.00,9000.0000
2394,1791442991020,A,hyperliquid,PENGU,PLACE,SELL,0.00858800,1164.55106556,2.33,0.4182,0.0000,0.00,385088.0000
2395,1791442991022,A,hyperliquid,kPEPE,CANCEL,BUY,0.00402600,2483.54650441,2.48,0.4726,0.0000,0.00,72881.0000
2396,1791442991022,A,hyperliquid,kPEPE,PLACE,BUY,0.00402600,2483.54650441,2.48,0.4726,0.0000,0.00,273662.0000
2397,1791442991022,A,hyperliquid,kPEPE,CANCEL,SELL,0.00402700,2483.54650441,2.48,0.4726,0.0000,0.00,5658760.0000
2398,1791442991022,A,hyperliquid,kPEPE,PLACE,SELL,0.00402700,2483.54650441,2.48,0.4726,0.0000,0.00,2506744.0000
