fill_id,timestamp_ms,arm,venue,instrument,side,fill_price,fill_size,quote_price,spread_bps_at_placement,top5_imbalance,flow_1s,realised_vol_10s,queue_ahead,fill_reason,is_primary_pessimistic_fill,is_queue_depleted_fill,mid_1s,mid_10s,mid_60s,far_touch_exit_10s,exit_time_ms,round_trip_edge_bps,rt_net_hl,rt_net_binance_vip0,rt_net_binance_bnb,rt_net_zero_fee
0,1791441811051,A,hyperliquid,PONS,BUY,0.41783000,23.93060126,0.41783000,2.15,0.2879,0.0000,0.00,488.0000,trade_through,True,False,0.41783000,0.41820500,0.41726000,0.41818000,1791441821543,8.3766,2.3766,-11.6234,-6.6234,8.3766
4,1791441811481,A,hyperliquid,GRIFFAIN,SELL,0.01591800,628.61453357,0.01591800,12.57,0.3101,0.0000,0.00,17369.0000,trade_through,True,False,0.01591000,0.01591600,0.01596050,0.01592500,1791441821543,-4.3975,-10.3975,-24.3975,-19.3975,-4.3975
5,1791441811481,B,hyperliquid,GRIFFAIN,SELL,0.01591800,628.61453357,0.01591800,12.57,0.3101,0.0000,0.00,17369.0000,trade_through,True,False,0.01591000,0.01591600,0.01596050,0.01592500,1791441821543,-4.3975,-10.3975,-24.3975,-19.3975,-4.3975
6,1791441811481,C,hyperliquid,GRIFFAIN,SELL,0.01591800,628.61453357,0.01591800,12.57,0.3101,0.0000,0.00,17369.0000,trade_through,True,False,0.01591000,0.01591600,0.01596050,0.01592500,1791441821543,-4.3975,-10.3975,-24.3975,-19.3975,-4.3975
7,1791441811481,A,hyperliquid,MET,BUY,0.48480000,20.60305131,0.48480000,23.28,0.2710,0.0000,0.00,1068.0000,trade_through,True,False,0.48467000,0.48530000,0.48347000,0.48503000,1791441821543,4.7442,-1.2558,-15.2558,-10.2558,4.7442
8,1791441813166,A,hyperliquid,PONS,SELL,0.41788000,23.93317857,0.41788000,2.39,0.2723,0.0000,0.00,2393.0000,trade_through,True,False,0.41783000,0.41837500,0.41726000,0.41843000,1791441823548,-13.1617,-19.1617,-33.1617,-28.1617,-13.1617
9,1791441813166,B,hyperliquid,PONS,SELL,0.41788000,23.93317857,0.41788000,2.39,0.2723,0.0000,0.00,2393.0000,trade_through,True,False,0.41783000,0.41837500,0.41726000,0.41843000,1791441823548,-13.1617,-19.1617,-33.1617,-28.1617,-13.1617
10,1791441813166,C,hyperliquid,PONS,SELL,0.41788000,23.93317857,0.41788000,2.39,0.2723,0.0000,0.00,2393.0000,trade_through,True,False,0.41783000,0.41837500,0.41726000,0.41843000,1791441823548,-13.1617,-19.1617,-33.1617,-28.1617,-13.1617
11,1791441814390,A,hyperliquid,MINA,BUY,0.08863200,112.81079374,0.08863200,2.71,0.3330,0.0000,0.00,511.0000,trade_through,True,False,0.08864400,0.08856700,0.08850700,0.08855500,1791441824550,-8.6876,-14.6876,-28.6876,-23.6876,-8.6876
12,1791441815924,A,hyperliquid,VVV,SELL,24.99300000,0.40016807,24.99300000,2.80,0.7400,0.0000,0.00,16.0000,trade_through,True,False,24.98950000,25.02050000,25.01950000,25.02500000,1791441826054,-12.8036,-18.8036,-32.8036,-27.8036,-12.8036
13,1791441817759,A,hyperliquid,CASHCAT,SELL,0.12139000,82.40286762,0.12139000,5.77,0.4125,0.0000,2.33,2084.0000,trade_through,True,False,0.12135500,0.12159000,0.12168000,0.12162000,1791441828058,-18.9472,-24.9472,-38.9472,-33.9472,-18.9472
14,1791441817839,A,hyperliquid,kPEPE,BUY,0.00401600,2489.72986431,0.00401600,2.49,0.4724,0.0000,3.52,2418629.0000,trade_through,True,False,0.00401650,0.00401400,0.00401550,0.00401300,1791441828058,-7.4701,-13.4701,-27.4701,-22.4701,-7.4701
18,1791441829267,A,hyperliquid,GRIFFAIN,SELL,0.01592800,628.08152498,0.01592800,8.17,0.2731,0.0000,0.00,3139.0000,trade_through,True,False,0.01592150,0.01591150,0.01602300,0.01593400,1791441839575,-3.7670,-9.7670,-23.7670,-18.7670,-3.7670
19,1791441829267,B,hyperliquid,GRIFFAIN,SELL,0.01592800,628.08152498,0.01592800,8.17,0.2731,0.0000,0.00,3139.0000,trade_through,True,False,0.01592150,0.01591150,0.01602300,0.01593400,1791441839575,-3.7670,-9.7670,-23.7670,-18.7670,-3.7670
20,1791441829267,C,hyperliquid,GRIFFAIN,SELL,0.01592800,628.08152498,0.01592800,8.17,0.2731,0.0000,0.00,3139.0000,trade_through,True,False,0.01592150,0.01591150,0.01602300,0.01593400,1791441839575,-3.7670,-9.7670,-23.7670,-18.7670,-3.7670
21,1791441845384,A,hyperliquid,GRIFFAIN,SELL,0.01592900,628.18016207,0.01592900,12.56,0.3971,0.0000,0.00,17369.0000,trade_through,True,False,0.01591900,0.01593900,0.01599750,0.01594900,1791441855601,-12.5557,-18.5557,-32.5557,-27.5557,-12.5557
22,1791441845384,B,hyperliquid,GRIFFAIN,SELL,0.01592900,628.18016207,0.01592900,12.56,0.3971,0.0000,0.00,17369.0000,trade_through,True,False,0.01591900,0.01593900,0.01599750,0.01594900,1791441855601,-12.5557,-18.5557,-32.5557,-27.5557,-12.5557
23,1791441845384,C,hyperliquid,GRIFFAIN,SELL,0.01592900,628.18016207,0.01592900,12.56,0.3971,0.0000,0.00,17369.0000,trade_through,True,False,0.01591900,0.01593900,0.01599750,0.01594900,1791441855601,-12.5557,-18.5557,-32.5557,-27.5557,-12.5557
25,1791441875204,A,hyperliquid,MINA,SELL,0.08851900,112.98541358,0.08851900,2.71,0.4138,0.0000,0.00,510.0000,trade_through,True,False,0.08859700,0.08857700,0.08852800,0.08859700,1791441885665,-8.8117,-14.8117,-28.8117,-23.8117,-8.8117
26,1791441883536,A,hyperliquid,kPEPE,SELL,0.00401500,2490.97023291,0.00401500,2.49,0.5097,0.0000,0.00,936604.0000,trade_through,True,False,0.00401450,0.00401550,0.00401850,0.00401600,1791441893679,-2.4907,-8.4907,-22.4907,-17.4907,-2.4907
29,1791441921904,A,hyperliquid,CASHCAT,BUY,0.12156000,82.24022369,0.12156000,5.76,0.0939,0.0000,0.00,135.0000,trade_through,True,False,0.12159500,0.12177500,0.12171000,0.12175000,1791441932238,15.6301,9.6301,-4.3699,0.6301,15.6301
30,1791441932525,A,hyperliquid,VVV,BUY,25.01700000,0.39968026,25.01700000,2.40,0.8150,0.0000,0.00,21.9400,trade_through,True,False,25.02000000,25.01750000,25.03700000,25.01300000,1791441942753,-1.5989,-7.5989,-21.5989,-16.5989,-1.5989
31,1791441932525,B,hyperliquid,VVV,BUY,25.01700000,0.39968026,25.01700000,2.40,0.8150,0.0000,0.00,21.9400,trade_through,True,False,25.02000000,25.01750000,25.03700000,25.01300000,1791441942753,-1.5989,-7.5989,-21.5989,-16.5989,-1.5989
32,1791441932525,C,hyperliquid,VVV,BUY,25.01700000,0.39968026,25.01700000,2.40,0.8150,0.0000,0.00,21.9400,trade_through,True,False,25.02000000,25.01750000,25.03700000,25.01300000,1791441942753,-1.5989,-7.5989,-21.5989,-16.5989,-1.5989
33,1791441948459,A,hyperliquid,kPEPE,BUY,0.00401800,2488.49073037,0.00401800,2.49,0.4661,0.0000,0.00,1733603.0000,trade_through,True,False,0.00401850,0.00401500,0.00402050,0.00401400,1791441958783,-9.9552,-15.9552,-29.9552,-24.9552,-9.9552
34,1791441951550,A,hyperliquid,CRV,SELL,0.38672000,25.87322122,0.38672000,11.38,0.8136,0.0000,0.00,1034.3000,trade_through,True,False,0.38683500,0.38670500,0.38834500,0.38675000,1791441961788,-0.7758,-6.7758,-20.7758,-15.7758,-0.7758
35,1791441958638,A,hyperliquid,PENGU,SELL,0.00858300,1165.22955022,0.00858300,2.33,0.4797,0.0000,0.00,323214.0000,trade_through,True,False,0.00858200,0.00859100,0.00859100,0.00859200,1791441968797,-10.4858,-16.4858,-30.4858,-25.4858,-10.4858
36,1791441958638,A,hyperliquid,VVV,SELL,25.01700000,0.39979211,25.01700000,3.20,0.8491,0.0000,0.00,22.4300,trade_through,True,False,25.01300000,25.03850000,25.03200000,25.04000000,1791441968797,-9.1937,-15.1937,-29.1937,-24.1937,-9.1937
38,1791441992839,A,hyperliquid,LIT,BUY,3.56200000,2.80705694,3.56200000,2.53,0.3366,0.0000,0.00,29.0000,trade_through,True,False,3.56245000,3.56150000,3.55615000,3.56120000,1791442002859,-2.2459,-8.2459,-22.2459,-17.2459,-2.2459
39,1791442031484,A,hyperliquid,AVAX,BUY,10.86100000,0.92059839,10.86100000,2.76,0.5373,0.0000,0.00,658.3000,trade_through,True,False,10.86250000,10.84450000,10.83650000,10.84300000,1791442041923,-16.5731,-22.5731,-36.5731,-31.5731,-16.5731
40,1791442079799,A,hyperliquid,kPEPE,SELL,0.00401900,2488.49073037,0.00401900,2.49,0.5354,0.0000,0.00,304968.0000,trade_through,True,False,0.00401850,0.00401950,0.00401950,0.00402000,1791442089999,-2.4882,-8.4882,-22.4882,-17.4882,-2.4882
41,1791442146636,A,hyperliquid,AVAX,BUY,10.83700000,0.92263690,10.83700000,2.77,0.4162,0.0000,0.00,875.0400,trade_through,True,False,10.83350000,10.83500000,10.84400000,10.83400000,1791442157103,-2.7683,-8.7683,-22.7683,-17.7683,-2.7683
44,1791442193879,A,hyperliquid,CASHCAT,BUY,0.12153000,82.27405488,0.12153000,2.47,0.5201,0.0000,0.00,1562.0000,trade_through,True,False,0.12154500,0.12152000,0.12168500,0.12148000,1791442204172,-4.1142,-10.1142,-24.1142,-19.1142,-4.1142
47,1791442201942,A,hyperliquid,LIT,SELL,3.55920000,2.80997541,3.55920000,2.53,0.4496,0.0000,0.00,32.0000,trade_through,True,False,3.55950000,3.56085000,3.55970000,3.56110000,1791442212186,-5.3383,-11.3383,-25.3383,-20.3383,-5.3383
49,1791442210270,A,hyperliquid,MINA,SELL,0.08782800,113.92181546,0.08782800,11.05,0.8757,0.0000,0.00,493.0000,trade_through,True,False,0.08777950,0.08790400,0.08776000,0.08793300,1791442220698,-11.9552,-17.9552,-31.9552,-26.9552,-11.9552
50,1791442213180,A,hyperliquid,CASHCAT,SELL,0.12156000,82.28759515,0.12156000,5.76,0.3957,0.0000,0.00,311.0000,trade_through,True,False,0.12152500,0.12160000,0.12134500,0.12162000,1791442223202,-4.9358,-10.9358,-24.9358,-19.9358,-4.9358
51,1791442213180,B,hyperliquid,CASHCAT,SELL,0.12156000,82.28759515,0.12156000,5.76,0.3957,0.0000,0.00,311.0000,trade_through,True,False,0.12152500,0.12160000,0.12134500,0.12162000,1791442223202,-4.9358,-10.9358,-24.9358,-19.9358,-4.9358
52,1791442213180,C,hyperliquid,CASHCAT,SELL,0.12156000,82.28759515,0.12156000,5.76,0.3957,0.0000,0.00,311.0000,trade_through,True,False,0.12152500,0.12160000,0.12134500,0.12162000,1791442223202,-4.9358,-10.9358,-24.9358,-19.9358,-4.9358
53,1791442226444,A,hyperliquid,CASHCAT,BUY,0.12158000,82.23684211,0.12158000,3.29,0.5314,0.0000,0.00,822.0000,trade_through,True,False,0.12160000,0.12153000,0.12151500,0.12149000,1791442236720,-7.4025,-13.4025,-27.4025,-22.4025,-7.4025
55,1791442240057,A,hyperliquid,VVV,SELL,24.96700000,0.40056881,24.96700000,2.00,0.8838,0.0000,0.00,1.6500,trade_through,True,False,24.96450000,24.96350000,24.96250000,24.96600000,1791442250244,0.4005,-5.5995,-19.5995,-14.5995,0.4005
56,1791442241063,A,hyperliquid,CRV,SELL,0.39158000,25.54147936,0.39158000,3.06,0.4299,0.0000,0.00,1021.5000,trade_through,True,False,0.39152000,0.39137500,0.39265000,0.39138000,1791442251246,5.1075,-0.8925,-14.8925,-9.8925,5.1075
60,1791442241867,A,hyperliquid,VVV,BUY,24.96200000,0.40056881,24.96200000,2.00,0.8838,0.0000,0.00,6.4500,trade_through,True,False,24.96450000,24.96350000,24.96250000,24.96100000,1791442252248,-0.4006,-6.4006,-20.4006,-15.4006,-0.4006
61,1791442241867,B,hyperliquid,VVV,BUY,24.96200000,0.40056881,24.96200000,2.00,0.8838,0.0000,0.00,6.4500,trade_through,True,False,24.96450000,24.96350000,24.96250000,24.96100000,1791442252248,-0.4006,-6.4006,-20.4006,-15.4006,-0.4006
62,1791442241867,C,hyperliquid,VVV,BUY,24.96200000,0.40056881,24.96200000,2.00,0.8838,0.0000,0.00,6.4500,trade_through,True,False,24.96450000,24.96350000,24.96250000,24.96100000,1791442252248,-0.4006,-6.4006,-20.4006,-15.4006,-0.4006
63,1791442249163,A,hyperliquid,CRV,BUY,0.39153000,25.53789185,0.39153000,2.30,0.2510,0.0000,0.00,773.3000,trade_through,True,False,0.39137500,0.39135000,0.39240000,0.39131000,1791442259260,-5.6190,-11.6190,-25.6190,-20.6190,-5.6190
64,1791442257620,A,hyperliquid,CRV,SELL,0.39139000,25.55257442,0.39139000,2.04,0.3528,0.0000,0.00,1022.0000,trade_through,True,False,0.39135000,0.39196000,0.39216500,0.39202000,1791442267773,-16.0965,-22.0965,-36.0965,-31.0965,-16.0965
65,1791442257620,B,hyperliquid,CRV,SELL,0.39139000,25.55257442,0.39139000,2.04,0.3528,0.0000,0.00,1022.0000,trade_through,True,False,0.39135000,0.39196000,0.39216500,0.39202000,1791442267773,-16.0965,-22.0965,-36.0965,-31.0965,-16.0965
66,1791442257620,C,hyperliquid,CRV,SELL,0.39139000,25.55257442,0.39139000,2.04,0.3528,0.0000,0.00,1022.0000,trade_through,True,False,0.39135000,0.39196000,0.39216500,0.39202000,1791442267773,-16.0965,-22.0965,-36.0965,-31.0965,-16.0965
67,1791442263850,A,hyperliquid,CRV,SELL,0.39161000,25.53919628,0.39161000,2.81,0.2548,0.0000,0.00,1371.4000,trade_through,True,False,0.39155500,0.39181000,0.39216000,0.39189000,1791442274287,-7.1500,-13.1500,-27.1500,-22.1500,-7.1500
68,1791442263850,B,hyperliquid,CRV,SELL,0.39161000,25.53919628,0.39161000,2.81,0.2548,0.0000,0.00,1371.4000,trade_through,True,False,0.39155500,0.39181000,0.39216000,0.39189000,1791442274287,-7.1500,-13.1500,-27.1500,-22.1500,-7.1500
69,1791442263850,C,hyperliquid,CRV,SELL,0.39161000,25.53919628,0.39161000,2.81,0.2548,0.0000,0.00,1371.4000,trade_through,True,False,0.39155500,0.39181000,0.39216000,0.39189000,1791442274287,-7.1500,-13.1500,-27.1500,-22.1500,-7.1500
70,1791442273998,A,hyperliquid,kPEPE,SELL,0.00402700,2483.54650441,0.00402700,2.48,0.5100,0.0000,0.00,1222604.0000,trade_through,True,False,0.00402650,0.00402850,0.00403450,0.00402900,1791442284300,-4.9665,-10.9665,-24.9665,-19.9665,-4.9665
71,1791442278232,A,hyperliquid,AVAX,SELL,10.85100000,0.92178642,10.85100000,4.61,0.4191,0.0000,0.00,35.7200,trade_through,True,False,10.84850000,10.85750000,10.86650000,10.85800000,1791442288306,-6.4510,-12.4510,-26.4510,-21.4510,-6.4510
72,1791442280373,A,hyperliquid,kPEPE,SELL,0.00402800,2482.92985723,0.00402800,2.48,0.5348,0.0000,0.00,255623.0000,trade_through,True,False,0.00402850,0.00402950,0.00403350,0.00403000,1791442290812,-4.9652,-10.9652,-24.9652,-19.9652,-4.9652
73,1791442295004,A,hyperliquid,kPEPE,SELL,0.00403000,2481.69748108,0.00403000,2.48,0.6501,0.0000,0.00,12406.0000,trade_through,True,False,0.00402950,0.00403050,0.00403450,0.00403100,1791442305339,-2.4814,-8.4814,-22.4814,-17.4814,-2.4814
75,1791442325695,A,hyperliquid,kPEPE,SELL,0.00403300,2479.85120893,0.00403300,2.48,0.5782,0.0000,0.00,12394.0000,trade_through,True,False,0.00403250,0.00403450,0.00403450,0.00403500,1791442335890,-4.9591,-10.9591,-24.9591,-19.9591,-4.9591
76,1791442340029,A,hyperliquid,AVAX,SELL,10.86800000,0.92025951,10.86800000,2.76,0.6580,0.0000,0.00,26.2800,trade_through,True,False,10.87050000,10.87150000,10.87250000,10.87200000,1791442350412,-3.6805,-9.6805,-23.6805,-18.6805,-3.6805
77,1791442340579,A,hyperliquid,FARTCOIN,SELL,0.16008000,62.48047485,0.16008000,3.75,0.9602,0.0000,0.00,557.8000,trade_through,True,False,0.16009500,0.16007500,0.16004500,0.16009000,1791442350913,-0.6247,-6.6247,-20.6247,-15.6247,-0.6247
78,1791442405801,A,hyperliquid,FARTCOIN,BUY,0.16002000,62.48242682,0.16002000,3.12,0.9604,0.0000,0.00,734.3000,trade_through,True,False,0.16000500,0.16001500,0.16016500,0.16001000,1791442416015,-0.6249,-6.6249,-20.6249,-15.6249,-0.6249
79,1791442405801,B,hyperliquid,FARTCOIN,BUY,0.16002000,62.48242682,0.16002000,3.12,0.9604,0.0000,0.00,734.3000,trade_through,True,False,0.16000500,0.16001500,0.16016500,0.16001000,1791442416015,-0.6249,-6.6249,-20.6249,-15.6249,-0.6249
80,1791442405801,C,hyperliquid,FARTCOIN,BUY,0.16002000,62.48242682,0.16002000,3.12,0.9604,0.0000,0.00,734.3000,trade_through,True,False,0.16000500,0.16001500,0.16016500,0.16001000,1791442416015,-0.6249,-6.6249,-20.6249,-15.6249,-0.6249
84,1791442412398,A,hyperliquid,GRIFFAIN,SELL,0.01602400,624.39511723,0.01602400,10.61,0.2935,0.0000,0.00,1251.0000,trade_through,True,False,0.01601550,0.01601950,0.01603000,0.01603200,1791442422528,-4.9925,-10.9925,-24.9925,-19.9925,-4.9925
85,1791442412398,B,hyperliquid,GRIFFAIN,SELL,0.01602400,624.39511723,0.01602400,10.61,0.2935,0.0000,0.00,1251.0000,trade_through,True,False,0.01601550,0.01601950,0.01603000,0.01603200,1791442422528,-4.9925,-10.9925,-24.9925,-19.9925,-4.9925
86,1791442412398,C,hyperliquid,GRIFFAIN,SELL,0.01602400,624.39511723,0.01602400,10.61,0.2935,0.0000,0.00,1251.0000,trade_through,True,False,0.01601550,0.01601950,0.01603000,0.01603200,1791442422528,-4.9925,-10.9925,-24.9925,-19.9925,-4.9925
87,1791442426230,A,hyperliquid,GRIFFAIN,SELL,0.01603200,624.23920846,0.01603200,15.61,0.2416,0.0000,0.00,42319.0000,trade_through,True,False,0.01602700,0.01601900,0.01603550,0.01603100,1791442436553,0.6238,-5.3762,-19.3762,-14.3762,0.6238
88,1791442426230,B,hyperliquid,GRIFFAIN,SELL,0.01603200,624.23920846,0.01603200,15.61,0.2416,0.0000,0.00,42319.0000,trade_through,True,False,0.01602700,0.01601900,0.01603550,0.01603100,1791442436553,0.6238,-5.3762,-19.3762,-14.3762,0.6238
89,1791442426230,C,hyperliquid,GRIFFAIN,SELL,0.01603200,624.23920846,0.01603200,15.61,0.2416,0.0000,0.00,42319.0000,trade_through,True,False,0.01602700,0.01601900,0.01603550,0.01603100,1791442436553,0.6238,-5.3762,-19.3762,-14.3762,0.6238
91,1791442431425,A,hyperliquid,VVV,SELL,24.98700000,0.40027219,24.98700000,3.20,0.7410,0.0000,0.00,1.8700,trade_through,True,False,24.98300000,24.98900000,25.01650000,24.99000000,1791442441564,-1.2006,-7.2006,-21.2006,-16.2006,-1.2006
92,1791442441387,A,hyperliquid,CASHCAT,SELL,0.12155000,82.29436695,0.12155000,5.76,0.1050,0.0000,0.00,1568.0000,trade_through,True,False,0.12151500,0.12171500,0.12217500,0.12176000,1791442451579,-17.2768,-23.2768,-37.2768,-32.2768,-17.2768
93,1791442441387,B,hyperliquid,CASHCAT,SELL,0.12155000,82.29436695,0.12155000,5.76,0.1050,0.0000,0.00,1568.0000,trade_through,True,False,0.12151500,0.12171500,0.12217500,0.12176000,1791442451579,-17.2768,-23.2768,-37.2768,-32.2768,-17.2768
94,1791442441387,C,hyperliquid,CASHCAT,SELL,0.12155000,82.29436695,0.12155000,5.76,0.1050,0.0000,0.00,1568.0000,trade_through,True,False,0.12151500,0.12171500,0.12217500,0.12176000,1791442451579,-17.2768,-23.2768,-37.2768,-32.2768,-17.2768
98,1791442449946,A,hyperliquid,GRIFFAIN,SELL,0.01603700,623.88869826,0.01603700,10.61,0.3220,0.0000,0.00,1250.0000,trade_through,True,False,0.01602850,0.01603600,0.01603600,0.01604800,1791442460091,-6.8591,-12.8591,-26.8591,-21.8591,-6.8591
99,1791442449946,B,hyperliquid,GRIFFAIN,SELL,0.01603700,623.88869826,0.01603700,10.61,0.3220,0.0000,0.00,1250.0000,trade_through,True,False,0.01602850,0.01603600,0.01603600,0.01604800,1791442460091,-6.8591,-12.8591,-26.8591,-21.8591,-6.8591
100,1791442449946,C,hyperliquid,GRIFFAIN,SELL,0.01603700,623.88869826,0.01603700,10.61,0.3220,0.0000,0.00,1250.0000,trade_through,True,False,0.01602850,0.01603600,0.01603600,0.01604800,1791442460091,-6.8591,-12.8591,-26.8591,-21.8591,-6.8591
102,1791442467806,A,hyperliquid,GRIFFAIN,SELL,0.01604000,623.92762440,0.01604000,15.60,0.3867,0.0000,0.00,2235.0000,trade_through,True,False,0.01602750,0.01602600,0.01604500,0.01604400,1791442478125,-2.4938,-8.4938,-22.4938,-17.4938,-2.4938
103,1791442467806,B,hyperliquid,GRIFFAIN,SELL,0.01604000,623.92762440,0.01604000,15.60,0.3867,0.0000,0.00,2235.0000,trade_through,True,False,0.01602750,0.01602600,0.01604500,0.01604400,1791442478125,-2.4938,-8.4938,-22.4938,-17.4938,-2.4938
104,1791442467806,C,hyperliquid,GRIFFAIN,SELL,0.01604000,623.92762440,0.01604000,15.60,0.3867,0.0000,0.00,2235.0000,trade_through,True,False,0.01602750,0.01602600,0.01604500,0.01604400,1791442478125,-2.4938,-8.4938,-22.4938,-17.4938,-2.4938
105,1791442477351,A,hyperliquid,PENGU,SELL,0.00862600,1159.42028986,0.00862600,2.32,0.6910,0.0000,0.00,32313.0000,trade_through,True,False,0.00862500,0.00862950,0.00862450,0.00863000,1791442487644,-4.6371,-10.6371,-24.6371,-19.6371,-4.6371
109,1791442482959,A,hyperliquid,GRIFFAIN,SELL,0.01604300,623.73304226,0.01604300,13.10,0.3286,0.0000,0.00,23586.0000,trade_through,True,False,0.01603250,0.01603200,0.01604450,0.01604200,1791442493155,0.6233,-5.3767,-19.3767,-14.3767,0.6233
110,1791442482959,B,hyperliquid,GRIFFAIN,SELL,0.01604300,623.73304226,0.01604300,13.10,0.3286,0.0000,0.00,23586.0000,trade_through,True,False,0.01603250,0.01603200,0.01604450,0.01604200,1791442493155,0.6233,-5.3767,-19.3767,-14.3767,0.6233
111,1791442482959,C,hyperliquid,GRIFFAIN,SELL,0.01604300,623.73304226,0.01604300,13.10,0.3286,0.0000,0.00,23586.0000,trade_through,True,False,0.01603250,0.01603200,0.01604450,0.01604200,1791442493155,0.6233,-5.3767,-19.3767,-14.3767,0.6233
112,1791442494102,A,hyperliquid,kPEPE,SELL,0.00404000,2475.55390519,0.00404000,2.48,0.4022,0.0000,0.00,5701005.0000,trade_through,True,False,0.00403950,0.00404600,0.00403650,0.00404700,1791442504176,-17.3267,-23.3267,-37.3267,-32.3267,-17.3267
113,1791442499005,A,hyperliquid,CRV,SELL,0.39204000,25.51183111,0.39204000,3.32,0.3871,0.0000,0.00,2156.0000,trade_through,True,False,0.39197500,0.39226500,0.39095000,0.39233000,1791442509183,-7.3972,-13.3972,-27.3972,-22.3972,-7.3972
114,1791442499005,B,hyperliquid,CRV,SELL,0.39204000,25.51183111,0.39204000,3.32,0.3871,0.0000,0.00,2156.0000,trade_through,True,False,0.39197500,0.39226500,0.39095000,0.39233000,1791442509183,-7.3972,-13.3972,-27.3972,-22.3972,-7.3972
115,1791442499005,C,hyperliquid,CRV,SELL,0.39204000,25.51183111,0.39204000,3.32,0.3871,0.0000,0.00,2156.0000,trade_through,True,False,0.39197500,0.39226500,0.39095000,0.39233000,1791442509183,-7.3972,-13.3972,-27.3972,-22.3972,-7.3972
117,1791442500349,A,hyperliquid,GRIFFAIN,SELL,0.01604500,623.69414039,0.01604500,14.34,0.4078,0.0000,0.00,17369.0000,trade_through,True,False,0.01603350,0.01603600,0.01603150,0.01605200,1791442510688,-4.3627,-10.3627,-24.3627,-19.3627,-4.3627
118,1791442500979,A,hyperliquid,kPEPE,SELL,0.00404200,2474.32883830,0.00404200,2.47,0.6275,0.0000,0.00,127033.0000,trade_through,True,False,0.00404150,0.00404650,0.00403600,0.00404700,1791442511189,-12.3701,-18.3701,-32.3701,-27.3701,-12.3701
119,1791442506058,A,hyperliquid,GRIFFAIN,BUY,0.01602800,623.63579669,0.01602800,8.73,0.4560,0.0000,0.00,26955.0000,trade_through,True,False,0.01603500,0.01603950,0.01603050,0.01602900,1791442516195,0.6239,-5.3761,-19.3761,-14.3761,0.6239
120,1791442534258,A,hyperliquid,GRIFFAIN,SELL,0.01605400,623.24711748,0.01605400,11.22,0.2510,0.0000,0.00,17369.0000,trade_through,True,False,0.01604800,0.01604450,0.01603150,0.01605500,1791442544742,-0.6229,-6.6229,-20.6229,-15.6229,-0.6229
121,1791442534258,B,hyperliquid,GRIFFAIN,SELL,0.01605400,623.24711748,0.01605400,11.22,0.2510,0.0000,0.00,17369.0000,trade_through,True,False,0.01604800,0.01604450,0.01603150,0.01605500,1791442544742,-0.6229,-6.6229,-20.6229,-15.6229,-0.6229
122,1791442534258,C,hyperliquid,GRIFFAIN,SELL,0.01605400,623.24711748,0.01605400,11.22,0.2510,0.0000,0.00,17369.0000,trade_through,True,False,0.01604800,0.01604450,0.01603150,0.01605500,1791442544742,-0.6229,-6.6229,-20.6229,-15.6229,-0.6229
123,1791442556050,A,hyperliquid,GRIFFAIN,BUY,0.01604700,622.85892245,0.01604700,9.97,0.2238,0.0000,0.00,24927.0000,trade_through,True,False,0.01603150,0.01603050,0.01603300,0.01602300,1791442566275,-14.9561,-20.9561,-34.9561,-29.9561,-14.9561
124,1791442582303,A,hyperliquid,MINA,SELL,0.08812600,113.51124329,0.08812600,6.58,0.5800,0.0000,0.00,4539.0000,trade_through,True,False,0.08811600,0.08809850,0.08845450,0.08812100,1791442592314,0.5674,-5.4326,-19.4326,-14.4326,0.5674
125,1791442629101,A,hyperliquid,PENGU,BUY,0.00862400,1159.42028986,0.00862400,2.32,0.2582,0.0000,0.00,21827.0000,trade_through,True,False,0.00862500,0.00862350,0.00863200,0.00862300,1791442639392,-1.1596,-7.1596,-21.1596,-16.1596,-1.1596
126,1791442639467,A,hyperliquid,CRV,SELL,0.39071000,25.59803407,0.39071000,2.82,0.3781,0.0000,0.00,640.2000,trade_through,True,False,0.39065500,0.39127000,0.39143500,0.39132000,1791442649909,-15.6126,-21.6126,-35.6126,-30.6126,-15.6126
127,1791442639467,B,hyperliquid,CRV,SELL,0.39071000,25.59803407,0.39071000,2.82,0.3781,0.0000,0.00,640.2000,trade_through,True,False,0.39065500,0.39127000,0.39143500,0.39132000,1791442649909,-15.6126,-21.6126,-35.6126,-30.6126,-15.6126
128,1791442639467,C,hyperliquid,CRV,SELL,0.39071000,25.59803407,0.39071000,2.82,0.3781,0.0000,0.00,640.2000,trade_through,True,False,0.39065500,0.39127000,0.39143500,0.39132000,1791442649909,-15.6126,-21.6126,-35.6126,-30.6126,-15.6126
129,1791442667400,A,hyperliquid,FARTCOIN,SELL,0.16010000,62.46876562,0.16010000,2.50,0.6536,0.0000,0.00,2498.0000,trade_through,True,False,0.16008000,0.16020500,0.16018000,0.16022000,1791442677450,-7.4953,-13.4953,-27.4953,-22.4953,-7.4953
130,1791442714126,A,hyperliquid,VVV,BUY,24.99400000,0.40004000,24.99400000,2.80,0.1708,0.0000,0.00,1.8500,trade_through,True,False,24.99750000,24.97800000,25.05100000,24.97500000,1791442724519,-7.6018,-13.6018,-27.6018,-22.6018,-7.6018
131,1791442728770,A,hyperliquid,FARTCOIN,BUY,0.16016000,62.42976651,0.16016000,2.50,0.6933,0.0000,0.00,11272.4000,trade_through,True,False,0.16015500,0.16012500,0.16002000,0.16012000,1791442739042,-2.4975,-8.4975,-22.4975,-17.4975,-2.4975
132,1791442728770,B,hyperliquid,FARTCOIN,BUY,0.16016000,62.42976651,0.16016000,2.50,0.6933,0.0000,0.00,11272.4000,trade_through,True,False,0.16015500,0.16012500,0.16002000,0.16012000,1791442739042,-2.4975,-8.4975,-22.4975,-17.4975,-2.4975
133,1791442728770,C,hyperliquid,FARTCOIN,BUY,0.16016000,62.42976651,0.16016000,2.50,0.6933,0.0000,0.00,11272.4000,trade_through,True,False,0.16015500,0.16012500,0.16002000,0.16012000,1791442739042,-2.4975,-8.4975,-22.4975,-17.4975,-2.4975
134,1791442736855,A,hyperliquid,CRV,BUY,0.39155000,25.53560941,0.39155000,3.06,0.4674,0.0000,0.00,1021.6000,trade_through,True,False,0.39161000,0.39164500,0.39134000,0.39159000,1791442747058,1.0216,-4.9784,-18.9784,-13.9784,1.0216
135,1791442736855,A,hyperliquid,VVV,SELL,24.98000000,0.40036032,24.98000000,2.00,0.4800,0.0000,0.00,4.0000,trade_through,True,False,24.97750000,25.08250000,25.05400000,25.08300000,1791442747058,-41.2330,-47.2330,-61.2330,-56.2330,-41.2330
136,1791442738286,A,hyperliquid,kPEPE,SELL,0.00404000,2475.55390519,0.00404000,2.48,0.5360,0.0000,0.00,2150188.0000,trade_through,True,False,0.00403950,0.00404150,0.00403750,0.00404200,1791442748561,-4.9505,-10.9505,-24.9505,-19.9505,-4.9505
137,1791442742443,A,hyperliquid,CRV,SELL,0.39142000,25.55061577,0.39142000,2.04,0.7290,0.0000,0.00,150.0000,trade_through,True,False,0.39138000,0.39167000,0.39158000,0.39172000,1791442752571,-7.6644,-13.6644,-27.6644,-22.6644,-7.6644
139,1791442745927,A,hyperliquid,CRV,SELL,0.39170000,25.53332738,0.39170000,2.81,0.6915,0.0000,0.00,112.5000,trade_through,True,False,0.39164500,0.39166500,0.39157500,0.39171000,1791442756076,-0.2553,-6.2553,-20.2553,-15.2553,-0.2553
140,1791442773480,A,hyperliquid,CRV,SELL,0.39165000,25.53626149,0.39165000,2.55,0.3935,0.0000,0.00,3179.7000,trade_through,True,False,0.39160000,0.39189500,0.39065500,0.39195000,1791442783623,-7.6599,-13.6599,-27.6599,-22.6599,-7.6599
141,1791442773480,B,hyperliquid,CRV,SELL,0.39165000,25.53626149,0.39165000,2.55,0.3935,0.0000,0.00,3179.7000,trade_through,True,False,0.39160000,0.39189500,0.39065500,0.39195000,1791442783623,-7.6599,-13.6599,-27.6599,-22.6599,-7.6599
142,1791442773480,C,hyperliquid,CRV,SELL,0.39165000,25.53626149,0.39165000,2.55,0.3935,0.0000,0.00,3179.7000,trade_through,True,False,0.39160000,0.39189500,0.39065500,0.39195000,1791442783623,-7.6599,-13.6599,-27.6599,-22.6599,-7.6599
143,1791442784333,A,hyperliquid,CRV,BUY,0.39184000,25.51703900,0.39184000,2.81,0.5570,0.0000,0.00,1020.8000,trade_through,True,False,0.39189500,0.39134000,0.39071500,0.39127000,1791442794643,-14.5468,-20.5468,-34.5468,-29.5468,-14.5468
144,1791442787654,A,hyperliquid,PENGU,BUY,0.00862400,1159.42028986,0.00862400,2.32,0.7044,0.0000,0.00,18465.0000,trade_through,True,False,0.00862250,0.00862150,0.00860950,0.00862100,1791442798151,-3.4787,-9.4787,-23.4787,-18.4787,-3.4787
145,1791442787654,B,hyperliquid,PENGU,BUY,0.00862400,1159.42028986,0.00862400,2.32,0.7044,0.0000,0.00,18465.0000,trade_through,True,False,0.00862250,0.00862150,0.00860950,0.00862100,1791442798151,-3.4787,-9.4787,-23.4787,-18.4787,-3.4787
146,1791442787654,C,hyperliquid,PENGU,BUY,0.00862400,1159.42028986,0.00862400,2.32,0.7044,0.0000,0.00,18465.0000,trade_through,True,False,0.00862250,0.00862150,0.00860950,0.00862100,1791442798151,-3.4787,-9.4787,-23.4787,-18.4787,-3.4787
148,1791442819331,A,hyperliquid,PENGU,BUY,0.00861300,1160.90085907,0.00861300,2.32,0.8173,0.0000,0.00,65408.0000,trade_through,True,False,0.00861400,0.00860350,0.00859650,0.00860300,1791442829693,-11.6104,-17.6104,-31.6104,-26.6104,-11.6104
149,1791442819331,B,hyperliquid,PENGU,BUY,0.00861300,1160.90085907,0.00861300,2.32,0.8173,0.0000,0.00,65408.0000,trade_through,True,False,0.00861400,0.00860350,0.00859650,0.00860300,1791442829693,-11.6104,-17.6104,-31.6104,-26.6104,-11.6104
150,1791442819331,C,hyperliquid,PENGU,BUY,0.00861300,1160.90085907,0.00861300,2.32,0.8173,0.0000,0.00,65408.0000,trade_through,True,False,0.00861400,0.00860350,0.00859650,0.00860300,1791442829693,-11.6104,-17.6104,-31.6104,-26.6104,-11.6104
151,1791442904571,A,hyperliquid,CRV,SELL,0.38994000,25.64793085,0.38994000,2.31,0.3258,0.0000,0.00,2168.6000,trade_through,True,False,0.38989500,0.39014000,0.39024000,0.39018000,1791442914826,-6.1548,-12.1548,-26.1548,-21.1548,-6.1548
152,1791442904571,B,hyperliquid,CRV,SELL,0.38994000,25.64793085,0.38994000,2.31,0.3258,0.0000,0.00,2168.6000,trade_through,True,False,0.38989500,0.39014000,0.39024000,0.39018000,1791442914826,-6.1548,-12.1548,-26.1548,-21.1548,-6.1548
153,1791442904571,C,hyperliquid,CRV,SELL,0.38994000,25.64793085,0.38994000,2.31,0.3258,0.0000,0.00,2168.6000,trade_through,True,False,0.38989500,0.39014000,0.39024000,0.39018000,1791442914826,-6.1548,-12.1548,-26.1548,-21.1548,-6.1548
154,1791442907292,A,hyperliquid,CRV,BUY,0.39002000,25.63642423,0.39002000,2.56,0.3942,0.0000,0.00,1025.6000,trade_through,True,False,0.39007000,0.38987500,0.39024000,0.38984000,1791442917330,-4.6151,-10.6151,-24.6151,-19.6151,-4.6151
155,1791442915158,A,hyperliquid,CRV,BUY,0.39010000,25.63182447,0.39010000,2.05,0.2325,0.0000,0.00,1025.4000,trade_through,True,False,0.39014000,0.38958500,0.39013500,0.38953000,1791442925344,-14.6116,-20.6116,-34.6116,-29.6116,-14.6116
156,1791442921014,A,hyperliquid,PONS,BUY,0.41142000,24.30310837,0.41142000,2.43,0.4539,0.0000,0.00,642.0000,trade_through,True,False,0.41147000,0.41149500,0.41134500,0.41147000,1791442931352,1.2153,-4.7847,-18.7847,-13.7847,1.2153
157,1791442942795,A,hyperliquid,PONS,BUY,0.41180000,24.27980042,0.41180000,3.16,0.5164,0.0000,0.00,522.0000,trade_through,True,False,0.41160000,0.41170000,0.41417500,0.41164000,1791442952883,-3.8854,-9.8854,-23.8854,-18.8854,-3.8854
159,1791442951060,A,hyperliquid,PONS,BUY,0.41164000,24.28953121,0.41164000,2.91,0.3792,0.0000,0.00,517.0000,trade_through,True,False,0.41170000,0.41142500,0.41299000,0.41142000,1791442961395,-5.3445,-11.3445,-25.3445,-20.3445,-5.3445
161,1791442951542,A,hyperliquid,VVV,BUY,24.93300000,0.40099447,24.93300000,4.01,0.1999,0.0000,0.00,2.0000,trade_through,True,False,24.93800000,24.93450000,24.92450000,24.93300000,1791442961895,0.0000,-6.0000,-20.0000,-15.0000,0.0000
163,1791442957017,A,hyperliquid,LIT,SELL,3.54100000,2.82438005,3.54100000,2.26,0.6674,0.0000,0.00,256.0000,trade_through,True,False,3.54060000,3.54110000,3.53905000,3.54130000,1791442967407,-0.8472,-6.8472,-20.8472,-15.8472,-0.8472
164,1791442965791,A,hyperliquid,VVV,BUY,24.93100000,0.40105880,24.93100000,2.41,0.9881,0.0000,0.00,59.7300,trade_through,True,False,24.93400000,24.92900000,24.92600000,24.92700000,1791442975922,-1.6044,-7.6044,-21.6044,-16.6044,-1.6044
165,1791442965791,B,hyperliquid,VVV,BUY,24.93100000,0.40105880,24.93100000,2.41,0.9881,0.0000,0.00,59.7300,trade_through,True,False,24.93400000,24.92900000,24.92600000,24.92700000,1791442975922,-1.6044,-7.6044,-21.6044,-16.6044,-1.6044
166,1791442965791,C,hyperliquid,VVV,BUY,24.93100000,0.40105880,24.93100000,2.41,0.9881,0.0000,0.00,59.7300,trade_through,True,False,24.93400000,24.92900000,24.92600000,24.92700000,1791442975922,-1.6044,-7.6044,-21.6044,-16.6044,-1.6044
167,1791442968075,A,hyperliquid,FARTCOIN,BUY,0.15935000,62.74706657,0.15935000,2.51,0.5604,0.0000,0.00,494.7000,trade_through,True,False,0.15937000,0.15928000,0.15911000,0.15926000,1791442978427,-5.6479,-11.6479,-25.6479,-20.6479,-5.6479
168,1791442974445,A,hyperliquid,PONS,SELL,0.41121000,24.32172782,0.41121000,2.68,0.6198,427.0000,0.00,106.0000,trade_through,True,False,0.41141500,0.41134500,0.41107500,0.41135000,1791442984937,-3.4046,-9.4046,-23.4046,-18.4046,-3.4046
169,1791442984715,A,hyperliquid,VVV,BUY,24.92600000,0.40111510,24.92600000,3.61,0.9818,200.0000,0.00,3.0300,trade_through,True,False,24.93000000,24.93200000,24.92350000,24.93000000,1791442994955,1.6048,-4.3952,-18.3952,-13.3952,1.6048
170,1791442984715,B,hyperliquid,VVV,BUY,24.92600000,0.40111510,24.92600000,3.61,0.9818,200.0000,0.00,3.0300,trade_through,True,False,24.93000000,24.93200000,24.92350000,24.93000000,1791442994955,1.6048,-4.3952,-18.3952,-13.3952,1.6048
171,1791442998034,A,hyperliquid,VVV,BUY,24.92500000,0.40115533,24.92500000,2.41,0.9904,0.0000,0.00,3.0800,trade_through,True,False,24.92800000,24.92450000,24.92450000,24.92400000,1791443008479,-0.4012,-6.4012,-20.4012,-15.4012,-0.4012
172,1791442998034,B,hyperliquid,VVV,BUY,24.92500000,0.40115533,24.92500000,2.41,0.9904,0.0000,0.00,3.0800,trade_through,True,False,24.92800000,24.92450000,24.92450000,24.92400000,1791443008479,-0.4012,-6.4012,-20.4012,-15.4012,-0.4012
173,1791442998034,C,hyperliquid,VVV,BUY,24.92500000,0.40115533,24.92500000,2.41,0.9904,0.0000,0.00,3.0800,trade_through,True,False,24.92800000,24.92450000,24.92450000,24.92400000,1791443008479,-0.4012,-6.4012,-20.4012,-15.4012,-0.4012
174,1791443010716,A,hyperliquid,PENGU,SELL,0.00858000,1165.63702063,0.00858000,2.33,0.2577,0.0000,0.00,289199.0000,trade_through,True,False,0.00857900,0.00857500,0.00857850,0.00857600,1791443021002,4.6620,-1.3380,-15.3380,-10.3380,4.6620
175,1791443010716,B,hyperliquid,PENGU,SELL,0.00858000,1165.63702063,0.00858000,2.33,0.2577,0.0000,0.00,289199.0000,trade_through,True,False,0.00857900,0.00857500,0.00857850,0.00857600,1791443021002,4.6620,-1.3380,-15.3380,-10.3380,4.6620
176,1791443010716,C,hyperliquid,PENGU,SELL,0.00858000,1165.63702063,0.00858000,2.33,0.2577,0.0000,0.00,289199.0000,trade_through,True,False,0.00857900,0.00857500,0.00857850,0.00857600,1791443021002,4.6620,-1.3380,-15.3380,-10.3380,4.6620
178,1791443023213,A,hyperliquid,PENGU,SELL,0.00857600,1166.18075802,0.00857600,2.33,0.4655,0.0000,0.00,18000.0000,trade_through,True,False,0.00857750,0.00857850,0.00858400,0.00857900,1791443033529,-3.4981,-9.4981,-23.4981,-18.4981,-3.4981
179,1791443031894,A,hyperliquid,CRV,BUY,0.38977000,25.65253639,0.38977000,2.82,0.9323,0.0000,0.00,1026.2000,trade_through,True,False,0.38982500,0.38918500,0.38910500,0.38910000,1791443042042,-17.1896,-23.1896,-37.1896,-32.1896,-17.1896
180,1791443031894,B,hyperliquid,CRV,BUY,0.38977000,25.65253639,0.38977000,2.82,0.9323,0.0000,0.00,1026.2000,trade_through,True,False,0.38982500,0.38918500,0.38910500,0.38910000,1791443042042,-17.1896,-23.1896,-37.1896,-32.1896,-17.1896
181,1791443031894,C,hyperliquid,CRV,BUY,0.38977000,25.65253639,0.38977000,2.82,0.9323,0.0000,0.00,1026.2000,trade_through,True,False,0.38982500,0.38918500,0.38910500,0.38910000,1791443042042,-17.1896,-23.1896,-37.1896,-32.1896,-17.1896
182,1791443050951,A,hyperliquid,PENGU,SELL,0.00857700,1166.04477612,0.00857700,2.33,0.4971,0.0000,0.00,58634.0000,trade_through,True,False,0.00857600,0.00857800,0.00858550,0.00857900,1791443061077,-2.3318,-8.3318,-22.3318,-17.3318,-2.3318
183,1791443070338,A,hyperliquid,CASHCAT,SELL,0.12197000,82.00082001,0.12197000,3.28,0.4526,0.0000,0.00,8015.0000,trade_through,True,False,0.12205000,0.12206000,0.12267500,0.12211000,1791443080610,-11.4782,-17.4782,-31.4782,-26.4782,-11.4782
185,1791443083439,A,hyperliquid,CASHCAT,SELL,0.12217000,81.87996397,0.12217000,6.55,0.6188,0.0000,0.00,2060.0000,trade_through,True,False,0.12213000,0.12214000,0.12289500,0.12220000,1791443093634,-2.4556,-8.4556,-22.4556,-17.4556,-2.4556
186,1791443097790,A,hyperliquid,CASHCAT,SELL,0.12220000,81.87326019,0.12220000,9.82,0.6079,0.0000,0.00,2060.0000,trade_through,True,False,0.12224500,0.12220500,0.12273000,0.12227000,1791443108157,-5.7283,-11.7283,-25.7283,-20.7283,-5.7283
187,1791443101704,A,hyperliquid,kPEPE,SELL,0.00402400,2485.70718369,0.00402400,4.97,0.5157,0.0000,0.00,2404751.0000,trade_through,True,False,0.00402300,0.00402550,0.00403150,0.00402600,1791443112165,-4.9702,-10.9702,-24.9702,-19.9702,-4.9702
188,1791443105002,A,hyperliquid,kPEPE,SELL,0.00402600,2484.16345796,0.00402600,2.48,0.4953,0.0000,0.00,2080955.0000,trade_through,True,False,0.00402550,0.00402450,0.00402950,0.00402500,1791443115169,2.4839,-3.5161,-17.5161,-12.5161,2.4839
189,1791443117933,A,hyperliquid,CASHCAT,SELL,0.12226000,81.81966945,0.12226000,6.55,0.6994,0.0000,0.00,2060.0000,trade_through,True,False,0.12222000,0.12248500,0.12231500,0.12252000,1791443128187,-21.2662,-27.2662,-41.2662,-36.2662,-21.2662
190,1791443118243,A,hyperliquid,kPEPE,SELL,0.00402500,2484.78071810,0.00402500,2.48,0.5650,0.0000,0.00,1387230.0000,trade_through,True,False,0.00402450,0.00402800,0.00402450,0.00402900,1791443128688,-9.9379,-15.9379,-29.9379,-24.9379,-9.9379
192,1791443123923,A,hyperliquid,kPEPE,SELL,0.00402700,2483.54650441,0.00402700,2.48,0.6021,0.0000,0.00,12706.0000,trade_through,True,False,0.00402800,0.00402750,0.00402350,0.00402800,1791443134197,-2.4832,-8.4832,-22.4832,-17.4832,-2.4832
193,1791443126294,A,hyperliquid,LIT,BUY,3.54710000,2.81876735,3.54710000,3.10,0.1361,0.0000,0.00,4.0000,trade_through,True,False,3.54765000,3.54765000,3.53655000,3.54710000,1791443136701,0.0000,-6.0000,-20.0000,-15.0000,0.0000
196,1791443137013,A,hyperliquid,LIT,SELL,3.54820000,2.81876735,3.54820000,3.10,0.9458,0.0000,0.00,28.0000,trade_through,True,False,3.54765000,3.54855000,3.53465000,3.54880000,1791443147218,-1.6910,-7.6910,-21.6910,-16.6910,-1.6910
197,1791443138393,A,hyperliquid,kPEPE,SELL,0.00403000,2481.69748108,0.00403000,2.48,0.6841,0.0000,0.00,12406.0000,trade_through,True,False,0.00402950,0.00403150,0.00402500,0.00403200,1791443148720,-4.9628,-10.9628,-24.9628,-19.9628,-4.9628
199,1791443329778,A,hyperliquid,VVV,BUY,24.88300000,0.40181621,24.88300000,3.21,0.3043,0.0000,0.00,8.3200,trade_through,True,False,24.88700000,24.86700000,24.92300000,24.86400000,1791443340009,-7.6357,-13.6357,-27.6357,-22.6357,-7.6357
200,1791443369880,A,hyperliquid,MINA,SELL,0.08897600,112.42081359,0.08897600,5.51,0.5118,0.0000,0.00,4496.0000,trade_through,True,False,0.08895150,0.08916100,0.08942100,0.08917500,1791443380066,-22.3656,-28.3656,-42.3656,-37.3656,-22.3656
201,1791443374607,A,hyperliquid,kPEPE,SELL,0.00403100,2481.08175164,0.00403100,2.48,0.5458,0.0000,0.00,263012.0000,trade_through,True,False,0.00403050,0.00403100,0.00403350,0.00403200,1791443385073,-2.4808,-8.4808,-22.4808,-17.4808,-2.4808
202,1791443396365,A,hyperliquid,kPEPE,BUY,0.00403200,2479.85120893,0.00403200,2.48,0.4799,0.0000,0.00,2196978.0000,trade_through,True,False,0.00403250,0.00403350,0.00403750,0.00403300,1791443406601,2.4802,-3.5198,-17.5198,-12.5198,2.4802
203,1791443404395,A,hyperliquid,AVAX,SELL,10.84400000,0.92242413,10.84400000,5.53,0.4567,0.0000,0.00,980.5000,trade_through,True,False,10.84900000,10.85100000,10.87350000,10.85200000,1791443414615,-7.3774,-13.3774,-27.3774,-22.3774,-7.3774
204,1791443414359,A,hyperliquid,FARTCOIN,SELL,0.15974000,62.61152678,0.15974000,3.13,0.8716,0.0000,0.00,551.5000,trade_through,True,False,0.15981500,0.15987500,0.15982500,0.15989000,1791443424632,-9.3903,-15.3903,-29.3903,-24.3903,-9.3903
206,1791443417124,A,hyperliquid,AVAX,SELL,10.85800000,0.92114959,10.85800000,3.68,0.5747,1.0200,0.00,4.6000,trade_through,True,False,10.85600000,10.85850000,10.86250000,10.86100000,1791443427136,-2.7629,-8.7629,-22.7629,-17.7629,-2.7629
208,1791443446031,A,hyperliquid,CRV,SELL,0.38955000,25.67394095,0.38955000,2.57,0.3826,0.0000,0.00,1026.8000,trade_through,True,False,0.38970500,0.38997000,0.38954500,0.38999000,1791443456181,-11.2951,-17.2951,-31.2951,-26.2951,-11.2951
209,1791443446031,B,hyperliquid,CRV,SELL,0.38955000,25.67394095,0.38955000,2.57,0.3826,0.0000,0.00,1026.8000,trade_through,True,False,0.38970500,0.38997000,0.38954500,0.38999000,1791443456181,-11.2951,-17.2951,-31.2951,-26.2951,-11.2951
210,1791443446031,C,hyperliquid,CRV,SELL,0.38955000,25.67394095,0.38955000,2.57,0.3826,0.0000,0.00,1026.8000,trade_through,True,False,0.38970500,0.38997000,0.38954500,0.38999000,1791443456181,-11.2951,-17.2951,-31.2951,-26.2951,-11.2951
211,1791443447989,A,hyperliquid,CRV,SELL,0.38975000,25.66043546,0.38975000,2.31,0.4661,0.0000,0.00,139.0000,trade_through,True,False,0.38970500,0.38999500,0.38954500,0.39000000,1791443458186,-6.4144,-12.4144,-26.4144,-21.4144,-6.4144
212,1791443455703,A,hyperliquid,kPEPE,SELL,0.00403800,2476.78018576,0.00403800,2.48,0.5675,0.0000,0.00,353621.0000,trade_through,True,False,0.00403750,0.00404050,0.00403750,0.00404100,1791443466196,-7.4294,-13.4294,-27.4294,-22.4294,-7.4294
213,1791443471961,A,hyperliquid,kPEPE,BUY,0.00403900,2475.55390519,0.00403900,2.48,0.5509,0.0000,0.00,1407895.0000,trade_through,True,False,0.00403950,0.00403650,0.00404100,0.00403600,1791443482227,-7.4276,-13.4276,-27.4276,-22.4276,-7.4276
214,1791443509592,A,hyperliquid,MINA,SELL,0.08946300,111.80304775,0.08946300,4.47,0.3917,0.0000,0.00,4471.0000,trade_through,True,False,0.08944300,0.08952900,0.08943500,0.08955800,1791443519783,-10.6189,-16.6189,-30.6189,-25.6189,-10.6189
215,1791443509592,B,hyperliquid,MINA,SELL,0.08946300,111.80304775,0.08946300,4.47,0.3917,0.0000,0.00,4471.0000,trade_through,True,False,0.08944300,0.08952900,0.08943500,0.08955800,1791443519783,-10.6189,-16.6189,-30.6189,-25.6189,-10.6189
216,1791443509592,C,hyperliquid,MINA,SELL,0.08946300,111.80304775,0.08946300,4.47,0.3917,0.0000,0.00,4471.0000,trade_through,True,False,0.08944300,0.08952900,0.08943500,0.08955800,1791443519783,-10.6189,-16.6189,-30.6189,-25.6189,-10.6189
217,1791443514375,A,hyperliquid,kPEPE,SELL,0.00403800,2476.78018576,0.00403800,2.48,0.6050,0.0000,0.00,259166.0000,trade_through,True,False,0.00403750,0.00404050,0.00404150,0.00404100,1791443524789,-7.4294,-13.4294,-27.4294,-22.4294,-7.4294
219,1791443526764,A,hyperliquid,CRV,SELL,0.38988000,25.65352351,0.38988000,3.59,0.5947,0.0000,0.00,501.0000,trade_through,True,False,0.39007500,0.39008000,0.38935500,0.39014000,1791443536809,-6.6687,-12.6687,-26.6687,-21.6687,-6.6687
220,1791443545275,A,hyperliquid,FARTCOIN,SELL,0.15998000,62.51562891,0.15998000,2.50,0.6325,0.0000,0.00,650.5000,trade_through,True,False,0.15996000,0.16003000,0.15991500,0.16006000,1791443555336,-5.0006,-11.0006,-25.0006,-20.0006,-5.0006
221,1791443545880,A,hyperliquid,kPEPE,SELL,0.00404000,2475.55390519,0.00404000,2.48,0.5237,0.0000,0.00,1107789.0000,trade_through,True,False,0.00403950,0.00404150,0.00404050,0.00404200,1791443556339,-4.9505,-10.9505,-24.9505,-19.9505,-4.9505
223,1791443557675,A,hyperliquid,CASHCAT,SELL,0.12324000,81.15236356,0.12324000,2.43,0.6047,0.0000,0.00,92.0000,trade_through,True,False,0.12322500,0.12331000,0.12340000,0.12337000,1791443567856,-10.5485,-16.5485,-30.5485,-25.5485,-10.5485
224,1791443565045,A,hyperliquid,VVV,SELL,24.95600000,0.40076145,24.95600000,2.81,0.4128,0.0000,0.00,3.1700,trade_through,True,False,24.95000000,24.95500000,24.97050000,24.95700000,1791443575372,-0.4007,-6.4007,-20.4007,-15.4007,-0.4007
225,1791443569490,A,hyperliquid,MINA,BUY,0.08940300,111.81304858,0.08940300,7.16,0.4538,0.0000,0.00,4474.0000,trade_through,True,False,0.08941350,0.08939800,0.08973250,0.08936800,1791443579879,-3.9149,-9.9149,-23.9149,-18.9149,-3.9149
226,1791443576882,A,hyperliquid,MINA,BUY,0.08936800,111.85932571,0.08936800,6.71,0.4225,0.0000,0.00,539.0000,trade_through,True,False,0.08939800,0.08935550,0.08978300,0.08933100,1791443586888,-4.1402,-10.1402,-24.1402,-19.1402,-4.1402
227,1791443604210,A,hyperliquid,LIT,SELL,3.55030000,2.81706012,3.55030000,2.82,0.4406,140.0000,0.00,124.0000,trade_through,True,False,3.54980000,3.55175000,3.55370000,3.55220000,1791443614436,-5.3517,-11.3517,-25.3517,-20.3517,-5.3517
228,1791443605599,A,hyperliquid,PENGU,SELL,0.00862800,1159.15150110,0.00862800,2.32,0.5869,0.0000,0.00,336625.0000,trade_through,True,False,0.00862700,0.00863650,0.00864150,0.00863700,1791443615938,-10.4312,-16.4312,-30.4312,-25.4312,-10.4312
229,1791443605801,A,hyperliquid,kPEPE,SELL,0.00404100,2474.94122015,0.00404100,2.47,0.5885,0.0000,0.00,242835.0000,trade_through,True,False,0.00404050,0.00404450,0.00404650,0.00404500,1791443615938,-9.8985,-15.8985,-29.8985,-24.8985,-9.8985
230,1791443605939,A,hyperliquid,CASHCAT,SELL,0.12326000,81.14577839,0.12326000,4.06,0.5973,0.0000,0.00,171.0000,trade_through,True,False,0.12323500,0.12340000,0.12369500,0.12344000,1791443616440,-14.6033,-20.6033,-34.6033,-29.6033,-14.6033
231,1791443617717,A,hyperliquid,VVV,SELL,24.97000000,0.40052870,24.97000000,2.40,0.4448,0.0000,0.00,22.1600,trade_through,True,False,24.97500000,24.97050000,24.98500000,24.97300000,1791443627960,-1.2014,-7.2014,-21.2014,-16.2014,-1.2014
232,1791443625004,A,hyperliquid,VVV,SELL,24.97300000,0.40047256,24.97300000,2.00,0.4542,0.0000,0.00,20.0200,trade_through,True,False,24.97050000,24.97100000,24.97600000,24.97200000,1791443635470,0.4004,-5.5996,-19.5996,-14.5996,0.4004
233,1791443645035,A,hyperliquid,kPEPE,SELL,0.00404500,2472.49350970,0.00404500,2.47,0.5644,0.0000,0.00,867957.0000,trade_through,True,False,0.00404650,0.00404650,0.00404250,0.00404700,1791443655498,-4.9444,-10.9444,-24.9444,-19.9444,-4.9444
234,1791443655020,A,hyperliquid,VVV,SELL,24.99300000,0.40016807,24.99300000,2.80,0.6598,0.0000,0.00,2.2300,trade_through,True,False,24.98950000,24.99950000,24.97350000,25.00000000,1791443665516,-2.8008,-8.8008,-22.8008,-17.8008,-2.8008
235,1791443668859,A,hyperliquid,FARTCOIN,SELL,0.16020000,62.42976651,0.16020000,2.50,0.9127,0.0000,0.00,657.5000,trade_through,True,False,0.16018000,0.16022000,0.15995000,0.16025000,1791443679040,-3.1211,-9.1211,-23.1211,-18.1211,-3.1211
236,1791443668920,A,hyperliquid,CRV,SELL,0.39026000,25.62788314,0.39026000,3.08,0.7851,0.0000,0.00,1025.0000,trade_through,True,False,0.39020000,0.39047500,0.39051500,0.39049000,1791443679040,-5.8935,-11.8935,-25.8935,-20.8935,-5.8935
237,1791443675310,A,hyperliquid,VVV,BUY,24.99300000,0.40007201,24.99300000,2.00,0.5848,0.0000,0.00,16.0000,trade_through,True,False,24.99550000,24.97600000,24.96150000,24.97300000,1791443685554,-8.0022,-14.0022,-28.0022,-23.0022,-8.0022
238,1791443685031,A,hyperliquid,VVV,SELL,24.97900000,0.40038437,24.97900000,2.40,0.8460,0.0000,0.00,4.3700,trade_through,True,False,24.97600000,24.98050000,24.94500000,24.98700000,1791443695068,-3.2027,-9.2027,-23.2027,-18.2027,-3.2027
239,1791443699619,A,hyperliquid,GRIFFAIN,SELL,0.01598900,625.76264823,0.01598900,10.64,0.4560,0.0000,0.00,3257.0000,trade_through,True,False,0.01598050,0.01597650,0.01599300,0.01598500,1791443710089,2.5017,-3.4983,-17.4983,-12.4983,2.5017
240,1791443702781,A,hyperliquid,kPEPE,SELL,0.00404400,2473.10498331,0.00404400,2.47,0.5578,0.0000,0.00,2123157.0000,trade_through,True,False,0.00404350,0.00404200,0.00403650,0.00404300,1791443713094,2.4728,-3.5272,-17.5272,-12.5272,2.4728
241,1791443703048,A,hyperliquid,VVV,BUY,24.97900000,0.40026417,24.97900000,3.60,0.0600,0.0000,0.00,2.8400,trade_through,True,False,24.98350000,24.97100000,24.93450000,24.96500000,1791443713094,-5.6047,-11.6047,-25.6047,-20.6047,-5.6047
242,1791443705588,A,hyperliquid,GRIFFAIN,BUY,0.01596900,625.80180857,0.01596900,13.14,0.6038,0.0000,0.00,3257.0000,trade_through,True,False,0.01597950,0.01597700,0.01599750,0.01596800,1791443715600,-0.6262,-6.6262,-20.6262,-15.6262,-0.6262
243,1791443705588,B,hyperliquid,GRIFFAIN,BUY,0.01596900,625.80180857,0.01596900,13.14,0.6038,0.0000,0.00,3257.0000,trade_through,True,False,0.01597950,0.01597700,0.01599750,0.01596800,1791443715600,-0.6262,-6.6262,-20.6262,-15.6262,-0.6262
244,1791443705588,C,hyperliquid,GRIFFAIN,BUY,0.01596900,625.80180857,0.01596900,13.14,0.6038,0.0000,0.00,3257.0000,trade_through,True,False,0.01597950,0.01597700,0.01599750,0.01596800,1791443715600,-0.6262,-6.6262,-20.6262,-15.6262,-0.6262
245,1791443706731,A,hyperliquid,VVV,BUY,24.98700000,0.40016807,24.98700000,2.00,0.0630,0.0000,0.00,0.4500,trade_through,True,False,24.98950000,24.97350000,24.92400000,24.97300000,1791443717103,-5.6029,-11.6029,-25.6029,-20.6029,-5.6029
246,1791443707011,A,hyperliquid,LIT,BUY,3.54950000,2.81698076,3.54950000,2.25,0.0829,0.0000,0.00,23.0000,trade_through,True,False,3.54990000,3.54785000,3.54135000,3.54720000,1791443717103,-6.4798,-12.4798,-26.4798,-21.4798,-6.4798
247,1791443711178,A,hyperliquid,PENGU,BUY,0.00863200,1158.34588208,0.00863200,2.32,0.7915,0.0000,0.00,308969.0000,trade_through,True,False,0.00863300,0.00863250,0.00862200,0.00863200,1791443721610,0.0000,-6.0000,-20.0000,-15.0000,0.0000
248,1791443711178,B,hyperliquid,PENGU,BUY,0.00863200,1158.34588208,0.00863200,2.32,0.7915,0.0000,0.00,308969.0000,trade_through,True,False,0.00863300,0.00863250,0.00862200,0.00863200,1791443721610,0.0000,-6.0000,-20.0000,-15.0000,0.0000
249,1791443711178,C,hyperliquid,PENGU,BUY,0.00863200,1158.34588208,0.00863200,2.32,0.7915,0.0000,0.00,308969.0000,trade_through,True,False,0.00863300,0.00863250,0.00862200,0.00863200,1791443721610,0.0000,-6.0000,-20.0000,-15.0000,0.0000
250,1791443716221,A,hyperliquid,GRIFFAIN,SELL,0.01598600,625.89973086,0.01598600,11.27,0.4089,0.0000,0.00,3257.0000,trade_through,True,False,0.01597700,0.01598200,0.01598850,0.01598900,1791443726620,-1.8766,-7.8766,-21.8766,-16.8766,-1.8766
251,1791443723906,A,hyperliquid,kPEPE,BUY,0.00404200,2473.71675943,0.00404200,2.47,0.5275,0.0000,0.00,868541.0000,trade_through,True,False,0.00404250,0.00404050,0.00403650,0.00404000,1791443734136,-4.9480,-10.9480,-24.9480,-19.9480,-4.9480
252,1791443723961,A,hyperliquid,VVV,BUY,24.97400000,0.40036834,24.97400000,2.40,0.4938,0.0000,0.00,58.1100,trade_through,True,False,24.97700000,24.96150000,24.93000000,24.95900000,1791443734136,-6.0062,-12.0062,-26.0062,-21.0062,-6.0062
253,1791443724406,A,hyperliquid,CRV,BUY,0.39071000,25.59115570,0.39071000,2.56,0.8017,0.0000,0.00,6097.3000,trade_through,True,False,0.39051500,0.39048500,0.38978000,0.39045000,1791443734637,-6.6546,-12.6546,-26.6546,-21.6546,-6.6546
254,1791443724406,B,hyperliquid,CRV,BUY,0.39071000,25.59115570,0.39071000,2.56,0.8017,0.0000,0.00,6097.3000,trade_through,True,False,0.39051500,0.39048500,0.38978000,0.39045000,1791443734637,-6.6546,-12.6546,-26.6546,-21.6546,-6.6546
255,1791443724406,C,hyperliquid,CRV,BUY,0.39071000,25.59115570,0.39071000,2.56,0.8017,0.0000,0.00,6097.3000,trade_through,True,False,0.39051500,0.39048500,0.38978000,0.39045000,1791443734637,-6.6546,-12.6546,-26.6546,-21.6546,-6.6546
256,1791443738005,A,hyperliquid,CRV,BUY,0.39035000,25.61475410,0.39035000,2.56,0.5425,0.0000,0.00,6191.8000,trade_through,True,False,0.39040000,0.38993000,0.39043500,0.38987000,1791443748161,-12.2967,-18.2967,-32.2967,-27.2967,-12.2967
257,1791443739156,A,hyperliquid,VVV,BUY,24.96700000,0.40044850,24.96700000,4.00,0.4101,0.0000,0.00,16.0200,trade_through,True,False,24.97200000,24.93900000,24.95300000,24.93500000,1791443749164,-12.8169,-18.8169,-32.8169,-27.8169,-12.8169
258,1791443743616,A,hyperliquid,VVV,BUY,24.94200000,0.40088194,24.94200000,2.41,0.8350,0.0000,0.00,58.1100,trade_through,True,False,24.94500000,24.94750000,24.96450000,24.94500000,1791443753670,1.2028,-4.7972,-18.7972,-13.7972,1.2028
259,1791443743616,B,hyperliquid,VVV,BUY,24.94200000,0.40088194,24.94200000,2.41,0.8350,0.0000,0.00,58.1100,trade_through,True,False,24.94500000,24.94750000,24.96450000,24.94500000,1791443753670,1.2028,-4.7972,-18.7972,-13.7972,1.2028
260,1791443743616,C,hyperliquid,VVV,BUY,24.94200000,0.40088194,24.94200000,2.41,0.8350,0.0000,0.00,58.1100,trade_through,True,False,24.94500000,24.94750000,24.96450000,24.94500000,1791443753670,1.2028,-4.7972,-18.7972,-13.7972,1.2028
261,1791443790698,A,hyperliquid,kPEPE,SELL,0.00404000,2475.55390519,0.00404000,2.48,0.5041,0.0000,0.00,123762.0000,trade_through,True,False,0.00403950,0.00404250,0.00404750,0.00404300,1791443800758,-7.4257,-13.4257,-27.4257,-22.4257,-7.4257
262,1791443828237,A,hyperliquid,VVV,SELL,24.98000000,0.40040842,24.98000000,4.40,0.2297,0.0000,0.00,17.0800,trade_through,True,False,24.98250000,24.97400000,25.01850000,24.97600000,1791443838312,1.6013,-4.3987,-18.3987,-13.3987,1.6013
263,1791443828237,B,hyperliquid,VVV,SELL,24.98000000,0.40040842,24.98000000,4.40,0.2297,0.0000,0.00,17.0800,trade_through,True,False,24.98250000,24.97400000,25.01850000,24.97600000,1791443838312,1.6013,-4.3987,-18.3987,-13.3987,1.6013
264,1791443828237,C,hyperliquid,VVV,SELL,24.98000000,0.40040842,24.98000000,4.40,0.2297,0.0000,0.00,17.0800,trade_through,True,False,24.98250000,24.97400000,25.01850000,24.97600000,1791443838312,1.6013,-4.3987,-18.3987,-13.3987,1.6013
265,1791443848365,A,hyperliquid,VVV,SELL,24.98300000,0.40033628,24.98300000,3.20,0.4591,0.0000,0.00,22.1900,trade_through,True,False,25.00500000,25.01300000,25.02950000,25.01500000,1791443858844,-12.8087,-18.8087,-32.8087,-27.8087,-12.8087
266,1791443900436,A,hyperliquid,kPEPE,SELL,0.00405000,2469.44067169,0.00405000,2.47,0.5934,0.0000,0.00,1947687.0000,trade_through,True,False,0.00404950,0.00405050,0.00405050,0.00405100,1791443910925,-2.4691,-8.4691,-22.4691,-17.4691,-2.4691
267,1791443926355,A,hyperliquid,VVV,SELL,25.01200000,0.39992002,25.01200000,5.60,0.7851,0.0000,0.00,22.5200,trade_through,True,False,25.00500000,24.98200000,24.99450000,24.98900000,1791443936463,9.1956,3.1956,-10.8044,-5.8044,9.1956
268,1791443932555,A,hyperliquid,kPEPE,BUY,0.00405000,2468.83100852,0.00405000,2.47,0.5207,0.0000,0.00,1292629.0000,trade_through,True,False,0.00405050,0.00404750,0.00405250,0.00404700,1791443942972,-7.4074,-13.4074,-27.4074,-22.4074,-7.4074
269,1791443938357,A,hyperliquid,VVV,BUY,24.97500000,0.40028821,24.97500000,5.60,0.4552,0.0000,0.00,61.9300,trade_through,True,False,24.98200000,24.97900000,25.00150000,24.97500000,1791443948479,0.0000,-6.0000,-20.0000,-15.0000,0.0000
270,1791443945058,A,hyperliquid,kPEPE,SELL,0.00404800,2470.66090179,0.00404800,2.47,0.5831,0.0000,0.00,1308526.0000,trade_through,True,False,0.00404850,0.00405150,0.00405350,0.00405200,1791443955489,-9.8814,-15.8814,-29.8814,-24.8814,-9.8814
272,1791444002481,A,hyperliquid,kPEPE,SELL,0.00405400,2467.00382386,0.00405400,2.47,0.6794,0.0000,0.00,40947.0000,trade_through,True,False,0.00405350,0.00405650,0.00405650,0.00405700,1791444012585,-7.4001,-13.4001,-27.4001,-22.4001,-7.4001
273,1791444015149,A,hyperliquid,kPEPE,BUY,0.00405600,2465.17934180,0.00405600,2.47,0.4246,0.0000,0.00,1352189.0000,trade_through,True,False,0.00405650,0.00405450,0.00405650,0.00405400,1791444025606,-4.9310,-10.9310,-24.9310,-19.9310,-4.9310
277,1791444048172,A,hyperliquid,PONS,BUY,0.41433000,24.12661648,0.41433000,7.24,0.6304,1337.0000,0.00,1051.0000,trade_through,True,False,0.41381500,0.41441000,0.41383500,0.41437000,1791444058652,0.9654,-5.0346,-19.0346,-14.0346,0.9654
278,1791444048172,B,hyperliquid,PONS,BUY,0.41433000,24.12661648,0.41433000,7.24,0.6304,1337.0000,0.00,1051.0000,trade_through,True,False,0.41381500,0.41441000,0.41383500,0.41437000,1791444058652,0.9654,-5.0346,-19.0346,-14.0346,0.9654
279,1791444086172,A,hyperliquid,LIT,SELL,3.55280000,2.81507756,3.55280000,2.82,0.1945,0.0000,0.00,392.0000,trade_through,True,False,3.55500000,3.55460000,3.55365000,3.55490000,1791444096210,-5.9108,-11.9108,-25.9108,-20.9108,-5.9108
280,1791444086172,B,hyperliquid,LIT,SELL,3.55280000,2.81507756,3.55280000,2.82,0.1945,0.0000,0.00,392.0000,trade_through,True,False,3.55500000,3.55460000,3.55365000,3.55490000,1791444096210,-5.9108,-11.9108,-25.9108,-20.9108,-5.9108
281,1791444086172,C,hyperliquid,LIT,SELL,3.55280000,2.81507756,3.55280000,2.82,0.1945,0.0000,0.00,392.0000,trade_through,True,False,3.55500000,3.55460000,3.55365000,3.55490000,1791444096210,-5.9108,-11.9108,-25.9108,-20.9108,-5.9108
283,1791444106670,A,hyperliquid,LIT,SELL,3.55380000,2.81424571,3.55380000,2.53,0.2134,0.0000,0.00,25.0000,trade_through,True,False,3.55335000,3.55480000,3.55565000,3.55490000,1791444116748,-3.0953,-9.0953,-23.0953,-18.0953,-3.0953
284,1791444106670,B,hyperliquid,LIT,SELL,3.55380000,2.81424571,3.55380000,2.53,0.2134,0.0000,0.00,25.0000,trade_through,True,False,3.55335000,3.55480000,3.55565000,3.55490000,1791444116748,-3.0953,-9.0953,-23.0953,-18.0953,-3.0953
285,1791444106670,C,hyperliquid,LIT,SELL,3.55380000,2.81424571,3.55380000,2.53,0.2134,0.0000,0.00,25.0000,trade_through,True,False,3.55335000,3.55480000,3.55565000,3.55490000,1791444116748,-3.0953,-9.0953,-23.0953,-18.0953,-3.0953
286,1791444127055,A,hyperliquid,VVV,BUY,25.04700000,0.39920160,25.04700000,2.40,0.6996,0.0000,0.00,60.3900,trade_through,True,False,25.05000000,25.05250000,25.09350000,25.05200000,1791444137275,1.9962,-4.0038,-18.0038,-13.0038,1.9962
287,1791444127055,B,hyperliquid,VVV,BUY,25.04700000,0.39920160,25.04700000,2.40,0.6996,0.0000,0.00,60.3900,trade_through,True,False,25.05000000,25.05250000,25.09350000,25.05200000,1791444137275,1.9962,-4.0038,-18.0038,-13.0038,1.9962
288,1791444127055,C,hyperliquid,VVV,BUY,25.04700000,0.39920160,25.04700000,2.40,0.6996,0.0000,0.00,60.3900,trade_through,True,False,25.05000000,25.05250000,25.09350000,25.05200000,1791444137275,1.9962,-4.0038,-18.0038,-13.0038,1.9962
290,1791444132865,A,hyperliquid,CASHCAT,SELL,0.12436000,80.43758044,0.12436000,6.44,0.5307,0.0000,0.00,207.0000,trade_through,True,False,0.12432000,0.12437500,0.12461500,0.12442000,1791444143286,-4.8247,-10.8247,-24.8247,-19.8247,-4.8247
294,1791444135011,A,hyperliquid,VVV,SELL,25.05300000,0.39923347,25.05300000,3.99,0.2690,0.0000,0.00,12.0300,trade_through,True,False,25.05250000,25.05450000,25.08900000,25.05700000,1791444145289,-1.5966,-7.5966,-21.5966,-16.5966,-1.5966
295,1791444135011,B,hyperliquid,VVV,SELL,25.05300000,0.39923347,25.05300000,3.99,0.2690,0.0000,0.00,12.0300,trade_through,True,False,25.05250000,25.05450000,25.08900000,25.05700000,1791444145289,-1.5966,-7.5966,-21.5966,-16.5966,-1.5966
296,1791444135011,C,hyperliquid,VVV,SELL,25.05300000,0.39923347,25.05300000,3.99,0.2690,0.0000,0.00,12.0300,trade_through,True,False,25.05250000,25.05450000,25.08900000,25.05700000,1791444145289,-1.5966,-7.5966,-21.5966,-16.5966,-1.5966
298,1791444155026,A,hyperliquid,kPEPE,SELL,0.00405700,2465.17934180,0.00405700,2.47,0.5436,0.0000,0.00,1155004.0000,trade_through,True,False,0.00405750,0.00405800,,0.00405900,1791444165323,-4.9298,-10.9298,-24.9298,-19.9298,-4.9298
300,1791444158164,A,hyperliquid,PONS,SELL,0.41404000,24.15692337,0.41404000,3.87,0.7685,0.0000,0.00,545.0000,trade_through,True,False,0.41396000,0.41415500,,0.41416000,1791444168332,-2.8983,-8.8983,-22.8983,-17.8983,-2.8983
301,1791444160987,A,hyperliquid,CASHCAT,SELL,0.12452000,80.32451102,0.12452000,4.02,0.7604,0.0000,0.00,134.0000,trade_through,True,False,0.12463000,0.12454000,,0.12456000,1791444171339,-3.2123,-9.2123,-23.2123,-18.2123,-3.2123
302,1791444165015,A,hyperliquid,VVV,BUY,25.07600000,0.39870819,25.07600000,3.99,0.6357,0.0000,0.00,2.1300,trade_through,True,False,25.08100000,25.06550000,,25.06000000,1791444175346,-6.3806,-12.3806,-26.3806,-21.3806,-6.3806
303,1791444165015,B,hyperliquid,VVV,BUY,25.07600000,0.39870819,25.07600000,3.99,0.6357,0.0000,0.00,2.1300,trade_through,True,False,25.08100000,25.06550000,,25.06000000,1791444175346,-6.3806,-12.3806,-26.3806,-21.3806,-6.3806
304,1791444165015,C,hyperliquid,VVV,BUY,25.07600000,0.39870819,25.07600000,3.99,0.6357,0.0000,0.00,2.1300,trade_through,True,False,25.08100000,25.06550000,,25.06000000,1791444175346,-6.3806,-12.3806,-26.3806,-21.3806,-6.3806
305,1791444168371,A,hyperliquid,VVV,BUY,25.07700000,0.39872408,25.07700000,2.39,0.2705,0.0000,0.00,2.1500,trade_through,True,False,25.08000000,25.07400000,,25.06900000,1791444178851,-3.1902,-9.1902,-23.1902,-18.1902,-3.1902
306,1791444174727,A,hyperliquid,FARTCOIN,SELL,0.16081000,62.19292245,0.16081000,2.49,0.9105,0.0000,0.00,463.1000,trade_through,True,False,0.16079000,0.16097000,,0.16098000,1791444184859,-10.5715,-16.5715,-30.5715,-25.5715,-10.5715
307,1791444176455,A,hyperliquid,PONS,SELL,0.41389000,24.16567990,0.41389000,3.87,0.6798,0.0000,0.00,541.0000,trade_through,True,False,0.41404500,0.41462000,,0.41478000,1791444186862,-21.5033,-27.5033,-41.5033,-36.5033,-21.5033
308,1791444181101,A,hyperliquid,FARTCOIN,SELL,0.16090000,62.15813028,0.16090000,2.49,0.6317,10655.8000,0.00,538.8000,trade_through,True,False,0.16088000,0.16103000,,0.16105000,1791444191373,-9.3226,-15.3226,-29.3226,-24.3226,-9.3226
309,1791444182039,A,hyperliquid,VVV,SELL,25.07900000,0.39881949,25.07900000,3.99,0.0929,0.0000,0.00,2.1400,trade_through,True,False,25.09350000,25.09650000,,25.09700000,1791444192375,-7.1773,-13.1773,-27.1773,-22.1773,-7.1773
310,1791444182039,B,hyperliquid,VVV,SELL,25.07900000,0.39881949,25.07900000,3.99,0.0929,0.0000,0.00,2.1400,trade_through,True,False,25.09350000,25.09650000,,25.09700000,1791444192375,-7.1773,-13.1773,-27.1773,-22.1773,-7.1773
311,1791444182039,C,hyperliquid,VVV,SELL,25.07900000,0.39881949,25.07900000,3.99,0.0929,0.0000,0.00,2.1400,trade_through,True,False,25.09350000,25.09650000,,25.09700000,1791444192375,-7.1773,-13.1773,-27.1773,-22.1773,-7.1773
312,1791444182451,A,hyperliquid,PENGU,SELL,0.00869600,1150.08625647,0.00869600,2.30,0.6162,0.0000,0.00,17689.0000,trade_through,True,False,0.00870050,0.00871000,,0.00871100,1791444192877,-17.2493,-23.2493,-37.2493,-32.2493,-17.2493
313,1791444184656,A,hyperliquid,kPEPE,SELL,0.00405800,2464.57178065,0.00405800,2.46,0.5519,0.0000,0.00,1642180.0000,trade_through,True,False,0.00405750,0.00406200,,0.00406300,1791444194881,-12.3213,-18.3213,-32.3213,-27.3213,-12.3213
314,1791444621375,B,binance,ORCAUSDT,BUY,2.73200000,3.65965233,2.73200000,3.66,0.6502,0.0000,0.00,2.0200,trade_through,True,False,2.73050000,2.73100000,2.72900000,2.73000000,1791444631719,-7.3206,-13.3206,-27.3206,-22.3206,-7.3206
315,1791444621375,C,binance,ORCAUSDT,BUY,2.73200000,3.65965233,2.73200000,3.66,0.6502,0.0000,0.00,2.0200,trade_through,True,False,2.73050000,2.73100000,2.72900000,2.73000000,1791444631719,-7.3206,-13.3206,-27.3206,-22.3206,-7.3206
316,1791444621416,A,hyperliquid,PONS,BUY,0.40796000,24.50950356,0.40796000,2.21,0.5289,0.0000,0.00,492.0000,trade_through,True,False,0.40800500,0.40743500,0.40925000,0.40732000,1791444631719,-15.6878,-21.6878,-35.6878,-30.6878,-15.6878
317,1791444622906,A,hyperliquid,MET,BUY,0.51312000,19.47685176,0.51312000,12.08,0.5442,0.0000,0.00,3362.0000,trade_through,True,False,0.51343000,0.51180500,0.51122000,0.51152000,1791444633221,-31.1818,-37.1818,-51.1818,-46.1818,-31.1818
318,1791444623244,A,hyperliquid,CASHCAT,BUY,0.12401000,80.62890546,0.12401000,2.42,0.7008,0.0000,0.00,1777.0000,trade_through,True,False,0.12394500,0.12399500,0.12420500,0.12396000,1791444633722,-4.0319,-10.0319,-24.0319,-19.0319,-4.0319
319,1791444623244,B,hyperliquid,CASHCAT,BUY,0.12401000,80.62890546,0.12401000,2.42,0.7008,0.0000,0.00,1777.0000,trade_through,True,False,0.12394500,0.12399500,0.12420500,0.12396000,1791444633722,-4.0319,-10.0319,-24.0319,-19.0319,-4.0319
320,1791444623244,C,hyperliquid,CASHCAT,BUY,0.12401000,80.62890546,0.12401000,2.42,0.7008,0.0000,0.00,1777.0000,trade_through,True,False,0.12394500,0.12399500,0.12420500,0.12396000,1791444633722,-4.0319,-10.0319,-24.0319,-19.0319,-4.0319
324,1791444627295,A,hyperliquid,MET,SELL,0.51329000,19.49412739,0.51329000,12.28,0.5541,0.0000,6.27,779.0000,trade_through,True,False,0.51297500,0.51225000,0.51150500,0.51241000,1791444637731,17.1443,11.1443,-2.8557,2.1443,17.1443
325,1791444627428,A,hyperliquid,GRIFFAIN,SELL,0.01631500,613.30880098,0.01631500,12.27,0.5872,0.0000,3.47,3343.0000,trade_through,True,False,0.01630500,0.01630600,0.01629100,0.01631400,1791444637731,0.6129,-5.3871,-19.3871,-14.3871,0.6129
326,1791444628914,A,hyperliquid,MET,BUY,0.51266000,19.49412739,0.51266000,12.28,0.5541,0.0000,6.27,563.0000,trade_through,True,False,0.51180500,0.51225000,0.51186000,0.51209000,1791444639233,-11.1185,-17.1185,-31.1185,-26.1185,-11.1185
328,1791444632299,A,binance,XLMUSDT,SELL,0.19930000,50.18820577,0.19930000,5.02,0.4871,0.0000,0.00,29613.0000,trade_through,True,False,0.19935000,0.19945000,0.19955000,0.19950000,1791444642738,-10.0351,-16.0351,-30.0351,-25.0351,-10.0351
329,1791444633035,A,hyperliquid,AERO,SELL,0.77906000,12.83828891,0.77906000,3.59,0.0148,0.0000,0.00,513.0000,trade_through,True,False,0.77892000,0.77925000,0.77820000,0.77935000,1791444643239,-3.7224,-9.7224,-23.7224,-18.7224,-3.7224
330,1791444633035,B,hyperliquid,AERO,SELL,0.77906000,12.83828891,0.77906000,3.59,0.0148,0.0000,0.00,513.0000,trade_through,True,False,0.77892000,0.77925000,0.77820000,0.77935000,1791444643239,-3.7224,-9.7224,-23.7224,-18.7224,-3.7224
331,1791444633035,C,hyperliquid,AERO,SELL,0.77906000,12.83828891,0.77906000,3.59,0.0148,0.0000,0.00,513.0000,trade_through,True,False,0.77892000,0.77925000,0.77820000,0.77935000,1791444643239,-3.7224,-9.7224,-23.7224,-18.7224,-3.7224
332,1791444633165,A,hyperliquid,VVV,SELL,25.00200000,0.40003200,25.00200000,3.20,0.1173,0.0000,0.00,22.1500,trade_through,True,False,24.99800000,25.00850000,25.01450000,25.01400000,1791444643239,-4.7996,-10.7996,-24.7996,-19.7996,-4.7996
333,1791444633165,B,hyperliquid,VVV,SELL,25.00200000,0.40003200,25.00200000,3.20,0.1173,0.0000,0.00,22.1500,trade_through,True,False,24.99800000,25.00850000,25.01450000,25.01400000,1791444643239,-4.7996,-10.7996,-24.7996,-19.7996,-4.7996
334,1791444633165,C,hyperliquid,VVV,SELL,25.00200000,0.40003200,25.00200000,3.20,0.1173,0.0000,0.00,22.1500,trade_through,True,False,24.99800000,25.00850000,25.01450000,25.01400000,1791444643239,-4.7996,-10.7996,-24.7996,-19.7996,-4.7996
336,1791444633165,A,hyperliquid,VVV,BUY,24.99400000,0.40003200,24.99400000,3.20,0.1173,0.0000,0.00,2.1500,trade_through,True,False,24.99800000,25.00850000,25.01450000,25.00300000,1791444643239,3.6009,-2.3991,-16.3991,-11.3991,3.6009
337,1791444633848,A,hyperliquid,CASHCAT,SELL,0.12403000,80.64841324,0.12403000,5.65,0.6225,0.0000,0.00,1353.0000,trade_through,True,False,0.12409000,0.12413000,0.12414500,0.12414000,1791444644243,-8.8688,-14.8688,-28.8688,-23.8688,-8.8688
338,1791444638238,A,binance,ORCAUSDT,BUY,2.73200000,3.65965233,2.73200000,3.66,0.5819,52.5600,0.96,366.2800,trade_through,True,False,2.73200000,2.73150000,2.73050000,2.73100000,1791444648252,-3.6603,-9.6603,-23.6603,-18.6603,-3.6603
339,1791444638238,B,binance,ORCAUSDT,BUY,2.73200000,3.65965233,2.73200000,3.66,0.6075,52.5600,0.93,366.2800,trade_through,True,False,2.73200000,2.73150000,2.73050000,2.73100000,1791444648252,-3.6603,-9.6603,-23.6603,-18.6603,-3.6603
340,1791444638238,C,binance,ORCAUSDT,BUY,2.73200000,3.65965233,2.73200000,3.66,0.6075,52.5600,0.93,366.2800,trade_through,True,False,2.73200000,2.73150000,2.73050000,2.73100000,1791444648252,-3.6603,-9.6603,-23.6603,-18.6603,-3.6603
341,1791444645024,A,hyperliquid,VVV,SELL,25.01400000,0.39986405,25.01400000,4.40,0.7449,0.0000,0.00,20.0000,trade_through,True,False,25.01950000,25.02950000,25.02100000,25.03100000,1791444655264,-6.7962,-12.7962,-26.7962,-21.7962,-6.7962
342,1791444647257,A,hyperliquid,VVV,SELL,25.02300000,0.39968824,25.02300000,2.80,0.6420,34.0000,0.00,19.9900,trade_through,True,False,25.01950000,25.03200000,25.03600000,25.03300000,1791444657267,-3.9963,-9.9963,-23.9963,-18.9963,-3.9963
343,1791444647994,A,hyperliquid,JUP,SELL,0.38616000,25.89901972,0.38616000,2.33,0.9098,0.0000,0.00,112.0000,trade_through,True,False,0.38611500,0.38634500,0.38586500,0.38635000,1791444658268,-4.9202,-10.9202,-24.9202,-19.9202,-4.9202
345,1791444662873,A,hyperliquid,kPEPE,BUY,0.00406900,2457.30433714,0.00406900,2.46,0.5541,0.0000,0.00,245928.0000,trade_through,True,False,0.00406950,0.00406750,0.00406900,0.00406700,1791444673293,-4.9152,-10.9152,-24.9152,-19.9152,-4.9152
346,1791444665028,A,hyperliquid,AERO,BUY,0.77885000,12.83771206,0.77885000,2.70,0.0075,0.0000,0.00,40.0000,trade_through,True,False,0.77895500,0.77850500,0.77837500,0.77830000,1791444675296,-7.0617,-13.0617,-27.0617,-22.0617,-7.0617
347,1791444665691,A,hyperliquid,GRIFFAIN,BUY,0.01631000,612.87653602,0.01631000,7.97,0.1262,0.0000,0.00,3350.0000,trade_through,True,False,0.01631650,0.01626800,0.01630150,0.01625100,1791444675797,-36.1741,-42.1741,-56.1741,-51.1741,-36.1741
348,1791444671110,A,hyperliquid,GRIFFAIN,BUY,0.01630900,612.89531748,0.01630900,8.58,0.3472,0.0000,0.00,24526.0000,trade_through,True,False,0.01631600,0.01629250,0.01629450,0.01628500,1791444681306,-14.7158,-20.7158,-34.7158,-29.7158,-14.7158
352,1791444673388,A,hyperliquid,GRAM,SELL,1.42780000,7.00451791,1.42780000,2.10,0.3968,0.0000,0.00,103.0000,trade_through,True,False,1.42765000,1.42755000,1.42740000,1.42780000,1791444683817,-0.0000,-6.0000,-20.0000,-15.0000,-0.0000
353,1791444673388,B,hyperliquid,GRAM,SELL,1.42780000,7.00451791,1.42780000,2.10,0.3968,0.0000,0.00,103.0000,trade_through,True,False,1.42765000,1.42755000,1.42740000,1.42780000,1791444683817,-0.0000,-6.0000,-20.0000,-15.0000,-0.0000
354,1791444673388,C,hyperliquid,GRAM,SELL,1.42780000,7.00451791,1.42780000,2.10,0.3968,0.0000,0.00,103.0000,trade_through,True,False,1.42765000,1.42755000,1.42740000,1.42780000,1791444683817,-0.0000,-6.0000,-20.0000,-15.0000,-0.0000
355,1791444680440,A,binance,ORCAUSDT,SELL,2.72900000,3.66501741,2.72900000,3.67,0.3872,0.0000,0.56,76.1300,trade_through,True,False,2.72900000,2.72850000,2.73150000,2.72900000,1791444690833,-0.0000,-6.0000,-20.0000,-15.0000,-0.0000
356,1791444680440,B,binance,ORCAUSDT,SELL,2.72900000,3.66501741,2.72900000,3.67,0.3872,0.0000,0.56,76.1300,trade_through,True,False,2.72900000,2.72850000,2.73150000,2.72900000,1791444690833,-0.0000,-6.0000,-20.0000,-15.0000,-0.0000
357,1791444680440,C,binance,ORCAUSDT,SELL,2.72900000,3.66501741,2.72900000,3.67,0.3872,0.0000,0.56,76.1300,trade_through,True,False,2.72900000,2.72850000,2.73150000,2.72900000,1791444690833,-0.0000,-6.0000,-20.0000,-15.0000,-0.0000
358,1791444681056,A,hyperliquid,AERO,BUY,0.77856000,12.84208093,0.77856000,3.34,0.0029,0.0000,0.00,39.0000,trade_through,True,False,0.77869000,0.77820000,0.77877000,0.77817000,1791444691334,-5.0092,-11.0092,-25.0092,-20.0092,-5.0092
359,1791444708029,A,hyperliquid,kPEPE,BUY,0.00406800,2457.60629147,0.00406800,4.92,0.5307,0.0000,0.00,1402491.0000,trade_through,True,False,0.00406900,0.00406850,0.00406850,0.00406700,1791444718388,-2.4582,-8.4582,-22.4582,-17.4582,-2.4582
361,1791444712176,A,binance,ADAUSDT,SELL,0.25390000,39.39334253,0.25390000,3.94,0.5772,0.0000,0.00,2567.1000,trade_through,True,False,0.25395000,0.25405000,0.25385000,0.25410000,1791444722395,-7.8771,-13.8771,-27.8771,-22.8771,-7.8771
365,1791444721153,A,hyperliquid,CASHCAT,SELL,0.12421000,80.52502315,0.12421000,4.03,0.5269,0.0000,0.00,368.0000,trade_through,True,False,0.12420500,0.12434500,0.12431500,0.12435000,1791444731411,-11.2712,-17.2712,-31.2712,-26.2712,-11.2712
369,1791444724110,A,binance,ORCAUSDT,SELL,2.73200000,3.66166239,2.73200000,7.32,0.3418,34.2400,1.12,1296.7100,trade_through,True,False,2.73350000,2.73450000,2.72750000,2.73500000,1791444734418,-10.9810,-16.9810,-30.9810,-25.9810,-10.9810
370,1791444724110,B,binance,ORCAUSDT,SELL,2.73200000,3.66166239,2.73200000,7.32,0.3418,34.2400,1.12,1296.7100,trade_through,True,False,2.73350000,2.73450000,2.72750000,2.73500000,1791444734418,-10.9810,-16.9810,-30.9810,-25.9810,-10.9810
371,1791444724110,C,binance,ORCAUSDT,SELL,2.73200000,3.66166239,2.73200000,7.32,0.3418,34.2400,1.12,1296.7100,trade_through,True,False,2.73350000,2.73450000,2.72750000,2.73500000,1791444734418,-10.9810,-16.9810,-30.9810,-25.9810,-10.9810
372,1791444740788,A,hyperliquid,kPEPE,BUY,0.00407000,2456.70065103,0.00407000,2.46,0.4976,0.0000,0.00,23272.0000,trade_through,True,False,0.00407050,0.00406750,0.00406550,0.00406700,1791444750953,-7.3710,-13.3710,-27.3710,-22.3710,-7.3710
373,1791444757074,A,hyperliquid,GRAM,SELL,1.42720000,7.00844518,1.42720000,4.91,0.4472,0.0000,0.00,1269.0000,trade_through,True,False,1.42685000,1.42730000,1.42675000,1.42750000,1791444767483,-2.1020,-8.1020,-22.1020,-17.1020,-2.1020
375,1791444776928,A,hyperliquid,CRV,SELL,0.39444000,25.35786284,0.39444000,4.31,0.6698,0.0000,0.00,2887.5000,trade_through,True,False,0.39435500,0.39468500,0.39432500,0.39474000,1791444787022,-7.6057,-13.6057,-27.6057,-22.6057,-7.6057
376,1791444788128,A,hyperliquid,CRV,BUY,0.39463000,25.33666088,0.39463000,2.79,0.5444,0.0000,0.00,2142.0000,trade_through,True,False,0.39468500,0.39450500,0.39437000,0.39448000,1791444798542,-3.8010,-9.8010,-23.8010,-18.8010,-3.8010
378,1791444790758,A,binance,TAOUSDT,BUY,286.20000000,0.03493450,286.20000000,3.49,0.5671,0.0000,0.48,5.0492,trade_through,True,False,285.95000000,286.15000000,285.95000000,286.10000000,1791444801046,-3.4941,-9.4941,-23.4941,-18.4941,-3.4941
379,1791444802012,A,hyperliquid,AERO,SELL,0.77761000,12.86132279,0.77761000,2.19,0.4636,207.0000,0.00,380.0000,trade_through,True,False,0.77752500,0.77720500,0.77737500,0.77726000,1791444812066,4.5010,-1.4990,-15.4990,-10.4990,4.5010
380,1791444804170,A,hyperliquid,AERO,BUY,0.77744000,12.86132279,0.77744000,2.19,0.4636,0.0000,0.00,39.0000,trade_through,True,False,0.77752500,0.77742500,0.77737500,0.77740000,1791444814576,-0.5145,-6.5145,-20.5145,-15.5145,-0.5145
382,1791444810140,A,hyperliquid,FARTCOIN,SELL,0.16094000,62.14267959,0.16094000,2.49,0.3212,0.0000,0.00,11603.2000,trade_through,True,False,0.16092000,0.16099500,0.16097000,0.16101000,1791444820589,-4.3494,-10.3494,-24.3494,-19.3494,-4.3494
383,1791444810140,B,hyperliquid,FARTCOIN,SELL,0.16094000,62.14267959,0.16094000,2.49,0.3212,0.0000,0.00,11603.2000,trade_through,True,False,0.16092000,0.16099500,0.16097000,0.16101000,1791444820589,-4.3494,-10.3494,-24.3494,-19.3494,-4.3494
384,1791444810140,C,hyperliquid,FARTCOIN,SELL,0.16094000,62.14267959,0.16094000,2.49,0.3212,0.0000,0.00,11603.2000,trade_through,True,False,0.16092000,0.16099500,0.16097000,0.16101000,1791444820589,-4.3494,-10.3494,-24.3494,-19.3494,-4.3494
385,1791444819272,A,hyperliquid,VVV,BUY,25.00400000,0.39987204,25.00400000,3.20,0.9624,0.0000,0.00,2.1100,trade_through,True,False,25.00800000,24.99550000,25.00850000,24.99300000,1791444829602,-4.3993,-10.3993,-24.3993,-19.3993,-4.3993
386,1791444819272,B,hyperliquid,VVV,BUY,25.00400000,0.39987204,25.00400000,3.20,0.9624,0.0000,0.00,2.1100,trade_through,True,False,25.00800000,24.99550000,25.00850000,24.99300000,1791444829602,-4.3993,-10.3993,-24.3993,-19.3993,-4.3993
387,1791444819272,C,hyperliquid,VVV,BUY,25.00400000,0.39987204,25.00400000,3.20,0.9624,0.0000,0.00,2.1100,trade_through,True,False,25.00800000,24.99550000,25.00850000,24.99300000,1791444829602,-4.3993,-10.3993,-24.3993,-19.3993,-4.3993
388,1791444820374,A,hyperliquid,CASHCAT,BUY,0.12421000,80.48613626,0.12421000,5.63,0.5986,0.0000,0.00,779.0000,trade_through,True,False,0.12424500,0.12397000,0.12430500,0.12393000,1791444830604,-22.5425,-28.5425,-42.5425,-37.5425,-22.5425
389,1791444824067,A,hyperliquid,CASHCAT,BUY,0.12412000,80.55096863,0.12412000,4.03,0.2364,0.0000,0.00,122.0000,trade_through,True,False,0.12414500,0.12393500,0.12431500,0.12388000,1791444834111,-19.3361,-25.3361,-39.3361,-34.3361,-19.3361
390,1791444825005,A,hyperliquid,VVV,SELL,24.99400000,0.40013605,24.99400000,2.00,0.8059,0.0000,0.00,20.0000,trade_through,True,False,24.99150000,24.98800000,25.01150000,24.99200000,1791444835114,0.8002,-5.1998,-19.1998,-14.1998,0.8002
392,1791444828065,A,hyperliquid,FARTCOIN,BUY,0.16085000,62.16199416,0.16085000,2.49,0.8146,0.0000,0.00,486.5000,trade_through,True,False,0.16082500,0.16088500,0.16098000,0.16088000,1791444838120,1.8651,-4.1349,-18.1349,-13.1349,1.8651
393,1791444828065,B,hyperliquid,FARTCOIN,BUY,0.16085000,62.16199416,0.16085000,2.49,0.8146,0.0000,0.00,486.5000,trade_through,True,False,0.16082500,0.16088500,0.16098000,0.16088000,1791444838120,1.8651,-4.1349,-18.1349,-13.1349,1.8651
394,1791444828065,C,hyperliquid,FARTCOIN,BUY,0.16085000,62.16199416,0.16085000,2.49,0.8146,0.0000,0.00,486.5000,trade_through,True,False,0.16082500,0.16088500,0.16098000,0.16088000,1791444838120,1.8651,-4.1349,-18.1349,-13.1349,1.8651
399,1791444855030,A,hyperliquid,VVV,SELL,25.00400000,0.39999200,25.00400000,2.80,0.1376,0.0000,0.00,20.0000,trade_through,True,False,25.00100000,24.99900000,25.01900000,25.00400000,1791444865166,-0.0000,-6.0000,-20.0000,-15.0000,-0.0000
400,1791444855030,B,hyperliquid,VVV,SELL,25.00400000,0.39999200,25.00400000,2.80,0.1376,0.0000,0.00,20.0000,trade_through,True,False,25.00100000,24.99900000,25.01900000,25.00400000,1791444865166,-0.0000,-6.0000,-20.0000,-15.0000,-0.0000
401,1791444855030,C,hyperliquid,VVV,SELL,25.00400000,0.39999200,25.00400000,2.80,0.1376,0.0000,0.00,20.0000,trade_through,True,False,25.00100000,24.99900000,25.01900000,25.00400000,1791444865166,-0.0000,-6.0000,-20.0000,-15.0000,-0.0000
404,1791444871733,A,binance,FETUSDT,SELL,0.23250000,43.02000430,0.23250000,4.30,0.5384,0.0000,0.70,2146.3000,trade_through,True,False,0.23255000,0.23255000,0.23235000,0.23260000,1791444882199,-4.3011,-10.3011,-24.3011,-19.3011,-4.3011
405,1791444885052,A,hyperliquid,VVV,SELL,25.01500000,0.39981608,25.01500000,2.80,0.8992,0.0000,0.00,2.1200,trade_through,True,False,25.01150000,25.01550000,25.01750000,25.02000000,1791444895226,-1.9988,-7.9988,-21.9988,-16.9988,-1.9988
407,1791444889000,A,hyperliquid,VVV,SELL,25.01600000,0.39980809,25.01600000,3.20,0.6554,0.0000,0.00,18.1000,trade_through,True,False,25.01200000,25.01100000,25.01050000,25.01600000,1791444899234,-0.0000,-6.0000,-20.0000,-15.0000,-0.0000
409,1791444890000,A,binance,ZROUSDT,BUY,2.11500000,4.72701489,2.11500000,4.73,0.5773,0.0000,0.84,241.2000,trade_through,True,False,2.11450000,2.11350000,2.11450000,2.11300000,1791444900236,-9.4563,-15.4563,-29.4563,-24.4563,-9.4563
411,1791444901072,A,hyperliquid,AERO,SELL,0.77773000,12.85942081,0.77773000,2.31,0.7064,0.0000,0.00,40.0000,trade_through,True,False,0.77764000,0.77582000,0.77602000,0.77590000,1791444911255,23.5300,17.5300,3.5300,8.5300,23.5300
412,1791444903596,A,hyperliquid,FARTCOIN,SELL,0.16095000,62.13881812,0.16095000,2.49,0.8811,0.0000,0.00,445.3000,trade_through,True,False,0.16097500,0.16097500,0.16092000,0.16099000,1791444913759,-2.4852,-8.4852,-22.4852,-17.4852,-2.4852
417,1791444918974,A,hyperliquid,VVV,SELL,25.02200000,0.39969623,25.02200000,2.40,0.4544,0.0000,0.00,2.1100,trade_through,True,False,25.02250000,25.00800000,25.01850000,25.01300000,1791444929281,3.5968,-2.4032,-16.4032,-11.4032,3.5968
418,1791444923923,A,hyperliquid,VVV,BUY,25.01900000,0.39964032,25.01900000,2.80,0.4379,0.0000,0.00,2.1000,trade_through,True,False,25.00800000,25.00350000,25.01800000,25.00300000,1791444934290,-6.3951,-12.3951,-26.3951,-21.3951,-6.3951
421,1791444925635,B,binance,FETUSDT,BUY,0.23230000,43.03851947,0.23230000,4.30,0.6139,0.0000,0.75,1126.3000,trade_through,True,False,0.23225000,0.23235000,0.23235000,0.23230000,1791444935792,0.0000,-6.0000,-20.0000,-15.0000,0.0000
422,1791444925635,C,binance,FETUSDT,BUY,0.23230000,43.03851947,0.23230000,4.30,0.6139,0.0000,0.75,1126.3000,trade_through,True,False,0.23225000,0.23235000,0.23235000,0.23230000,1791444935792,0.0000,-6.0000,-20.0000,-15.0000,0.0000
424,1791444926796,A,hyperliquid,VVV,BUY,25.00300000,0.39987204,25.00300000,4.00,0.4762,0.0000,0.00,16.0000,trade_through,True,False,25.00800000,25.01650000,25.01800000,25.01300000,1791444937294,3.9995,-2.0005,-16.0005,-11.0005,3.9995
425,1791444936971,A,hyperliquid,FARTCOIN,SELL,0.16093000,62.14654154,0.16093000,2.49,0.7848,0.0000,0.00,532.9000,trade_through,True,False,0.16091000,0.16090000,0.16105000,0.16092000,1791444947313,0.6214,-5.3786,-19.3786,-14.3786,0.6214
426,1791444937519,A,hyperliquid,CRV,BUY,0.39426000,25.36139995,0.39426000,2.03,0.5526,37.0000,0.00,147.1000,trade_through,True,False,0.39430000,0.39417500,0.39447500,0.39417000,1791444947814,-2.2828,-8.2828,-22.2828,-17.2828,-2.2828
428,1791444939137,A,hyperliquid,VVV,SELL,25.02000000,0.39973617,25.02000000,2.80,0.2013,0.0000,0.00,21.8100,trade_through,True,False,25.01650000,25.01050000,25.01350000,25.01600000,1791444949317,1.5987,-4.4013,-18.4013,-13.4013,1.5987
429,1791444939137,B,hyperliquid,VVV,SELL,25.02000000,0.39973617,25.02000000,2.80,0.2013,0.0000,0.00,21.8100,trade_through,True,False,25.01650000,25.01050000,25.01350000,25.01600000,1791444949317,1.5987,-4.4013,-18.4013,-13.4013,1.5987
430,1791444939137,C,hyperliquid,VVV,SELL,25.02000000,0.39973617,25.02000000,2.80,0.2013,0.0000,0.00,21.8100,trade_through,True,False,25.01650000,25.01050000,25.01350000,25.01600000,1791444949317,1.5987,-4.4013,-18.4013,-13.4013,1.5987
432,1791444945635,A,binance,FETUSDT,BUY,0.23230000,43.03851947,0.23230000,4.30,0.5029,0.0000,0.00,22.6000,trade_through,True,False,0.23225000,0.23225000,0.23255000,0.23220000,1791444955829,-4.3048,-10.3048,-24.3048,-19.3048,-4.3048
434,1791444947441,A,binance,FETUSDT,BUY,0.23220000,43.05705059,0.23220000,4.31,0.5551,0.0000,0.81,46.3000,trade_through,True,False,0.23215000,0.23225000,0.23255000,0.23220000,1791444957834,0.0000,-6.0000,-20.0000,-15.0000,0.0000
435,1791444950024,A,hyperliquid,VVV,BUY,25.00500000,0.39983207,25.00500000,4.40,0.2444,0.0000,0.00,2.1000,trade_through,True,False,25.00250000,25.01350000,25.04500000,25.01100000,1791444960337,2.3995,-3.6005,-17.6005,-12.6005,2.3995
436,1791444951862,A,hyperliquid,PONS,SELL,0.40505000,24.69105320,0.40505000,2.22,0.1928,0.0000,0.00,246.0000,trade_through,True,False,0.40500500,0.40535500,0.40584000,0.40545000,1791444962341,-9.8753,-15.8753,-29.8753,-24.8753,-9.8753
437,1791444951862,B,hyperliquid,PONS,SELL,0.40505000,24.69105320,0.40505000,2.22,0.1928,0.0000,0.00,246.0000,trade_through,True,False,0.40500500,0.40535500,0.40584000,0.40545000,1791444962341,-9.8753,-15.8753,-29.8753,-24.8753,-9.8753
438,1791444951862,C,hyperliquid,PONS,SELL,0.40505000,24.69105320,0.40505000,2.22,0.1928,0.0000,0.00,246.0000,trade_through,True,False,0.40500500,0.40535500,0.40584000,0.40545000,1791444962341,-9.8753,-15.8753,-29.8753,-24.8753,-9.8753
440,1791444955856,A,binance,FETUSDT,BUY,0.23220000,43.05705059,0.23220000,4.31,0.5535,0.0000,1.22,5910.9000,trade_through,True,False,0.23225000,0.23215000,0.23265000,0.23210000,1791444966350,-4.3066,-10.3066,-24.3066,-19.3066,-4.3066
441,1791444956648,A,binance,FETUSDT,SELL,0.23220000,43.07559767,0.23220000,4.31,0.6958,0.0000,1.25,4064.7000,trade_through,True,False,0.23225000,0.23215000,0.23265000,0.23220000,1791444966851,-0.0000,-6.0000,-20.0000,-15.0000,-0.0000
442,1791444959123,A,binance,FETUSDT,BUY,0.23220000,43.05705059,0.23220000,4.31,0.5159,0.0000,1.33,2475.4000,trade_through,True,False,0.23215000,0.23215000,0.23275000,0.23210000,1791444969355,-4.3066,-10.3066,-24.3066,-19.3066,-4.3066
445,1791444961430,A,hyperliquid,CRV,BUY,0.39406000,25.37298285,0.39406000,3.04,0.8147,0.0000,0.00,146.6000,trade_through,True,False,0.39400500,0.39394500,0.39483500,0.39388000,1791444971859,-4.5678,-10.5678,-24.5678,-19.5678,-4.5678
446,1791444961430,B,hyperliquid,CRV,BUY,0.39406000,25.37298285,0.39406000,3.04,0.8147,0.0000,0.00,146.6000,trade_through,True,False,0.39400500,0.39394500,0.39483500,0.39388000,1791444971859,-4.5678,-10.5678,-24.5678,-19.5678,-4.5678
447,1791444961430,C,hyperliquid,CRV,BUY,0.39406000,25.37298285,0.39406000,3.04,0.8147,0.0000,0.00,146.6000,trade_through,True,False,0.39400500,0.39394500,0.39483500,0.39388000,1791444971859,-4.5678,-10.5678,-24.5678,-19.5678,-4.5678
448,1791444964278,A,hyperliquid,ZRO,BUY,2.11580000,4.72578625,2.11580000,2.36,0.2746,0.0000,0.00,26.5000,trade_through,True,False,2.11605000,2.11335000,2.11625000,2.11310000,1791444974363,-12.7611,-18.7611,-32.7611,-27.7611,-12.7611
449,1791444968523,A,hyperliquid,PONS,SELL,0.40551000,24.66912536,0.40551000,7.15,0.4719,0.0000,0.00,564.0000,trade_through,True,False,0.40536500,0.40532000,0.40601000,0.40541000,1791444978871,2.4660,-3.5340,-17.5340,-12.5340,2.4660
451,1791444975051,A,hyperliquid,PONS,BUY,0.40526000,24.67095119,0.40526000,3.70,0.5626,0.0000,0.00,436.0000,trade_through,True,False,0.40533500,0.40522500,0.40636000,0.40518000,1791444985384,-1.9740,-7.9740,-21.9740,-16.9740,-1.9740
454,1791444984545,A,hyperliquid,CASHCAT,SELL,0.12447000,80.37616043,0.12447000,8.84,0.6330,0.0000,0.00,1903.0000,trade_through,True,False,0.12441500,0.12432500,0.12437500,0.12437000,1791444994901,8.0341,2.0341,-11.9659,-6.9659,8.0341
456,1791444989962,A,hyperliquid,MINA,BUY,0.08931200,111.94510212,0.08931200,3.92,0.1437,0.0000,0.00,112.0000,trade_through,True,False,0.08932950,0.08918000,0.08906500,0.08917500,1791445000414,-15.3395,-21.3395,-35.3395,-30.3395,-15.3395
457,1791444991175,A,hyperliquid,CRV,SELL,0.39416000,25.37394857,0.39416000,2.79,0.6032,0.0000,0.00,2145.0000,trade_through,True,False,0.39410500,0.39449500,0.39493000,0.39450000,1791445001416,-8.6259,-14.6259,-28.6259,-23.6259,-8.6259
458,1791444991915,A,hyperliquid,CASHCAT,BUY,0.12447000,80.31160904,0.12447000,7.23,0.6801,0.0000,0.00,849.0000,trade_through,True,False,0.12451500,0.12424500,0.12431500,0.12421000,1791445001917,-20.8886,-26.8886,-40.8886,-35.8886,-20.8886
459,1791444991915,B,hyperliquid,CASHCAT,BUY,0.12447000,80.31160904,0.12447000,7.23,0.6801,0.0000,0.00,849.0000,trade_through,True,False,0.12451500,0.12424500,0.12431500,0.12421000,1791445001917,-20.8886,-26.8886,-40.8886,-35.8886,-20.8886
460,1791444991915,C,hyperliquid,CASHCAT,BUY,0.12447000,80.31160904,0.12447000,7.23,0.6801,0.0000,0.00,849.0000,trade_through,True,False,0.12451500,0.12424500,0.12431500,0.12421000,1791445001917,-20.8886,-26.8886,-40.8886,-35.8886,-20.8886
465,1791445003047,A,hyperliquid,PONS,BUY,0.40513000,24.67917078,0.40513000,3.46,0.6397,44.0000,0.00,555.0000,trade_through,True,False,0.40520000,0.40584000,0.40537500,0.40574000,1791445013439,15.0569,9.0569,-4.9431,0.0569,15.0569
466,1791445003047,B,hyperliquid,PONS,BUY,0.40513000,24.67917078,0.40513000,3.46,0.6397,44.0000,0.00,555.0000,trade_through,True,False,0.40520000,0.40584000,0.40537500,0.40574000,1791445013439,15.0569,9.0569,-4.9431,0.0569,15.0569
467,1791445003047,C,hyperliquid,PONS,BUY,0.40513000,24.67917078,0.40513000,3.46,0.6397,44.0000,0.00,555.0000,trade_through,True,False,0.40520000,0.40584000,0.40537500,0.40574000,1791445013439,15.0569,9.0569,-4.9431,0.0569,15.0569
468,1791445003623,A,binance,XLMUSDT,SELL,0.19970000,50.08765339,0.19970000,5.01,0.5409,0.0000,0.00,22421.0000,trade_through,True,False,0.19975000,0.19985000,0.19985000,0.19990000,1791445013941,-10.0150,-16.0150,-30.0150,-25.0150,-10.0150
470,1791445029810,A,hyperliquid,FARTCOIN,BUY,0.16116000,62.04051245,0.16116000,3.10,0.9516,0.0000,0.00,11198.4000,trade_through,True,False,0.16118500,0.16118500,0.16107500,0.16116000,1791445039990,0.0000,-6.0000,-20.0000,-15.0000,0.0000
471,1791445029810,B,hyperliquid,FARTCOIN,BUY,0.16116000,62.04051245,0.16116000,3.10,0.9516,0.0000,0.00,11198.4000,trade_through,True,False,0.16118500,0.16118500,0.16107500,0.16116000,1791445039990,0.0000,-6.0000,-20.0000,-15.0000,0.0000
472,1791445029810,C,hyperliquid,FARTCOIN,BUY,0.16116000,62.04051245,0.16116000,3.10,0.9516,0.0000,0.00,11198.4000,trade_through,True,False,0.16118500,0.16118500,0.16107500,0.16116000,1791445039990,0.0000,-6.0000,-20.0000,-15.0000,0.0000
473,1791445065061,A,binance,ORCAUSDT,BUY,2.73600000,3.65430294,2.73600000,3.65,0.7450,0.0000,1.41,1462.1500,trade_through,True,False,2.73550000,2.73350000,2.72550000,2.73300000,1791445075560,-10.9649,-16.9649,-30.9649,-25.9649,-10.9649
474,1791445065061,B,binance,ORCAUSDT,BUY,2.73600000,3.65430294,2.73600000,3.65,0.7450,0.0000,1.41,1462.1500,trade_through,True,False,2.73550000,2.73350000,2.72550000,2.73300000,1791445075560,-10.9649,-16.9649,-30.9649,-25.9649,-10.9649
475,1791445065061,C,binance,ORCAUSDT,BUY,2.73600000,3.65430294,2.73600000,3.65,0.7450,0.0000,1.41,1462.1500,trade_through,True,False,2.73550000,2.73350000,2.72550000,2.73300000,1791445075560,-10.9649,-16.9649,-30.9649,-25.9649,-10.9649
476,1791445065186,A,hyperliquid,ZRO,BUY,2.11820000,4.72043239,2.11820000,2.36,0.4745,0.0000,0.00,30.2000,trade_through,True,False,2.11845000,2.11850000,2.11820000,2.11830000,1791445075560,0.4721,-5.5279,-19.5279,-14.5279,0.4721
477,1791445082223,A,hyperliquid,VVV,BUY,25.04100000,0.39926535,25.04100000,3.99,0.6606,0.0000,0.00,2.4300,trade_through,True,False,25.04600000,25.04500000,25.05850000,25.04200000,1791445092590,0.3993,-5.6007,-19.6007,-14.6007,0.3993
478,1791445082223,B,hyperliquid,VVV,BUY,25.04100000,0.39926535,25.04100000,3.99,0.6606,0.0000,0.00,2.4300,trade_through,True,False,25.04600000,25.04500000,25.05850000,25.04200000,1791445092590,0.3993,-5.6007,-19.6007,-14.6007,0.3993
479,1791445082223,C,hyperliquid,VVV,BUY,25.04100000,0.39926535,25.04100000,3.99,0.6606,0.0000,0.00,2.4300,trade_through,True,False,25.04600000,25.04500000,25.05850000,25.04200000,1791445092590,0.3993,-5.6007,-19.6007,-14.6007,0.3993
480,1791445085642,A,hyperliquid,MON,SELL,0.02616200,382.28491695,0.02616200,2.68,0.8451,0.0000,0.00,8522.0000,trade_through,True,False,0.02616000,0.02616200,0.02621700,0.02616400,1791445096097,-0.7645,-6.7645,-20.7645,-15.7645,-0.7645
481,1791445088596,A,binance,FETUSDT,SELL,0.23230000,43.05705059,0.23230000,4.31,0.6468,0.0000,0.95,7290.1000,trade_through,True,False,0.23235000,0.23245000,0.23235000,0.23250000,1791445098601,-8.6096,-14.6096,-28.6096,-23.6096,-8.6096
482,1791445090388,C,binance,ZROUSDT,BUY,2.11800000,4.72032098,2.11800000,4.72,0.7064,0.0000,0.85,322.7200,trade_through,True,False,2.11550000,2.11550000,2.11750000,2.11500000,1791445100606,-14.1643,-20.1643,-34.1643,-29.1643,-14.1643
484,1791445094928,A,binance,FETUSDT,SELL,0.23240000,43.03851947,0.23240000,4.30,0.5874,0.0000,1.65,6891.2000,trade_through,True,False,0.23245000,0.23245000,0.23215000,0.23250000,1791445105114,-4.3029,-10.3029,-24.3029,-19.3029,-4.3029
488,1791445095078,A,hyperliquid,VVV,SELL,25.04800000,0.39928129,25.04800000,2.40,0.0622,0.0000,0.00,3.9900,trade_through,True,False,25.04500000,25.06700000,25.04250000,25.07100000,1791445105114,-9.1824,-15.1824,-29.1824,-24.1824,-9.1824
489,1791445095078,B,hyperliquid,VVV,SELL,25.04800000,0.39928129,25.04800000,2.40,0.0622,0.0000,0.00,3.9900,trade_through,True,False,25.04500000,25.06700000,25.04250000,25.07100000,1791445105114,-9.1824,-15.1824,-29.1824,-24.1824,-9.1824
490,1791445095078,C,hyperliquid,VVV,SELL,25.04800000,0.39928129,25.04800000,2.40,0.0622,0.0000,0.00,3.9900,trade_through,True,False,25.04500000,25.06700000,25.04250000,25.07100000,1791445105114,-9.1824,-15.1824,-29.1824,-24.1824,-9.1824
491,1791445098056,A,hyperliquid,GRAM,BUY,1.42760000,7.00402732,1.42760000,2.10,0.3092,0.0000,0.00,286.0000,trade_through,True,False,1.42775000,1.42765000,1.42825000,1.42760000,1791445108120,0.0000,-6.0000,-20.0000,-15.0000,0.0000
494,1791445103426,A,hyperliquid,VVV,BUY,25.06300000,0.39893087,25.06300000,3.19,0.0400,0.0000,0.00,1.9600,trade_through,True,False,25.06700000,25.04250000,25.04550000,25.04100000,1791445113628,-8.7779,-14.7779,-28.7779,-23.7779,-8.7779
496,1791445109642,A,hyperliquid,VVV,BUY,25.06000000,0.39899453,25.06000000,2.39,0.1357,0.0000,0.00,1.9500,trade_through,True,False,25.06300000,25.05800000,25.05900000,25.05600000,1791445120138,-1.5962,-7.5962,-21.5962,-16.5962,-1.5962
498,1791445111476,A,binance,ENAUSDT,SELL,0.22210000,45.03490205,0.22210000,4.50,0.5412,0.0000,0.61,35318.3800,trade_through,True,False,0.22225000,0.22235000,0.22205000,0.22240000,1791445121640,-13.5074,-19.5074,-33.5074,-28.5074,-13.5074
499,1791445125028,A,hyperliquid,VVV,SELL,25.07000000,0.39893087,25.07000000,2.39,0.8354,0.0000,0.00,1.8900,trade_through,True,False,25.06700000,25.06550000,25.04250000,25.06700000,1791445135167,1.1966,-4.8034,-18.8034,-13.8034,1.1966
500,1791445127474,A,hyperliquid,VVV,BUY,25.06400000,0.39893087,25.06400000,2.39,0.8354,0.0000,0.00,1.8900,trade_through,True,False,25.06700000,25.06550000,25.04250000,25.06400000,1791445137671,0.0000,-6.0000,-20.0000,-15.0000,0.0000
501,1791445127474,B,hyperliquid,VVV,BUY,25.06400000,0.39893087,25.06400000,2.39,0.8354,0.0000,0.00,1.8900,trade_through,True,False,25.06700000,25.06550000,25.04250000,25.06400000,1791445137671,0.0000,-6.0000,-20.0000,-15.0000,0.0000
502,1791445127474,C,hyperliquid,VVV,BUY,25.06400000,0.39893087,25.06400000,2.39,0.8354,0.0000,0.00,1.8900,trade_through,True,False,25.06700000,25.06550000,25.04250000,25.06400000,1791445137671,0.0000,-6.0000,-20.0000,-15.0000,0.0000
503,1791445128080,A,hyperliquid,GRAM,BUY,1.42870000,6.99863527,1.42870000,2.10,0.3076,0.0000,0.00,280.0000,trade_through,True,False,1.42870000,1.42880000,1.42875000,1.42860000,1791445138174,-0.6999,-6.6999,-20.6999,-15.6999,-0.6999
504,1791445133219,A,hyperliquid,FARTCOIN,BUY,0.16122000,62.01742690,0.16122000,3.10,0.6674,0.0000,0.00,11197.6000,trade_through,True,False,0.16122500,0.16117500,0.16110500,0.16116000,1791445143682,-3.7216,-9.7216,-23.7216,-18.7216,-3.7216
505,1791445133219,B,hyperliquid,FARTCOIN,BUY,0.16122000,62.01742690,0.16122000,3.10,0.6674,0.0000,0.00,11197.6000,trade_through,True,False,0.16122500,0.16117500,0.16110500,0.16116000,1791445143682,-3.7216,-9.7216,-23.7216,-18.7216,-3.7216
506,1791445133219,C,hyperliquid,FARTCOIN,BUY,0.16122000,62.01742690,0.16122000,3.10,0.6674,0.0000,0.00,11197.6000,trade_through,True,False,0.16122500,0.16117500,0.16110500,0.16116000,1791445143682,-3.7216,-9.7216,-23.7216,-18.7216,-3.7216
510,1791445138394,A,hyperliquid,CASHCAT,BUY,0.12405000,80.58667096,0.12405000,6.45,0.7267,0.0000,0.00,1062.0000,trade_through,True,False,0.12399500,0.12399000,0.12393500,0.12396000,1791445148694,-7.2551,-13.2551,-27.2551,-22.2551,-7.2551
511,1791445138394,B,hyperliquid,CASHCAT,BUY,0.12405000,80.58667096,0.12405000,6.45,0.7267,0.0000,0.00,1062.0000,trade_through,True,False,0.12399500,0.12399000,0.12393500,0.12396000,1791445148694,-7.2551,-13.2551,-27.2551,-22.2551,-7.2551
512,1791445138394,C,hyperliquid,CASHCAT,BUY,0.12405000,80.58667096,0.12405000,6.45,0.7267,0.0000,0.00,1062.0000,trade_through,True,False,0.12399500,0.12399000,0.12393500,0.12396000,1791445148694,-7.2551,-13.2551,-27.2551,-22.2551,-7.2551
515,1791445166419,A,hyperliquid,AERO,SELL,0.77971000,12.82676176,0.77971000,2.31,0.1639,0.0000,0.00,513.0000,trade_through,True,False,0.77978000,0.78123500,0.78129500,0.78124000,1791445176751,-19.6227,-25.6227,-39.6227,-34.6227,-19.6227
516,1791445166419,B,hyperliquid,AERO,SELL,0.77971000,12.82676176,0.77971000,2.31,0.1639,0.0000,0.00,513.0000,trade_through,True,False,0.77978000,0.78123500,0.78129500,0.78124000,1791445176751,-19.6227,-25.6227,-39.6227,-34.6227,-19.6227
517,1791445166419,C,hyperliquid,AERO,SELL,0.77971000,12.82676176,0.77971000,2.31,0.1639,0.0000,0.00,513.0000,trade_through,True,False,0.77978000,0.78123500,0.78129500,0.78124000,1791445176751,-19.6227,-25.6227,-39.6227,-34.6227,-19.6227
519,1791445169056,A,hyperliquid,GRAM,SELL,1.42870000,7.00010500,1.42870000,2.10,0.5838,0.0000,0.00,267.0000,trade_through,True,False,1.42855000,1.42875000,1.42780000,1.42880000,1791445179255,-0.6999,-6.6999,-20.6999,-15.6999,-0.6999
520,1791445170002,A,hyperliquid,ZRO,BUY,2.11590000,4.72556293,2.11590000,2.36,0.5950,0.0000,0.00,28.5000,trade_through,True,False,2.11615000,2.11795000,2.11615000,2.11770000,1791445180258,8.5070,2.5070,-11.4930,-6.4930,8.5070
521,1791445190903,A,hyperliquid,CRV,BUY,0.39491000,25.31966072,0.39491000,2.03,0.2075,0.0000,0.00,147.3000,trade_through,True,False,0.39495000,0.39485500,0.39418000,0.39481000,1791445201294,-2.5322,-8.5322,-22.5322,-17.5322,-2.5322
522,1791445202540,A,hyperliquid,CRV,SELL,0.39490000,25.32575249,0.39490000,2.28,0.2607,0.0000,0.00,147.3000,trade_through,True,False,0.39485500,0.39480000,0.39391000,0.39483000,1791445212810,1.7726,-4.2274,-18.2274,-13.2274,1.7726
523,1791445202540,B,hyperliquid,CRV,SELL,0.39490000,25.32575249,0.39490000,2.28,0.2607,0.0000,0.00,147.3000,trade_through,True,False,0.39485500,0.39480000,0.39391000,0.39483000,1791445212810,1.7726,-4.2274,-18.2274,-13.2274,1.7726
524,1791445202540,C,hyperliquid,CRV,SELL,0.39490000,25.32575249,0.39490000,2.28,0.2607,0.0000,0.00,147.3000,trade_through,True,False,0.39485500,0.39480000,0.39391000,0.39483000,1791445212810,1.7726,-4.2274,-18.2274,-13.2274,1.7726
527,1791445214819,A,binance,PEPEUSDT,BUY,0.00000406,2460024.60024600,0.00000406,24.60,0.4895,0.0000,0.00,2543487497.0000,trade_through,True,False,0.00000406,0.00000406,0.00000406,0.00000405,1791445224836,-24.6305,-30.6305,-44.6305,-39.6305,-24.6305
528,1791445215314,A,hyperliquid,kPEPE,BUY,0.00405800,2463.96451891,0.00405800,2.46,0.5300,0.0000,0.00,1027467.0000,trade_through,True,False,0.00405850,0.00405650,0.00405350,0.00405600,1791445225337,-4.9285,-10.9285,-24.9285,-19.9285,-4.9285
529,1791445217715,A,hyperliquid,VVV,BUY,25.02600000,0.39948068,25.02600000,5.19,0.1596,0.0000,0.00,1.8300,trade_through,True,False,25.03250000,25.01950000,25.01400000,25.01500000,1791445227844,-4.3954,-10.3954,-24.3954,-19.3954,-4.3954
532,1791445224700,A,hyperliquid,VVV,BUY,25.02700000,0.39951259,25.02700000,2.80,0.5899,0.0000,0.00,1.8500,trade_through,True,False,25.01950000,25.01000000,25.01850000,25.00400000,1791445234856,-9.1901,-15.1901,-29.1901,-24.1901,-9.1901
533,1791445225611,A,binance,RAYUSDT,BUY,2.50400000,3.99273323,2.50400000,4.39,0.0691,0.0000,1.07,4.3000,trade_through,True,False,2.50225000,2.50430000,2.50245000,2.50380000,1791445235859,-0.7987,-6.7987,-20.7987,-15.7987,-0.7987
537,1791445229359,A,binance,ENAUSDT,BUY,0.22170000,45.09582864,0.22170000,4.51,0.6219,0.0000,0.78,152.3800,trade_through,True,False,0.22175000,0.22195000,0.22185000,0.22190000,1791445239364,9.0212,3.0212,-10.9788,-5.9788,9.0212
538,1791445229359,B,binance,ENAUSDT,BUY,0.22170000,45.09582864,0.22170000,4.51,0.6219,0.0000,0.78,152.3800,trade_through,True,False,0.22175000,0.22195000,0.22185000,0.22190000,1791445239364,9.0212,3.0212,-10.9788,-5.9788,9.0212
539,1791445229359,C,binance,ENAUSDT,BUY,0.22170000,45.09582864,0.22170000,4.51,0.6219,0.0000,0.78,152.3800,trade_through,True,False,0.22175000,0.22195000,0.22185000,0.22190000,1791445239364,9.0212,3.0212,-10.9788,-5.9788,9.0212
540,1791445230054,A,hyperliquid,ZRO,SELL,2.11660000,4.72556293,2.11660000,4.25,0.6530,0.0000,0.00,28.2000,trade_through,True,False,2.11720000,2.11790000,2.12165000,2.11810000,1791445240366,-7.0868,-13.0868,-27.0868,-22.0868,-7.0868
543,1791445241570,B,hyperliquid,PONS,BUY,0.40753000,24.53445865,0.40753000,2.94,0.8255,0.0000,0.00,512.0000,trade_through,True,False,0.40752500,0.40696500,0.40746000,0.40688000,1791445251887,-15.9497,-21.9497,-35.9497,-30.9497,-15.9497
544,1791445241570,C,hyperliquid,PONS,BUY,0.40753000,24.53445865,0.40753000,2.94,0.8255,0.0000,0.00,512.0000,trade_through,True,False,0.40752500,0.40696500,0.40746000,0.40688000,1791445251887,-15.9497,-21.9497,-35.9497,-30.9497,-15.9497
545,1791445245014,A,hyperliquid,VVV,SELL,25.02100000,0.39972020,25.02100000,2.80,0.2201,0.0000,0.00,1.8500,trade_through,True,False,25.01750000,25.03600000,25.00600000,25.04000000,1791445255397,-7.5936,-13.5936,-27.5936,-22.5936,-7.5936
546,1791445245014,B,hyperliquid,VVV,SELL,25.02100000,0.39972020,25.02100000,2.80,0.2201,0.0000,0.00,1.8500,trade_through,True,False,25.01750000,25.03600000,25.00600000,25.04000000,1791445255397,-7.5936,-13.5936,-27.5936,-22.5936,-7.5936
547,1791445245014,C,hyperliquid,VVV,SELL,25.02100000,0.39972020,25.02100000,2.80,0.2201,0.0000,0.00,1.8500,trade_through,True,False,25.01750000,25.03600000,25.00600000,25.04000000,1791445255397,-7.5936,-13.5936,-27.5936,-22.5936,-7.5936
548,1791445245014,A,hyperliquid,PONS,BUY,0.40743000,24.53837188,0.40743000,4.66,0.4812,0.0000,0.00,27.0000,trade_through,True,False,0.40752500,0.40714000,0.40746000,0.40704000,1791445255397,-9.5722,-15.5722,-29.5722,-24.5722,-9.5722
549,1791445245772,A,binance,ZROUSDT,SELL,2.11900000,4.72143532,2.11900000,9.44,0.4651,0.0000,1.51,443.6500,trade_through,True,False,2.12150000,2.12050000,2.12350000,2.12100000,1791445255899,-9.4384,-15.4384,-29.4384,-24.4384,-9.4384
550,1791445246401,C,binance,ZROUSDT,SELL,2.12000000,4.71809389,2.12000000,4.72,0.2950,73.9000,1.90,179.2200,trade_through,True,False,2.12150000,2.11950000,2.12350000,2.12000000,1791445256901,-0.0000,-6.0000,-20.0000,-15.0000,-0.0000
551,1791445246512,A,hyperliquid,ZRO,SELL,2.11780000,4.72288474,2.11780000,4.25,0.7370,0.0000,0.00,74.8000,trade_through,True,False,2.11915000,2.12035000,2.12335000,2.12070000,1791445256901,-13.6935,-19.6935,-33.6935,-28.6935,-13.6935
552,1791445255978,A,hyperliquid,VVV,BUY,25.03200000,0.39942483,25.03200000,3.20,0.0928,0.0000,0.00,2.5500,trade_through,True,False,25.03600000,25.02400000,25.00050000,25.02000000,1791445266421,-4.7939,-10.7939,-24.7939,-19.7939,-4.7939
554,1791445264620,A,hyperliquid,CASHCAT,SELL,0.12391000,80.72653885,0.12391000,5.65,0.7323,0.0000,0.00,2009.0000,trade_through,True,False,0.12387500,0.12395000,0.12391500,0.12403000,1791445274935,-9.6844,-15.6844,-29.6844,-24.6844,-9.6844
555,1791445275036,A,hyperliquid,VVV,SELL,25.01800000,0.39977613,25.01800000,3.20,0.0886,0.0000,0.00,1.8000,trade_through,True,False,25.01400000,25.00800000,24.99950000,25.01100000,1791445285457,2.7980,-3.2020,-17.2020,-12.2020,2.7980
556,1791445275036,B,hyperliquid,VVV,SELL,25.01800000,0.39977613,25.01800000,3.20,0.0886,0.0000,0.00,1.8000,trade_through,True,False,25.01400000,25.00800000,24.99950000,25.01100000,1791445285457,2.7980,-3.2020,-17.2020,-12.2020,2.7980
557,1791445275036,C,hyperliquid,VVV,SELL,25.01800000,0.39977613,25.01800000,3.20,0.0886,0.0000,0.00,1.8000,trade_through,True,False,25.01400000,25.00800000,24.99950000,25.01100000,1791445285457,2.7980,-3.2020,-17.2020,-12.2020,2.7980
559,1791445281870,A,hyperliquid,VVV,BUY,25.01500000,0.39970422,25.01500000,2.80,0.4087,0.0000,0.00,1.8000,trade_through,True,False,25.01850000,25.00900000,25.00100000,25.00700000,1791445291969,-3.1981,-9.1981,-23.1981,-18.1981,-3.1981
561,1791445283136,A,hyperliquid,kPEPE,BUY,0.00405200,2467.61258482,0.00405200,2.47,0.4931,0.0000,0.00,461874.0000,trade_through,True,False,0.00405250,0.00404950,0.00405150,0.00404900,1791445293473,-7.4038,-13.4038,-27.4038,-22.4038,-7.4038
563,1791445286734,A,hyperliquid,VVV,BUY,25.00500000,0.39987204,25.00500000,2.40,0.3322,0.0000,0.00,1.8100,trade_through,True,False,25.00800000,25.00850000,25.00000000,25.00600000,1791445296978,0.3999,-5.6001,-19.6001,-14.6001,0.3999
566,1791445297192,A,hyperliquid,kPEPE,SELL,0.00405000,2469.44067169,0.00405000,2.47,0.7364,0.0000,0.00,1109476.0000,trade_through,True,False,0.00404950,0.00405150,0.00405050,0.00405200,1791445307502,-4.9383,-10.9383,-24.9383,-19.9383,-4.9383
567,1791445302941,A,hyperliquid,kPEPE,BUY,0.00405200,2467.61258482,0.00405200,2.47,0.4797,0.0000,0.00,246960.0000,trade_through,True,False,0.00405250,0.00405050,0.00405050,0.00405000,1791445313011,-4.9358,-10.9358,-24.9358,-19.9358,-4.9358
571,1791445305043,A,hyperliquid,VVV,SELL,25.00900000,0.39990402,25.00900000,2.40,0.1241,0.0000,0.00,19.2800,trade_through,True,False,25.00600000,25.00050000,24.99750000,25.00300000,1791445315515,2.3991,-3.6009,-17.6009,-12.6009,2.3991
572,1791445305043,B,hyperliquid,VVV,SELL,25.00900000,0.39990402,25.00900000,2.40,0.1241,0.0000,0.00,19.2800,trade_through,True,False,25.00600000,25.00050000,24.99750000,25.00300000,1791445315515,2.3991,-3.6009,-17.6009,-12.6009,2.3991
573,1791445305043,C,hyperliquid,VVV,SELL,25.00900000,0.39990402,25.00900000,2.40,0.1241,0.0000,0.00,19.2800,trade_through,True,False,25.00600000,25.00050000,24.99750000,25.00300000,1791445315515,2.3991,-3.6009,-17.6009,-12.6009,2.3991
574,1791445306955,A,hyperliquid,VVV,BUY,25.00300000,0.39990402,25.00300000,2.40,0.1190,0.0000,0.00,1.8300,trade_through,True,False,25.00600000,25.00000000,24.99750000,24.99800000,1791445317018,-1.9998,-7.9998,-21.9998,-16.9998,-1.9998
576,1791445308035,A,hyperliquid,GRAM,BUY,1.42720000,7.00599012,1.42720000,2.10,0.3488,0.0000,0.00,1569.0000,trade_through,True,False,1.42735000,1.42720000,1.42685000,1.42700000,1791445318520,-1.4013,-7.4013,-21.4013,-16.4013,-1.4013
586,1791445335038,A,hyperliquid,VVV,SELL,25.00300000,0.40000800,25.00300000,2.80,0.3315,0.0000,0.00,8.3600,trade_through,True,False,24.99950000,25.00000000,24.96800000,25.00200000,1791445345073,0.4000,-5.6000,-19.6000,-14.6000,0.4000
587,1791445335038,B,hyperliquid,VVV,SELL,25.00300000,0.40000800,25.00300000,2.80,0.3315,0.0000,0.00,8.3600,trade_through,True,False,24.99950000,25.00000000,24.96800000,25.00200000,1791445345073,0.4000,-5.6000,-19.6000,-14.6000,0.4000
588,1791445335038,C,hyperliquid,VVV,SELL,25.00300000,0.40000800,25.00300000,2.80,0.3315,0.0000,0.00,8.3600,trade_through,True,False,24.99950000,25.00000000,24.96800000,25.00200000,1791445345073,0.4000,-5.6000,-19.6000,-14.6000,0.4000
589,1791445335909,A,hyperliquid,CASHCAT,SELL,0.12395000,80.69396813,0.12395000,4.03,0.7794,0.0000,0.00,999.0000,trade_through,True,False,0.12392500,0.12410000,0.12373500,0.12413000,1791445346077,-14.5220,-20.5220,-34.5220,-29.5220,-14.5220
590,1791445338272,A,hyperliquid,MON,SELL,0.02617200,382.13883104,0.02617200,2.67,0.6067,0.0000,0.00,1120.0000,trade_through,True,False,0.02617850,0.02616050,0.02613150,0.02616300,1791445348581,3.4388,-2.5612,-16.5612,-11.5612,3.4388
591,1791445340542,A,binance,XLMUSDT,SELL,0.19960000,50.11275370,0.19960000,5.01,0.4418,0.0000,0.00,103939.0000,trade_through,True,False,0.19965000,0.19955000,0.19945000,0.19960000,1791445350585,-0.0000,-6.0000,-20.0000,-15.0000,-0.0000
592,1791445341050,A,hyperliquid,AERO,BUY,0.78257000,12.77702180,0.78257000,2.17,0.1897,0.0000,0.00,355.0000,trade_through,True,False,0.78265500,0.78197000,0.77862500,0.78192000,1791445351086,-8.3060,-14.3060,-28.3060,-23.3060,-8.3060
594,1791445342322,A,hyperliquid,GRAM,BUY,1.42720000,7.00599012,1.42720000,2.10,0.3342,0.0000,0.00,278.0000,trade_through,True,False,1.42735000,1.42700000,1.42595000,1.42690000,1791445352589,-2.1020,-8.1020,-22.1020,-17.1020,-2.1020
595,1791445355214,A,hyperliquid,AERO,BUY,0.78127000,12.79770665,0.78127000,3.07,0.0083,0.0000,0.00,49.0000,trade_through,True,False,0.78139000,0.78007500,0.77858500,0.78003000,1791445365611,-15.8716,-21.8716,-35.8716,-30.8716,-15.8716
597,1791445358084,A,binance,ORCAUSDT,SELL,2.72400000,3.67174592,2.72400000,3.67,0.6352,2.4300,0.92,51.5700,trade_through,True,False,2.72450000,2.72500000,2.72300000,2.72600000,1791445368116,-7.3421,-13.3421,-27.3421,-22.3421,-7.3421
598,1791445371220,A,hyperliquid,MINA,BUY,0.08864400,112.78916322,0.08864400,3.83,0.4410,0.0000,5.62,4512.0000,trade_through,True,False,0.08866100,0.08858500,0.08872800,0.08857900,1791445381638,-7.3327,-13.3327,-27.3327,-22.3327,-7.3327
600,1791445372411,A,binance,ZROUSDT,BUY,2.11900000,4.71809389,2.11900000,4.72,0.5306,0.0000,0.00,380.2300,trade_through,True,False,2.12000000,2.11750000,2.11150000,2.11700000,1791445382642,-9.4384,-15.4384,-29.4384,-24.4384,-9.4384
602,1791445380003,A,hyperliquid,ZRO,BUY,2.11800000,4.72065523,2.11800000,3.30,0.5651,0.0000,0.00,214.9000,trade_through,True,False,2.11715000,2.11785000,2.11155000,2.11750000,1791445390155,-2.3607,-8.3607,-22.3607,-17.3607,-2.3607
603,1791445380950,C,binance,ORCAUSDT,BUY,2.72400000,3.67039824,2.72400000,3.67,0.6991,0.0000,0.58,256.9600,trade_through,True,False,2.72300000,2.72300000,2.72600000,2.72200000,1791445391157,-7.3421,-13.3421,-27.3421,-22.3421,-7.3421
606,1791445427594,A,hyperliquid,PONS,BUY,0.40759000,24.52994493,0.40759000,3.68,0.8422,0.0000,0.00,3498.0000,trade_through,True,False,0.40766500,0.40746500,0.40685500,0.40738000,1791445437743,-5.1522,-11.1522,-25.1522,-20.1522,-5.1522
607,1791445427594,B,hyperliquid,PONS,BUY,0.40759000,24.52994493,0.40759000,3.68,0.8422,0.0000,0.00,3498.0000,trade_through,True,False,0.40766500,0.40746500,0.40685500,0.40738000,1791445437743,-5.1522,-11.1522,-25.1522,-20.1522,-5.1522
608,1791445427594,C,hyperliquid,PONS,BUY,0.40759000,24.52994493,0.40759000,3.68,0.8422,0.0000,0.00,3498.0000,trade_through,True,False,0.40766500,0.40746500,0.40685500,0.40738000,1791445437743,-5.1522,-11.1522,-25.1522,-20.1522,-5.1522
609,1791445432459,A,binance,ENAUSDT,BUY,0.22140000,45.15692030,0.22140000,4.52,0.6616,6532.1900,0.77,26501.2200,trade_through,True,False,0.22135000,0.22135000,0.22125000,0.22130000,1791445442753,-4.5167,-10.5167,-24.5167,-19.5167,-4.5167
610,1791445432459,B,binance,ENAUSDT,BUY,0.22140000,45.15692030,0.22140000,4.52,0.6616,6532.1900,0.77,26501.2200,trade_through,True,False,0.22135000,0.22135000,0.22125000,0.22130000,1791445442753,-4.5167,-10.5167,-24.5167,-19.5167,-4.5167
613,1791445436536,A,hyperliquid,PONS,BUY,0.40738000,24.54198520,0.40738000,4.17,0.9041,58.0000,0.00,456.0000,trade_through,True,False,0.40746500,0.40688500,0.40694000,0.40683000,1791445446762,-13.5009,-19.5009,-33.5009,-28.5009,-13.5009
614,1791445436536,B,hyperliquid,PONS,BUY,0.40738000,24.54198520,0.40738000,4.17,0.9041,58.0000,0.00,456.0000,trade_through,True,False,0.40746500,0.40688500,0.40694000,0.40683000,1791445446762,-13.5009,-19.5009,-33.5009,-28.5009,-13.5009
615,1791445436536,C,hyperliquid,PONS,BUY,0.40738000,24.54198520,0.40738000,4.17,0.9041,58.0000,0.00,456.0000,trade_through,True,False,0.40746500,0.40688500,0.40694000,0.40683000,1791445446762,-13.5009,-19.5009,-33.5009,-28.5009,-13.5009
617,1791445441596,A,hyperliquid,CRV,BUY,0.39317000,25.43137978,0.39317000,2.29,0.5969,0.0000,0.00,2149.6000,trade_through,True,False,0.39321500,0.39276500,0.39247500,0.39271000,1791445451770,-11.6998,-17.6998,-31.6998,-26.6998,-11.6998
620,1791445448008,A,hyperliquid,CRV,BUY,0.39282000,25.45338848,0.39282000,2.80,0.3493,0.0000,0.00,1018.3000,trade_through,True,False,0.39287500,0.39279000,0.39246500,0.39271000,1791445458281,-2.8003,-8.8003,-22.8003,-17.8003,-2.8003
622,1791445455004,A,hyperliquid,VVV,SELL,24.94500000,0.40093016,24.94500000,2.41,0.2461,0.0000,0.00,14.1500,trade_through,True,False,24.95150000,24.95100000,24.92750000,24.95500000,1791445465292,-4.0088,-10.0088,-24.0088,-19.0088,-4.0088
623,1791445455004,B,hyperliquid,VVV,SELL,24.94500000,0.40093016,24.94500000,2.41,0.2461,0.0000,0.00,14.1500,trade_through,True,False,24.95150000,24.95100000,24.92750000,24.95500000,1791445465292,-4.0088,-10.0088,-24.0088,-19.0088,-4.0088
624,1791445455004,C,hyperliquid,VVV,SELL,24.94500000,0.40093016,24.94500000,2.41,0.2461,0.0000,0.00,14.1500,trade_through,True,False,24.95150000,24.95100000,24.92750000,24.95500000,1791445465292,-4.0088,-10.0088,-24.0088,-19.0088,-4.0088
629,1791445481623,A,hyperliquid,VVV,BUY,24.93800000,0.40093016,24.93800000,3.21,0.6972,0.0000,0.00,16.5300,trade_through,True,False,24.93200000,24.94500000,24.94400000,24.94100000,1791445491835,1.2030,-4.7970,-18.7970,-13.7970,1.2030
630,1791445481623,B,hyperliquid,VVV,BUY,24.93800000,0.40093016,24.93800000,3.21,0.6972,0.0000,0.00,16.5300,trade_through,True,False,24.93200000,24.94500000,24.94400000,24.94100000,1791445491835,1.2030,-4.7970,-18.7970,-13.7970,1.2030
631,1791445481623,C,hyperliquid,VVV,BUY,24.93800000,0.40093016,24.93800000,3.21,0.6972,0.0000,0.00,16.5300,trade_through,True,False,24.93200000,24.94500000,24.94400000,24.94100000,1791445491835,1.2030,-4.7970,-18.7970,-13.7970,1.2030
632,1791445483263,A,binance,ADAUSDT,SELL,0.25300000,39.53350465,0.25300000,3.95,0.5220,0.0000,0.59,7421.1000,trade_through,True,False,0.25305000,0.25305000,0.25295000,0.25310000,1791445493339,-3.9526,-9.9526,-23.9526,-18.9526,-3.9526
633,1791445483743,A,hyperliquid,kPEPE,SELL,0.00405000,2469.44067169,0.00405000,2.47,0.5482,0.0000,0.00,1692860.0000,trade_through,True,False,0.00404950,0.00405050,0.00404950,0.00405100,1791445493841,-2.4691,-8.4691,-22.4691,-17.4691,-2.4691
634,1791445484888,A,hyperliquid,VVV,SELL,24.93600000,0.40109097,24.93600000,3.21,0.3235,0.0000,0.00,1.7500,trade_through,True,False,24.93200000,24.94450000,24.94150000,24.94900000,1791445495344,-5.2133,-11.2133,-25.2133,-20.2133,-5.2133
635,1791445484888,B,hyperliquid,VVV,SELL,24.93600000,0.40109097,24.93600000,3.21,0.3235,0.0000,0.00,1.7500,trade_through,True,False,24.93200000,24.94450000,24.94150000,24.94900000,1791445495344,-5.2133,-11.2133,-25.2133,-20.2133,-5.2133
636,1791445484888,C,hyperliquid,VVV,SELL,24.93600000,0.40109097,24.93600000,3.21,0.3235,0.0000,0.00,1.7500,trade_through,True,False,24.93200000,24.94450000,24.94150000,24.94900000,1791445495344,-5.2133,-11.2133,-25.2133,-20.2133,-5.2133
637,1791445491042,A,hyperliquid,MON,SELL,0.02613100,382.73849392,0.02613100,2.68,0.8172,0.0000,0.00,1678.0000,trade_through,True,False,0.02612750,0.02613050,0.02609950,0.02613300,1791445501360,-0.7654,-6.7654,-20.7654,-15.7654,-0.7654
638,1791445491429,A,hyperliquid,FARTCOIN,SELL,0.16038000,62.35969070,0.16038000,2.49,0.7019,0.0000,0.00,481.2000,trade_through,True,False,0.16036000,0.16037000,0.16048500,0.16038000,1791445501860,-0.0000,-6.0000,-20.0000,-15.0000,-0.0000
640,1791445496076,A,binance,RAYUSDT,SELL,2.49920000,4.00208108,2.49920000,4.00,0.5771,0.0000,0.33,23.2000,trade_through,True,False,2.49965000,2.49885000,2.49915000,2.49920000,1791445506367,-0.0000,-6.0000,-20.0000,-15.0000,-0.0000
642,1791445508169,A,hyperliquid,GRAM,SELL,1.42610000,7.01286861,1.42610000,2.10,0.3333,0.0000,0.00,2653.0000,trade_through,True,False,1.42595000,1.42625000,1.42530000,1.42630000,1791445518393,-1.4024,-7.4024,-21.4024,-16.4024,-1.4024
643,1791445508169,B,hyperliquid,GRAM,SELL,1.42610000,7.01286861,1.42610000,2.10,0.3333,0.0000,0.00,2653.0000,trade_through,True,False,1.42595000,1.42625000,1.42530000,1.42630000,1791445518393,-1.4024,-7.4024,-21.4024,-16.4024,-1.4024
644,1791445508169,C,hyperliquid,GRAM,SELL,1.42610000,7.01286861,1.42610000,2.10,0.3333,0.0000,0.00,2653.0000,trade_through,True,False,1.42595000,1.42625000,1.42530000,1.42630000,1791445518393,-1.4024,-7.4024,-21.4024,-16.4024,-1.4024
646,1791445523055,A,hyperliquid,JUP,BUY,0.37845000,26.41903227,0.37845000,3.43,0.0640,0.0000,0.00,132.0000,trade_through,True,False,0.37851500,0.37866500,0.37735500,0.37866000,1791445533417,5.5489,-0.4511,-14.4511,-9.4511,5.5489
647,1791445525085,A,hyperliquid,FARTCOIN,SELL,0.16033000,62.37914042,0.16033000,2.50,0.4294,0.0000,0.00,11889.6000,trade_through,True,False,0.16048500,0.16047500,0.16024500,0.16048000,1791445535420,-9.3557,-15.3557,-29.3557,-24.3557,-9.3557
648,1791445525283,A,hyperliquid,JUP,SELL,0.37858000,26.41903227,0.37858000,3.43,0.0640,0.0000,0.00,1930.0000,trade_through,True,False,0.37876500,0.37866500,0.37695500,0.37867000,1791445535420,-2.3773,-8.3773,-22.3773,-17.3773,-2.3773
649,1791445525283,B,hyperliquid,JUP,SELL,0.37858000,26.41903227,0.37858000,3.43,0.0640,0.0000,0.00,1930.0000,trade_through,True,False,0.37876500,0.37866500,0.37695500,0.37867000,1791445535420,-2.3773,-8.3773,-22.3773,-17.3773,-2.3773
650,1791445525283,C,hyperliquid,JUP,SELL,0.37858000,26.41903227,0.37858000,3.43,0.0640,0.0000,0.00,1930.0000,trade_through,True,False,0.37876500,0.37866500,0.37695500,0.37867000,1791445535420,-2.3773,-8.3773,-22.3773,-17.3773,-2.3773
651,1791445528615,A,hyperliquid,MON,SELL,0.02611400,382.98768695,0.02611400,2.68,0.8524,0.0000,0.00,1141.0000,trade_through,True,False,0.02611050,0.02609950,0.02607650,0.02610100,1791445538928,4.9782,-1.0218,-15.0218,-10.0218,4.9782
652,1791445530347,A,hyperliquid,MON,BUY,0.02610700,382.98768695,0.02610700,2.68,0.8524,0.0000,0.00,2282.0000,trade_through,True,False,0.02610350,0.02609950,0.02607050,0.02609800,1791445540431,-3.4474,-9.4474,-23.4474,-18.4474,-3.4474
653,1791445530347,B,hyperliquid,MON,BUY,0.02610700,382.98768695,0.02610700,2.68,0.8524,0.0000,0.00,2282.0000,trade_through,True,False,0.02610350,0.02609950,0.02607050,0.02609800,1791445540431,-3.4474,-9.4474,-23.4474,-18.4474,-3.4474
654,1791445530347,C,hyperliquid,MON,BUY,0.02610700,382.98768695,0.02610700,2.68,0.8524,0.0000,0.00,2282.0000,trade_through,True,False,0.02610350,0.02609950,0.02607050,0.02609800,1791445540431,-3.4474,-9.4474,-23.4474,-18.4474,-3.4474
656,1791445531633,A,binance,FETUSDT,BUY,0.23150000,43.18721658,0.23150000,4.32,0.4770,0.0000,0.72,22.7000,trade_through,True,False,0.23145000,0.23145000,0.23105000,0.23140000,1791445541933,-4.3197,-10.3197,-24.3197,-19.3197,-4.3197
658,1791445543233,A,hyperliquid,VVV,SELL,24.94700000,0.40093820,24.94700000,4.41,0.4845,0.0000,0.00,1.7500,trade_through,True,False,24.94150000,24.94350000,24.90850000,24.94800000,1791445553462,-0.4008,-6.4008,-20.4008,-15.4008,-0.4008
661,1791445555240,A,hyperliquid,JUP,BUY,0.37833000,26.42845816,0.37833000,2.64,0.2105,0.0000,0.00,462.0000,trade_through,True,False,0.37838000,0.37810000,0.37774500,0.37809000,1791445565480,-6.3437,-12.3437,-26.3437,-21.3437,-6.3437
662,1791445560604,A,hyperliquid,CRV,BUY,0.39253000,25.47251516,0.39253000,2.55,0.4148,0.0000,0.00,1379.6000,trade_through,True,False,0.39258000,0.39216000,0.39203500,0.39214000,1791445570990,-9.9355,-15.9355,-29.9355,-24.9355,-9.9355
663,1791445561353,A,hyperliquid,VVV,BUY,24.94000000,0.40089801,24.94000000,3.21,0.1164,0.0000,0.00,1.7400,trade_through,True,False,24.94400000,24.92200000,24.90200000,24.91900000,1791445571492,-8.4202,-14.4202,-28.4202,-23.4202,-8.4202
664,1791445563525,B,hyperliquid,kPEPE,BUY,0.00404800,2469.74561620,0.00404800,4.94,0.6382,0.0000,0.00,1347529.0000,trade_through,True,False,0.00404750,0.00404550,0.00404450,0.00404500,1791445573997,-7.4111,-13.4111,-27.4111,-22.4111,-7.4111
665,1791445563525,C,hyperliquid,kPEPE,BUY,0.00404800,2469.74561620,0.00404800,4.94,0.6382,0.0000,0.00,1347529.0000,trade_through,True,False,0.00404750,0.00404550,0.00404450,0.00404500,1791445573997,-7.4111,-13.4111,-27.4111,-22.4111,-7.4111
666,1791445568018,A,hyperliquid,CRV,BUY,0.39221000,25.49394519,0.39221000,2.04,0.6617,0.0000,0.00,1657.7000,trade_through,True,False,0.39216000,0.39200500,0.39214000,0.39200000,1791445578507,-5.3543,-11.3543,-25.3543,-20.3543,-5.3543
667,1791445568018,B,hyperliquid,CRV,BUY,0.39221000,25.49394519,0.39221000,2.04,0.6617,0.0000,0.00,1657.7000,trade_through,True,False,0.39216000,0.39200500,0.39214000,0.39200000,1791445578507,-5.3543,-11.3543,-25.3543,-20.3543,-5.3543
668,1791445568018,C,hyperliquid,CRV,BUY,0.39221000,25.49394519,0.39221000,2.04,0.6617,0.0000,0.00,1657.7000,trade_through,True,False,0.39216000,0.39200500,0.39214000,0.39200000,1791445578507,-5.3543,-11.3543,-25.3543,-20.3543,-5.3543
671,1791445574992,A,hyperliquid,JUP,BUY,0.37778000,26.46237712,0.37778000,6.09,0.3830,0.0000,0.00,121.0000,trade_through,True,False,0.37789500,0.37695500,0.37800000,0.37695000,1791445585022,-21.9705,-27.9705,-41.9705,-36.9705,-21.9705
672,1791445595000,A,hyperliquid,kPEPE,SELL,0.00404500,2472.49350970,0.00404500,2.47,0.6157,0.0000,0.00,238869.0000,trade_through,True,False,0.00404550,0.00404550,0.00404350,0.00404600,1791445605064,-2.4722,-8.4722,-22.4722,-17.4722,-2.4722
673,1791445608933,A,hyperliquid,VVV,SELL,24.91100000,0.40147744,24.91100000,2.41,0.3526,0.0000,0.00,2.0100,trade_through,True,False,24.90800000,24.90200000,24.90400000,24.90400000,1791445619096,2.8100,-3.1900,-17.1900,-12.1900,2.8100
674,1791445608933,B,hyperliquid,VVV,SELL,24.91100000,0.40147744,24.91100000,2.41,0.3526,0.0000,0.00,2.0100,trade_through,True,False,24.90800000,24.90200000,24.90400000,24.90400000,1791445619096,2.8100,-3.1900,-17.1900,-12.1900,2.8100
675,1791445608933,C,hyperliquid,VVV,SELL,24.91100000,0.40147744,24.91100000,2.41,0.3526,0.0000,0.00,2.0100,trade_through,True,False,24.90800000,24.90200000,24.90400000,24.90400000,1791445619096,2.8100,-3.1900,-17.1900,-12.1900,2.8100
677,1791445608933,A,hyperliquid,VVV,BUY,24.90500000,0.40147744,24.90500000,2.41,0.3526,0.0000,0.00,1.7000,trade_through,True,False,24.90800000,24.90200000,24.90400000,24.90000000,1791445619096,-2.0076,-8.0076,-22.0076,-17.0076,-2.0076
679,1791445632770,A,hyperliquid,CASHCAT,BUY,0.12370000,80.80808081,0.12370000,8.08,0.2585,0.0000,0.00,1000.0000,trade_through,True,False,0.12373000,0.12360500,0.12340000,0.12356000,1791445643142,-11.3177,-17.3177,-31.3177,-26.3177,-11.3177
682,1791445635063,A,hyperliquid,VVV,SELL,24.91200000,0.40145326,24.91200000,2.01,0.8904,0.0000,0.00,20.0700,trade_through,True,False,24.90950000,24.90950000,24.90400000,24.91300000,1791445645144,-0.4014,-6.4014,-20.4014,-15.4014,-0.4014
683,1791445635128,A,hyperliquid,CASHCAT,BUY,0.12367000,80.82114281,0.12367000,9.70,0.5216,98.0000,0.00,1679.0000,trade_through,True,False,0.12373000,0.12361500,0.12340000,0.12360000,1791445645144,-5.6602,-11.6602,-25.6602,-20.6602,-5.6602
685,1791445635918,A,binance,FETUSDT,SELL,0.23100000,43.29941546,0.23100000,4.33,0.5811,0.0000,0.90,4092.0000,trade_through,True,False,0.23105000,0.23105000,0.23095000,0.23110000,1791445646147,-4.3290,-10.3290,-24.3290,-19.3290,-4.3290
687,1791445650060,A,hyperliquid,ZRO,BUY,2.11200000,4.73406396,2.11200000,3.31,0.6533,0.0000,0.00,28.2000,trade_through,True,False,2.11235000,2.11075000,2.10860000,2.11040000,1791445660171,-7.5758,-13.5758,-27.5758,-22.5758,-7.5758
688,1791445650060,B,hyperliquid,ZRO,BUY,2.11200000,4.73406396,2.11200000,3.31,0.6533,0.0000,0.00,28.2000,trade_through,True,False,2.11235000,2.11075000,2.10860000,2.11040000,1791445660171,-7.5758,-13.5758,-27.5758,-22.5758,-7.5758
689,1791445650060,C,hyperliquid,ZRO,BUY,2.11200000,4.73406396,2.11200000,3.31,0.6533,0.0000,0.00,28.2000,trade_through,True,False,2.11235000,2.11075000,2.10860000,2.11040000,1791445660171,-7.5758,-13.5758,-27.5758,-22.5758,-7.5758
690,1791445650727,A,binance,RAYUSDT,BUY,2.49300000,4.01042711,2.49300000,4.01,0.6755,0.0000,0.44,619.7000,trade_through,True,False,2.49265000,2.49175000,2.49135000,2.49130000,1791445661175,-6.8191,-12.8191,-26.8191,-21.8191,-6.8191
691,1791445650727,B,binance,RAYUSDT,BUY,2.49300000,4.01042711,2.49300000,4.01,0.6755,0.0000,0.44,619.7000,trade_through,True,False,2.49265000,2.49175000,2.49135000,2.49130000,1791445661175,-6.8191,-12.8191,-26.8191,-21.8191,-6.8191
692,1791445650727,C,binance,RAYUSDT,BUY,2.49300000,4.01042711,2.49300000,4.01,0.6755,0.0000,0.44,619.7000,trade_through,True,False,2.49265000,2.49175000,2.49135000,2.49130000,1791445661175,-6.8191,-12.8191,-26.8191,-21.8191,-6.8191
693,1791445658850,A,hyperliquid,CRV,SELL,0.39178000,25.52811283,0.39178000,2.81,0.5636,0.0000,0.00,231.0000,trade_through,True,False,0.39182500,0.39172000,0.39223500,0.39177000,1791445669190,0.2552,-5.7448,-19.7448,-14.7448,0.2552
697,1791445684610,A,binance,RAYUSDT,SELL,2.49200000,4.01356585,2.49200000,3.61,0.1107,0.0000,0.27,20.8000,trade_through,True,False,2.49195000,2.49235000,2.49285000,2.49280000,1791445694733,-3.2103,-9.2103,-23.2103,-18.2103,-3.2103
698,1791445684610,B,binance,RAYUSDT,SELL,2.49200000,4.01356585,2.49200000,3.61,0.1107,0.0000,0.27,20.8000,trade_through,True,False,2.49195000,2.49235000,2.49285000,2.49280000,1791445694733,-3.2103,-9.2103,-23.2103,-18.2103,-3.2103
699,1791445684610,C,binance,RAYUSDT,SELL,2.49200000,4.01356585,2.49200000,3.61,0.1107,0.0000,0.27,20.8000,trade_through,True,False,2.49195000,2.49235000,2.49285000,2.49280000,1791445694733,-3.2103,-9.2103,-23.2103,-18.2103,-3.2103
703,1791445687042,A,binance,RAYUSDT,SELL,2.49220000,4.01324370,2.49220000,3.61,0.2121,0.0000,0.34,1033.0000,trade_through,True,False,2.49295000,2.49225000,2.49280000,2.49260000,1791445697241,-1.6050,-7.6050,-21.6050,-16.6050,-1.6050
704,1791445687042,B,binance,RAYUSDT,SELL,2.49220000,4.01324370,2.49220000,3.61,0.2121,0.0000,0.34,1033.0000,trade_through,True,False,2.49295000,2.49225000,2.49280000,2.49260000,1791445697241,-1.6050,-7.6050,-21.6050,-16.6050,-1.6050
705,1791445687042,C,binance,RAYUSDT,SELL,2.49220000,4.01324370,2.49220000,3.61,0.2121,0.0000,0.34,1033.0000,trade_through,True,False,2.49295000,2.49225000,2.49280000,2.49260000,1791445697241,-1.6050,-7.6050,-21.6050,-16.6050,-1.6050
708,1791445693951,A,hyperliquid,FARTCOIN,BUY,0.16011000,62.44731008,0.16011000,3.12,0.5736,0.0000,0.00,11869.6000,trade_through,True,False,0.16013500,0.16021000,0.16038500,0.16019000,1791445704254,4.9966,-1.0034,-15.0034,-10.0034,4.9966
709,1791445695023,A,hyperliquid,VVV,SELL,24.90700000,0.40154192,24.90700000,2.41,0.9323,0.0000,0.00,20.6200,trade_through,True,False,24.90400000,24.91650000,24.94650000,24.91800000,1791445705256,-4.4164,-10.4164,-24.4164,-19.4164,-4.4164
712,1791445709587,A,hyperliquid,CRV,SELL,0.39190000,25.51996938,0.39190000,2.55,0.4440,0.0000,0.00,1020.7000,trade_through,True,False,0.39185000,0.39222000,0.39187000,0.39224000,1791445719784,-8.6757,-14.6757,-28.6757,-23.6757,-8.6757
714,1791445717186,A,hyperliquid,VVV,SELL,24.92400000,0.40126801,24.92400000,2.41,0.8721,0.0000,0.00,21.8000,trade_through,True,False,24.92100000,24.91750000,24.92300000,24.92100000,1791445727294,1.2037,-4.7963,-18.7963,-13.7963,1.2037
715,1791445720227,A,binance,ZROUSDT,SELL,2.11100000,4.73821369,2.11100000,4.74,0.6149,0.0000,1.33,12.4900,trade_through,True,False,2.11250000,2.11350000,2.11250000,2.11400000,1791445730298,-14.2113,-20.2113,-34.2113,-29.2113,-14.2113
716,1791445721350,A,binance,FETUSDT,SELL,0.23120000,43.26195111,0.23120000,4.33,0.6441,0.0000,1.13,941.4000,trade_through,True,False,0.23125000,0.23125000,0.23105000,0.23130000,1791445731800,-4.3253,-10.3253,-24.3253,-19.3253,-4.3253
717,1791445721963,A,hyperliquid,FARTCOIN,SELL,0.16030000,62.39276244,0.16030000,3.12,0.7765,0.0000,0.00,420.6000,trade_through,True,False,0.16027500,0.16032500,0.16024000,0.16034000,1791445732301,-2.4953,-8.4953,-22.4953,-17.4953,-2.4953
719,1791445725609,A,hyperliquid,VVV,SELL,24.92100000,0.40132437,24.92100000,2.81,0.7570,0.0000,0.00,1.6100,trade_through,True,False,24.91750000,24.94550000,24.93050000,24.94800000,1791445735806,-10.8342,-16.8342,-30.8342,-25.8342,-10.8342
721,1791445729075,A,hyperliquid,MINA,BUY,0.08815800,113.41919166,0.08815800,2.38,0.7357,0.0000,0.00,4537.0000,trade_through,True,False,0.08816100,0.08818250,0.08876200,0.08818200,1791445739314,2.7224,-3.2776,-17.2776,-12.2776,2.7224
722,1791445729075,B,hyperliquid,MINA,BUY,0.08815800,113.41919166,0.08815800,2.38,0.7357,0.0000,0.00,4537.0000,trade_through,True,False,0.08816100,0.08818250,0.08876200,0.08818200,1791445739314,2.7224,-3.2776,-17.2776,-12.2776,2.7224
723,1791445729075,C,hyperliquid,MINA,BUY,0.08815800,113.41919166,0.08815800,2.38,0.7357,0.0000,0.00,4537.0000,trade_through,True,False,0.08816100,0.08818250,0.08876200,0.08818200,1791445739314,2.7224,-3.2776,-17.2776,-12.2776,2.7224
724,1791445735061,A,hyperliquid,MINA,SELL,0.08817100,113.42884042,0.08817100,2.27,0.2762,0.0000,0.00,4537.0000,trade_through,True,False,0.08818250,0.08827950,0.08867750,0.08828000,1791445745324,-12.3623,-18.3623,-32.3623,-27.3623,-12.3623
725,1791445735061,B,hyperliquid,MINA,SELL,0.08817100,113.42884042,0.08817100,2.27,0.2762,0.0000,0.00,4537.0000,trade_through,True,False,0.08818250,0.08827950,0.08867750,0.08828000,1791445745324,-12.3623,-18.3623,-32.3623,-27.3623,-12.3623
726,1791445735061,C,hyperliquid,MINA,SELL,0.08817100,113.42884042,0.08817100,2.27,0.2762,0.0000,0.00,4537.0000,trade_through,True,False,0.08818250,0.08827950,0.08867750,0.08828000,1791445745324,-12.3623,-18.3623,-32.3623,-27.3623,-12.3623
