trade_id,symbol,side,utc_time_ms,mid_at_fill,markout_1s_bps,markout_10s_bps,markout_60s_bps
0,BTCUSDT,SELL,1791032597013,84849.005,-0.1179,-1.2964,-1.2964
1,BTCUSDT,SELL,1791032599511,84850.015,-1.1774,-1.1774,-1.1774
2,ETHUSDT,SELL,1791032600318,2682.2650000000003,-1.9014,-1.9014,-0.0000
3,ETHUSDT,BUY,1791032619944,2682.775,-0.2236,-0.6709,-3.9884
4,ETHUSDT,BUY,1791032668109,2681.8050000000003,-0.1864,-0.1864,-1.0441
5,ETHUSDT,BUY,1791032679326,2681.755,-0.1864,-0.8576,-0.8576
6,ETHUSDT,BUY,1791032681351,2681.705,-0.6712,-0.6712,-0.6712
7,BTCUSDT,BUY,1791032746350,84856.945,-0.3465,-1.2892,-3.2019
8,BTCUSDT,BUY,1791032778730,84846.005,-0.9700,-1.9129,-0.9723
9,BTCUSDT,BUY,1791032780011,84837.775,-0.1851,-0.9430,-0.0024
10,BTCUSDT,BUY,1791032785916,84836.205,-0.7579,-0.7579,-0.4951
11,ETHUSDT,SELL,1791032806670,2681.525,-2.0884,-2.0884,1.1561
12,ETHUSDT,BUY,1791032825458,2681.645,-0.5221,-0.5221,-3.8036
13,BTCUSDT,BUY,1791032841766,84837.755,-0.6778,-0.7815,-0.7815
14,BTCUSDT,BUY,1791032850473,84832.005,-0.1037,-0.1037,-0.1179
15,BTCUSDT,BUY,1791032968059,84830.58499999999,-0.3041,-0.3041,3.4704
16,ETHUSDT,BUY,1791032968473,2681.035,-0.2238,-0.2238,1.8277
17,ETHUSDT,SELL,1791032999641,2681.475,-0.1865,-0.1865,-0.1865
18,ETHUSDT,BUY,1791033086797,2681.525,-0.1492,-0.2610,-2.3494
19,ETHUSDT,BUY,1791033104503,2681.435,-1.3799,-1.6782,-2.0138
20,ETHUSDT,BUY,1791033105834,2681.065,-0.2984,-0.2984,-0.6341
21,ETHUSDT,BUY,1791033146719,2680.935,-0.1492,-0.1492,-2.3126
22,BTCUSDT,BUY,1791033174147,84850.01999999999,-0.0018,-0.6005,-0.9446
23,ETHUSDT,SELL,1791033222767,2680.315,-0.5969,-1.1939,-3.5444
24,BTCUSDT,SELL,1791033235893,84842.015,-1.3319,-1.3319,-1.3319
25,BTCUSDT,SELL,1791033236389,84850.015,-0.3889,-0.3889,-0.3889
26,ETHUSDT,BUY,1791033308000,2680.9849999999997,-0.1865,-0.1865,-0.4476
27,ETHUSDT,BUY,1791033322140,2680.9049999999997,-0.1492,-0.1492,-0.1492
28,BTCUSDT,BUY,1791033329707,84849.215,-1.0077,-1.0077,-1.0077
29,BTCUSDT,BUY,1791033449597,84840.66500000001,-0.0024,-0.2546,-2.1994
30,BTCUSDT,BUY,1791033453001,84840.64499999999,-0.2522,-0.2522,-2.1971
31,BTCUSDT,BUY,1791033469058,84838.505,-0.2947,-0.2947,-1.9449
34,ETHUSDT,SELL,1791033581986,2679.175,-1.5676,-1.5676,-1.0451
35,ETHUSDT,BUY,1791033617979,2679.5550000000003,-0.1866,-0.1866,-3.3961
36,BTCUSDT,BUY,1791033626704,84810.935,-0.9409,-0.9421,-2.9642
37,ETHUSDT,BUY,1791033652452,2679.435,-0.1493,-1.6795,-5.0384
38,ETHUSDT,BUY,1791033665753,2678.9799999999996,-0.1306,-1.2505,-3.3408
39,ETHUSDT,BUY,1791033671736,2678.915,-1.0079,-1.1945,-4.3674
40,BTCUSDT,BUY,1791033678439,84792.295,-0.1993,-0.7666,-0.1993
41,BTCUSDT,BUY,1791033682974,84790.60500000001,-0.1769,-2.3882,0.0000
42,ETHUSDT,BUY,1791033690684,2678.5950000000003,-1.3440,-1.3440,-2.4266
43,ETHUSDT,SELL,1791033739857,2677.915,-0.0000,-0.1120,-1.7178
44,ETHUSDT,SELL,1791033796184,2678.3450000000003,-0.1120,-0.1120,-0.7841
47,ETHUSDT,SELL,1791033905275,2678.8450000000003,-0.4106,-0.5599,-1.4185
48,ETHUSDT,SELL,1791033908874,2678.955,-0.1493,-0.1493,-1.0079
49,ETHUSDT,BUY,1791034043447,2679.215,-1.4183,-1.4183,-1.4183
50,BTCUSDT,BUY,1791034101390,84812.035,-0.0035,-0.0035,-0.0035
51,BTCUSDT,SELL,1791034419032,84812.015,-1.6000,-1.6000,-9.3866
52,BTCUSDT,SELL,1791034430373,84825.58499999999,-0.2853,-0.2853,-8.8959
53,BTCUSDT,SELL,1791034480736,84891.625,-0.9860,-1.1097,-5.4034
54,BTCUSDT,SELL,1791034492836,84901.045,-1.2909,-1.2909,-4.8822
56,ETHUSDT,BUY,1791034521150,2681.145,-0.2238,-0.2238,5.0352
57,ETHUSDT,SELL,1791034551199,2681.085,-1.0817,-1.0817,-1.0071
58,ETHUSDT,SELL,1791034569344,2681.865,-1.4169,-2.3491,2.4983
59,ETHUSDT,SELL,1791034569874,2681.935,-1.1559,-2.0880,2.7592
60,ETHUSDT,SELL,1791034575304,2682.245,-0.9321,-1.4167,3.9146
61,BTCUSDT,BUY,1791034601451,84960.005,-0.7710,-2.5895,-6.3559
62,BTCUSDT,BUY,1791034616116,84937.505,-0.1766,-0.3450,-3.2765
63,BTCUSDT,BUY,1791034619662,84936.005,-0.1684,-0.3520,-3.1000
64,ETHUSDT,BUY,1791034642561,2681.1949999999997,-1.8275,-2.7600,-0.0373
65,BTCUSDT,BUY,1791034650791,84916.035,-1.1812,-1.1812,-0.7490
66,BTCUSDT,BUY,1791034651526,84909.67499999999,-0.4322,-0.4322,0.0000
67,BTCUSDT,BUY,1791034662025,84906.005,0.0000,0.4322,1.6489
68,ETHUSDT,SELL,1791034707772,2681.295,-0.5594,-1.0816,0.8578
69,ETHUSDT,SELL,1791034722991,2681.585,-0.4848,1.9392,1.9392
70,ETHUSDT,BUY,1791034724799,2681.715,-0.4475,-2.4238,-2.4238
71,BTCUSDT,SELL,1791034735971,84903.845,-0.4900,-0.4900,-0.4900
72,ETHUSDT,BUY,1791034791339,2681.0550000000003,-0.3357,-0.3357,2.4990
73,ETHUSDT,SELL,1791034808553,2680.975,-0.5968,-1.8650,-4.1403
74,BTCUSDT,SELL,1791034811483,84908.005,-1.2649,-1.2649,-0.3757
75,BTCUSDT,BUY,1791034855794,84918.745,-0.8891,-0.8891,-0.8432
76,BTCUSDT,BUY,1791035041639,84882.89499999999,-0.7033,-1.8272,-5.8280
77,ETHUSDT,BUY,1791035045012,2681.565,-0.3356,-0.6340,-3.2071
78,BTCUSDT,BUY,1791035055698,84863.82500000001,-0.4501,-1.7628,-3.5822
79,BTCUSDT,BUY,1791035072445,84838.465,-0.5941,-0.5941,-0.5941
82,ETHUSDT,SELL,1791035196484,2680.785,-2.1635,-2.1635,-2.1635
83,BTCUSDT,SELL,1791035577850,84871.83499999999,-0.5997,-0.5997,-0.5997
86,BTCUSDT,BUY,1791035916685,84877.975,-0.1261,-0.6068,-0.9355
87,BTCUSDT,BUY,1791036039713,84863.525,-0.6198,-0.6198,-2.5076
88,ETHUSDT,BUY,1791036051424,2681.9849999999997,-0.6339,-2.5727,-2.5727
89,BTCUSDT,BUY,1791036061291,84851.16500000001,-1.0513,-1.0513,-1.0784
90,BTCUSDT,BUY,1791036061810,84846.695,-0.5245,-0.5245,-0.5516
91,BTCUSDT,BUY,1791036120589,84842.245,-0.0271,-0.0271,-2.0025
92,BTCUSDT,BUY,1791036132995,84842.015,-0.1898,-0.5469,-1.9754
93,ETHUSDT,BUY,1791036140582,2680.965,0.0000,-1.5666,-1.5666
94,BTCUSDT,BUY,1791036212267,84825.255,-0.0012,-0.7427,-2.6973
95,BTCUSDT,BUY,1791036219155,84825.235,-0.7403,-1.1294,-3.1736
96,BTCUSDT,BUY,1791036226020,84818.955,-0.3478,-0.6956,-2.4334
97,BTCUSDT,BUY,1791036228622,84816.005,-0.0413,-0.7074,-2.0857
98,ETHUSDT,BUY,1791036275796,2680.035,-0.1119,-0.1119,1.5671
101,ETHUSDT,SELL,1791036324343,2680.125,-1.2313,-1.2313,2.7984
102,ETHUSDT,BUY,1791036372080,2679.565,-0.0746,-0.7091,-2.4258
103,ETHUSDT,BUY,1791036407198,2679.125,-0.4479,-0.4479,1.5677
104,BTCUSDT,SELL,1791036454460,84790.08499999999,-1.1688,-2.5852,-2.5852
105,BTCUSDT,BUY,1791036685564,84809.285,-0.1509,-0.6650,-1.9880
106,ETHUSDT,BUY,1791036784619,2679.105,-0.2240,-0.2240,-0.2240
108,ETHUSDT,SELL,1791036930527,2678.835,-1.1572,-1.1572,-3.0610
109,ETHUSDT,SELL,1791036961440,2679.1549999999997,-1.1944,-1.1944,-1.8663
110,ETHUSDT,SELL,1791037087871,2679.785,-0.8956,-0.8956,-2.2390
111,ETHUSDT,SELL,1791037088178,2679.9449999999997,-0.2985,-0.2985,-1.6418
112,ETHUSDT,BUY,1791037099710,2680.205,0.0000,0.6716,0.6716
113,ETHUSDT,SELL,1791037342102,2680.685,-0.8953,-1.7160,-1.7160
114,ETHUSDT,SELL,1791037342624,2680.725,-0.7461,-1.5667,-1.5667
116,BTCUSDT,SELL,1791037612947,84826.005,-1.1860,-1.1860,0.4008
117,ETHUSDT,SELL,1791037625139,2681.565,-0.7458,-0.7458,-0.0373
118,ETHUSDT,SELL,1791037858984,2681.225,-0.3730,-1.0443,-4.5129
119,ETHUSDT,SELL,1791037867684,2681.33,-0.6527,-1.3613,-4.1211
120,ETHUSDT,SELL,1791037877891,2681.6949999999997,-1.0068,-1.7153,-2.7594
121,ETHUSDT,SELL,1791037880415,2681.995,-0.3356,-0.5966,-1.6406
122,BTCUSDT,BUY,1791037957269,84810.235,-0.5400,-0.5400,-1.9891
123,BTCUSDT,BUY,1791037989770,84801.60500000001,-0.0708,-0.0708,-0.9717
124,BTCUSDT,BUY,1791038001286,84801.005,-0.9009,-0.9009,-0.9009
127,BTCUSDT,BUY,1791038152276,84781.475,-0.1640,-1.5263,-1.5263
128,BTCUSDT,BUY,1791038297954,84759.045,-0.1227,-0.3457,-0.3457
129,BTCUSDT,BUY,1791038304098,84757.755,-0.1935,-0.1935,-0.1935
130,ETHUSDT,SELL,1791038359736,2679.715,-1.2315,-1.2315,-1.2315
131,BTCUSDT,BUY,1791038431740,84756.10500000001,-0.4601,-1.2577,-1.2577
132,ETHUSDT,SELL,1791038477037,2679.675,-1.3808,-1.3808,-1.3808
133,ETHUSDT,SELL,1791038598127,2680.045,-0.5597,-0.5597,-1.2313
134,ETHUSDT,SELL,1791038674914,2680.565,-0.1119,-2.4995,-2.4995
135,ETHUSDT,SELL,1791038684488,2681.2349999999997,-0.0000,-0.0000,-0.6713
138,BTCUSDT,SELL,1791038732100,84752.005,-0.7079,-0.7079,-4.2477
139,BTCUSDT,SELL,1791038755466,84770.015,-0.4707,-0.4707,-2.7533
140,BTCUSDT,SELL,1791038755906,84772.01000000001,-0.2353,-0.4996,-2.5179
141,ETHUSDT,SELL,1791038755939,2681.705,-0.5221,-1.0814,-3.3934
142,ETHUSDT,SELL,1791038762313,2681.8450000000003,-0.5593,-0.5593,-1.9017
143,ETHUSDT,SELL,1791038782493,2682.0150000000003,-0.8948,-1.3050,-1.2677
144,ETHUSDT,SELL,1791038788574,2682.255,-0.4101,-1.5658,-0.3728
145,ETHUSDT,BUY,1791038817194,2682.605,-0.9319,-0.9319,0.4100
146,BTCUSDT,SELL,1791038940812,84838.705,-0.3890,-0.3890,-1.4922
147,ETHUSDT,SELL,1791038966101,2684.325,-0.8196,-0.8941,2.9058
148,BTCUSDT,BUY,1791039035254,84851.36499999999,-0.7660,-0.7660,-0.7660
149,ETHUSDT,BUY,1791039096055,2683.545,-1.1552,-1.1552,-1.1552
150,BTCUSDT,BUY,1791039293268,84842.13500000001,-0.1591,-0.1603,-0.1603
153,ETHUSDT,SELL,1791039338778,2682.255,-0.5965,-2.5352,-2.8707
154,ETHUSDT,SELL,1791039342493,2682.415,-1.9386,-1.9386,-2.2741
155,BTCUSDT,BUY,1791039471929,84842.005,-0.1179,-0.1179,-0.1179
156,ETHUSDT,BUY,1791039471935,2683.065,-1.9754,-1.9754,-1.0436
157,ETHUSDT,SELL,1791039513714,2682.935,-0.0000,-0.1491,-0.2982
158,ETHUSDT,SELL,1791039556652,2682.9049999999997,-0.4100,-0.4100,4.9573
159,BTCUSDT,SELL,1791039579087,84841.015,-0.3524,-0.8239,2.2407
160,ETHUSDT,SELL,1791039591459,2683.275,-0.3354,-1.0808,8.5716
161,ETHUSDT,BUY,1791039611412,2682.715,-2.5347,-4.2494,-8.1261
162,ETHUSDT,BUY,1791039612581,2682.035,-1.7151,-1.7151,-5.5928
163,BTCUSDT,BUY,1791039657609,84820.005,-0.2323,-2.1233,-4.7159
164,ETHUSDT,BUY,1791039660025,2680.725,-0.6715,-0.7088,-2.7231
165,BTCUSDT,BUY,1791039660080,84810.005,-0.4716,-0.9445,-3.5373
166,BTCUSDT,BUY,1791039694432,84801.985,0.0000,-1.2594,-0.2465
168,BTCUSDT,BUY,1791039696440,84801.975,-0.4092,-2.3549,-0.2453
167,ETHUSDT,BUY,1791039696392,2680.525,-0.5223,-1.7161,-0.0746
169,ETHUSDT,BUY,1791039697313,2680.5150000000003,-1.0073,-1.8653,-0.0373
170,BTCUSDT,BUY,1791039697640,84798.505,-0.5071,-1.9458,0.1639
171,ETHUSDT,BUY,1791039697893,2680.285,-0.1492,-1.0447,0.8208
172,BTCUSDT,BUY,1791039699586,84794.195,-0.2583,-1.6735,0.6722
173,BTCUSDT,BUY,1791039700831,84792.005,-0.0826,-1.4152,0.9305
174,BTCUSDT,BUY,1791039701067,84792.005,-0.0826,-1.4152,0.9305
175,ETHUSDT,BUY,1791039827238,2680.505,-0.5596,-0.1865,1.0819
176,ETHUSDT,SELL,1791039833954,2680.375,-0.2985,-0.2985,-1.5669
179,ETHUSDT,BUY,1791040033220,2681.025,-0.0746,-0.4103,0.6714
180,BTCUSDT,SELL,1791040085789,84800.745,-1.4552,-1.4552,-2.7547
181,ETHUSDT,SELL,1791040088968,2680.8450000000003,-1.3429,-1.3429,-0.0746
182,ETHUSDT,BUY,1791040148021,2681.035,-0.6341,-0.6341,-0.9325
183,BTCUSDT,BUY,1791040174073,84822.735,-0.0861,-0.0872,1.9004
184,BTCUSDT,SELL,1791040211990,84821.995,-1.4053,-1.4053,-1.9877
185,ETHUSDT,SELL,1791040221332,2680.92,-0.2052,-0.2052,-0.2052
186,ETHUSDT,BUY,1791040434837,2681.215,-0.6340,-0.6713,-1.9767
187,BTCUSDT,BUY,1791040494384,84845.985,-0.3194,3.8965,-0.9405
189,ETHUSDT,BUY,1791040513906,2682.415,-0.7083,-1.2675,-4.9955
190,ETHUSDT,BUY,1791040518267,2682.225,-0.5592,-1.2676,-4.2875
191,BTCUSDT,SELL,1791040608539,84839.36499999999,-0.7827,-0.7827,-1.0738
192,ETHUSDT,BUY,1791040658050,2681.885,-0.7085,-0.7085,-3.8406
193,ETHUSDT,BUY,1791040671807,2681.6949999999997,-2.1628,-2.1628,-3.1323
194,ETHUSDT,BUY,1791040700897,2681.115,-0.4103,-0.9697,0.6341
195,BTCUSDT,BUY,1791040700975,84848.475,-0.9134,-0.9134,1.1526
196,ETHUSDT,SELL,1791040759087,2681.025,-0.9698,-0.9698,-0.3730
197,BTCUSDT,SELL,1791040811496,84850.005,-0.7060,-0.7060,0.4702
198,ETHUSDT,SELL,1791040811637,2681.115,-0.0373,-0.0373,-0.9324
199,BTCUSDT,SELL,1791040832109,84855.995,-0.9428,-0.0012,1.1761
200,ETHUSDT,BUY,1791040843256,2681.575,-0.7831,-0.7831,0.6712
201,BTCUSDT,BUY,1791041056701,84856.005,-0.1013,-0.1013,-1.7029
202,BTCUSDT,BUY,1791041099530,84855.14499999999,-1.6016,-1.6016,-1.2810
204,ETHUSDT,SELL,1791041146959,2680.605,-1.9026,-1.9026,-1.9026
205,BTCUSDT,SELL,1791041185968,84844.275,-0.3842,-0.3842,-0.3842
206,ETHUSDT,SELL,1791041251534,2681.115,-0.8206,-0.8206,-0.8206
207,BTCUSDT,BUY,1791041392016,84847.535,-0.9723,-1.0454,-3.4804
208,ETHUSDT,BUY,1791041427871,2680.825,-0.9699,-0.9699,-0.9699
209,BTCUSDT,BUY,1791041509202,84800.005,-0.4788,-2.7571,-0.2358
210,ETHUSDT,BUY,1791041515291,2679.8450000000003,-0.8583,-0.2612,2.1270
211,BTCUSDT,BUY,1791041515813,84784.695,-0.9518,0.1533,1.5699
212,ETHUSDT,BUY,1791041519679,2679.585,-0.3359,0.7091,2.3138
213,BTCUSDT,SELL,1791041519939,84761.245,-0.6312,-2.9200,-3.8650
214,ETHUSDT,BUY,1791041520153,2679.495,0.0000,1.0450,2.6498
215,BTCUSDT,BUY,1791041531504,84785.995,-0.9424,-1.0379,0.4753
216,ETHUSDT,SELL,1791041550925,2679.935,-1.7911,-1.7911,0.8582
217,BTCUSDT,BUY,1791041565773,84800.005,-0.2358,-0.2358,-1.7111
218,ETHUSDT,BUY,1791041583827,2680.025,-0.7463,-1.1940,-1.3060
219,BTCUSDT,BUY,1791041584958,84792.765,-0.3231,-0.3231,-0.7831
220,ETHUSDT,SELL,1791041614068,2679.775,-0.0000,-0.0000,0.7090
221,BTCUSDT,SELL,1791041614949,84779.305,-0.7301,-0.7301,-1.4980
222,BTCUSDT,SELL,1791041630918,84784.985,-0.3668,-0.9011,-2.0735
223,ETHUSDT,BUY,1791041651455,2679.675,-1.3808,-2.0525,-1.4181
224,BTCUSDT,SELL,1791041670199,84781.66500000001,-1.2196,-1.2196,-1.4555
225,ETHUSDT,SELL,1791041689573,2679.725,-0.8583,-1.9778,-0.4105
228,BTCUSDT,BUY,1791041703746,84809.98999999999,-1.4132,-3.3375,-1.7987
229,ETHUSDT,BUY,1791041704245,2680.255,-1.9401,-3.5817,-0.5970
230,BTCUSDT,SELL,1791041724891,84781.69,-1.4526,-1.4526,-1.8135
231,ETHUSDT,SELL,1791041725744,2679.505,-1.2316,-1.2316,-2.2019
232,BTCUSDT,SELL,1791041914505,84818.005,-0.2358,-0.2358,-0.2358
233,BTCUSDT,SELL,1791041915503,84820.005,-0.0000,-0.0000,-0.0000
234,ETHUSDT,BUY,1791042158146,2680.815,-0.0746,-0.0746,-1.3802
235,ETHUSDT,BUY,1791042158332,2680.8050000000003,-0.0373,-0.0373,-1.3429
236,ETHUSDT,BUY,1791042168792,2680.795,-2.2754,-2.2754,-1.3056
237,BTCUSDT,SELL,1791042199702,84822.005,-1.9181,-1.9181,-1.9181
238,BTCUSDT,SELL,1791042200485,84836.005,-0.2676,-0.2676,-0.2676
241,BTCUSDT,SELL,1791042343314,84820.245,-1.6223,-1.6223,-2.4133
242,BTCUSDT,SELL,1791042390915,84834.005,-0.7910,-0.7910,-0.7910
243,BTCUSDT,SELL,1791042477889,84840.715,-0.5398,-0.5398,-0.5398
244,BTCUSDT,SELL,1791042692762,84855.14499999999,-0.5727,-0.5727,-0.5727
245,ETHUSDT,BUY,1791042732861,2682.165,-0.3728,-0.3728,-2.3861
246,ETHUSDT,BUY,1791042773843,2681.615,-0.3356,-0.3356,-0.3356
249,ETHUSDT,BUY,1791132134490,2704.4049999999997,-1.1463,-1.1463,-1.8119
250,BTCUSDT,SELL,1791132235315,85345.36499999999,-0.0000,-0.0000,-0.0000
251,ETHUSDT,SELL,1791132241473,2704.355,-0.6656,-0.6656,1.7379
252,ETHUSDT,BUY,1791132255392,2704.535,-0.1849,-0.7025,-2.4034
253,ETHUSDT,BUY,1791132283938,2704.3450000000003,-0.2588,-0.2588,-1.4421
254,ETHUSDT,SELL,1791132372556,2703.915,-0.5178,-0.0370,0.6287
255,ETHUSDT,SELL,1791132480120,2704.355,-0.0740,-0.7765,-2.8103
256,ETHUSDT,SELL,1791132535066,2704.575,-1.9966,-1.9966,-8.9478
257,BTCUSDT,SELL,1791132562517,85388.005,-1.2086,-1.2086,-0.7027
258,ETHUSDT,SELL,1791132562538,2705.9449999999997,-0.1848,-0.1848,3.4738
259,BTCUSDT,SELL,1791132575867,85398.32500000001,-0.7810,-2.2167,1.5832
260,BTCUSDT,SELL,1791132580088,85415.015,-0.2622,-0.2622,3.5368
261,BTCUSDT,SELL,1791132592418,85417.255,-1.0244,-0.5561,4.1268
262,BTCUSDT,SELL,1791132593435,85426.005,-0.8370,0.4682,5.1507
263,BTCUSDT,BUY,1791132597266,85433.155,-0.1346,-1.3051,-5.9871
264,BTCUSDT,BUY,1791132600623,85432.005,-1.1705,-1.1705,-5.8526
265,ETHUSDT,BUY,1791132609495,2706.585,-1.9212,-5.5790,-7.3155
266,BTCUSDT,BUY,1791132616344,85417.255,-1.9270,-3.7627,-4.1268
267,BTCUSDT,BUY,1791132620530,85396.005,-0.2342,-1.3115,-1.6394
268,BTCUSDT,BUY,1791132623215,85394.005,-1.0411,-1.0774,-1.4053
269,BTCUSDT,BUY,1791132644408,85384.805,-0.3279,-0.3279,-0.3279
270,ETHUSDT,BUY,1791132657129,2705.065,-0.1848,-0.2588,4.2883
271,ETHUSDT,SELL,1791132702868,2705.865,-0.8130,-1.3304,0.8870
272,BTCUSDT,SELL,1791132706731,85382.005,-1.4054,-1.4054,-0.9370
273,ETHUSDT,BUY,1791132722304,2705.5550000000003,-0.3696,-0.3696,-0.8871
274,ETHUSDT,BUY,1791132723064,2705.5150000000003,-0.2218,-0.2218,-0.7392
275,ETHUSDT,BUY,1791132765704,2705.605,-0.2587,-1.0718,-3.1786
276,ETHUSDT,BUY,1791132767745,2705.365,-0.1848,-0.1848,-2.2917
277,ETHUSDT,SELL,1791132786829,2705.315,-0.8871,-0.8871,1.1459
278,ETHUSDT,SELL,1791132889379,2705.0150000000003,-0.6654,-0.6654,0.0739
279,BTCUSDT,BUY,1791132897870,85368.015,-0.9383,-1.8157,-0.7228
280,BTCUSDT,BUY,1791132900764,85360.005,-0.7029,-0.8775,0.2156
281,ETHUSDT,BUY,1791132919912,2705.0150000000003,-0.2957,-0.2957,-0.1109
282,BTCUSDT,BUY,1791132922717,85350.435,-0.2250,1.3368,3.2056
283,BTCUSDT,SELL,1791132928192,85348.515,-0.1746,-1.5618,-3.4306
284,ETHUSDT,SELL,1791132932109,2704.935,-0.2218,-0.2218,1.1461
285,BTCUSDT,SELL,1791132971605,85362.005,-1.1715,-1.8498,-1.8498
286,ETHUSDT,SELL,1791132971625,2705.1949999999997,-0.4436,0.7763,1.7744
287,ETHUSDT,SELL,1791132999490,2704.625,-0.3328,-0.3328,-0.3328
288,BTCUSDT,BUY,1791133166527,85377.795,-0.4439,-0.4439,-0.4439
291,BTCUSDT,SELL,1791133428767,85368.01000000001,-0.7679,-0.7679,-2.1079
292,ETHUSDT,SELL,1791133432147,2702.8450000000003,-0.2590,-0.7400,-2.3309
293,ETHUSDT,SELL,1791133439798,2702.935,-0.1850,-1.0359,-1.9978
294,ETHUSDT,BUY,1791133623014,2704.385,-0.4437,-0.4437,-4.6221
295,BTCUSDT,BUY,1791133656878,85392.005,-0.9369,-2.5764,-5.7827
296,BTCUSDT,BUY,1791133665164,85384.005,-1.6397,-1.8739,-4.8463
297,BTCUSDT,BUY,1791133674096,85370.005,-0.2343,-0.2343,-2.7281
298,BTCUSDT,BUY,1791133713446,85356.215,-1.5922,-1.5922,-0.9619
299,BTCUSDT,SELL,1791133738680,85346.715,-1.2209,-1.2209,0.7862
300,ETHUSDT,BUY,1791133757101,2703.465,-2.2934,-4.1428,-3.3291
301,BTCUSDT,BUY,1791133766157,85357.11499999999,-1.0673,-1.0673,-2.0045
302,ETHUSDT,SELL,1791133772146,2702.3450000000003,-1.8132,-0.8881,-2.1833
303,ETHUSDT,BUY,1791133775280,2702.835,-0.1480,-0.9250,-0.6660
304,BTCUSDT,BUY,1791133891645,85338.61499999999,-0.6972,-0.6972,-2.4338
306,BTCUSDT,BUY,1791133921178,85332.66500000001,-0.3117,-1.7367,-1.7367
307,BTCUSDT,BUY,1791133925218,85330.005,-0.7032,-1.4251,-1.4251
308,ETHUSDT,SELL,1791133968958,2702.205,-1.4063,-2.1094,-1.4063
309,BTCUSDT,SELL,1791134250933,85317.845,-0.0188,-0.0188,-0.9553
310,ETHUSDT,SELL,1791134273788,2703.045,-0.2960,0.3700,0.7769
313,BTCUSDT,SELL,1791134596304,85330.455,-2.0567,-2.0567,-2.0567
314,ETHUSDT,SELL,1791134596781,2703.965,-1.5903,-1.5903,0.0740
315,ETHUSDT,BUY,1791134630569,2704.385,0.0000,-1.6270,-1.5530
316,ETHUSDT,BUY,1791134661603,2703.935,-1.1835,-1.1835,0.1109
317,ETHUSDT,SELL,1791134794187,2703.965,-0.6287,-1.4053,-2.0710
318,ETHUSDT,SELL,1791134794466,2704.0,-0.4993,-1.2759,-1.9416
319,BTCUSDT,SELL,1791134806371,85371.125,-1.2744,-2.3814,-2.3814
320,BTCUSDT,SELL,1791134807136,85380.005,-0.9358,-1.3411,-1.3411
321,BTCUSDT,BUY,1791134904096,85391.455,-0.6382,-0.6382,-0.6382
322,BTCUSDT,BUY,1791134904457,85387.995,-0.2331,-0.2331,-0.2331
323,BTCUSDT,SELL,1791135070978,85386.005,-0.2342,-0.2342,-1.3632
324,BTCUSDT,SELL,1791135113593,85396.545,-0.1288,-0.1288,-0.1288
327,ETHUSDT,SELL,1791135177127,2703.355,-0.1110,-0.1110,0.0370
328,ETHUSDT,BUY,1791135234321,2703.435,-0.3329,-0.3329,-3.1072
329,ETHUSDT,BUY,1791135234616,2703.355,-0.0370,-0.0370,-2.8113
330,BTCUSDT,BUY,1791135246740,85398.005,-1.1710,-2.6827,-3.0446
331,ETHUSDT,BUY,1791135247553,2703.315,-0.1480,-2.6634,-2.6634
332,BTCUSDT,BUY,1791135250929,85386.005,-0.5036,-1.6396,-1.6396
333,ETHUSDT,SELL,1791135389953,2702.605,-0.0740,-0.0740,-0.0370
334,BTCUSDT,BUY,1791135496339,85367.065,-0.3795,-0.3795,-2.2327
335,ETHUSDT,BUY,1791135519089,2702.615,-0.9250,-1.8871,-2.0351
336,ETHUSDT,BUY,1791135524545,2702.175,-0.2591,-0.4071,-0.4071
337,BTCUSDT,BUY,1791135527446,85348.595,-0.0691,-0.0691,-0.8705
338,BTCUSDT,BUY,1791135567445,85348.005,-0.2320,-0.2320,-0.8014
339,ETHUSDT,SELL,1791135627087,2702.145,-0.0000,-0.1850,-1.5173
340,ETHUSDT,SELL,1791135643920,2702.215,-1.2582,-1.2582,-1.2582
343,BTCUSDT,SELL,1791135786684,85336.28,-0.3205,-0.4365,-3.3016
344,BTCUSDT,SELL,1791135787584,85339.015,-0.0000,-0.1160,-5.0036
345,BTCUSDT,SELL,1791135795469,85339.01999999999,-0.1154,-2.9266,-6.2709
346,ETHUSDT,SELL,1791135802879,2702.395,-0.0000,-0.8141,-4.1075
347,BTCUSDT,SELL,1791135803768,85350.005,-1.6391,-1.6391,-4.9830
348,ETHUSDT,SELL,1791135804628,2702.4049999999997,-0.7771,-0.7771,-4.0704
349,ETHUSDT,SELL,1791135844334,2702.62,-0.1295,-3.2746,-9.8978
350,BTCUSDT,SELL,1791135850729,85384.005,-0.9990,-0.9990,-2.9865
351,ETHUSDT,SELL,1791135881457,2703.705,-1.2575,-2.6260,-3.7726
352,ETHUSDT,SELL,1791135882110,2703.825,-1.5903,-2.1821,-3.3286
353,BTCUSDT,SELL,1791135882255,85397.805,-1.1944,-2.5984,-3.5551
354,BTCUSDT,SELL,1791135884224,85408.005,-1.4038,-1.4038,-2.3604
355,BTCUSDT,SELL,1791135903933,85419.995,-1.0489,1.2280,-2.3425
356,BTCUSDT,BUY,1791135905362,85428.945,-0.3043,-2.2756,1.2946
357,ETHUSDT,BUY,1791135906194,2705.105,-0.0739,-1.4048,0.8133
358,BTCUSDT,BUY,1791135908346,85426.005,-0.2341,-1.9315,1.6388
359,BTCUSDT,BUY,1791135909311,85424.985,-1.8121,-1.8121,1.7583
360,ETHUSDT,BUY,1791135909706,2704.815,-0.0370,-0.3327,1.8855
361,BTCUSDT,SELL,1791135927420,85418.035,-1.1859,-1.1859,-4.2111
362,ETHUSDT,SELL,1791135961016,2704.9049999999997,-1.3309,-1.5527,-1.8115
363,ETHUSDT,SELL,1791135961644,2704.965,-1.1091,-1.3309,-1.5897
364,BTCUSDT,SELL,1791135962260,85438.155,-0.2165,-0.2165,-0.0538
367,ETHUSDT,SELL,1791198812187,2711.4849999999997,-0.5901,-1.8809,-2.5447
368,BTCUSDT,SELL,1791198813765,85934.005,-1.6105,-1.6105,-2.2098
369,ETHUSDT,SELL,1791198814122,2711.815,-0.6269,-0.6638,-1.3275
370,ETHUSDT,SELL,1791198917190,2712.935,-0.3317,-3.6123,-3.2437
371,BTCUSDT,SELL,1791198943211,85972.005,-0.0000,-0.3490,2.0379
372,BTCUSDT,SELL,1791198970280,85975.005,-0.2361,1.7447,-0.5816
373,BTCUSDT,BUY,1791198979517,85975.39499999999,-1.7900,-1.7900,0.7688
374,ETHUSDT,SELL,1791199003186,2712.8,-1.2717,-1.7878,-3.7047
375,ETHUSDT,SELL,1791199004165,2713.085,-0.7372,-0.7372,-2.6538
376,BTCUSDT,SELL,1791199034202,85980.005,-0.2326,-0.2326,-1.3619
377,BTCUSDT,SELL,1791199076049,85982.005,-0.6967,-0.6967,-3.2425
378,ETHUSDT,BUY,1791199157240,2713.955,-0.5527,-0.9212,2.2108
379,ETHUSDT,BUY,1791199165632,2713.8050000000003,-0.3685,-0.3685,2.8373
380,ETHUSDT,BUY,1791199183533,2713.705,-0.7738,0.0000,4.5325
381,BTCUSDT,BUY,1791199183698,86013.655,-0.8894,-0.6592,1.8625
382,ETHUSDT,SELL,1791199188859,2713.495,-0.7739,-1.2530,-5.3068
383,BTCUSDT,SELL,1791199189420,86006.005,-0.2302,-0.8895,-2.7521
384,ETHUSDT,SELL,1791199189533,2713.685,-0.0737,-1.1792,-4.6063
385,ETHUSDT,SELL,1791199197455,2713.7799999999997,-0.2027,-1.2344,-4.2561
386,ETHUSDT,BUY,1791199259273,2714.935,-0.6262,-0.6262,-3.6833
387,ETHUSDT,SELL,1791199286667,2714.1949999999997,-0.7000,-0.7000,1.9159
388,BTCUSDT,BUY,1791199307262,86029.67499999999,-0.8916,-1.6146,-2.5886
389,BTCUSDT,SELL,1791199379430,86012.495,-0.3813,-0.8731,-1.5230
392,ETHUSDT,SELL,1791199420484,2714.355,-0.1842,-0.1842,-0.2947
393,BTCUSDT,SELL,1791199479707,86018.015,-0.6859,-0.6859,-2.5518
394,BTCUSDT,SELL,1791199507375,86023.91500000001,-1.0555,-1.6286,-4.1116
395,ETHUSDT,SELL,1791199507414,2714.435,-1.3262,-2.0630,-5.5629
396,BTCUSDT,SELL,1791199508659,86032.995,-0.1174,-0.5823,-3.0558
397,BTCUSDT,SELL,1791199517470,86037.92499999999,-0.0093,-0.0093,-2.4826
398,BTCUSDT,SELL,1791199533755,86038.005,-0.2278,-0.2278,-2.5558
399,ETHUSDT,SELL,1791199546634,2715.575,-0.8838,-1.9885,-5.0081
400,BTCUSDT,SELL,1791199547316,86057.495,-0.2080,-0.2080,-0.3033
401,BTCUSDT,SELL,1791199547548,86058.805,-0.0558,-0.0558,-0.1511
402,ETHUSDT,SELL,1791199574510,2715.9849999999997,-1.2887,-2.3932,-6.7379
403,BTCUSDT,SELL,1791199593175,86059.285,-0.0825,-0.0953,-14.4923
404,ETHUSDT,BUY,1791199625427,2716.605,-1.3620,6.8468,15.1660
405,BTCUSDT,SELL,1791199633844,86063.995,-6.9727,-9.5278,-12.0852
406,ETHUSDT,SELL,1791199634313,2716.925,-5.6682,-7.3981,-11.4468
407,BTCUSDT,BUY,1791199634983,86124.005,0.6967,2.5545,5.1089
408,BTCUSDT,SELL,1791199635376,86124.995,-1.7417,-2.4395,-4.5295
409,ETHUSDT,SELL,1791199636406,2719.205,-0.0000,1.3975,-3.0524
410,BTCUSDT,BUY,1791199638356,86146.005,-0.9287,-0.4643,1.8573
411,ETHUSDT,BUY,1791199639289,2718.935,-1.5079,-0.2207,3.4205
412,BTCUSDT,BUY,1791199639901,86138.005,-0.6966,0.9287,2.7862
413,BTCUSDT,BUY,1791199640807,86132.91500000001,1.1981,2.9048,3.3773
414,BTCUSDT,SELL,1791199650036,86146.005,-1.8573,-5.5801,-1.8573
415,BTCUSDT,SELL,1791199650378,86151.715,-1.4266,-4.9169,-1.1944
416,BTCUSDT,SELL,1791199650708,86153.83499999999,-1.1804,-4.6707,-0.9483
417,BTCUSDT,SELL,1791199651983,86166.005,-1.8569,-3.2577,0.4642
418,BTCUSDT,BUY,1791199664238,86194.07500000001,-2.0964,-0.2402,-0.7042
419,BTCUSDT,SELL,1791199665896,86176.005,-0.2321,-1.8567,-1.3925
420,BTCUSDT,BUY,1791199682475,86191.13500000001,-0.1845,-2.1580,3.3495
421,BTCUSDT,BUY,1791199685838,86189.545,-0.4107,-2.9632,3.5341
422,BTCUSDT,BUY,1791199690705,86186.005,-0.6138,-2.7847,3.9450
423,BTCUSDT,BUY,1791199691178,86184.005,-0.9282,-2.5527,4.1771
424,BTCUSDT,BUY,1791199691498,86181.745,-1.0687,-2.2905,4.4395
425,BTCUSDT,BUY,1791199692895,86172.005,-0.4642,-1.1605,5.5703
426,BTCUSDT,BUY,1791199695074,86168.005,-0.4642,-0.6963,5.7492
427,BTCUSDT,BUY,1791199697047,86164.0,-0.2315,-0.2315,6.2143
428,ETHUSDT,SELL,1791199699639,2719.865,-0.5147,-3.3825,-4.9635
429,ETHUSDT,SELL,1791199700284,2719.935,-0.2574,-3.1251,-4.7060
430,ETHUSDT,SELL,1791199702206,2720.005,-1.5074,-2.8676,-3.8235
431,BTCUSDT,SELL,1791199719103,86176.36499999999,-0.4224,-1.3507,-3.4395
432,BTCUSDT,SELL,1791199719842,86178.005,-0.8088,-1.1604,-3.2491
433,BTCUSDT,SELL,1791199722272,86184.975,-0.3516,-1.4771,-2.4401
434,ETHUSDT,SELL,1791199729542,2720.925,-0.3675,-4.4103,0.8453
435,BTCUSDT,SELL,1791199739931,86218.85500000001,-0.1334,-0.1334,1.0265
436,BTCUSDT,SELL,1791199784277,86206.005,-0.4640,-0.4640,4.1760
437,ETHUSDT,SELL,1791199793578,2720.565,-0.4043,-5.2563,0.5514
438,BTCUSDT,SELL,1791199801309,86210.005,-1.1600,-6.7985,1.1600
439,ETHUSDT,SELL,1791199802010,2720.6949999999997,-4.3739,-8.8580,2.2421
440,BTCUSDT,SELL,1791199802073,86214.005,-1.1599,-6.3342,1.6239
441,BTCUSDT,SELL,1791199803790,86230.005,-0.9799,-3.9429,3.9429
442,ETHUSDT,SELL,1791199805093,2722.125,-3.3062,-3.9675,8.4860
443,BTCUSDT,BUY,1791199808684,86270.005,-0.1611,-1.1592,-8.8096
444,ETHUSDT,BUY,1791199809908,2723.285,0.0000,-2.3868,-12.7420
445,BTCUSDT,BUY,1791199821130,86254.005,-2.3187,-3.2775,-6.9562
446,BTCUSDT,BUY,1791199821436,86252.63500000001,-2.3918,-4.0149,-6.7975
447,BTCUSDT,BUY,1791199822350,86234.005,-0.4337,-2.5512,-4.6385
448,BTCUSDT,BUY,1791199823744,86230.265,-0.2621,-2.1176,-4.2050
449,BTCUSDT,BUY,1791199824085,86230.005,-0.2319,-2.0874,-4.1749
450,BTCUSDT,BUY,1791199827163,86230.265,-0.2621,-3.2773,-4.2050
451,BTCUSDT,BUY,1791199831036,86228.005,-1.8555,-5.5666,-3.9430
452,BTCUSDT,BUY,1791199835402,86212.005,-1.1599,-4.8717,-0.4640
453,BTCUSDT,BUY,1791199838366,86202.005,-0.9281,-3.7122,1.8561
454,BTCUSDT,BUY,1791199839470,86194.005,-1.6242,-2.7844,2.7844
455,BTCUSDT,BUY,1791199840145,86188.015,-1.1603,-1.6255,3.4796
456,BTCUSDT,BUY,1791199841385,86178.005,-0.9283,1.6245,4.4095
457,BTCUSDT,BUY,1791199841861,86174.005,-0.4642,2.0888,4.8739
458,BTCUSDT,BUY,1791199842266,86172.005,-0.2321,2.3209,5.1061
459,BTCUSDT,SELL,1791199849883,86170.005,-1.6247,-3.4815,-5.1062
460,BTCUSDT,SELL,1791199856243,86195.38500000001,-0.5360,0.1601,-1.9143
461,BTCUSDT,BUY,1791199865998,86196.005,-0.2320,-0.2320,1.8423
462,ETHUSDT,SELL,1791199872981,2719.875,-1.0295,-2.1692,-1.7280
463,BTCUSDT,SELL,1791199893439,86206.005,-0.2320,-1.1600,0.9118
464,ETHUSDT,BUY,1791199899608,2721.3050000000003,-1.3229,-3.1970,-5.9530
465,BTCUSDT,BUY,1791199900339,86218.005,-0.2320,-0.4639,-3.4796
466,ETHUSDT,BUY,1791199928163,2720.425,-0.2941,-0.2573,-7.0577
467,BTCUSDT,SELL,1791199935677,86211.88500000001,-0.1601,1.5937,5.5538
468,ETHUSDT,SELL,1791199936325,2720.355,-0.4044,2.2791,6.8006
469,ETHUSDT,BUY,1791199937374,2720.465,-0.4043,-2.6834,-5.5138
470,ETHUSDT,BUY,1791199941507,2720.355,-0.6249,-2.4629,-4.9993
471,BTCUSDT,BUY,1791199941543,86211.88500000001,-0.2181,-1.5937,-4.0586
472,BTCUSDT,BUY,1791199942747,86210.005,-1.3757,-1.3757,-3.8406
473,BTCUSDT,BUY,1791199943010,86206.965,-1.0231,-1.0231,-3.4881
474,ETHUSDT,BUY,1791199943485,2720.0950000000003,-1.3235,-1.5073,-4.0440
475,ETHUSDT,BUY,1791199947391,2719.7349999999997,-0.1838,-0.1838,-1.9855
476,BTCUSDT,BUY,1791199959361,86198.14499999999,-1.1764,-1.4084,-3.5395
477,BTCUSDT,BUY,1791199960249,86190.005,-0.4641,-1.1602,-2.5954
478,BTCUSDT,BUY,1791199960897,86188.005,-0.2321,-0.9282,-2.3634
479,ETHUSDT,BUY,1791199975991,2719.4449999999997,-0.1471,-3.4566,-0.3309
481,BTCUSDT,BUY,1791199977649,86172.005,-0.2321,-0.9284,-1.2080
480,ETHUSDT,BUY,1791199977571,2719.325,-1.0297,-3.0155,0.1103
482,ETHUSDT,BUY,1791199980392,2719.045,-1.9860,-1.9860,0.1839
483,ETHUSDT,SELL,1791199981336,2718.505,-0.0000,-0.0000,-2.1703
484,ETHUSDT,SELL,1791199997779,2718.995,-1.4711,-0.7356,1.5815
485,ETHUSDT,BUY,1791200000907,2719.505,-1.8753,-1.1399,-3.4565
488,ETHUSDT,SELL,1791200018825,2719.255,-0.6252,-0.6252,0.5516
489,ETHUSDT,SELL,1791200034211,2718.8050000000003,-1.4712,-1.0299,1.3241
490,BTCUSDT,SELL,1791200034640,86154.14499999999,-0.8647,-0.8647,1.1770
491,ETHUSDT,BUY,1791200039423,2719.355,-0.9561,-1.8019,-3.3464
492,BTCUSDT,BUY,1791200052409,86161.595,-1.3080,-1.3080,-3.4342
493,BTCUSDT,BUY,1791200063255,86150.32500000001,-0.7336,-0.7336,-3.2583
494,ETHUSDT,SELL,1791200077413,2718.565,-1.9863,-0.3311,0.4414
495,BTCUSDT,SELL,1791200077769,86152.005,-1.0865,-0.2321,3.4532
496,ETHUSDT,SELL,1791200077784,2718.795,-1.1402,0.5149,1.2873
497,ETHUSDT,SELL,1791200077952,2718.8450000000003,-0.9563,0.8827,1.4712
498,BTCUSDT,SELL,1791200079498,86161.36499999999,-0.0743,2.0148,4.9361
499,ETHUSDT,BUY,1791200081085,2719.105,-1.6550,-2.4273,-2.8686
500,BTCUSDT,BUY,1791200086362,86162.005,-0.6964,-3.4818,-6.2696
501,BTCUSDT,BUY,1791200087873,86154.005,-0.4643,-2.5536,-5.3416
502,ETHUSDT,BUY,1791200140918,2718.435,-0.4046,-1.5818,-0.9564
503,ETHUSDT,BUY,1791200142250,2718.325,-1.1772,-1.1772,-0.5518
504,BTCUSDT,BUY,1791200160921,86102.005,-1.2892,-2.6352,1.8583
505,BTCUSDT,BUY,1791200161773,86098.005,-0.8246,-2.1708,2.3229
506,BTCUSDT,BUY,1791200163954,86084.795,-0.6366,-0.6366,3.8578
507,BTCUSDT,SELL,1791200181379,86083.455,-0.0639,-3.0842,-5.1752
508,ETHUSDT,SELL,1791200181702,2717.525,-0.9936,-4.3054,-5.5565
509,BTCUSDT,SELL,1791200184238,86084.005,-0.9293,-3.0203,-5.1113
510,ETHUSDT,SELL,1791200184620,2717.795,-0.7727,-2.4284,-4.5625
511,BTCUSDT,SELL,1791200186169,86092.005,-0.9292,-2.0908,-4.9029
512,ETHUSDT,SELL,1791200186306,2718.005,-1.6188,-1.4349,-3.7895
513,BTCUSDT,SELL,1791200186419,86094.005,-0.9292,-1.8584,-4.6705
514,ETHUSDT,SELL,1791200186659,2718.065,-1.3981,-0.4047,-3.5687
515,BTCUSDT,SELL,1791200186837,86098.005,-1.0012,-1.3938,-4.2057
516,ETHUSDT,SELL,1791200187139,2718.2349999999997,-0.8461,0.2207,-2.9431
517,BTCUSDT,SELL,1791200187207,86100.005,-0.7689,-1.1614,-3.9733
518,BTCUSDT,SELL,1791200187778,86104.005,-0.3043,-0.6968,-3.5085
519,ETHUSDT,SELL,1791200188093,2718.4449999999997,-0.2575,0.9932,-2.1704
520,ETHUSDT,SELL,1791200189095,2718.5150000000003,-0.9196,1.2507,-1.9128
521,ETHUSDT,BUY,1791200191641,2718.755,-1.1034,-2.1333,1.0299
522,ETHUSDT,BUY,1791200196241,2718.455,-1.0300,-1.0300,2.2071
523,ETHUSDT,SELL,1791200209636,2718.175,-0.9565,-1.4348,-2.0602
524,ETHUSDT,SELL,1791200210763,2718.435,-1.1404,-0.4782,-1.1036
525,BTCUSDT,SELL,1791200211139,86116.005,-0.2322,-0.2322,-3.2479
526,ETHUSDT,BUY,1791200216442,2718.745,-0.6621,-1.6184,-0.0368
527,ETHUSDT,BUY,1791200224080,2718.425,-0.4414,-0.4414,1.1404
528,ETHUSDT,SELL,1791200237033,2718.3050000000003,-1.3979,-2.6855,1.5819
529,BTCUSDT,SELL,1791200267048,86136.005,-0.9253,-0.9253,7.7087
530,ETHUSDT,BUY,1791200290437,2718.7349999999997,-1.1402,-4.0092,-7.2092
531,ETHUSDT,BUY,1791200315299,2717.495,-0.9936,-2.6127,-3.3119
532,BTCUSDT,BUY,1791200321191,86105.995,-1.1602,-4.2262,-4.2262
533,BTCUSDT,BUY,1791200322098,86102.005,-2.3228,-3.7630,-3.7630
534,ETHUSDT,BUY,1791200322516,2717.125,-1.0673,-1.2513,-1.9506
535,ETHUSDT,BUY,1791200323529,2716.835,-0.1840,-0.1840,-0.8834
536,BTCUSDT,BUY,1791200323666,86082.005,-1.4405,-1.4405,-1.4405
537,ETHUSDT,BUY,1791200352394,2716.775,-0.2945,-0.2945,-0.6626
538,ETHUSDT,BUY,1791200366862,2716.685,-0.3313,-0.3313,1.2883
539,ETHUSDT,SELL,1791200413383,2716.5950000000003,-3.3130,-1.6197,-1.6933
540,BTCUSDT,SELL,1791200413786,86096.015,-0.2288,0.0012,-0.1034
541,BTCUSDT,BUY,1791200416652,86097.985,-0.1417,-0.2300,0.9315
542,BTCUSDT,BUY,1791200421731,86096.755,-0.0871,0.6098,1.0744
543,BTCUSDT,SELL,1791200430464,86096.005,-0.6969,-2.0907,-0.8909
544,BTCUSDT,SELL,1791200430810,86100.005,-0.2323,-1.6260,-0.4262
545,BTCUSDT,SELL,1791200435020,86104.005,-0.2323,-1.1614,0.0383
546,BTCUSDT,SELL,1791200437988,86106.005,-0.9291,-0.9291,-0.2323
547,BTCUSDT,SELL,1791200438215,86108.005,-0.6968,-0.6968,-1.6340
548,BTCUSDT,BUY,1791200460381,86111.245,-0.1440,-1.6653,4.2689
549,ETHUSDT,BUY,1791200460514,2717.3450000000003,-1.0672,-1.0672,5.5937
550,ETHUSDT,SELL,1791200474963,2717.065,-1.4722,-1.4722,-3.4596
551,ETHUSDT,SELL,1791200490189,2717.075,-0.2576,-6.5880,-1.4354
552,BTCUSDT,SELL,1791200497568,86103.67499999999,-4.8511,-5.6130,-3.9871
553,BTCUSDT,SELL,1791200497870,86106.005,-5.1077,-5.3423,-3.7163
554,ETHUSDT,SELL,1791200497899,2717.465,-2.9071,-5.1519,-1.1040
555,ETHUSDT,SELL,1791200498531,2717.955,-3.3481,-3.3481,0.6991
556,ETHUSDT,SELL,1791200499182,2718.315,-2.0233,-2.0233,2.0233
557,BTCUSDT,BUY,1791200505690,86161.995,-0.3911,-1.1594,-2.5522
558,BTCUSDT,BUY,1791200506537,86160.005,-0.9285,-1.3928,-2.3213
559,BTCUSDT,BUY,1791200516878,86148.005,-0.2322,-0.2322,-0.4643
560,BTCUSDT,SELL,1791200520714,86154.005,-0.2321,0.9286,1.1607
561,ETHUSDT,BUY,1791200522439,2718.465,-0.3311,-0.3311,-2.0968
562,ETHUSDT,BUY,1791200533923,2718.37,-1.3427,-3.3660,-2.0785
563,BTCUSDT,BUY,1791200534441,86146.005,-0.3506,-1.1608,-1.2595
564,ETHUSDT,BUY,1791200536383,2717.7650000000003,-0.3679,-1.1406,-1.5822
565,BTCUSDT,BUY,1791200550690,86136.005,-0.6966,0.2322,0.6908
566,ETHUSDT,SELL,1791200572975,2717.775,-0.4415,-0.4415,-0.2208
567,BTCUSDT,SELL,1791200573946,86142.005,-0.2322,-0.2322,3.0183
568,BTCUSDT,BUY,1791200589325,86144.005,-0.6965,-1.6263,-3.7147
569,ETHUSDT,BUY,1791200592394,2717.895,-0.3311,-1.8397,-0.8094
570,BTCUSDT,BUY,1791200593459,86136.10500000001,-0.1103,-0.7093,-2.4775
571,BTCUSDT,BUY,1791200595017,86135.155,-1.2631,-0.5991,-8.2603
574,BTCUSDT,SELL,1791200607038,86129.995,-0.6978,2.0887,6.5006
575,ETHUSDT,SELL,1791200608203,2717.895,-0.1472,1.0670,7.1011
576,BTCUSDT,BUY,1791200611754,86141.955,-3.1286,-3.4768,-7.1916
577,BTCUSDT,BUY,1791200639372,86118.765,-0.3205,-0.7850,-4.7330
578,ETHUSDT,BUY,1791200640690,2718.0150000000003,-0.6622,-1.2509,-6.3281
579,ETHUSDT,BUY,1791200641687,2717.895,-0.8094,-0.8094,-5.8869
580,ETHUSDT,SELL,1791200653581,2717.7349999999997,5.1330,6.8807,6.1816
581,BTCUSDT,BUY,1791200655768,86064.005,-0.1743,0.2324,0.0000
582,BTCUSDT,SELL,1791200664961,86062.505,-0.4067,-2.0334,-1.1038
583,ETHUSDT,SELL,1791200666652,2715.865,-0.3682,-0.3682,-0.6996
584,ETHUSDT,SELL,1791200687558,2715.965,-0.1841,-0.1841,-3.7556
585,ETHUSDT,SELL,1791200698617,2716.025,-0.9941,2.0987,-3.5346
586,ETHUSDT,BUY,1791200702170,2716.295,-1.0308,-3.0924,1.2885
587,ETHUSDT,BUY,1791200702476,2716.045,-0.1105,-1.2886,2.2091
588,BTCUSDT,BUY,1791200707335,86062.005,-0.2324,0.2324,-0.0081
590,BTCUSDT,SELL,1791200712922,86060.045,-0.4601,-1.3897,-0.2196
589,ETHUSDT,SELL,1791200712865,2715.6949999999997,-1.3256,-1.3256,-3.4982
591,BTCUSDT,SELL,1791200717723,86064.005,-0.9295,-0.9295,0.2405
592,ETHUSDT,SELL,1791200736826,2716.0550000000003,-1.3991,-3.4241,0.9205
593,BTCUSDT,BUY,1791200759192,86077.41500000001,-1.5579,-1.7984,-4.1137
594,ETHUSDT,BUY,1791200759450,2716.9849999999997,-1.2514,-1.2514,-4.9319
595,BTCUSDT,BUY,1791200760846,86064.005,-0.2324,-0.2405,-2.5562
596,ETHUSDT,BUY,1791200779571,2716.635,-1.0675,-2.4295,-4.2700
597,BTCUSDT,BUY,1791200801463,86050.435,-0.6519,-0.6519,0.8797
598,BTCUSDT,BUY,1791200816871,86044.82500000001,-0.3277,-0.3277,1.7642
599,ETHUSDT,SELL,1791200825991,2715.6549999999997,-1.5834,0.6628,-2.2831
600,ETHUSDT,BUY,1791200829069,2715.645,-0.6260,-0.6260,2.3199
601,BTCUSDT,SELL,1791200842179,86048.005,-0.9297,-1.1621,-2.0919
602,BTCUSDT,SELL,1791200842402,86050.01000000001,-0.6967,-0.9291,-1.8588
603,ETHUSDT,SELL,1791200843608,2715.955,-0.0000,-0.1841,-1.1782
604,BTCUSDT,SELL,1791200873976,86058.005,-0.2324,-0.9296,-0.9296
605,BTCUSDT,SELL,1791200881339,86062.005,-0.2324,-0.4648,-0.4648
606,ETHUSDT,SELL,1791200881533,2716.185,-0.3313,-0.3313,1.0309
607,BTCUSDT,SELL,1791200883202,86064.005,-0.2324,-0.2324,-0.2324
608,BTCUSDT,SELL,1791200956691,86066.005,-1.3129,-1.3129,-1.3129
609,ETHUSDT,SELL,1791200969784,2716.495,-0.7362,-0.7362,-0.7362
610,BTCUSDT,BUY,1791201048690,86067.245,-0.3764,-0.8261,-4.6231
611,BTCUSDT,BUY,1791201086001,86060.13500000001,-1.2026,-3.0362,-3.7416
612,BTCUSDT,BUY,1791201086275,86058.625,-1.0272,-2.8608,-3.5662
613,ETHUSDT,BUY,1791201086578,2715.935,-0.4787,-1.8410,-3.0192
614,ETHUSDT,BUY,1791201086754,2715.8450000000003,-0.1473,-1.5097,-2.6879
615,BTCUSDT,BUY,1791201089312,86049.785,-0.6717,-1.8338,-2.1151
616,ETHUSDT,BUY,1791201089405,2715.8050000000003,-0.9574,-1.3624,-2.5407
617,BTCUSDT,BUY,1791201089553,86046.005,-0.2324,-1.3946,-1.6758
618,BTCUSDT,BUY,1791201095550,86037.995,-0.4637,-1.2250,-0.4637
620,BTCUSDT,BUY,1791201099759,86034.005,-0.7613,-0.7613,0.0000
619,ETHUSDT,BUY,1791201099751,2715.435,-1.1784,-1.1784,-0.1841
621,BTCUSDT,BUY,1791201100412,86027.455,0.0000,0.0000,0.7614
622,BTCUSDT,SELL,1791201145799,86027.455,-0.0558,-0.7614,-2.6213
623,ETHUSDT,SELL,1791201150846,2715.115,-0.2946,-0.9944,-0.5893
624,BTCUSDT,SELL,1791201162756,86038.005,-0.4649,-0.9298,-1.3947
625,BTCUSDT,SELL,1791201169104,86042.005,-0.4649,-1.8061,-0.9298
626,BTCUSDT,SELL,1791201173796,86051.845,-0.0186,-1.7989,0.2138
627,BTCUSDT,SELL,1791201180181,86057.545,-0.0535,-1.1364,0.8762
628,BTCUSDT,BUY,1791201192777,86067.32500000001,-0.2347,-0.7785,-1.8578
629,BTCUSDT,BUY,1791201197376,86065.305,-0.3834,-1.7777,-1.6232
632,ETHUSDT,BUY,1791201231827,2715.2349999999997,-0.8471,-0.8471,0.0000
633,ETHUSDT,SELL,1791201244734,2715.005,-0.2210,-0.8471,-1.3996
634,BTCUSDT,SELL,1791201333480,86073.345,-0.5414,-1.7020,-6.9092
635,ETHUSDT,SELL,1791201333561,2716.415,-0.2945,-0.2945,-5.0434
636,BTCUSDT,SELL,1791201336487,86084.685,-0.3845,-0.3845,-5.5910
637,BTCUSDT,SELL,1791201351361,86087.995,-0.2079,-0.8410,-5.5513
638,ETHUSDT,SELL,1791201373026,2717.395,-0.8464,-0.8464,-1.5824
639,BTCUSDT,SELL,1791201375079,86115.905,-0.5435,-0.5795,-4.1874
640,BTCUSDT,SELL,1791201376184,86120.58499999999,-0.0360,-0.0360,-3.6437
641,ETHUSDT,SELL,1791201387217,2717.6549999999997,-0.1840,-0.5152,-2.7229
642,BTCUSDT,SELL,1791201403935,86134.015,-0.2055,-0.6014,-1.9237
643,BTCUSDT,SELL,1791201419417,86139.195,-0.0940,-0.3262,-2.8791
644,ETHUSDT,BUY,1791201440618,2718.855,-1.6919,-1.6919,2.8689
645,ETHUSDT,SELL,1791201466807,2718.675,-0.0736,-0.1471,-3.1633
646,BTCUSDT,BUY,1791201503966,86218.0,-0.9691,1.8007,-1.3669
647,BTCUSDT,BUY,1791201524134,86233.525,-0.7248,-0.8784,-0.8721
648,BTCUSDT,SELL,1791201538469,86227.275,-0.0847,2.4424,0.8431
649,BTCUSDT,BUY,1791201544248,86233.525,-1.2652,-3.1670,-3.1658
650,BTCUSDT,BUY,1791201546528,86215.655,-0.6890,-1.0949,-1.0938
652,BTCUSDT,BUY,1791201548138,86209.715,-0.4060,-0.4060,-0.4048
651,ETHUSDT,BUY,1791201548105,2718.8050000000003,-0.1839,-0.1839,-2.9793
653,BTCUSDT,BUY,1791201579817,86232.67499999999,-0.0023,-0.7735,-5.6510
654,BTCUSDT,BUY,1791201583779,86232.655,-0.7712,-0.7712,-5.6487
655,BTCUSDT,BUY,1791201594594,86226.005,-0.4639,-2.2940,-6.8924
656,ETHUSDT,BUY,1791201594606,2718.8050000000003,-0.4046,-2.9793,-7.5401
657,BTCUSDT,BUY,1791201598573,86220.005,-1.3918,-1.5982,-6.1969
658,BTCUSDT,BUY,1791201599528,86209.545,-0.3851,-0.3851,-4.9844
659,BTCUSDT,BUY,1791201600223,86208.005,-0.2065,-0.2065,-4.8058
660,BTCUSDT,SELL,1791201636736,86178.005,-0.6893,-0.6893,-0.9283
661,ETHUSDT,BUY,1791201652254,2717.4449999999997,-3.2751,-2.0608,-2.8335
662,BTCUSDT,SELL,1791201652868,86154.005,-0.5212,-1.4590,-1.1607
663,ETHUSDT,SELL,1791201653301,2716.5550000000003,-0.7362,-1.2148,-0.4417
664,ETHUSDT,SELL,1791201671433,2716.855,-0.1104,-0.1104,0.8466
665,BTCUSDT,SELL,1791201672915,86180.005,-0.2321,-0.6962,0.2367
666,BTCUSDT,SELL,1791201674801,86182.005,-0.2321,-0.4641,0.6962
667,BTCUSDT,SELL,1791201682303,86184.005,-0.2321,-0.2321,3.2489
668,ETHUSDT,BUY,1791201700333,2716.975,-1.1042,-1.1042,-6.3674
669,BTCUSDT,BUY,1791201700387,86182.005,-1.3924,-1.6245,-4.4302
670,ETHUSDT,BUY,1791201701225,2716.715,-0.1472,-0.1472,-5.4109
671,BTCUSDT,BUY,1791201711514,86168.005,-0.4642,0.9841,-2.8061
672,BTCUSDT,SELL,1791201725236,86176.485,-1.0397,0.0557,2.6086
673,ETHUSDT,BUY,1791201726438,2716.725,-0.3681,-0.3681,-1.6196
674,BTCUSDT,BUY,1791201734494,86177.965,-0.6916,-2.5482,-2.7803
675,BTCUSDT,BUY,1791201735407,86176.005,-0.4642,-2.3208,-1.3925
676,ETHUSDT,BUY,1791201738270,2716.625,-1.2516,-2.8712,-0.9571
677,BTCUSDT,BUY,1791201740755,86164.005,-0.5849,-0.9285,0.4642
678,BTCUSDT,BUY,1791201741649,86162.005,-0.6964,-0.6964,0.6964
679,ETHUSDT,BUY,1791201755977,2715.8450000000003,-0.9942,-0.5155,3.6453
680,BTCUSDT,BUY,1791201756835,86156.005,-1.4137,-1.4137,1.8571
681,ETHUSDT,BUY,1791201756906,2715.6949999999997,-1.6570,0.0368,4.1978
682,BTCUSDT,BUY,1791201757169,86150.005,-0.7174,-0.7174,2.5537
683,ETHUSDT,SELL,1791201772001,2715.8450000000003,-1.6201,-1.6201,-3.3875
684,ETHUSDT,SELL,1791201772428,2716.245,-0.1473,-0.1473,-1.9144
685,BTCUSDT,SELL,1791201795360,86162.005,-0.2321,-0.9285,0.8089
686,BTCUSDT,SELL,1791201796586,86164.005,-0.4642,-0.6963,1.0410
687,BTCUSDT,SELL,1791201801861,86168.005,-0.2321,-1.3926,1.5052
690,ETHUSDT,SELL,1791201802690,2716.4449999999997,-0.4418,-2.7241,0.9939
691,BTCUSDT,SELL,1791201809734,86170.005,-0.6963,-0.2321,1.6247
692,BTCUSDT,BUY,1791201812857,86180.005,-0.9283,-0.9283,-2.7849
693,ETHUSDT,BUY,1791201818205,2716.835,-0.1472,-0.2577,-3.0182
694,BTCUSDT,BUY,1791201830704,86172.005,-0.4642,-0.9284,-2.5530
695,ETHUSDT,BUY,1791201832926,2716.7650000000003,-0.6994,-1.3619,-2.1717
696,BTCUSDT,BUY,1791201835347,86166.005,-0.2321,-0.2321,-1.8569
697,BTCUSDT,SELL,1791201866389,86155.035,-0.1126,-0.0000,-4.2888
698,BTCUSDT,BUY,1791201873313,86156.005,-0.1126,-0.9285,4.1761
699,BTCUSDT,BUY,1791201877162,86155.035,-0.8160,-0.8160,4.2888
700,ETHUSDT,SELL,1791201890069,2716.0150000000003,-0.5891,-0.0000,-13.4020
701,ETHUSDT,BUY,1791201896013,2716.175,-0.5891,-2.3194,11.5972
702,BTCUSDT,BUY,1791201903421,86150.005,-0.6965,-0.6965,4.0418
703,ETHUSDT,SELL,1791201924769,2719.995,-2.5000,-1.2500,5.9927
704,BTCUSDT,SELL,1791201924897,86186.005,-0.6938,-0.6938,2.0804
705,BTCUSDT,SELL,1791201925570,86190.005,-0.2297,-0.2297,2.5444
706,BTCUSDT,BUY,1791201962374,86190.005,-0.6010,-2.3205,-5.3579
707,BTCUSDT,BUY,1791201962727,86188.625,-0.7681,-2.1604,-5.1979
708,BTCUSDT,BUY,1791201963076,86188.005,-0.6962,-2.0885,-5.1260
709,BTCUSDT,BUY,1791201963455,86184.82500000001,-0.3272,-1.7196,-4.7572
710,ETHUSDT,BUY,1791201995990,2718.145,-0.6622,-0.6622,-3.6790
711,ETHUSDT,BUY,1791201996925,2718.115,-0.5519,-0.5519,-3.5686
712,ETHUSDT,BUY,1791202020201,2717.8450000000003,-2.0605,-2.5756,-3.6794
713,ETHUSDT,BUY,1791202020948,2717.7650000000003,-2.2813,-2.2813,-3.3851
714,BTCUSDT,BUY,1791202021651,86150.005,-0.7174,-0.7174,-1.7829
715,BTCUSDT,BUY,1791202043953,86140.755,-0.3541,-0.3541,-2.4855
716,ETHUSDT,BUY,1791202086531,2716.475,-0.2945,-1.4725,1.6197
717,BTCUSDT,SELL,1791202128573,86119.345,-0.5411,-1.0056,-0.0000
718,ETHUSDT,SELL,1791202128783,2716.8450000000003,-1.2883,-1.8036,1.9508
719,BTCUSDT,BUY,1791202182915,86128.005,-1.0055,-1.9843,-3.2510
720,ETHUSDT,BUY,1791202183696,2716.455,-0.5154,-0.5154,-1.6934
721,BTCUSDT,BUY,1791202189068,86119.345,-0.3553,-1.0660,-2.2457
722,BTCUSDT,BUY,1791202197014,86110.91500000001,-0.0871,-1.1532,-1.2670
723,ETHUSDT,BUY,1791202203811,2716.005,-0.6259,-1.1414,1.2887
724,ETHUSDT,BUY,1791202218127,2716.175,-1.2518,-0.6627,-2.3194
725,BTCUSDT,SELL,1791202259901,86100.005,-0.1150,-1.5552,0.1161
726,BTCUSDT,SELL,1791202260505,86100.995,-1.2787,-1.4402,0.2311
727,BTCUSDT,SELL,1791202261398,86110.005,-0.3937,-0.3937,1.2774
728,ETHUSDT,BUY,1791202265396,2716.355,-0.4418,-2.3193,-2.2088
729,BTCUSDT,BUY,1791202275209,86110.005,-0.3286,-1.7582,-1.2774
730,ETHUSDT,BUY,1791202276831,2715.725,-0.6628,-0.9942,-0.6996
731,BTCUSDT,SELL,1791202304713,86094.86499999999,-0.4809,-0.4809,-3.1523
732,ETHUSDT,BUY,1791202305211,2716.085,-1.2150,-1.2150,0.8468
733,ETHUSDT,BUY,1791202328472,2715.755,-0.8101,-0.8101,2.2830
734,BTCUSDT,SELL,1791202373400,86122.005,-0.6967,-0.6967,-1.3934
737,BTCUSDT,SELL,1791202424430,86133.685,-0.0372,-0.0372,-1.3955
738,BTCUSDT,SELL,1791202437302,86135.39499999999,-0.0708,-0.1823,-1.1970
739,BTCUSDT,SELL,1791202443220,86136.005,-0.1115,-0.1115,-1.8575
740,BTCUSDT,SELL,1791202455610,86136.965,-0.1207,-1.0147,-1.5139
741,BTCUSDT,SELL,1791202461722,86143.505,-0.2554,-0.2554,-0.2565
742,BTCUSDT,SELL,1791202501427,86145.715,-0.0337,-0.4980,4.1035
743,BTCUSDT,SELL,1791202503041,86148.005,-0.4643,-0.2322,4.3692
744,ETHUSDT,SELL,1791202503213,2716.665,-0.7730,0.2577,4.2331
745,ETHUSDT,BUY,1791202509350,2716.875,-1.0306,-1.0306,-5.0058
746,ETHUSDT,BUY,1791202510050,2716.685,-0.3313,-0.3313,-4.3067
747,ETHUSDT,BUY,1791202527825,2716.175,-0.3682,-0.3682,-2.4299
748,ETHUSDT,BUY,1791202550415,2715.775,-0.1105,-0.9574,2.2830
749,BTCUSDT,BUY,1791202552121,86117.755,-0.2020,-0.8581,1.0729
750,ETHUSDT,BUY,1791202559149,2715.575,-0.2209,-0.2209,3.4615
751,BTCUSDT,SELL,1791202618999,86128.005,-0.9103,-0.9103,-1.6220
752,BTCUSDT,SELL,1791202638324,86124.005,-0.8221,-0.9289,-0.3472
753,BTCUSDT,SELL,1791202643219,86131.08499999999,-0.1068,-0.8034,0.4749
754,ETHUSDT,BUY,1791202679524,2716.9049999999997,-1.4723,-1.4723,-3.4598
755,BTCUSDT,BUY,1791202680223,86138.005,0.0000,-1.2782,-3.1856
756,BTCUSDT,BUY,1791202732248,86120.005,-0.2322,-1.0961,-0.0012
757,ETHUSDT,BUY,1791202734953,2716.0950000000003,-0.4786,-0.4786,0.6995
758,BTCUSDT,SELL,1791202753694,86110.565,-0.1672,-0.8640,-0.3995
759,BTCUSDT,SELL,1791202755558,86112.005,-0.2323,-0.6968,0.6968
760,BTCUSDT,SELL,1791202781835,86118.005,-0.2311,-0.2311,1.1612
761,BTCUSDT,BUY,1791202808746,86115.85500000001,-0.2148,-1.1438,-1.2077
762,BTCUSDT,BUY,1791202824276,86106.005,-0.1324,0.2323,-0.6968
763,BTCUSDT,BUY,1791202825275,86104.86499999999,-0.0105,0.3647,-0.5644
764,BTCUSDT,BUY,1791202853089,86108.005,-0.0662,-0.0662,-0.9291
765,ETHUSDT,SELL,1791202920799,2715.545,-0.8470,-0.9206,-2.7251
766,ETHUSDT,SELL,1791202930741,2715.775,-0.0736,-0.0000,0.2578
767,ETHUSDT,BUY,1791202942483,2715.775,-0.2946,-0.2946,-1.0310
768,BTCUSDT,BUY,1791202947549,86107.435,-0.2752,-1.4598,-1.8152
769,ETHUSDT,BUY,1791202953548,2715.6949999999997,-0.7733,0.3314,-3.0931
770,ETHUSDT,SELL,1791202961446,2715.4849999999997,-1.1048,-2.7988,4.2350
771,BTCUSDT,SELL,1791202961807,86099.935,-0.9373,-2.8467,3.7875
772,ETHUSDT,SELL,1791202961833,2715.665,-0.4419,-2.1358,4.8975
773,ETHUSDT,SELL,1791202962004,2715.725,-0.2209,-1.9148,5.1183
774,BTCUSDT,SELL,1791202968476,86118.005,-0.0720,-1.5781,6.5956
775,ETHUSDT,SELL,1791202970475,2716.065,-0.6627,-1.2518,7.7318
776,ETHUSDT,BUY,1791202981651,2716.285,-0.4418,-2.4666,-8.5411
777,BTCUSDT,BUY,1791202982732,86131.595,-0.4331,-1.9284,-8.5276
778,BTCUSDT,BUY,1791202989563,86127.86,-1.0154,-3.1041,-8.4496
779,ETHUSDT,BUY,1791202989783,2715.9849999999997,-1.0309,-1.8041,-7.4374
780,BTCUSDT,BUY,1791202990908,86119.10500000001,-0.1277,-2.0878,-7.4339
781,ETHUSDT,BUY,1791202992289,2715.6099999999997,-0.1289,-0.4235,-6.0576
784,ETHUSDT,BUY,1791203005885,2715.495,-1.5467,-3.9035,-4.1245
785,BTCUSDT,BUY,1791203006504,86101.125,-1.0824,-2.8594,-5.3472
786,ETHUSDT,BUY,1791203006871,2715.0950000000003,-0.8839,-2.7992,-1.6942
787,ETHUSDT,BUY,1791203007373,2715.005,-0.5525,-2.4678,-1.3628
788,ETHUSDT,BUY,1791203014781,2714.855,-1.5470,-3.2783,-1.2155
789,BTCUSDT,BUY,1791203016594,86076.505,-1.0665,-1.7775,-3.0787
790,BTCUSDT,BUY,1791203024466,86061.205,0.0000,-0.3556,-2.2310
791,BTCUSDT,BUY,1791203030747,86061.205,-0.3556,-0.3556,-2.8445
792,BTCUSDT,BUY,1791203031053,86059.265,-0.1301,-0.1301,-2.6191
793,ETHUSDT,SELL,1791203056193,2713.965,-0.7738,-1.5107,-4.6427
794,BTCUSDT,BUY,1791203074610,86052.015,-0.2336,-1.1632,0.0418
795,BTCUSDT,BUY,1791203077973,86050.005,-0.9297,-0.9297,-1.3434
796,BTCUSDT,BUY,1791203078719,86045.905,-0.4532,-1.0669,-0.8670
797,ETHUSDT,SELL,1791203086763,2714.145,-0.4053,-0.4053,-3.1686
798,BTCUSDT,BUY,1791203088362,86042.005,-0.6137,-0.6137,-0.9693
799,BTCUSDT,SELL,1791203100197,86036.725,-0.5312,-1.7760,-2.4734
800,BTCUSDT,SELL,1791203103665,86041.295,-1.2448,-2.3140,-1.9421
801,BTCUSDT,SELL,1791203111289,86052.005,-1.0691,-1.0691,-0.6973
802,BTCUSDT,SELL,1791203111478,86054.005,-0.8367,-0.8367,-0.4648
803,ETHUSDT,SELL,1791203111534,2714.995,-0.7366,-0.8471,-2.8361
804,ETHUSDT,BUY,1791203114422,2715.355,-0.4788,-0.4788,1.5099
805,ETHUSDT,BUY,1791203114593,2715.295,-0.2578,-0.2578,1.7309
806,BTCUSDT,BUY,1791203127135,86061.205,-1.0260,-2.6446,-1.0690
807,BTCUSDT,BUY,1791203134809,86052.375,-0.9541,-2.1743,-0.0430
808,ETHUSDT,BUY,1791203136232,2715.2200000000003,-0.7918,-0.7918,3.3699
809,BTCUSDT,BUY,1791203136854,86038.85500000001,-0.0477,-0.6032,1.5284
810,BTCUSDT,BUY,1791203141358,86038.435,-0.5544,-0.5149,1.5772
811,ETHUSDT,SELL,1791203154635,2715.245,-1.9151,-1.9151,-4.5668
812,BTCUSDT,SELL,1791203154765,86041.155,-0.5637,-1.9584,-3.4332
813,BTCUSDT,SELL,1791203157689,86055.995,-0.2336,-0.2336,-1.7082
814,BTCUSDT,BUY,1791203184660,86060.005,-0.9296,-0.9296,2.3240
815,ETHUSDT,SELL,1791203242914,2716.605,-0.0368,-0.2577,-0.3313
816,ETHUSDT,SELL,1791203249876,2716.615,-0.2209,-0.2209,0.4417
817,ETHUSDT,BUY,1791203306513,2716.6949999999997,-0.7362,-0.7362,-3.6073
818,BTCUSDT,BUY,1791203309438,86077.245,-0.1417,-0.1417,-2.6999
819,ETHUSDT,BUY,1791203325026,2716.495,-1.4357,-1.4357,-2.5768
820,BTCUSDT,BUY,1791203339916,86062.63500000001,0.0000,-1.0028,-1.4675
821,ETHUSDT,BUY,1791203343944,2716.105,-2.8718,-2.6140,-4.0499
822,ETHUSDT,BUY,1791203344378,2715.4449999999997,-0.4787,-0.1841,-1.6204
823,ETHUSDT,SELL,1791203345845,2715.325,-0.0000,-0.2578,1.2153
824,ETHUSDT,SELL,1791203352339,2715.325,-0.2578,-1.4363,2.4675
825,ETHUSDT,BUY,1791203375541,2715.925,-0.4787,-0.4787,-5.3389
826,ETHUSDT,BUY,1791203375893,2715.795,0.0000,0.0000,-4.8605
827,ETHUSDT,BUY,1791203403401,2715.0550000000003,-0.1842,-1.4733,-2.1362
828,ETHUSDT,SELL,1791203419004,2714.685,-0.5157,-0.5157,0.7736
829,BTCUSDT,SELL,1791203443955,86010.005,-0.3744,-0.9301,0.4511
830,BTCUSDT,SELL,1791203456019,86018.005,-0.0372,-0.0372,1.3811
831,BTCUSDT,BUY,1791203477741,86018.32500000001,-0.1616,-0.2685,-1.1997
832,BTCUSDT,BUY,1791203491609,86009.185,0.0000,-0.3558,-1.8068
833,ETHUSDT,BUY,1791203519451,2714.0150000000003,-1.1791,-0.2948,-2.5055
834,ETHUSDT,SELL,1791203527522,2713.6949999999997,-0.8844,-0.8844,2.5058
835,ETHUSDT,BUY,1791203549330,2713.935,-1.4002,-0.1105,-4.2374
836,ETHUSDT,SELL,1791203555372,2713.435,-1.7321,-1.7321,-1.1793
837,ETHUSDT,SELL,1791203555702,2713.8050000000003,-0.3685,-0.3685,0.2948
838,ETHUSDT,BUY,1791203566504,2713.9049999999997,-2.1003,-2.1003,0.1842
839,ETHUSDT,SELL,1791203592743,2713.0150000000003,-0.2580,0.8478,-1.6955
842,ETHUSDT,SELL,1791203612763,2713.075,-0.8109,-3.2436,4.9390
843,ETHUSDT,SELL,1791203612948,2713.115,-0.6634,-3.0961,5.0864
844,BTCUSDT,SELL,1791203614139,85975.10500000001,-0.8026,-0.8026,12.0581
845,ETHUSDT,BUY,1791203615384,2713.755,-0.1105,0.7370,-7.4436
846,ETHUSDT,SELL,1791203620823,2713.725,-0.8475,0.7738,4.3851
847,BTCUSDT,BUY,1791203645168,85978.815,-0.1942,-2.1866,-6.1422
848,BTCUSDT,BUY,1791203646111,85978.005,-0.1000,-2.0924,-6.0481
849,BTCUSDT,BUY,1791203651352,85977.14499999999,-0.5978,-2.6914,-4.1150
850,ETHUSDT,BUY,1791203654753,2713.465,-2.3955,-4.2013,-0.5897
851,ETHUSDT,BUY,1791203655105,2713.115,-1.1057,-2.9118,0.7003
852,BTCUSDT,BUY,1791203663915,85933.35500000001,-0.6226,-7.2056,2.4333
853,BTCUSDT,BUY,1791203667831,85924.005,-0.4655,-4.8880,4.3178
854,ETHUSDT,BUY,1791203671123,2712.005,-0.9956,1.9543,7.2640
855,ETHUSDT,SELL,1791203677338,2711.7349999999997,-1.2907,-5.6053,-7.4122
856,ETHUSDT,SELL,1791203677630,2711.855,-1.7331,-5.1625,-6.9694
857,BTCUSDT,SELL,1791203678018,85882.005,-0.6986,-5.1233,-10.0964
858,ETHUSDT,SELL,1791203679115,2712.325,-0.7742,-3.6869,-5.2354
859,BTCUSDT,SELL,1791203679343,85892.005,-0.2329,-3.9585,-8.9310
860,BTCUSDT,SELL,1791203681067,85894.005,-0.9314,-3.7255,-8.6979
861,ETHUSDT,SELL,1791203681333,2712.535,-0.2212,-2.9124,-4.4608
862,BTCUSDT,SELL,1791203682903,85902.01000000001,-1.6292,-2.7933,-7.7652
863,ETHUSDT,SELL,1791203683309,2712.775,-2.0274,-2.0274,-3.5757
864,BTCUSDT,SELL,1791203683543,85910.005,-0.9312,-1.8624,-6.8339
865,BTCUSDT,SELL,1791203683736,85912.005,-0.6984,-1.6296,-6.6009
866,ETHUSDT,SELL,1791203683819,2713.0550000000003,-0.9952,-0.9952,-2.5433
867,ETHUSDT,BUY,1791203685605,2713.315,-0.2211,-0.2211,1.5848
868,BTCUSDT,SELL,1791203687628,85918.005,-0.9311,-0.9311,-5.9021
869,ETHUSDT,SELL,1791203687774,2713.255,-0.2580,0.7371,-1.8059
870,ETHUSDT,SELL,1791203688337,2713.315,-0.0369,0.9582,-1.5848
871,ETHUSDT,SELL,1791203709071,2713.0550000000003,-0.9215,-1.5112,-1.9904
872,BTCUSDT,SELL,1791203717212,85941.765,-0.7261,-2.2504,-2.3551
873,BTCUSDT,SELL,1791203724483,85954.265,-0.7958,-1.6811,-0.9005
874,BTCUSDT,SELL,1791203728884,85961.10500000001,-0.8853,-0.8853,-0.1047
875,ETHUSDT,SELL,1791203729869,2713.895,-0.2948,0.5527,1.1423
876,ETHUSDT,BUY,1791203754657,2713.745,-0.8844,-0.5527,-0.5896
877,BTCUSDT,BUY,1791203760567,85968.715,-0.7805,-0.7805,0.7468
878,BTCUSDT,SELL,1791203819390,85964.005,-1.2947,-2.0555,5.5837
879,ETHUSDT,BUY,1791203826098,2714.215,-0.1842,-3.3896,-8.9160
880,BTCUSDT,BUY,1791203829478,85981.67499999999,-0.8921,-1.8225,-12.9877
881,BTCUSDT,BUY,1791203834603,85972.005,-0.6979,-0.9305,-11.9364
882,ETHUSDT,SELL,1791203838447,2713.505,-0.1106,-0.1106,9.2500
883,BTCUSDT,BUY,1791203864749,85936.005,-2.0957,-2.3273,-7.9257
884,ETHUSDT,SELL,1791203872569,2712.3050000000003,-0.2581,-0.2581,7.1526
885,BTCUSDT,BUY,1791203880121,85916.005,-0.2328,-5.5869,-6.7508
886,BTCUSDT,BUY,1791203886887,85878.005,-0.2329,-0.9316,-2.3289
887,ETHUSDT,BUY,1791203889248,2710.8050000000003,-3.7996,0.7378,-1.4018
888,BTCUSDT,BUY,1791203889624,85870.005,-0.2329,0.5508,-1.1913
889,ETHUSDT,SELL,1791203893158,2709.815,-1.7713,-5.3878,-2.9153
890,ETHUSDT,SELL,1791203893460,2710.115,-1.8080,-5.1658,-1.8080
891,ETHUSDT,SELL,1791203893774,2710.2650000000003,-1.2545,-4.6121,-1.2545
892,BTCUSDT,SELL,1791203894254,85868.005,-0.1607,-1.8633,0.9584
893,BTCUSDT,SELL,1791203896702,85869.38500000001,-0.0722,-1.4697,0.2876
894,ETHUSDT,SELL,1791203901372,2711.165,-0.4057,0.0369,1.0697
895,BTCUSDT,SELL,1791203902690,85874.735,-1.0795,-0.8466,0.9106
896,BTCUSDT,SELL,1791203903067,85874.94,-1.0556,-0.8227,0.9345
897,BTCUSDT,BUY,1791203922018,85882.005,-1.1644,-4.3618,0.0000
898,ETHUSDT,BUY,1791203922276,2711.5550000000003,-2.7291,-4.3886,-2.2496
899,BTCUSDT,BUY,1791203922551,85879.255,-1.3100,-3.6388,0.3202
900,ETHUSDT,BUY,1791203929190,2710.455,-0.3320,0.5165,1.8078
901,BTCUSDT,BUY,1791203929267,85844.455,-0.0524,0.7980,4.3742
902,BTCUSDT,SELL,1791203931642,85844.005,-0.4660,-1.6309,-4.4266
903,BTCUSDT,SELL,1791203933529,85848.005,-0.2237,-1.1648,-3.9605
904,ETHUSDT,SELL,1791203933621,2710.365,-0.8486,-0.2214,-2.1399
905,BTCUSDT,SELL,1791203939062,85849.92499999999,-0.9412,-0.9412,-3.7368
906,BTCUSDT,SELL,1791203939389,85851.305,-0.7804,-0.9866,-3.5760
907,ETHUSDT,SELL,1791203957423,2710.605,-1.5495,-0.4427,-1.2543
908,ETHUSDT,BUY,1791203960636,2711.035,-0.5902,-0.3320,-0.3320
909,ETHUSDT,BUY,1791203961219,2710.935,-0.3689,0.0369,0.0369
910,ETHUSDT,BUY,1791203962068,2710.875,-0.5533,0.2582,0.2582
911,ETHUSDT,BUY,1791203962643,2710.835,-0.4058,0.4058,0.4058
912,BTCUSDT,SELL,1791203966855,85866.91500000001,-0.3599,-1.7574,-1.7574
913,BTCUSDT,SELL,1791203967089,85868.005,-0.2329,-1.6304,-1.6304
914,BTCUSDT,SELL,1791203970160,85876.005,-0.2329,-0.6987,-0.6987
915,BTCUSDT,SELL,1791203974077,85878.015,-0.2317,-0.4646,-1.1633
916,BTCUSDT,SELL,1791203975375,85880.005,-0.2329,-0.2329,-0.9315
917,ETHUSDT,BUY,1791204037171,2710.2650000000003,-1.8079,0.9962,1.8448
918,BTCUSDT,BUY,1791204038918,85869.275,-0.2515,1.7154,1.6991
919,BTCUSDT,SELL,1791204041489,85867.11499999999,-0.3366,-1.9670,-2.1999
920,ETHUSDT,SELL,1791204043822,2710.175,-1.3283,-2.1032,-2.1770
921,ETHUSDT,SELL,1791204048083,2710.535,-0.7748,-0.7748,-0.8485
922,ETHUSDT,BUY,1791204131975,2710.7650000000003,-1.1805,-1.1805,-0.4427
925,ETHUSDT,BUY,1791204207394,2710.815,-0.5902,2.1027,2.6929
926,BTCUSDT,SELL,1791204215623,85906.005,-1.6297,-2.3281,-1.8625
927,BTCUSDT,SELL,1791204217085,85920.005,-0.1920,-1.6294,-0.2328
928,BTCUSDT,SELL,1791204220698,85921.655,-0.2735,-1.4374,-0.7390
929,ETHUSDT,SELL,1791204222455,2711.6549999999997,-0.6638,-0.6638,1.1432
930,ETHUSDT,BUY,1791204234421,2711.665,-1.5857,1.2538,-1.1801
931,BTCUSDT,SELL,1791204240252,85924.005,-0.9311,-2.0949,2.7932
932,BTCUSDT,SELL,1791204242181,85932.005,-0.6086,-1.1637,3.7239
933,ETHUSDT,BUY,1791204251763,2712.005,-1.6962,-1.6962,-4.6091
934,BTCUSDT,BUY,1791204267885,85940.005,-0.3212,-1.8618,-5.8180
935,BTCUSDT,BUY,1791204270075,85932.005,-1.6292,-0.4655,-4.8876
936,ETHUSDT,SELL,1791204272714,2710.775,-2.1027,-2.1027,0.0738
937,BTCUSDT,SELL,1791204277435,85922.005,-0.2328,-0.6983,3.7243
938,BTCUSDT,BUY,1791204294998,85918.285,-0.4981,-2.1276,-0.9637
939,BTCUSDT,BUY,1791204296870,85914.005,-0.2328,-1.6295,-0.4656
940,BTCUSDT,BUY,1791204299552,85908.005,-0.9312,-0.9312,0.2328
941,BTCUSDT,BUY,1791204326287,85900.005,-1.1641,-1.1641,2.5611
942,BTCUSDT,SELL,1791204339344,85890.015,-1.1631,-2.3274,-1.1631
943,ETHUSDT,SELL,1791204340222,2710.955,-1.9181,-1.9181,-0.9591
944,BTCUSDT,SELL,1791204341235,85900.015,-0.2317,-1.1630,1.1641
945,BTCUSDT,SELL,1791204346319,85902.015,-0.9301,-0.9301,1.5425
946,ETHUSDT,SELL,1791204359832,2711.475,-2.8767,-2.8767,0.9220
947,BTCUSDT,SELL,1791204364542,85927.245,-0.0884,-0.5540,4.5667
948,BTCUSDT,SELL,1791204378301,85932.005,-0.6982,1.3965,5.0319
949,ETHUSDT,BUY,1791204384946,2712.5150000000003,-1.2534,-2.2857,-6.7465
950,BTCUSDT,BUY,1791204385341,85932.005,-1.1637,-1.3965,-5.0307
951,BTCUSDT,BUY,1791204385764,85926.005,-0.6983,-0.6983,-4.3328
952,BTCUSDT,BUY,1791204386042,85924.005,-0.4655,-0.4655,-4.1001
953,BTCUSDT,BUY,1791204386586,85922.005,-0.2328,-0.6983,-3.7499
954,BTCUSDT,BUY,1791204396079,85920.005,-0.4655,-3.6359,-1.6294
955,ETHUSDT,BUY,1791204397416,2711.885,-1.9912,-2.4706,-2.3600
956,BTCUSDT,BUY,1791204397902,85912.005,-1.3968,-2.7051,-0.4656
957,ETHUSDT,BUY,1791204397977,2711.475,-0.4794,-0.9589,-0.8482
958,BTCUSDT,BUY,1791204398340,85908.005,-0.9312,-2.2396,0.0000
959,BTCUSDT,BUY,1791204399717,85900.005,-0.9313,-1.3085,0.9313
960,BTCUSDT,BUY,1791204401112,85892.005,-0.2329,-0.3772,1.8628
961,BTCUSDT,BUY,1791204402206,85890.005,-0.0256,-0.1444,2.0957
962,BTCUSDT,BUY,1791204413273,85888.765,-0.0885,-0.0885,2.7058
963,ETHUSDT,SELL,1791204416335,2711.225,-0.0000,-0.0000,-0.0738
964,BTCUSDT,SELL,1791204425364,85888.015,-0.0873,-0.0873,-2.7932
965,BTCUSDT,BUY,1791204429840,85888.755,-2.0177,0.1199,0.3784
966,ETHUSDT,SELL,1791204431155,2710.1949999999997,-0.8486,-3.4315,-0.2583
967,BTCUSDT,SELL,1791204431205,85871.42499999999,-0.3563,-2.1381,-2.1637
968,BTCUSDT,SELL,1791204431581,85874.005,-0.0559,-1.8376,-1.8632
969,ETHUSDT,SELL,1791204433920,2710.425,-1.7340,-0.9593,0.5903
970,BTCUSDT,SELL,1791204434472,85878.005,-1.2529,-1.2541,-1.3973
971,BTCUSDT,SELL,1791204450004,85889.785,-0.7242,-2.1213,3.0143
972,BTCUSDT,SELL,1791204452459,85902.005,-0.4656,-0.6985,4.4365
973,BTCUSDT,SELL,1791204456448,85906.005,-0.2328,-0.4656,4.9019
974,BTCUSDT,SELL,1791204464786,85908.005,-0.2328,-0.4656,5.1346
975,ETHUSDT,BUY,1791204487679,2711.245,-3.6146,-3.6146,-7.1185
976,BTCUSDT,BUY,1791204488280,85900.005,-0.9313,-2.0955,-4.9895
977,BTCUSDT,BUY,1791204488564,85896.005,-0.4657,-2.2108,-4.5241
978,BTCUSDT,BUY,1791204489870,85892.005,-0.2329,-1.7452,-4.0586
979,BTCUSDT,BUY,1791204497136,85888.005,-0.6415,-2.7943,-1.8629
980,BTCUSDT,BUY,1791204498150,85882.495,-0.6381,-2.1529,-1.2214
981,BTCUSDT,BUY,1791204502822,85877.015,-1.5150,-1.5278,-0.5834
982,BTCUSDT,BUY,1791204508811,85864.005,-0.0128,-0.0128,0.2329
983,BTCUSDT,BUY,1791204539667,85863.89499999999,-0.6673,-0.7861,2.9931
984,BTCUSDT,BUY,1791204543854,85858.16500000001,-0.1188,-0.1188,3.7084
985,BTCUSDT,SELL,1791204556145,85862.005,-1.1647,-1.1647,-2.7963
986,ETHUSDT,SELL,1791204556294,2709.315,-1.3287,-0.8858,-0.6275
987,BTCUSDT,SELL,1791204556690,85868.005,-0.4658,-0.2329,-2.0974
988,ETHUSDT,BUY,1791204566279,2709.675,-0.6643,-1.3286,1.0702
989,BTCUSDT,BUY,1791204566331,85872.005,-0.4658,-0.6987,1.6315
990,BTCUSDT,BUY,1791204567349,85868.005,-0.2329,-0.2329,2.0974
991,BTCUSDT,SELL,1791204586385,85866.01000000001,-2.3286,-2.7467,-7.2200
992,BTCUSDT,SELL,1791204590520,85886.005,-0.2329,-0.4180,-4.8902
993,BTCUSDT,BUY,1791204608406,85890.005,-0.0477,-0.4645,6.4396
994,ETHUSDT,BUY,1791204612315,2710.2650000000003,-1.7710,-1.1069,6.8628
995,BTCUSDT,BUY,1791204612444,85888.005,-0.2317,-0.2317,6.6726
996,ETHUSDT,BUY,1791204614217,2709.785,-1.1071,0.6643,8.4140
997,ETHUSDT,SELL,1791204621654,2709.4849999999997,-1.7716,-3.5800,-7.7875
998,ETHUSDT,SELL,1791204630486,2709.965,-1.8081,-5.9779,-6.6053
999,ETHUSDT,SELL,1791204630661,2709.995,-1.6974,-5.8672,-6.4945
1000,BTCUSDT,SELL,1791204633789,85890.005,-1.8628,-4.4243,-7.1615
1001,BTCUSDT,SELL,1791204634311,85898.015,-1.1636,-3.4913,-6.2283
1002,BTCUSDT,SELL,1791204635318,85908.015,-0.2316,-2.3269,-5.0636
1003,BTCUSDT,SELL,1791204639014,85912.005,-0.6984,-1.8624,-5.2821
1004,BTCUSDT,SELL,1791204639235,85913.525,-0.5220,-1.6854,-5.1051
1005,BTCUSDT,SELL,1791204639621,85914.005,-0.9312,-1.6295,-5.0492
1006,BTCUSDT,SELL,1791204640242,85918.015,-1.1627,-1.1627,-4.5811
1007,BTCUSDT,SELL,1791204641021,85926.795,-0.1408,-0.1408,-3.5588
1008,BTCUSDT,SELL,1791204659664,85932.005,-0.6982,-1.5489,-2.0947
1009,BTCUSDT,SELL,1791204660308,85934.005,-0.9309,-1.3161,-1.8619
1010,BTCUSDT,SELL,1791204660532,85936.005,-1.0834,-1.0834,-1.6291
1011,BTCUSDT,SELL,1791204660728,85938.005,-0.8506,-0.8506,-1.3964
1012,ETHUSDT,BUY,1791204672222,2712.295,-0.8480,-2.5808,-2.8758
1013,ETHUSDT,BUY,1791204672621,2712.125,-0.2212,-1.9542,-2.2492
1014,BTCUSDT,SELL,1791204691964,85950.005,-0.1757,-0.8575,-0.2327
1015,ETHUSDT,SELL,1791204693884,2712.1949999999997,-0.1106,1.5854,1.3273
1016,BTCUSDT,SELL,1791204696730,85951.515,-0.6829,-0.6818,0.4886
1017,ETHUSDT,BUY,1791204698649,2712.365,-0.7374,-2.2121,-1.9540
1018,ETHUSDT,BUY,1791204699693,2712.165,-1.4748,-1.4748,-1.2167
1019,BTCUSDT,BUY,1791204708354,85957.375,-0.8574,-0.8574,-4.5802
1020,ETHUSDT,SELL,1791204713338,2711.7650000000003,-1.4751,-0.2581,2.9132
1021,ETHUSDT,BUY,1791204718734,2712.165,-0.2212,-1.2167,-3.9821
1022,ETHUSDT,BUY,1791204720668,2712.105,-0.9955,-2.1754,-3.9084
1023,ETHUSDT,BUY,1791204729281,2711.835,-1.1800,0.6269,-5.6788
1024,ETHUSDT,SELL,1791204732925,2711.5150000000003,-1.4014,-3.1348,4.4993
1025,BTCUSDT,SELL,1791204736521,85950.005,-0.2327,-2.3909,8.3770
1026,ETHUSDT,SELL,1791204737945,2711.895,-0.4056,-3.2081,5.8999
1027,BTCUSDT,SELL,1791204740537,85952.005,-0.9308,-0.2327,8.3768
1028,BTCUSDT,SELL,1791204745598,85974.005,0.4013,3.1044,10.9335
1029,ETHUSDT,SELL,1791204745765,2713.025,2.5801,4.3862,10.5786
1030,BTCUSDT,BUY,1791204746696,85970.555,-0.7782,-2.7033,-10.5327
1031,ETHUSDT,SELL,1791204747247,2712.295,-1.7328,1.6960,7.8900
1032,BTCUSDT,BUY,1791204748533,85965.205,-1.0702,-2.0811,-9.9110
1033,BTCUSDT,BUY,1791204750928,85954.005,-0.2327,-1.9452,-8.6093
1034,BTCUSDT,BUY,1791204759670,85947.315,-1.1670,-3.8756,-6.4353
1035,BTCUSDT,BUY,1791204763729,85937.285,-1.0787,-2.7090,-5.2690
1036,BTCUSDT,BUY,1791204764308,85936.005,-1.1637,-2.5600,-5.1201
1037,BTCUSDT,BUY,1791204764600,85932.005,-0.9310,-2.0947,-4.6548
1038,BTCUSDT,BUY,1791204764956,85928.005,-0.6983,-1.6293,-4.1896
1039,BTCUSDT,BUY,1791204765437,85926.005,-0.6983,-1.3966,-3.9569
1040,BTCUSDT,BUY,1791204766147,85922.005,-0.2328,-0.9311,-3.4915
1041,BTCUSDT,BUY,1791204769058,85918.005,-0.4656,-0.4656,-3.0261
1042,ETHUSDT,SELL,1791204771006,2710.615,-0.8854,-1.2543,-0.4796
1043,ETHUSDT,SELL,1791204773010,2710.855,-0.4427,2.8035,0.4058
1044,ETHUSDT,SELL,1791204776031,2710.975,-0.4058,3.9100,0.9591
1045,ETHUSDT,BUY,1791204778908,2711.085,-0.1475,-2.9140,-1.3648
1046,BTCUSDT,BUY,1791204786529,85880.005,-0.8069,-0.2329,1.3973
1047,BTCUSDT,SELL,1791204787300,85868.005,-0.5916,-1.3975,-2.7950
1048,ETHUSDT,SELL,1791204788524,2710.295,-0.0000,-0.0000,-1.5496
1049,BTCUSDT,SELL,1791204789232,85873.08499999999,-0.5729,-0.8058,-2.2033
1050,BTCUSDT,SELL,1791204797152,85878.005,-0.2329,-0.2329,-3.0276
1053,BTCUSDT,SELL,1791204812441,85880.015,-0.4646,-1.3961,-2.7934
1054,BTCUSDT,SELL,1791204817240,85884.005,-0.9315,-0.9315,-2.3287
1055,BTCUSDT,SELL,1791204852219,85898.005,-0.4761,-0.6985,-0.6985
1056,BTCUSDT,SELL,1791204853984,85902.095,-0.2223,-0.2223,-0.2223
1057,ETHUSDT,SELL,1791204881610,2710.825,-0.6271,-1.8445,-1.9551
1058,BTCUSDT,SELL,1791204901865,85915.545,-0.0535,1.3432,3.4383
1059,ETHUSDT,BUY,1791204907004,2711.125,-0.2213,0.8484,-1.8074
1060,ETHUSDT,BUY,1791204949012,2711.505,-2.7660,-3.2086,-1.5858
1061,BTCUSDT,BUY,1791204964390,85886.005,-0.2457,-0.2457,-0.0058
1062,ETHUSDT,SELL,1791204989569,2710.145,-1.4390,-4.0588,-1.6235
1063,BTCUSDT,SELL,1791204990925,85876.005,-0.2329,-2.3289,-1.8632
1064,BTCUSDT,SELL,1791204992441,85878.005,-1.8631,-2.0960,-1.6302
1065,ETHUSDT,BUY,1791205007349,2711.245,-0.6270,-0.6270,0.0369
1066,BTCUSDT,SELL,1791205020270,85882.005,-0.4599,-1.6301,-1.6278
1067,BTCUSDT,SELL,1791205029157,85889.795,-0.7230,-0.2573,-1.7639
1068,ETHUSDT,BUY,1791205035917,2711.075,-0.4426,-1.8074,2.2869
1069,BTCUSDT,BUY,1791205036552,85896.005,-0.2328,-0.4657,1.0408
1070,ETHUSDT,BUY,1791205037581,2710.955,-0.5164,-1.3648,2.7297
1071,ETHUSDT,BUY,1791205039198,2710.815,-0.8485,-0.8485,3.2463
1072,BTCUSDT,SELL,1791205054648,85892.005,-0.8371,-0.2329,-3.0271
1073,BTCUSDT,SELL,1791205074292,85894.005,-0.2305,-1.2737,-2.0956
1074,BTCUSDT,SELL,1791205081520,85895.985,-1.0431,-1.0431,-0.9337
1075,ETHUSDT,SELL,1791205084590,2711.475,-0.8114,-0.8114,-0.3688
1076,BTCUSDT,BUY,1791205132714,85919.85500000001,-0.9136,-1.8447,-1.8447
1077,BTCUSDT,BUY,1791205133219,85916.005,-0.4656,-1.3967,-1.3967
1078,ETHUSDT,SELL,1791205134333,2711.495,-0.3688,-0.2950,1.6227
1079,BTCUSDT,BUY,1791205140772,85906.005,-0.2328,-0.2328,-0.2328
1080,ETHUSDT,BUY,1791205160385,2711.665,-0.4057,-1.0695,2.9502
1081,BTCUSDT,SELL,1791205204894,85910.005,-1.1640,-1.1803,-9.7777
1082,BTCUSDT,SELL,1791205214458,85920.005,-0.0163,-3.2437,-8.6290
1083,ETHUSDT,SELL,1791205219122,2712.145,-1.1799,-2.3966,-8.1485
1084,BTCUSDT,SELL,1791205233623,85950.82500000001,-1.0681,-1.9244,-4.0930
1085,ETHUSDT,SELL,1791205234174,2713.075,-1.0689,-1.8429,-2.8381
1086,ETHUSDT,BUY,1791205254975,2714.135,-0.6632,0.8106,2.4317
1087,ETHUSDT,BUY,1791205259022,2713.955,-0.4053,1.4739,3.3162
1088,ETHUSDT,BUY,1791205283951,2714.355,-1.5473,-1.8789,3.3157
1089,ETHUSDT,BUY,1791205284776,2714.255,-1.5105,-1.5105,3.9421
1090,ETHUSDT,SELL,1791205301249,2713.855,-0.9949,-3.3900,-4.3112
1091,ETHUSDT,SELL,1791205303112,2714.1949999999997,-0.5895,-2.1369,-3.0580
1092,ETHUSDT,SELL,1791205303288,2714.275,-0.2947,-1.8421,-2.7632
1093,ETHUSDT,SELL,1791205307059,2714.365,-1.5105,-1.5842,-2.4315
1094,ETHUSDT,SELL,1791205314715,2714.775,-0.0737,-0.8104,-0.9209
1095,ETHUSDT,SELL,1791205317522,2714.795,-0.2210,-0.7367,-0.8472
1096,ETHUSDT,SELL,1791205321461,2714.935,-0.2210,-0.2210,-2.4310
1097,ETHUSDT,BUY,1791205360081,2715.375,-1.2890,-1.2890,3.2776
1098,ETHUSDT,SELL,1791205379476,2715.2349999999997,-1.3259,-1.3259,-6.9607
1101,ETHUSDT,BUY,1791205411557,2716.2650000000003,-0.4418,0.0000,6.3690
1102,ETHUSDT,BUY,1791205412338,2716.145,0.0000,0.4418,6.8111
1103,ETHUSDT,SELL,1791205426459,2716.275,-1.4358,-3.1293,-4.9332
1104,BTCUSDT,SELL,1791205426713,86056.005,-0.2324,-1.3944,-4.1833
1105,BTCUSDT,SELL,1791205429807,86058.005,-0.9296,-1.1620,-3.9508
1106,ETHUSDT,SELL,1791205430366,2717.025,-0.3680,-0.3680,-2.1715
1107,BTCUSDT,SELL,1791205445109,86071.695,-0.2684,-2.5920,-0.5007
1108,ETHUSDT,BUY,1791205446146,2717.475,-0.0736,1.9135,-1.2512
1109,BTCUSDT,SELL,1791205450666,86092.005,-0.2323,-0.9281,1.5379
1110,ETHUSDT,SELL,1791205454975,2717.6949999999997,-1.1039,-0.6255,-0.5887
1111,ETHUSDT,SELL,1791205466139,2717.865,-0.4047,-0.4783,-0.8830
1112,ETHUSDT,BUY,1791205483042,2717.8450000000003,-0.8463,-0.8463,3.9737
1113,ETHUSDT,SELL,1791205496026,2717.475,-0.3312,1.2880,-5.3358
1114,ETHUSDT,BUY,1791205503660,2717.565,-1.6191,1.0671,4.4893
1115,BTCUSDT,SELL,1791205510622,86076.005,-0.9294,-1.8588,-0.4659
1116,BTCUSDT,SELL,1791205511461,86083.35500000001,-0.0755,-1.0048,0.3880
1117,ETHUSDT,SELL,1791205535896,2718.105,-1.2877,-3.0168,-0.3311
1118,BTCUSDT,SELL,1791205536216,86092.005,-0.2323,-2.6042,0.8654
1119,ETHUSDT,SELL,1791205537252,2718.455,-0.8461,-1.7289,1.2139
1120,BTCUSDT,SELL,1791205538178,86099.995,-0.9303,-1.6760,2.1138
1121,BTCUSDT,BUY,1791205556552,86114.42499999999,-0.0488,-1.2100,-4.2293
1122,ETHUSDT,BUY,1791205565936,2718.785,-0.8827,-2.8689,-2.5011
1123,ETHUSDT,BUY,1791205569579,2718.0950000000003,-0.2207,0.9933,1.9867
1124,ETHUSDT,BUY,1791205571549,2717.965,-1.3613,0.1840,2.8330
1125,BTCUSDT,BUY,1791205571662,86080.005,-0.5251,0.4647,0.9294
1126,ETHUSDT,SELL,1791205573310,2717.5950000000003,-1.5087,-0.3312,-4.7468
1127,ETHUSDT,SELL,1791205574079,2717.875,-0.4783,0.6991,-3.7161
1128,ETHUSDT,SELL,1791205576747,2718.025,-1.2509,1.2509,-2.7226
1129,ETHUSDT,SELL,1791205577349,2718.145,-0.8094,1.6923,-2.2810
1130,BTCUSDT,SELL,1791205577726,86081.815,-0.2544,0.6749,-0.7191
1131,ETHUSDT,BUY,1791205579984,2718.365,-0.5518,-2.5751,-1.9129
1132,BTCUSDT,BUY,1791205582785,86084.005,-0.9293,-0.9293,-2.5556
1133,BTCUSDT,BUY,1791205593884,86068.005,0.9295,0.0964,-2.7885
1134,BTCUSDT,BUY,1791205597792,86084.555,-0.3206,-1.2255,-4.7105
1135,ETHUSDT,BUY,1791205597966,2718.005,-0.7726,0.6623,-3.2377
1136,BTCUSDT,BUY,1791205599986,86081.795,-1.5055,-0.6726,-4.3900
1137,BTCUSDT,BUY,1791205600222,86078.535,-1.1269,-0.2939,-4.0115
1138,BTCUSDT,BUY,1791205600821,86077.38500000001,-0.9933,0.6413,-3.8779
1139,ETHUSDT,SELL,1791205607515,2717.585,-2.2078,-1.1775,-0.1472
1140,ETHUSDT,BUY,1791205612463,2718.185,-0.5150,-0.2943,-0.9565
1141,BTCUSDT,SELL,1791205630769,86076.005,-1.3941,0.9282,0.5147
1142,BTCUSDT,SELL,1791205631305,86080.005,-0.9294,1.3929,0.9793
1143,BTCUSDT,SELL,1791205631600,86086.005,-0.2323,2.0898,1.6762
1144,ETHUSDT,SELL,1791205631758,2718.7349999999997,-0.5517,3.6782,1.1770
1145,ETHUSDT,BUY,1791205634337,2718.885,-0.4414,-4.6343,-1.7286
1146,ETHUSDT,BUY,1791205638558,2718.7650000000003,-2.9425,-4.1931,-0.1103
1147,BTCUSDT,BUY,1791205638883,86088.005,-2.3220,-3.0202,-0.9293
1148,BTCUSDT,BUY,1791205639577,86076.005,-0.9282,-1.6265,0.4647
1149,BTCUSDT,BUY,1791205650696,86062.005,-0.6972,-2.0915,0.6960
1150,BTCUSDT,BUY,1791205652531,86046.005,-0.2324,-0.2324,2.5556
1151,BTCUSDT,SELL,1791205667463,86052.005,-0.0244,-1.6478,-4.1533
1152,BTCUSDT,SELL,1791205670165,86052.215,-0.4404,-1.9883,-4.1289
1153,BTCUSDT,SELL,1791205680478,86069.32500000001,-0.2614,-0.2614,-2.9441
1154,ETHUSDT,SELL,1791205688519,2717.965,-1.6557,-2.8330,-3.9368
1155,ETHUSDT,SELL,1791205694448,2718.415,-1.1772,-1.1772,-1.7657
1156,BTCUSDT,BUY,1791205706697,86080.005,-1.5497,0.3787,1.1617
1157,ETHUSDT,SELL,1791205708651,2718.385,-1.2507,-3.0165,-2.0968
1158,BTCUSDT,SELL,1791205716082,86067.995,-1.7742,-2.2947,-2.5573
1159,ETHUSDT,SELL,1791205716406,2718.725,-0.2943,-1.1402,-1.7655
1160,ETHUSDT,SELL,1791205717585,2718.8050000000003,-1.4712,-0.3310,-1.4712
1161,ETHUSDT,BUY,1791205726970,2719.025,-0.8827,-0.8827,0.6620
1162,ETHUSDT,BUY,1791205727477,2719.005,-0.8091,-0.8091,0.7356
1163,BTCUSDT,SELL,1791205738528,86087.745,-0.2625,-1.1872,-3.3756
1164,ETHUSDT,SELL,1791205755105,2718.9049999999997,-0.1839,-0.1839,-3.8618
1165,BTCUSDT,SELL,1791205781815,86090.005,-0.2323,-3.1130,-3.7089
1166,BTCUSDT,SELL,1791205786826,86108.005,-0.2323,-1.0220,-0.4645
1167,BTCUSDT,SELL,1791205799252,86116.805,-0.2044,-0.5945,0.5574
1168,BTCUSDT,SELL,1791205821109,86121.92499999999,-0.0813,-0.0813,-0.1475
1169,BTCUSDT,SELL,1791205824776,86125.11499999999,-0.0453,0.3692,0.2067
1170,BTCUSDT,BUY,1791205834485,86122.625,-0.0801,-1.2331,0.0824
1171,BTCUSDT,BUY,1791205843472,86121.935,-1.1530,-1.1530,0.5759
1172,ETHUSDT,SELL,1791205851655,2719.205,-0.6252,-0.8826,-3.6040
1173,BTCUSDT,SELL,1791205860852,86112.005,-0.0163,-0.1846,-2.3226
1174,ETHUSDT,SELL,1791205877133,2718.8050000000003,-2.3172,-5.4803,-5.8849
1175,ETHUSDT,SELL,1791205877870,2718.9849999999997,-1.6550,-4.8180,-5.2225
1176,BTCUSDT,SELL,1791205878389,86110.005,-0.0163,-1.5480,-2.5711
1177,BTCUSDT,SELL,1791205882099,86123.195,-0.0163,-0.0163,-1.0392
1178,ETHUSDT,SELL,1791205917461,2720.125,-0.4044,-2.1323,-1.0294
1179,ETHUSDT,SELL,1791205917728,2720.185,-0.1838,-1.9116,-0.8088
1180,ETHUSDT,BUY,1791205936169,2720.475,-0.2573,-0.8087,-0.2573
1181,ETHUSDT,BUY,1791205949112,2720.255,-0.1470,0.4044,-1.3969
1182,ETHUSDT,BUY,1791205953830,2719.965,-0.5882,1.4706,0.2941
1183,ETHUSDT,SELL,1791205958773,2719.8050000000003,-2.0590,-2.2060,-1.1766
1184,ETHUSDT,BUY,1791205997144,2720.395,-1.9115,-1.9115,0.9190
1185,BTCUSDT,BUY,1791205997559,86143.57500000001,-0.5630,-0.5630,0.1219
1188,BTCUSDT,SELL,1791206007657,86138.735,-0.1474,-0.1474,-1.0762
1189,ETHUSDT,SELL,1791206014850,2720.045,-0.2941,-0.2941,-0.0735
1190,BTCUSDT,SELL,1791206050182,86142.995,-0.1892,-0.1892,3.8297
1191,ETHUSDT,BUY,1791206063787,2720.645,-0.2205,-2.1318,-5.2194
1192,ETHUSDT,BUY,1791206065391,2720.385,-1.1763,-1.1763,-4.2641
1193,ETHUSDT,SELL,1791206076475,2720.065,-0.2573,0.9559,4.3014
1194,BTCUSDT,BUY,1791206084757,86148.005,-2.7383,-2.2299,-5.5718
1195,ETHUSDT,SELL,1791206085109,2719.365,-1.6180,-1.6180,1.3606
1196,ETHUSDT,SELL,1791206085411,2719.545,-0.9560,-0.9560,2.0224
1197,BTCUSDT,BUY,1791206102250,86128.795,-1.0206,-2.1816,-3.3427
1198,ETHUSDT,BUY,1791206102603,2719.585,-0.4780,-1.3237,-0.8089
1199,BTCUSDT,BUY,1791206104999,86120.005,-1.1612,-1.1612,-2.1087
1200,ETHUSDT,BUY,1791206107740,2719.275,-0.1839,-0.1839,1.8387
1201,BTCUSDT,BUY,1791206125022,86110.005,-0.2323,-1.1613,1.8209
1202,ETHUSDT,BUY,1791206125773,2719.225,-0.8458,-1.6917,3.3098
1203,BTCUSDT,BUY,1791206128549,86108.005,-0.6968,-0.9291,2.0532
1204,BTCUSDT,BUY,1791206129330,86104.005,-0.2323,-0.4646,2.5179
1205,ETHUSDT,BUY,1791206129535,2718.7650000000003,0.0000,0.4782,5.0023
1206,BTCUSDT,BUY,1791206131908,86102.005,-0.2323,-0.2323,2.7502
1207,ETHUSDT,SELL,1791206135801,2718.7650000000003,-0.4782,-0.8460,-5.6276
1208,ETHUSDT,SELL,1791206136097,2718.835,-0.2207,-0.5885,-5.3699
1209,ETHUSDT,SELL,1791206143293,2718.895,-0.3678,-1.7286,-6.3261
1210,ETHUSDT,SELL,1791206181080,2719.675,-1.0663,-2.2797,-8.1260
1211,BTCUSDT,SELL,1791206184631,86115.475,-1.1856,-1.1856,-3.7775
1212,ETHUSDT,SELL,1791206184806,2719.995,-0.4779,-1.1029,-6.9485
1213,ETHUSDT,SELL,1791206190283,2720.125,-0.6250,-1.8014,-6.4703
1214,BTCUSDT,SELL,1791206214415,86132.015,-0.2299,-0.2299,-6.0187
1215,ETHUSDT,BUY,1791206217731,2720.885,-0.4410,0.5145,6.4317
1216,ETHUSDT,SELL,1791206227037,2720.965,-0.2205,-3.3077,-6.5418
1217,BTCUSDT,SELL,1791206227809,86133.995,-1.6265,-1.6265,-6.5027
1218,BTCUSDT,SELL,1791206228108,86135.995,-1.3943,-1.3943,-6.2703
1219,ETHUSDT,SELL,1791206228738,2721.535,-0.0000,-1.2126,-5.3279
1220,ETHUSDT,SELL,1791206234260,2721.54,-1.1942,-1.2677,-11.8499
1221,ETHUSDT,SELL,1791206238908,2721.865,-0.0735,-0.0735,-11.4995
1222,ETHUSDT,SELL,1791206256236,2721.9049999999997,-0.2572,-3.0861,-13.7771
1223,BTCUSDT,SELL,1791206267516,86170.005,-0.4363,-1.6073,-4.1615
1224,ETHUSDT,BUY,1791206275194,2722.745,-0.4040,-0.3305,2.6811
1225,BTCUSDT,SELL,1791206284120,86183.86,-0.7130,-2.5533,0.6794
1226,ETHUSDT,SELL,1791206287141,2722.745,-0.8815,-8.1903,-2.7546
1227,ETHUSDT,BUY,1791206292948,2724.7650000000003,0.0000,-0.6606,-5.1748
1228,BTCUSDT,SELL,1791206297521,86205.86499999999,-0.0162,-0.0000,2.9998
1229,ETHUSDT,BUY,1791206299711,2724.995,-1.9083,-1.1743,-8.2936
1230,ETHUSDT,BUY,1791206300383,2724.545,-0.2569,0.4771,-6.2396
1231,BTCUSDT,BUY,1791206300435,86206.005,-0.0162,-0.0162,-3.9440
1232,ETHUSDT,BUY,1791206304315,2724.585,-0.2202,1.5048,-6.0193
1233,ETHUSDT,BUY,1791206305857,2724.525,-0.0734,4.1475,-5.7992
1234,ETHUSDT,SELL,1791206307309,2724.505,-0.6240,-4.2944,5.7258
1235,ETHUSDT,SELL,1791206312834,2724.755,-0.8808,1.0643,4.8812
1236,ETHUSDT,SELL,1791206313097,2724.815,-0.6606,1.2845,5.1013
1237,ETHUSDT,SELL,1791206313628,2724.925,-0.8808,1.6881,7.0828
1238,ETHUSDT,SELL,1791206315017,2725.165,-1.7981,3.8163,7.9628
1239,BTCUSDT,SELL,1791206315700,86206.005,-0.6798,0.0162,3.4800
1240,BTCUSDT,SELL,1791206316053,86211.86499999999,-0.0000,0.6960,4.1595
1241,ETHUSDT,SELL,1791206317476,2725.675,-0.0000,5.6867,9.8324
1242,ETHUSDT,BUY,1791206332382,2723.9849999999997,-1.8723,-1.7988,-4.0749
1243,BTCUSDT,BUY,1791206332554,86188.005,-1.1603,-1.1603,-1.8564
1244,BTCUSDT,BUY,1791206333053,86180.005,-0.2321,-0.2321,-0.9283
1245,ETHUSDT,BUY,1791206333306,2723.525,-0.1836,-0.1102,-2.3866
1246,BTCUSDT,SELL,1791206348651,86178.005,-0.2321,0.4642,-0.8007
1247,ETHUSDT,BUY,1791206350012,2723.495,-0.5140,-2.7905,0.6609
1248,ETHUSDT,BUY,1791206356116,2723.2650000000003,-1.9462,-1.1751,-0.0734
1249,BTCUSDT,BUY,1791206358842,86174.005,-0.2321,-0.2321,-0.2321
1250,ETHUSDT,BUY,1791206377811,2722.995,-0.1469,-0.8447,-0.0734
1251,BTCUSDT,BUY,1791206380023,86176.005,-0.4642,-0.4642,-0.4642
1252,ETHUSDT,SELL,1791206389399,2722.7349999999997,-0.5142,-1.2855,-0.8815
1253,ETHUSDT,BUY,1791206414351,2723.675,-1.5787,-2.5701,-5.4705
1254,BTCUSDT,BUY,1791206416437,86180.005,-0.9283,-0.9283,-3.2490
1255,ETHUSDT,BUY,1791206416839,2723.225,-0.6977,-0.9180,-3.8190
1256,ETHUSDT,BUY,1791206417403,2723.135,-0.3672,-0.5876,-3.4886
1257,ETHUSDT,BUY,1791206422195,2723.035,-0.2203,-0.2203,-3.1215
1258,BTCUSDT,BUY,1791206451316,86154.005,-0.4643,-0.2321,-1.6250
1259,BTCUSDT,SELL,1791206452669,86150.005,-0.2322,-0.2322,1.1608
1260,ETHUSDT,BUY,1791206485972,2722.0550000000003,-1.4695,-0.3674,-3.8206
1261,BTCUSDT,BUY,1791206486785,86152.005,-1.3929,-1.3929,-5.3394
1262,ETHUSDT,SELL,1791206521996,2720.885,-1.3231,-0.4778,1.9846
1263,BTCUSDT,BUY,1791206524992,86111.82500000001,-2.0694,-1.8371,-3.6952
1264,BTCUSDT,BUY,1791206525397,86104.005,-1.1614,-0.9291,-2.7873
1265,BTCUSDT,SELL,1791206530340,86094.005,-0.2323,-0.2323,1.6261
1266,BTCUSDT,SELL,1791206543507,86096.005,-1.1615,-1.1615,-0.4646
1267,BTCUSDT,BUY,1791206561778,86106.005,-1.8570,-3.0195,0.0000
1268,BTCUSDT,BUY,1791206562384,86094.005,-0.4634,-1.6261,1.3938
1269,BTCUSDT,SELL,1791206601433,86094.005,-0.6969,-1.3938,1.0001
1272,BTCUSDT,SELL,1791206608142,86100.005,-0.6969,-0.6969,1.9280
1273,BTCUSDT,BUY,1791206642560,86106.005,-2.0904,-2.0904,-6.7359
1274,ETHUSDT,SELL,1791206644743,2721.085,-0.3675,0.4410,7.3868
1275,ETHUSDT,SELL,1791206645760,2721.185,-0.5880,0.8085,8.2685
1276,ETHUSDT,SELL,1791206646384,2721.215,-0.4777,0.9187,8.3786
1277,BTCUSDT,BUY,1791206658066,86088.005,-0.3032,-0.5343,-4.8787
1278,BTCUSDT,BUY,1791206670541,86080.005,-1.6264,-1.6264,-6.5044
1279,ETHUSDT,BUY,1791206671476,2720.005,-1.2132,-0.0368,-5.8456
1280,ETHUSDT,SELL,1791206675138,2719.685,-1.1766,-0.0000,4.6697
1281,BTCUSDT,BUY,1791206684465,86060.005,-0.4648,-0.4648,-2.3240
1282,BTCUSDT,BUY,1791206685202,86056.42499999999,-0.0488,-0.0488,-1.8918
1283,ETHUSDT,SELL,1791206698771,2719.855,-0.5147,3.3825,2.4634
1284,BTCUSDT,BUY,1791206700107,86061.375,-0.6077,-1.7859,-2.0183
1285,ETHUSDT,BUY,1791206700401,2719.995,-2.8309,-3.8971,-2.9779
1286,ETHUSDT,BUY,1791206701243,2719.605,-1.3973,-2.4636,-2.2797
1287,BTCUSDT,BUY,1791206702117,86056.14499999999,-0.9459,-1.1783,-2.1079
1288,BTCUSDT,BUY,1791206703215,86048.005,-0.2324,-0.2324,-1.1621
1289,BTCUSDT,SELL,1791206719157,86046.005,-0.0163,2.5556,1.3946
1290,ETHUSDT,BUY,1791206720855,2719.3450000000003,-1.8019,-3.4199,-3.3464
1291,ETHUSDT,BUY,1791206721640,2718.935,-1.1034,-1.9125,-1.8390
1292,BTCUSDT,BUY,1791206728142,86034.005,-1.1612,-1.1612,0.0000
1293,BTCUSDT,BUY,1791206728754,86026.435,-0.2813,0.0000,0.8800
1294,BTCUSDT,SELL,1791206738444,86024.015,-0.5626,-2.3238,-1.1776
1295,BTCUSDT,SELL,1791206738649,86024.155,-0.5464,-2.3075,-1.1613
1296,BTCUSDT,SELL,1791206740622,86028.85500000001,-0.5080,-1.7610,-0.6149
1297,BTCUSDT,SELL,1791206741707,86033.225,-0.3231,-1.2530,-1.0205
1298,BTCUSDT,SELL,1791206745012,86040.005,-0.4033,-0.4649,-0.6974
1299,ETHUSDT,SELL,1791206745548,2719.1549999999997,-0.5149,-0.4045,0.5884
1300,ETHUSDT,SELL,1791206746274,2719.2349999999997,-0.2207,0.1839,0.8826
1301,ETHUSDT,BUY,1791206755797,2719.2650000000003,-0.2942,-1.0297,-0.2206
1302,BTCUSDT,SELL,1791206788921,86034.005,-0.0163,-0.0163,-2.5920
1303,BTCUSDT,SELL,1791206801013,86034.14499999999,-1.1461,-1.3785,-1.8435
1304,BTCUSDT,SELL,1791206801513,86036.005,-1.1623,-1.1623,-1.6272
1305,ETHUSDT,SELL,1791206801624,2718.935,-0.2207,-0.2207,-2.6113
1306,BTCUSDT,SELL,1791206802083,86044.005,-0.2324,-0.2324,-0.6973
1307,BTCUSDT,SELL,1791206816406,86046.005,-0.9460,-1.8595,-1.5399
1308,BTCUSDT,SELL,1791206817362,86054.005,-0.0163,-0.9296,-0.6972
1309,BTCUSDT,SELL,1791206819271,86054.14499999999,-0.9134,-0.9296,-0.6810
1310,ETHUSDT,SELL,1791206819367,2719.415,-1.7283,-2.0593,-2.3902
1311,BTCUSDT,SELL,1791206828276,86062.005,-0.0163,-0.0163,-3.0211
1312,ETHUSDT,SELL,1791206828285,2719.885,-0.3309,1.1398,-2.9045
1313,ETHUSDT,BUY,1791206835191,2719.915,-1.2500,-1.2500,3.6398
1314,BTCUSDT,BUY,1791206838937,86062.14499999999,-0.6786,-0.6786,3.0048
1315,ETHUSDT,BUY,1791206847920,2719.7650000000003,-0.4412,-0.4412,1.5075
1316,BTCUSDT,BUY,1791206859252,86056.305,-0.7321,-1.1969,3.6836
1317,BTCUSDT,BUY,1791206863998,86050.005,-0.4648,-0.4486,5.5782
1318,ETHUSDT,SELL,1791206873017,2719.745,-0.0735,-1.1766,-5.0005
1319,BTCUSDT,SELL,1791206875668,86046.14499999999,-1.6108,-3.9351,-7.4216
1320,BTCUSDT,SELL,1791206876420,86059.255,-0.0871,-2.8759,-5.8971
1321,BTCUSDT,SELL,1791206879351,86060.005,-0.2487,-3.2535,-5.8099
1322,BTCUSDT,SELL,1791206883699,86074.005,-0.6971,-1.6265,-4.1824
1323,ETHUSDT,SELL,1791206884059,2720.625,-0.1838,-1.0292,-1.7643
1324,ETHUSDT,SELL,1791206914797,2720.2650000000003,-0.6617,-3.0879,-4.3011
1325,BTCUSDT,SELL,1791206923406,86088.005,-1.1616,-2.5555,-3.9494
1326,BTCUSDT,SELL,1791206927177,86102.005,-0.5238,-0.9291,-1.3937
1327,BTCUSDT,SELL,1791206927596,86104.005,-0.6968,-0.6968,-1.1614
1328,BTCUSDT,SELL,1791206928155,86105.655,-0.5052,-0.5052,-0.9697
1329,ETHUSDT,BUY,1791206930174,2721.415,-1.1391,-1.1391,-4.3360
1330,ETHUSDT,BUY,1791206930599,2721.245,-0.5145,-0.5145,-3.7115
1331,ETHUSDT,SELL,1791206950143,2721.115,-0.6247,-2.1315,5.4389
1332,ETHUSDT,BUY,1791206981699,2721.065,-2.0580,-3.0503,-19.3307
1333,BTCUSDT,BUY,1791207001394,86125.125,-3.6133,-5.2389,-33.6627
1334,BTCUSDT,BUY,1791207001859,86107.14499999999,-2.1160,-3.3842,-31.4887
1335,ETHUSDT,BUY,1791207002150,2719.855,-1.6913,-2.0222,-24.9278
1336,BTCUSDT,BUY,1791207004429,86074.005,-0.0860,1.6265,-26.1844
1337,ETHUSDT,SELL,1791207007918,2718.535,-2.4646,-5.2234,12.1021
1338,ETHUSDT,SELL,1791207012784,2718.925,-1.5815,-0.0368,13.3876
1339,ETHUSDT,BUY,1791207015737,2719.915,-0.2206,-2.8310,-17.0226
1340,BTCUSDT,SELL,1791207017135,86096.005,-0.2323,3.4845,23.4622
1341,BTCUSDT,BUY,1791207019001,86086.005,-1.3940,-3.4849,-25.0912
1342,ETHUSDT,BUY,1791207019467,2719.415,-0.7355,-3.7876,-16.4374
1343,ETHUSDT,BUY,1791207022783,2718.935,-0.4413,-3.9354,-11.7325
1344,BTCUSDT,BUY,1791207029384,86046.965,-1.3934,-11.0358,-15.9169
1345,BTCUSDT,BUY,1791207029630,86044.975,-1.7398,-10.8048,-16.8482
1346,BTCUSDT,BUY,1791207036369,86019.38500000001,-2.2530,-14.7525,-14.5769
1347,BTCUSDT,BUY,1791207036697,86003.975,-0.4616,-12.9634,-12.7878
1348,BTCUSDT,BUY,1791207038592,85966.005,-1.6286,-10.4693,-8.1428
1349,ETHUSDT,BUY,1791207040182,2716.245,1.5094,-6.1114,-4.9333
1350,ETHUSDT,SELL,1791207040476,2716.415,1.3989,6.7368,6.8473
1351,BTCUSDT,BUY,1791207098821,85896.005,-1.6299,-1.3970,1.1642
1352,BTCUSDT,BUY,1791207099412,85893.985,-1.3947,-1.1619,2.0979
1353,BTCUSDT,BUY,1791207099665,85887.995,-0.9303,-0.6136,3.0854
1354,BTCUSDT,BUY,1791207100518,85882.005,-1.9923,-0.6975,4.4247
1355,BTCUSDT,BUY,1791207101275,85876.005,-1.2937,-0.0454,6.6829
1356,BTCUSDT,SELL,1791207104098,85870.005,-0.4658,0.3005,-10.0151
1357,BTCUSDT,SELL,1791207104328,85872.005,-0.2329,0.4041,-9.7820
1358,BTCUSDT,SELL,1791207107885,85878.875,-0.5974,-0.8302,-12.2417
1359,BTCUSDT,SELL,1791207108345,85883.89499999999,-0.0128,-0.2457,-11.6564
1360,ETHUSDT,SELL,1791207108592,2715.245,1.2154,-1.8415,-12.8534
1361,ETHUSDT,BUY,1791207109122,2715.255,-1.2522,3.9039,13.2953
1362,BTCUSDT,BUY,1791207110739,85876.015,-0.2341,3.2594,14.4371
1363,ETHUSDT,SELL,1791207114162,2714.895,-0.5525,-9.7241,-15.3229
1364,BTCUSDT,SELL,1791207114451,85868.535,-0.6359,-8.9917,-15.0777
1365,BTCUSDT,SELL,1791207114669,85873.07500000001,-0.7307,-8.4625,-14.3153
1366,ETHUSDT,BUY,1791207117107,2715.355,-0.1841,6.2239,8.5072
1367,ETHUSDT,SELL,1791207117555,2715.145,-2.2098,-6.5926,-9.2813
1368,BTCUSDT,SELL,1791207119457,85896.67499999999,-0.8534,-2.4832,-6.4415
1369,ETHUSDT,SELL,1791207119876,2716.315,-1.1781,-1.9144,-2.9820
1370,BTCUSDT,SELL,1791207120034,85901.07500000001,-0.5739,-1.9709,-5.9289
1371,BTCUSDT,SELL,1791207120360,85902.005,-0.6985,-0.8993,-5.8206
1372,ETHUSDT,SELL,1791207120580,2716.525,-0.4049,-0.7362,-2.7977
1373,BTCUSDT,SELL,1791207121000,85904.005,-1.4644,-0.0000,-5.5876
1374,BTCUSDT,SELL,1791207121626,85908.005,-1.7204,0.1455,-4.6561
1375,BTCUSDT,SELL,1791207122083,85916.58499999999,-1.3292,0.6017,-2.9598
1376,BTCUSDT,SELL,1791207122318,85918.005,-1.6295,0.7658,-2.5606
1377,BTCUSDT,SELL,1791207123480,85932.005,-1.5989,2.1622,1.3965
1378,ETHUSDT,SELL,1791207124328,2717.535,0.2576,0.5520,5.5933
1379,ETHUSDT,BUY,1791207125452,2717.4449999999997,-1.4720,0.9936,-5.7775
1380,BTCUSDT,BUY,1791207126174,85934.015,-0.6994,-0.6272,-2.3285
1381,BTCUSDT,BUY,1791207126765,85934.015,-1.1346,-0.4666,-2.3285
1382,BTCUSDT,BUY,1791207127194,85928.005,-0.4352,0.2328,-0.9310
1383,BTCUSDT,BUY,1791207127750,85926.005,-0.9310,0.1455,-0.6983
1384,BTCUSDT,BUY,1791207128205,85924.265,-0.7285,0.3480,-0.4958
1385,BTCUSDT,BUY,1791207128517,85921.725,-0.4330,0.3236,-0.2002
1386,BTCUSDT,BUY,1791207130273,85918.005,-1.6295,-0.4993,-0.4656
1387,BTCUSDT,BUY,1791207130806,85904.83499999999,0.2701,0.6018,1.0675
1388,BTCUSDT,SELL,1791207131494,85904.005,-1.0966,-0.8591,0.6985
1389,BTCUSDT,SELL,1791207132246,85911.41500000001,-0.2340,-1.3246,1.5609
1390,BTCUSDT,SELL,1791207133956,85913.42499999999,-1.6237,-1.9322,1.7948
1391,BTCUSDT,SELL,1791207134924,85925.785,-0.3305,-0.0128,3.2330
1392,BTCUSDT,BUY,1791207135837,85930.005,0.0000,-1.8620,-3.7240
1393,BTCUSDT,SELL,1791207136601,85928.625,0.1594,1.2208,3.5634
1394,BTCUSDT,BUY,1791207137908,85927.255,-1.0765,0.5528,-3.9871
1395,BTCUSDT,BUY,1791207138646,85924.505,-0.7995,0.8729,-4.0152
1396,BTCUSDT,BUY,1791207139802,85917.63500000001,-0.8881,1.9798,-3.9142
1397,BTCUSDT,BUY,1791207140038,85916.005,-0.6984,2.1696,-3.7246
1398,BTCUSDT,BUY,1791207140268,85914.005,-0.4656,2.2418,-3.4919
1399,BTCUSDT,SELL,1791207141464,85910.005,-1.9154,-1.8624,3.0264
1400,BTCUSDT,SELL,1791207146726,85918.13500000001,-1.6143,1.4118,7.3407
1401,BTCUSDT,SELL,1791207147125,85922.005,-1.1638,1.8622,7.7908
1402,BTCUSDT,SELL,1791207147317,85924.005,-0.9311,2.0949,8.0234
1403,BTCUSDT,SELL,1791207149017,85932.005,-0.3072,3.0256,6.5168
1404,BTCUSDT,BUY,1791207150865,85928.005,-0.2328,-0.1274,-5.5861
1405,BTCUSDT,BUY,1791207154960,85907.985,-0.2305,5.8225,-2.7914
1406,BTCUSDT,SELL,1791207159108,85906.005,-1.3969,-9.5453,1.6297
1407,BTCUSDT,SELL,1791207160254,85918.005,-1.7912,-9.3112,3.5068
1408,BTCUSDT,SELL,1791207161185,85928.005,-1.7910,-8.3587,6.5171
1409,BTCUSDT,SELL,1791207162616,85943.39499999999,-1.0018,-5.8888,8.3066
1410,BTCUSDT,SELL,1791207162831,85945.745,-1.1938,-5.6152,8.5798
1411,BTCUSDT,SELL,1791207163184,85950.015,-0.6969,-5.3583,9.0762
1412,BTCUSDT,BUY,1791207171180,85999.995,-0.6965,-5.5802,-8.1047
1413,BTCUSDT,SELL,1791207173178,85994.005,-0.5617,7.4965,7.4087
1414,BTCUSDT,BUY,1791207174170,85999.67499999999,-0.8919,-9.2640,-8.0675
1415,BTCUSDT,BUY,1791207174552,85998.005,-1.1628,-9.3235,-7.8734
1416,BTCUSDT,BUY,1791207174779,85996.005,-1.6280,-9.3028,-7.6411
1417,BTCUSDT,BUY,1791207175497,85990.005,-1.3955,-8.8382,-5.5820
1418,BTCUSDT,BUY,1791207175872,85982.005,-0.4652,-7.9086,-4.6521
1419,BTCUSDT,BUY,1791207176417,85980.005,-0.2326,-7.6762,-3.4892
1420,BTCUSDT,BUY,1791207178858,85966.005,-1.6286,-5.3510,-0.2338
1421,BTCUSDT,BUY,1791207179100,85962.005,-1.1633,-4.8859,0.2315
1422,BTCUSDT,BUY,1791207181189,85952.005,-1.3961,-4.8864,1.3950
1423,BTCUSDT,BUY,1791207181455,85950.005,-1.1635,-6.0500,1.6277
1424,BTCUSDT,BUY,1791207183156,85930.005,-1.1637,-3.7240,3.9555
1425,BTCUSDT,BUY,1791207189915,85920.005,-0.9311,-4.1899,6.5247
1426,BTCUSDT,BUY,1791207191213,85910.005,-1.3968,-3.0264,7.2169
1427,BTCUSDT,BUY,1791207198605,85892.005,-0.9314,-2.7348,12.2258
1428,BTCUSDT,BUY,1791207202514,85868.525,-1.1855,1.3369,14.9636
1431,BTCUSDT,BUY,1791207205602,85858.345,-0.3820,3.1843,16.1510
1432,BTCUSDT,SELL,1791207208390,85868.005,-1.1646,-2.7950,-15.3689
1433,BTCUSDT,SELL,1791207214533,85880.005,-0.4658,0.6113,-10.8174
1434,BTCUSDT,SELL,1791207214849,85883.88,-0.8645,0.6841,-10.3657
1435,BTCUSDT,SELL,1791207215589,85884.005,-0.9315,0.2329,-10.0135
1436,BTCUSDT,BUY,1791207220120,85888.005,-1.6300,3.4929,10.7116
1437,BTCUSDT,SELL,1791207223464,85872.005,-0.3202,-6.7880,-12.5769
1438,BTCUSDT,SELL,1791207224342,85873.38500000001,-0.8745,-6.6272,-12.6489
1439,BTCUSDT,SELL,1791207224543,85874.755,-0.8443,-6.4676,-12.8018
1440,BTCUSDT,SELL,1791207224938,85878.005,-0.4658,-6.0889,-12.6936
1441,BTCUSDT,SELL,1791207225142,85879.38500000001,-0.3051,-6.7059,-12.6480
1442,BTCUSDT,SELL,1791207226206,85882.005,-1.8619,-7.6850,-12.3425
1443,BTCUSDT,SELL,1791207235435,85939.86499999999,-1.1799,-1.7792,-6.7652
1444,BTCUSDT,SELL,1791207237666,85950.005,-1.6277,-2.3269,-4.8866
1445,BTCUSDT,BUY,1791207244050,85963.995,-1.0283,0.9318,4.4507
1446,BTCUSDT,BUY,1791207244479,85956.005,-0.0989,1.8614,5.3807
1447,BTCUSDT,SELL,1791207245880,85955.155,-1.0284,-3.6368,-7.0793
1448,BTCUSDT,SELL,1791207246218,85963.465,-0.0617,-2.8663,-6.3446
1449,ETHUSDT,SELL,1791207246628,2717.5550000000003,-1.2143,-1.8031,-2.3551
1450,ETHUSDT,BUY,1791207249572,2718.255,-2.0969,0.0000,-2.6855
1451,ETHUSDT,BUY,1791207250560,2717.685,-1.2879,2.0974,-1.2143
1452,ETHUSDT,SELL,1791207257255,2718.145,-0.4047,-0.1839,-0.6622
1453,BTCUSDT,BUY,1791207260481,85997.015,-0.3209,-0.3186,5.2479
1454,BTCUSDT,SELL,1791207262481,85994.255,-0.3210,2.4827,-6.9481
1455,ETHUSDT,BUY,1791207263509,2718.185,-1.5819,-4.3411,1.1221
1456,ETHUSDT,SELL,1791207264526,2717.755,-1.6190,2.7596,-3.8267
1457,ETHUSDT,BUY,1791207268365,2718.185,-0.6254,-4.1388,4.8930
1458,BTCUSDT,BUY,1791207269936,85998.005,-1.1628,-2.0931,11.6282
1459,ETHUSDT,BUY,1791207270295,2717.9449999999997,-1.2142,-1.4717,5.7764
1460,BTCUSDT,BUY,1791207270510,85994.275,-0.9861,-1.6594,12.2950
1461,BTCUSDT,BUY,1791207270832,85992.005,-1.1629,-1.3955,12.5593
1462,ETHUSDT,BUY,1791207271360,2717.615,-2.2446,-0.2576,5.8875
1463,BTCUSDT,BUY,1791207271938,85982.005,-1.0584,-0.2326,12.5643
1464,BTCUSDT,BUY,1791207272328,85978.005,-0.5932,0.2326,12.7940
1465,BTCUSDT,BUY,1791207276562,85968.005,-0.4653,2.3264,14.6566
1466,ETHUSDT,SELL,1791207278146,2716.7650000000003,-1.2515,-1.4355,-9.2021
1467,ETHUSDT,SELL,1791207279176,2717.105,-1.6194,-1.6562,-7.9496
1468,BTCUSDT,SELL,1791207284097,85980.005,-0.9304,-2.5878,-12.0958
1469,BTCUSDT,SELL,1791207286918,85988.005,-0.2314,-0.4652,-11.8621
1470,ETHUSDT,SELL,1791207288520,2717.1549999999997,-1.4721,-0.8097,-7.5079
1471,ETHUSDT,SELL,1791207288916,2717.315,-1.5824,-0.2208,-7.1394
1472,BTCUSDT,SELL,1791207289950,85993.295,-0.7791,0.3803,-12.7859
1473,BTCUSDT,SELL,1791207290523,85998.01000000001,-0.2308,0.9308,-12.5160
1474,ETHUSDT,BUY,1791207293630,2717.915,-0.6255,-1.0302,6.7331
1475,ETHUSDT,BUY,1791207294931,2717.745,-1.3614,-0.4047,5.7401
1476,BTCUSDT,BUY,1791207295228,85999.985,-0.4628,0.9326,13.2581
1477,BTCUSDT,BUY,1791207295473,85998.005,-0.4651,1.5965,13.3073
1478,ETHUSDT,BUY,1791207300243,2717.295,-0.1472,0.2208,5.5570
1479,BTCUSDT,SELL,1791207302213,85998.005,-0.4942,-2.9210,-11.6259
1480,BTCUSDT,SELL,1791207302477,86000.005,-0.2616,-2.6884,-11.3930
1481,BTCUSDT,SELL,1791207304554,86002.255,-1.1023,-3.6918,-11.1311
1482,BTCUSDT,SELL,1791207306133,86016.005,-1.1626,-3.0227,-9.9981
1483,ETHUSDT,BUY,1791207309643,2717.525,1.6191,2.2447,3.9006
1484,BTCUSDT,BUY,1791207309888,86008.025,-0.1895,3.9671,9.5317
1485,ETHUSDT,BUY,1791207310553,2717.355,2.3920,2.3552,4.5265
1486,BTCUSDT,SELL,1791207311321,86012.61499999999,-1.2219,-4.1145,-7.6024
1487,ETHUSDT,SELL,1791207314260,2718.105,-0.8094,-2.0603,0.3311
1488,ETHUSDT,SELL,1791207314835,2718.255,-0.2575,-1.9866,0.8829
1489,ETHUSDT,BUY,1791207318387,2718.325,-0.6990,4.3777,-1.8394
1490,ETHUSDT,BUY,1791207318762,2718.135,-0.0736,5.0770,-1.1405
1491,ETHUSDT,SELL,1791207321513,2717.995,-1.5085,-4.4886,0.6255
1492,ETHUSDT,BUY,1791207331029,2719.4449999999997,-1.5812,-3.3463,-7.9060
1493,BTCUSDT,BUY,1791207332077,86090.035,-0.2358,-0.0035,-5.5779
1494,BTCUSDT,SELL,1791207334026,86088.005,-0.6970,0.4646,7.4343
1495,ETHUSDT,SELL,1791207336053,2719.0950000000003,-0.6252,2.5008,8.9736
1496,ETHUSDT,BUY,1791207340984,2718.8050000000003,-1.6184,3.0160,-12.8733
1497,BTCUSDT,BUY,1791207341448,86100.005,-1.3937,2.0836,-13.6411
1498,BTCUSDT,BUY,1791207342070,86092.005,-0.9258,3.0955,-13.0093
1499,BTCUSDT,BUY,1791207342661,86088.005,-0.4646,3.5603,-12.5453
1500,BTCUSDT,BUY,1791207342893,86085.045,-0.1208,3.8125,-12.2019
1501,BTCUSDT,BUY,1791207343063,86084.555,-0.0639,3.8695,-12.1450
1502,BTCUSDT,SELL,1791207346124,86086.005,-0.5506,-2.2309,10.6870
1503,ETHUSDT,SELL,1791207346630,2718.605,-0.9196,-0.7357,10.5937
1504,BTCUSDT,SELL,1791207347055,86090.005,-0.9293,-0.9293,10.6865
1505,BTCUSDT,SELL,1791207347700,86090.745,-1.2196,-0.6110,10.7724
1506,ETHUSDT,SELL,1791207347914,2718.865,-1.4344,0.2207,11.2179
1507,BTCUSDT,SELL,1791207348247,86098.005,-0.6086,0.2323,11.6147
1508,ETHUSDT,SELL,1791207348437,2719.005,-0.9195,0.7356,11.7322
1509,BTCUSDT,SELL,1791207351311,86117.86499999999,-0.0917,2.3085,11.4918
1510,ETHUSDT,BUY,1791207353649,2719.745,-0.8457,-2.4635,-10.5892
1511,BTCUSDT,BUY,1791207354205,86117.86499999999,-0.4482,-2.3085,-9.0411
1512,ETHUSDT,BUY,1791207354369,2719.625,-1.1766,-2.0223,-10.1485
1513,BTCUSDT,BUY,1791207354448,86116.485,-0.4691,-2.1483,-8.8810
1514,ETHUSDT,BUY,1791207354610,2719.565,-0.9560,-1.8018,-9.9281
1515,BTCUSDT,BUY,1791207355066,86116.005,-1.1612,-1.8986,-8.8253
1516,BTCUSDT,BUY,1791207356464,86104.005,-0.9291,0.0000,-8.1297
1517,BTCUSDT,BUY,1791207356750,86102.005,-0.6968,0.2323,-7.8976
1518,BTCUSDT,BUY,1791207356974,86100.935,-0.5726,0.3566,-7.7734
1519,ETHUSDT,SELL,1791207361673,2718.815,-0.9563,1.1034,10.1883
1520,ETHUSDT,SELL,1791207362320,2718.975,-0.3678,3.5307,11.2910
1521,ETHUSDT,SELL,1791207364831,2719.075,-0.9930,3.8984,14.6373
1522,ETHUSDT,SELL,1791207365923,2719.3450000000003,-0.7355,4.8909,15.9597
1523,BTCUSDT,SELL,1791207366136,86102.005,-0.2323,2.7874,11.8476
1524,BTCUSDT,BUY,1791207367686,86104.005,-0.9291,-2.6991,-13.2398
1525,BTCUSDT,BUY,1791207368166,86101.245,-0.8409,-2.3786,-13.0892
1526,BTCUSDT,BUY,1791207368470,86098.005,-0.6969,-2.0024,-12.7134
1527,ETHUSDT,BUY,1791207368751,2719.065,-1.7653,-4.5604,-17.5428
1528,BTCUSDT,BUY,1791207368907,86096.005,-0.6969,-1.7701,-12.4814
1529,BTCUSDT,BUY,1791207369989,86090.005,-1.3939,-1.0733,-11.7853
1530,BTCUSDT,BUY,1791207370610,86084.005,-0.6970,-0.3764,-10.9196
1531,BTCUSDT,BUY,1791207370865,86082.005,-0.4647,-0.1440,-9.9417
1532,ETHUSDT,SELL,1791207381926,2717.825,-0.0000,2.7964,11.0014
1533,ETHUSDT,BUY,1791207382820,2717.895,-0.7727,-3.6425,-11.2587
1534,BTCUSDT,BUY,1791207382984,86080.765,-2.1015,-5.4112,-11.0059
1535,BTCUSDT,BUY,1791207385938,86062.67499999999,-1.4722,-3.1372,-9.2316
1536,ETHUSDT,BUY,1791207386198,2717.255,-1.1777,-2.2081,-9.1637
1537,ETHUSDT,BUY,1791207386386,2717.175,-1.0305,-1.9138,-8.8695
1538,ETHUSDT,BUY,1791207386911,2717.005,-2.0979,-1.8035,-8.7596
1539,BTCUSDT,BUY,1791207387046,86050.005,-0.4648,-1.9861,-8.8309
1540,BTCUSDT,BUY,1791207387360,86048.005,-0.2324,-2.0919,-8.8974
1541,ETHUSDT,BUY,1791207387687,2716.8050000000003,0.9570,-1.3619,-8.7603
1542,ETHUSDT,SELL,1791207389631,2717.285,-0.6992,5.4834,9.7524
1543,BTCUSDT,SELL,1791207389765,86056.005,-0.1604,6.5074,8.5991
1544,ETHUSDT,BUY,1791207390386,2717.475,-1.5088,-6.9550,-10.4509
1545,BTCUSDT,BUY,1791207391623,86047.275,-0.8449,-7.5214,-8.8957
1546,BTCUSDT,BUY,1791207392577,86042.005,-2.0920,-7.2058,-8.3680
1547,BTCUSDT,BUY,1791207392810,86040.005,-1.8596,-6.9735,-8.5995
1548,ETHUSDT,BUY,1791207392867,2716.9049999999997,-1.9139,-7.3245,-8.9808
1549,BTCUSDT,BUY,1791207396988,86035.67499999999,-1.3553,-4.3784,-11.5847
1550,ETHUSDT,BUY,1791207397611,2716.5150000000003,-0.9203,-2.5768,-9.6447
1551,BTCUSDT,BUY,1791207397745,86028.005,-0.9299,-3.4872,-10.6942
1552,ETHUSDT,BUY,1791207398131,2716.435,-1.5830,-2.2824,-9.3505
1553,ETHUSDT,BUY,1791207398796,2716.2650000000003,-1.7303,-1.2885,-8.3202
1554,ETHUSDT,BUY,1791207400294,2715.6549999999997,-1.6018,1.4729,-5.5972
1555,ETHUSDT,SELL,1791207403534,2715.025,-0.5525,-5.9300,3.2781
1556,BTCUSDT,SELL,1791207404785,85984.005,-0.9653,-6.5128,4.5764
1557,BTCUSDT,SELL,1791207405255,85989.995,-0.4663,-5.8158,5.2727
1558,BTCUSDT,SELL,1791207405784,85992.305,-0.6629,-5.3144,5.3842
1559,BTCUSDT,SELL,1791207406709,85996.005,-0.2326,-4.4188,5.8142
1560,ETHUSDT,SELL,1791207407581,2715.755,-0.2578,-1.8779,6.5912
1561,ETHUSDT,SELL,1791207408557,2715.815,-0.6628,-1.6570,6.8120
1562,BTCUSDT,SELL,1791207410024,86008.005,-0.6982,-2.7916,8.3713
1563,BTCUSDT,SELL,1791207410876,86013.61499999999,-1.8730,-1.6742,9.0230
1564,BTCUSDT,SELL,1791207412268,86029.725,-0.7300,0.6649,10.8939
1565,BTCUSDT,SELL,1791207412613,86032.005,-0.4649,1.1624,10.9273
1566,ETHUSDT,SELL,1791207412745,2716.525,-1.2516,2.2823,8.4667
1567,BTCUSDT,SELL,1791207413618,86036.005,-0.4649,2.5571,10.9257
1568,ETHUSDT,BUY,1791207415236,2716.865,-0.5153,-6.5149,-7.8031
1569,BTCUSDT,BUY,1791207417437,86034.005,-0.2313,-4.4169,-11.1537
1570,BTCUSDT,BUY,1791207420819,86028.935,-0.5498,-3.7970,-8.2449
1571,BTCUSDT,BUY,1791207422708,86022.005,-0.9846,-2.3215,-6.7436
1572,BTCUSDT,BUY,1791207423816,86013.535,-0.7673,-0.7086,-5.0608
1573,ETHUSDT,BUY,1791207425244,2715.0950000000003,-0.6998,1.6574,-2.5045
1574,BTCUSDT,BUY,1791207425306,86006.91500000001,-1.0360,1.2894,-5.8193
1575,BTCUSDT,BUY,1791207425777,86002.005,-0.4651,1.8604,-5.2487
1576,BTCUSDT,BUY,1791207426124,86000.005,-0.2326,2.0930,-5.8140
1577,BTCUSDT,BUY,1791207427472,85996.005,-0.8675,2.5583,-5.8142
1578,ETHUSDT,SELL,1791207428962,2714.295,-0.4053,-5.0105,0.9947
1579,ETHUSDT,SELL,1791207430095,2714.4049999999997,-1.9525,-3.7393,0.2947
1580,BTCUSDT,SELL,1791207430442,85988.545,-1.5688,-1.1722,3.7842
1581,BTCUSDT,SELL,1791207431306,85998.005,-0.4686,0.7768,5.5385
1582,ETHUSDT,SELL,1791207431457,2714.935,-0.9577,-0.1473,2.8730
1583,ETHUSDT,SELL,1791207431859,2715.065,-0.4788,0.8471,4.6776
1584,ETHUSDT,SELL,1791207433821,2715.285,-0.9575,1.6573,5.4875
1585,ETHUSDT,SELL,1791207434053,2715.3500000000004,-0.7181,1.8966,5.7267
1586,ETHUSDT,SELL,1791207434243,2715.4449999999997,-0.3683,2.2464,6.0764
1587,ETHUSDT,SELL,1791207437010,2715.525,-0.4787,3.5352,6.9600
1588,ETHUSDT,BUY,1791207439712,2715.645,-0.9942,-3.7192,-6.7756
1590,BTCUSDT,BUY,1791207439931,86004.005,-1.4743,-2.5580,-7.4415
1589,ETHUSDT,BUY,1791207439929,2715.585,-0.7733,-3.4983,-6.5548
1591,BTCUSDT,BUY,1791207440491,85998.625,-0.8489,-1.9326,-6.8164
1592,ETHUSDT,BUY,1791207441075,2715.375,-1.9887,-2.7252,-6.1870
1593,ETHUSDT,BUY,1791207441754,2714.975,-0.5157,-1.8416,-5.3407
1594,BTCUSDT,BUY,1791207442066,85991.32500000001,-0.6163,-2.4793,-5.9680
1595,ETHUSDT,BUY,1791207452404,2714.575,-0.4052,-2.3576,0.1474
1596,ETHUSDT,BUY,1791207455406,2714.135,-0.8843,0.6264,3.6476
1597,BTCUSDT,SELL,1791207458601,85936.005,-0.6982,-0.0000,-10.2402
1598,ETHUSDT,SELL,1791207458982,2714.005,-0.4790,0.1474,-6.1901
1599,BTCUSDT,SELL,1791207459313,85938.005,-0.3770,0.2327,-10.4738
1600,BTCUSDT,BUY,1791207460070,85948.005,-1.3962,-1.3962,9.7734
1601,BTCUSDT,SELL,1791207463916,85939.61499999999,-0.5865,-0.4375,-12.8451
1602,BTCUSDT,SELL,1791207464280,85940.005,-0.5411,-0.4666,-12.7996
1603,BTCUSDT,SELL,1791207464717,85941.235,-0.5550,-0.8750,-12.6563
1606,BTCUSDT,SELL,1791207465535,85944.655,-0.1571,-0.6225,-12.2579
1607,BTCUSDT,BUY,1791207466815,85946.005,-0.9308,-0.9262,12.1006
1608,BTCUSDT,BUY,1791207467618,85939.14499999999,-0.3654,-0.1280,12.8998
1609,BTCUSDT,BUY,1791207467836,85938.005,-0.2327,0.0047,13.0327
1611,BTCUSDT,SELL,1791207472482,85936.005,-0.4655,-3.2571,-13.2657
1613,BTCUSDT,BUY,1791207476426,85950.005,-1.3915,-0.4654,11.6347
1614,BTCUSDT,BUY,1791207476736,85940.005,-0.2281,0.6982,12.7996
1604,ETHUSDT,SELL,1791207464974,2714.225,-1.1053,-1.9158,-6.3370
1605,ETHUSDT,SELL,1791207465186,2714.275,-0.9211,-1.7316,-6.1527
1610,ETHUSDT,SELL,1791207470063,2714.025,-0.7369,-1.1791,-7.0744
1612,ETHUSDT,SELL,1791207474217,2714.4049999999997,-1.2526,-1.1052,-5.6734
1615,BTCUSDT,SELL,1791207479963,85951.725,-0.7306,-0.4980,-20.5860
1616,BTCUSDT,SELL,1791207480201,85952.005,-0.6981,-0.4654,-20.5533
1617,ETHUSDT,SELL,1791207480214,2714.3450000000003,-0.5526,0.0737,-14.5892
1618,BTCUSDT,SELL,1791207482104,85958.005,-1.0226,1.3960,-19.9772
1619,BTCUSDT,SELL,1791207482772,85963.995,-0.6991,2.0927,-19.9618
1620,BTCUSDT,SELL,1791207483463,85968.01000000001,0.5834,2.5597,-19.4939
1621,ETHUSDT,SELL,1791207489271,2714.035,-1.0685,0.8474,-14.8487
1622,BTCUSDT,BUY,1791207491059,85956.005,-1.1634,-1.8614,19.0795
1623,ETHUSDT,BUY,1791207495235,2713.795,-1.0318,0.6264,15.0711
1624,ETHUSDT,SELL,1791207496646,2713.525,-1.4004,-2.2480,-17.7260
1625,BTCUSDT,SELL,1791207496859,85929.985,-0.9333,-3.9590,-25.8373
1626,ETHUSDT,SELL,1791207497101,2713.635,-0.9950,-2.1374,-18.8308
1627,BTCUSDT,SELL,1791207497900,85938.015,-0.1524,-3.9552,-24.9005
1628,ETHUSDT,SELL,1791207500154,2713.8050000000003,0.4053,-0.9949,-17.2452
1629,ETHUSDT,BUY,1791207500728,2714.125,-2.2107,-0.1842,15.5483
1630,BTCUSDT,SELL,1791207502428,85943.17499999999,-0.6772,-4.0527,-22.0623
1631,ETHUSDT,SELL,1791207503143,2713.525,-0.8108,-4.0169,-15.7728
1632,ETHUSDT,SELL,1791207503401,2713.605,-0.5159,-3.7220,-15.4776
1633,BTCUSDT,SELL,1791207503857,85949.505,-0.6795,-4.2467,-21.3241
1634,ETHUSDT,SELL,1791207504420,2713.745,-0.9949,-4.6799,-14.4450
1635,ETHUSDT,SELL,1791207504720,2713.785,-1.0686,-4.5324,-14.2974
1636,BTCUSDT,SELL,1791207504968,85955.345,-0.8725,-6.3591,-20.5525
1637,ETHUSDT,SELL,1791207505160,2713.9449999999997,-0.6632,-4.3479,-12.9332
1638,BTCUSDT,SELL,1791207505279,85956.005,-0.8725,-6.6639,-19.5460
1639,ETHUSDT,SELL,1791207505682,2714.0150000000003,-0.4421,-4.3846,-12.4539
1640,BTCUSDT,SELL,1791207505797,85958.005,-0.6980,-6.4310,-18.9604
1641,BTCUSDT,SELL,1791207506492,85963.505,-0.8969,-5.9956,-18.3194
1642,ETHUSDT,SELL,1791207506707,2714.145,-0.2579,-3.9055,-11.9743
1643,BTCUSDT,SELL,1791207506966,85964.005,-0.9306,-6.0490,-18.2611
1644,BTCUSDT,SELL,1791207511281,85972.005,-0.6048,-9.7078,-17.3289
1645,BTCUSDT,SELL,1791207511774,85976.005,-0.4652,-9.2421,-16.8628
1646,BTCUSDT,SELL,1791207512021,85977.195,-0.5595,-9.1036,-16.7242
1647,BTCUSDT,SELL,1791207512718,85978.005,-0.9305,-9.0093,-16.6298
1648,BTCUSDT,SELL,1791207513862,85986.005,-2.7900,-7.6757,-15.6979
1649,ETHUSDT,SELL,1791207515588,2715.125,-0.2946,-3.0201,-8.9130
1650,BTCUSDT,SELL,1791207515895,86013.285,-0.3162,-4.2691,-12.5213
1651,ETHUSDT,SELL,1791207517274,2715.3450000000003,-1.2521,-2.2097,-8.1021
1652,BTCUSDT,BUY,1791207523810,86055.465,-0.6345,-0.6345,6.3378
1653,BTCUSDT,BUY,1791207524058,86050.005,0.0000,0.0000,6.9727
1654,BTCUSDT,SELL,1791207537821,86114.005,-1.6258,-1.7024,1.1613
1655,ETHUSDT,BUY,1791207543763,2718.335,-0.9933,-1.6554,0.0736
1656,ETHUSDT,BUY,1791207544115,2718.215,-0.5518,-1.2140,0.5150
1657,BTCUSDT,BUY,1791207550582,86128.66500000001,-2.0504,2.7099,0.5660
1658,BTCUSDT,BUY,1791207551194,86120.005,-1.0451,3.7157,0.2346
1659,ETHUSDT,BUY,1791207551553,2717.605,-1.1775,2.0238,-0.2208
1660,BTCUSDT,SELL,1791207554143,86123.095,-0.6642,-1.1251,3.8422
1661,BTCUSDT,SELL,1791207556843,86150.015,-0.2310,3.3697,8.0290
1662,ETHUSDT,BUY,1791207557438,2718.745,-0.9563,-4.9655,-8.3494
1663,ETHUSDT,BUY,1791207560451,2718.4849999999997,-1.2139,-4.0096,-9.3067
1664,BTCUSDT,BUY,1791207561485,86142.005,-1.0703,-2.4402,-8.7890
1665,BTCUSDT,BUY,1791207561687,86139.805,-0.8150,-2.1848,-8.5338
1666,BTCUSDT,BUY,1791207564823,86132.785,-1.3700,-1.3700,-7.7195
1667,BTCUSDT,BUY,1791207565178,86126.275,-0.6142,-0.6142,-6.9642
1668,ETHUSDT,BUY,1791207581901,2717.545,-1.5455,-3.9742,-6.7708
1669,ETHUSDT,BUY,1791207584702,2717.115,-0.8833,-1.4353,-7.7656
1670,ETHUSDT,BUY,1791207585271,2717.0550000000003,-0.6625,-1.1041,-7.5449
1671,ETHUSDT,BUY,1791207585509,2716.9849999999997,-1.5090,-0.4417,-7.2875
1672,BTCUSDT,BUY,1791207586711,86100.005,-0.4646,-0.7015,-7.2009
1673,BTCUSDT,BUY,1791207591065,86089.025,-1.0478,3.5986,-6.2946
1674,BTCUSDT,BUY,1791207591612,86082.015,-0.4658,4.8779,-5.4808
1675,BTCUSDT,SELL,1791207592789,86078.005,-1.1617,-6.5057,5.0152
1676,ETHUSDT,SELL,1791207593213,2716.535,-0.6994,-6.6997,6.0371
1677,BTCUSDT,SELL,1791207593361,86080.755,-1.0746,-6.1861,6.8076
1678,BTCUSDT,SELL,1791207593988,86088.005,-0.6923,-5.3434,7.6491
1679,ETHUSDT,SELL,1791207595188,2716.7349999999997,-0.4785,-5.9630,8.6501
1680,BTCUSDT,SELL,1791207597417,86099.475,-1.5923,-4.0105,13.4972
1681,BTCUSDT,SELL,1791207598065,86107.275,-1.2461,-3.1043,14.4018
1682,BTCUSDT,SELL,1791207598594,86113.185,-0.5597,-2.4177,15.0871
1683,BTCUSDT,SELL,1791207598876,86116.005,-0.4645,-2.0902,15.4141
1684,ETHUSDT,BUY,1791207610554,2717.995,-1.6556,-7.5055,-16.9242
1685,BTCUSDT,BUY,1791207610780,86132.005,-1.6417,-7.6290,-20.3455
1686,ETHUSDT,BUY,1791207611317,2717.615,-0.6991,-6.6235,-15.5283
1687,BTCUSDT,BUY,1791207611509,86122.005,-1.9530,-6.4687,-19.1867
1688,BTCUSDT,BUY,1791207611738,86118.005,-2.3224,-6.0046,-19.2434
1689,BTCUSDT,BUY,1791207611953,86116.005,-2.3224,-5.7724,-19.0116
1690,ETHUSDT,BUY,1791207612101,2717.4849999999997,-2.3551,-6.1454,-15.0507
1691,ETHUSDT,BUY,1791207612339,2717.425,-3.1280,-5.9247,-15.0878
1692,BTCUSDT,BUY,1791207612943,86098.005,-0.9292,-3.6830,-16.6763
1693,ETHUSDT,BUY,1791207613010,2716.935,-0.8833,-4.1223,-13.2870
1694,BTCUSDT,BUY,1791207613351,86094.005,-0.4646,-3.2186,-16.2125
1695,BTCUSDT,BUY,1791207613530,86092.005,-0.2323,-2.9863,-15.9806
1696,ETHUSDT,SELL,1791207613918,2716.575,-0.4417,2.7976,11.9636
1697,BTCUSDT,BUY,1791207615297,86090.005,-0.4646,-2.7541,-15.1005
1698,BTCUSDT,BUY,1791207616189,86088.005,-1.1616,-2.5218,-14.8685
1699,ETHUSDT,BUY,1791207616376,2716.6949999999997,-0.8098,-3.2392,-11.4845
1700,BTCUSDT,BUY,1791207616416,86086.005,-2.2896,-2.2896,-14.6365
1701,BTCUSDT,BUY,1791207617097,86080.005,-1.5927,-3.1622,-13.9405
1702,ETHUSDT,BUY,1791207617493,2716.475,-2.5401,-4.7120,-11.3382
1703,BTCUSDT,SELL,1791207632254,86053.515,-1.0447,-0.0686,11.5637
1704,ETHUSDT,SELL,1791207632644,2715.5550000000003,-0.4051,-0.4051,8.3224
1705,BTCUSDT,SELL,1791207633971,86062.505,-0.4067,2.8468,14.6103
1706,BTCUSDT,SELL,1791207634812,86062.64499999999,-0.3916,2.8630,15.1796
1707,BTCUSDT,SELL,1791207635650,86066.015,-0.0000,3.2545,15.5706
1708,BTCUSDT,BUY,1791207637592,86066.015,-0.8819,-5.7723,-15.0164
1709,ETHUSDT,BUY,1791207638123,2715.7650000000003,0.0000,-3.2035,-9.0950
1710,BTCUSDT,SELL,1791207641433,86058.42499999999,1.2108,2.7412,10.2744
1711,ETHUSDT,BUY,1791207642525,2715.705,-1.9884,-2.9827,-4.0873
1712,BTCUSDT,BUY,1791207642770,86046.005,-0.9297,-1.2981,-7.2054
1713,BTCUSDT,BUY,1791207643371,86040.005,-0.2325,-2.0746,-6.5086
1714,BTCUSDT,BUY,1791207653044,86034.83499999999,-1.4738,-5.5140,-8.0002
1715,ETHUSDT,BUY,1791207654057,2714.6549999999997,-0.9946,-2.5418,-1.1419
1716,BTCUSDT,BUY,1791207655602,86001.565,-0.8791,-3.2046,-3.8220
1717,BTCUSDT,BUY,1791207655886,85997.185,-1.6187,-3.6257,-2.9280
1718,ETHUSDT,BUY,1791207656270,2713.955,-0.7369,-1.6949,3.3530
1719,BTCUSDT,BUY,1791207656643,85994.005,-1.2489,-3.2560,-1.8618
1720,ETHUSDT,SELL,1791207658485,2713.825,-1.1423,2.8742,-3.8322
1721,ETHUSDT,SELL,1791207659106,2713.895,-0.8843,3.1320,-4.9007
1722,BTCUSDT,SELL,1791207659343,85986.705,-0.0802,3.8029,0.7792
1723,BTCUSDT,BUY,1791207665039,85980.295,-1.6620,-2.5925,-2.6704
1724,BTCUSDT,BUY,1791207665434,85976.005,-1.1631,-1.8610,-2.1715
1725,ETHUSDT,BUY,1791207665617,2713.965,-1.9897,-1.4370,1.0685
1726,BTCUSDT,BUY,1791207665697,85974.005,-0.9305,-1.6284,-1.9390
1727,ETHUSDT,BUY,1791207666080,2713.885,-1.8424,-1.1423,1.3634
1728,BTCUSDT,BUY,1791207666756,85966.005,-0.6980,-0.6980,-1.0085
1729,ETHUSDT,BUY,1791207667429,2713.385,-1.2530,0.0369,3.2063
1730,BTCUSDT,BUY,1791207667544,85962.005,-0.6980,-0.2327,-0.5433
1731,BTCUSDT,BUY,1791207667859,85960.005,-0.4653,0.0000,-0.3106
1732,BTCUSDT,BUY,1791207668224,85958.005,-0.4653,0.2327,-0.0779
1733,ETHUSDT,SELL,1791207670530,2713.325,-0.2580,-0.0369,-5.4177
1734,BTCUSDT,SELL,1791207672759,85952.005,-0.2816,-0.0000,-3.2576
1735,ETHUSDT,SELL,1791207674544,2713.335,-0.8845,-0.0000,-6.4865
1736,ETHUSDT,BUY,1791207677774,2713.395,-0.2211,1.6584,8.5870
1737,BTCUSDT,BUY,1791207678865,85960.005,-0.9307,1.3960,4.4207
1738,BTCUSDT,SELL,1791207684056,85952.005,-0.6981,1.7731,-5.5845
1739,BTCUSDT,SELL,1791207689808,85972.005,-0.3490,2.4694,-3.2569
1740,BTCUSDT,SELL,1791207690518,85982.005,1.6201,2.7913,-2.0935
1741,ETHUSDT,BUY,1791207691534,2714.005,-2.6161,-0.2211,4.4952
1742,ETHUSDT,BUY,1791207691963,2713.8050000000003,-1.8793,2.9110,5.2325
1743,BTCUSDT,BUY,1791207693179,85936.775,-0.0012,5.4959,7.3577
1744,BTCUSDT,BUY,1791207694316,85936.765,-0.5539,3.4083,7.3589
1745,BTCUSDT,SELL,1791207696100,85932.005,-0.5539,-3.4911,-7.9132
1746,BTCUSDT,SELL,1791207698250,85936.775,-0.8914,-2.9405,-7.3740
1747,BTCUSDT,SELL,1791207699977,85952.005,-1.3961,-2.9784,-4.0720
1748,BTCUSDT,SELL,1791207700345,85956.015,-1.3949,-2.5117,-3.2563
1749,BTCUSDT,SELL,1791207700536,85958.005,-1.3960,-2.3267,-2.5303
1750,BTCUSDT,SELL,1791207700805,85960.015,-1.8602,-2.0928,-1.1622
1751,BTCUSDT,SELL,1791207702481,85982.015,-0.2314,1.8620,1.3398
1752,BTCUSDT,BUY,1791207703768,85984.005,-2.0876,-2.0934,1.1630
1753,BTCUSDT,BUY,1791207704455,85966.055,-0.4711,-0.0058,3.2513
1754,ETHUSDT,BUY,1791207705379,2714.185,-0.8106,0.8474,2.0264
1755,ETHUSDT,SELL,1791207708290,2714.035,-1.4370,-3.0582,-2.3581
1756,BTCUSDT,SELL,1791207708415,85962.045,-0.6933,-1.8555,-2.7873
1757,BTCUSDT,SELL,1791207708961,85964.765,-0.8422,-1.7728,-2.4708
1758,BTCUSDT,SELL,1791207709125,85966.01000000001,-1.3488,-1.6280,-2.3259
1759,BTCUSDT,SELL,1791207709495,85968.005,-1.1632,-1.3959,-2.0938
1760,ETHUSDT,SELL,1791207710404,2714.425,-0.7368,-2.4315,-0.9210
1761,ETHUSDT,SELL,1791207710659,2714.465,-0.5894,-1.1052,-0.7736
1762,BTCUSDT,BUY,1791207711122,85978.005,-1.1631,-1.1631,1.0910
1763,ETHUSDT,BUY,1791207711154,2714.675,-1.5840,-0.3315,0.4420
1764,ETHUSDT,BUY,1791207711928,2714.625,-1.0315,-0.9209,1.3630
1765,ETHUSDT,SELL,1791207714571,2714.355,-0.2210,0.3684,-4.5683
1766,BTCUSDT,SELL,1791207715308,85966.005,-1.1633,1.0085,-6.0489
1767,BTCUSDT,SELL,1791207715770,85968.70000000001,-1.0812,1.3220,-5.8073
1768,BTCUSDT,SELL,1791207716041,85972.005,-0.6967,1.7064,-5.9566
1769,BTCUSDT,SELL,1791207716414,85976.005,-0.2315,2.1715,-5.5830
1770,BTCUSDT,SELL,1791207718441,85977.995,-0.2338,2.3436,-5.7782
1771,ETHUSDT,BUY,1791207719360,2715.2200000000003,-0.4972,-2.1177,3.0016
1772,BTCUSDT,BUY,1791207720312,85980.005,-1.6283,-0.6978,5.7653
1773,BTCUSDT,BUY,1791207721054,85970.005,-1.1632,0.9306,6.9292
1774,BTCUSDT,BUY,1791207721911,85962.005,-0.5433,2.0939,7.8604
1775,BTCUSDT,BUY,1791207722117,85960.005,-0.3106,2.3267,8.0933
1776,BTCUSDT,SELL,1791207728277,85957.33499999999,-1.5025,-4.7314,-8.4042
1777,BTCUSDT,SELL,1791207728700,85959.515,-1.5519,-4.4777,-8.1503
1778,BTCUSDT,SELL,1791207729247,85966.005,-0.9306,-3.7224,-7.3948
1779,BTCUSDT,SELL,1791207730224,85972.85500000001,-0.5990,-2.9253,-6.5974
1780,BTCUSDT,SELL,1791207735930,85988.005,-0.6978,-1.3955,-4.1866
1781,BTCUSDT,SELL,1791207736160,85990.005,-0.8129,-1.1629,-3.9539
1782,BTCUSDT,SELL,1791207736480,85992.005,-0.6977,-0.9303,-3.7213
1783,ETHUSDT,SELL,1791207736701,2715.355,-1.3626,-0.8470,-1.5836
1784,BTCUSDT,SELL,1791207736777,85993.11499999999,-0.5687,-0.8012,-3.5921
1785,BTCUSDT,SELL,1791207737410,85996.995,-0.1174,-0.3500,-4.5362
1786,ETHUSDT,BUY,1791207738666,2715.725,-0.5155,-1.2151,0.9942
1787,BTCUSDT,SELL,1791207740882,85998.195,-0.2105,-0.2105,-3.8431
1788,ETHUSDT,BUY,1791207749967,2715.255,-0.3315,-1.9151,-1.5836
1789,ETHUSDT,BUY,1791207750607,2715.165,0.2210,-1.6942,-1.2522
1790,ETHUSDT,SELL,1791207756065,2715.225,-0.1841,1.8046,3.8671
1791,ETHUSDT,BUY,1791207759284,2715.1949999999997,-1.6942,-1.9151,-5.8928
1792,BTCUSDT,BUY,1791207759347,85997.235,-1.5384,-1.3059,-7.1200
1793,BTCUSDT,BUY,1791207759847,85988.0,-2.0927,-0.2320,-6.2794
1794,BTCUSDT,BUY,1791207760022,85987.005,-2.4422,-0.1163,-7.3709
1795,BTCUSDT,BUY,1791207760277,85986.005,-2.3260,0.0000,-7.2547
1796,ETHUSDT,BUY,1791207760580,2714.7349999999997,-1.3998,-0.2210,-5.4886
1797,BTCUSDT,BUY,1791207761274,85966.005,-0.2338,2.5592,-4.6530
1798,BTCUSDT,BUY,1791207765058,85991.245,0.4524,2.1595,-4.7958
1799,BTCUSDT,SELL,1791207770945,85986.005,-0.6978,-5.0671,-0.0000
1800,ETHUSDT,SELL,1791207770947,2714.685,-1.1419,-4.9730,-2.2839
1801,BTCUSDT,SELL,1791207771202,85987.38500000001,-0.5373,-4.9065,0.1605
1802,BTCUSDT,SELL,1791207771423,85988.005,-0.6978,-4.8344,0.2326
1803,BTCUSDT,SELL,1791207772486,85994.005,-0.6152,-4.1363,-0.0000
1804,BTCUSDT,SELL,1791207773355,85998.005,-0.4651,-3.6710,-0.2326
1805,ETHUSDT,SELL,1791207773697,2715.175,-1.5469,-3.1674,-1.4732
1806,ETHUSDT,SELL,1791207774233,2715.505,-0.6997,-1.9518,-0.2578
1807,BTCUSDT,SELL,1791207774575,86002.005,-1.9302,-3.2057,0.2326
1808,ETHUSDT,SELL,1791207775701,2715.6949999999997,-0.1841,-1.2520,0.4419
1809,ETHUSDT,BUY,1791207786133,2715.965,-0.2577,-1.1046,-4.1238
1810,ETHUSDT,BUY,1791207792537,2715.885,-1.6937,-1.3624,-1.0310
1811,BTCUSDT,BUY,1791207792633,86029.57500000001,-0.2209,-0.1825,-4.1346
1812,BTCUSDT,BUY,1791207793112,86028.195,-0.1825,-0.0221,-3.9743
1813,BTCUSDT,BUY,1791207793426,86028.005,-0.2325,0.0000,-3.9522
1814,BTCUSDT,BUY,1791207793635,86027.67499999999,-0.2825,0.0384,-3.9139
1815,BTCUSDT,BUY,1791207794185,86026.625,-0.3046,0.1604,-3.7918
1816,ETHUSDT,SELL,1791207796405,2715.685,-0.5155,0.6260,-0.0368
1817,BTCUSDT,SELL,1791207797840,86037.92499999999,-0.0093,2.6384,3.9424
1818,ETHUSDT,BUY,1791207798595,2716.035,-0.7364,-3.1664,-0.1473
1819,ETHUSDT,BUY,1791207798856,2715.995,-0.6259,-3.0192,0.0000
1820,ETHUSDT,BUY,1791207799019,2715.965,-1.2150,-2.9087,0.1105
1821,BTCUSDT,BUY,1791207799160,86038.005,-0.6253,-3.1765,-3.9517
1822,BTCUSDT,BUY,1791207799426,86036.625,-0.6253,-3.0162,-3.7914
1823,BTCUSDT,BUY,1791207800695,86031.245,-0.1592,-2.3910,-3.1663
1826,BTCUSDT,BUY,1791207806779,86028.005,-1.4856,-8.3694,-5.1146
1827,BTCUSDT,BUY,1791207806956,86026.745,-1.3391,-8.2230,-4.9682
1828,BTCUSDT,BUY,1791207807247,86026.005,-1.2531,-8.8345,-4.8822
1829,ETHUSDT,BUY,1791207807727,2715.5150000000003,-1.2521,-5.8921,-0.9943
1830,BTCUSDT,BUY,1791207807765,86016.805,-0.5580,-7.7671,-3.8132
1831,BTCUSDT,BUY,1791207814065,86008.005,-1.6278,-6.9761,-4.3601
1832,BTCUSDT,BUY,1791207814275,86006.005,-1.5859,-6.5112,-4.1276
1833,BTCUSDT,BUY,1791207815196,85994.005,-4.1584,-5.1166,-2.7327
1834,ETHUSDT,BUY,1791207816396,2714.175,-0.2211,1.6211,1.7685
1835,BTCUSDT,BUY,1791207816485,85956.525,-0.7585,-0.2932,1.6264
1836,BTCUSDT,BUY,1791207816997,85956.005,-0.9307,0.0000,1.6287
1837,BTCUSDT,BUY,1791207817995,85948.005,-1.3962,0.9308,2.5597
1838,BTCUSDT,SELL,1791207821250,85925.60500000001,-1.9086,-7.0293,-5.6328
1839,ETHUSDT,SELL,1791207821890,2713.605,-0.9213,-6.2647,-6.7069
1840,ETHUSDT,SELL,1791207825493,2714.525,-0.3315,-3.8681,-3.6470
1841,ETHUSDT,BUY,1791207841894,2715.395,0.0000,0.7734,-0.5524
1842,ETHUSDT,SELL,1791207851093,2715.245,-1.3258,-3.0200,-0.9944
1843,ETHUSDT,SELL,1791207860847,2715.995,-0.2577,2.7614,-0.7364
1844,ETHUSDT,BUY,1791207865794,2715.5950000000003,-1.2889,-3.4615,1.1784
1845,ETHUSDT,BUY,1791207870893,2715.245,-0.5156,-1.1049,1.8783
1846,ETHUSDT,SELL,1791207881497,2715.145,-1.2522,-1.3627,3.5357
1847,BTCUSDT,SELL,1791207881685,85976.005,-0.6955,-1.1631,5.1177
1848,BTCUSDT,SELL,1791207882024,85978.005,-0.8397,-0.9305,5.3502
1849,BTCUSDT,SELL,1791207882484,85980.005,-0.6978,-0.6978,5.5827
1850,BTCUSDT,SELL,1791207882657,85980.61499999999,-0.6269,-0.6269,5.6536
1851,ETHUSDT,SELL,1791207883384,2715.4849999999997,-0.1105,-0.1105,4.9715
1852,ETHUSDT,BUY,1791207901309,2715.4849999999997,-0.8838,0.1105,-7.6598
1853,BTCUSDT,BUY,1791207904333,85986.005,-0.4652,-0.2279,-6.1324
1854,BTCUSDT,BUY,1791207905567,85982.005,-0.9304,0.2373,-6.5130
1855,BTCUSDT,SELL,1791207907389,85974.005,-1.1678,-1.6284,6.0483
1856,ETHUSDT,SELL,1791207913978,2715.5150000000003,-1.5098,-2.3937,8.0279
1857,BTCUSDT,SELL,1791207917349,85984.045,-2.5540,-1.8562,9.3087
1858,ETHUSDT,SELL,1791207917611,2715.925,-1.8042,0.0368,11.6719
1859,BTCUSDT,SELL,1791207918606,86006.005,-0.1663,0.7860,12.3247
1860,ETHUSDT,BUY,1791207920913,2716.185,-1.9144,-1.6199,-15.9415
1861,BTCUSDT,BUY,1791207920984,86006.055,-0.6314,-1.6708,-14.6559
1862,BTCUSDT,BUY,1791207921172,86004.005,-0.4651,-2.2092,-14.4179
1863,ETHUSDT,BUY,1791207921308,2716.025,-1.3255,-1.6568,-14.9483
1864,BTCUSDT,BUY,1791207921431,86002.005,-0.2326,-2.2883,-13.8660
1865,BTCUSDT,BUY,1791207922145,86000.625,-0.0721,-4.3814,-12.8627
1866,ETHUSDT,SELL,1791207923607,2715.665,-1.8412,3.5719,11.8571
1867,ETHUSDT,BUY,1791207931285,2715.585,-2.2095,-5.1554,-10.4950
1868,BTCUSDT,BUY,1791207931820,85975.255,-0.6246,-5.0305,-8.0546
1869,BTCUSDT,SELL,1791207932518,85962.945,-0.1605,3.5992,6.3923
1870,BTCUSDT,BUY,1791207934413,85964.32500000001,-1.8868,-2.7186,-3.7597
1871,BTCUSDT,BUY,1791207934624,85962.005,-1.6286,-2.6675,-3.2573
1872,ETHUSDT,BUY,1791207935085,2714.525,-1.9156,-3.8681,-3.6470
1873,ETHUSDT,BUY,1791207935321,2714.4849999999997,-1.7683,-3.7208,-2.4682
1874,ETHUSDT,BUY,1791207937199,2714.005,-1.5844,-0.2211,0.2211
1875,ETHUSDT,SELL,1791207939409,2713.575,-1.5478,-2.2848,-2.8376
1876,ETHUSDT,SELL,1791207940161,2713.835,-1.2897,-1.9161,-2.8373
1877,ETHUSDT,BUY,1791207943512,2714.135,-1.6580,-1.4738,2.4317
1878,ETHUSDT,BUY,1791207943853,2714.0150000000003,-1.9897,-1.0317,3.6846
1879,ETHUSDT,BUY,1791207944323,2713.835,-1.3265,0.3685,5.4167
1880,BTCUSDT,SELL,1791207948536,85940.995,-0.3502,0.1140,-7.7972
1881,BTCUSDT,SELL,1791207949672,85944.005,-0.9308,0.6167,-8.1448
1882,BTCUSDT,SELL,1791207949889,85946.005,-0.6981,1.3962,-8.4320
1883,ETHUSDT,BUY,1791207951372,2714.525,-1.1788,-4.1996,5.9311
1884,ETHUSDT,BUY,1791207952594,2714.205,-1.7316,-3.8685,8.2160
1885,ETHUSDT,BUY,1791207956670,2714.185,-1.7316,-2.7264,9.2109
1886,ETHUSDT,BUY,1791207957128,2714.145,-1.5843,-2.5791,9.3584
1887,BTCUSDT,BUY,1791207959531,85940.015,-0.9320,-1.1601,10.0815
1888,ETHUSDT,BUY,1791207959999,2713.715,-1.0318,-0.8844,8.6966
1889,BTCUSDT,BUY,1791207961383,85923.625,-1.0021,-0.0489,11.2169
1890,ETHUSDT,BUY,1791207962117,2713.375,-0.8108,0.2211,9.6927
1891,BTCUSDT,SELL,1791207963009,85921.555,-0.5179,-1.1406,-11.7793
1892,BTCUSDT,SELL,1791207963342,85922.005,-1.3117,-1.0882,-11.7269
1893,BTCUSDT,SELL,1791207963808,85924.755,-0.9916,-0.6599,-11.5671
1894,ETHUSDT,BUY,1791207965692,2713.4849999999997,-0.1474,-1.4004,11.3507
1895,BTCUSDT,SELL,1791207969463,85928.66500000001,-0.5365,4.4991,-14.5702
1896,BTCUSDT,SELL,1791207972597,85923.205,-0.9485,3.8639,-16.3867
1897,BTCUSDT,BUY,1791207973614,85931.35500000001,-1.0881,-3.6483,16.4265
1898,BTCUSDT,BUY,1791207974172,85923.205,-0.6052,-2.7001,18.7144
1899,BTCUSDT,BUY,1791207974549,85922.065,-0.8205,-2.1019,19.0812
1900,BTCUSDT,BUY,1791207974851,85922.005,-0.9311,-1.8930,19.3198
1901,BTCUSDT,BUY,1791207975163,85920.005,-0.9311,-1.6294,19.7858
1902,BTCUSDT,BUY,1791207978716,85900.005,-2.5611,0.0012,25.3783
1903,BTCUSDT,SELL,1791207980832,85878.015,-0.9304,-3.2080,-29.5675
1904,BTCUSDT,SELL,1791207981218,85880.005,-1.1644,-3.0275,-29.3351
1905,ETHUSDT,SELL,1791207981915,2711.965,-0.6269,-2.8393,-26.8440
1906,ETHUSDT,SELL,1791207985113,2712.685,-0.2212,-3.1334,-35.6473
1907,BTCUSDT,SELL,1791207985226,85906.005,-0.2328,-3.7995,-43.1704
1908,ETHUSDT,BUY,1791207986416,2712.745,-0.2212,4.5710,37.1211
1909,BTCUSDT,BUY,1791207987499,85904.625,-0.4656,5.5154,44.4307
1910,BTCUSDT,BUY,1791207987683,85904.005,-0.4645,5.8205,45.4042
1911,BTCUSDT,BUY,1791207988042,85902.005,-0.2317,6.2862,45.6543
1912,BTCUSDT,SELL,1791207990934,85905.565,-0.0512,-7.0356,-44.6292
1913,BTCUSDT,SELL,1791207992868,85907.995,-2.5620,-7.8247,-42.3721
1914,BTCUSDT,SELL,1791207994181,85930.005,-1.0002,-6.5169,-38.1706
1915,ETHUSDT,SELL,1791207994231,2713.335,-1.7690,-6.4496,-30.9582
1916,BTCUSDT,SELL,1791207994554,85932.005,-1.0601,-6.5168,-37.9370
1917,BTCUSDT,SELL,1791207994752,85934.005,-0.9309,-6.2839,-37.7034
1918,ETHUSDT,SELL,1791207994789,2713.4049999999997,-1.5110,-7.0023,-30.6994
1919,ETHUSDT,SELL,1791207995111,2713.535,-1.0319,-6.5229,-30.2189
1920,BTCUSDT,SELL,1791207995557,85941.11499999999,-0.5690,-6.4835,-36.8729
1921,BTCUSDT,SELL,1791207996003,85942.015,-0.9297,-6.3787,-36.3024
1922,BTCUSDT,SELL,1791207996582,85946.005,-0.6981,-5.9142,-39.2235
1923,BTCUSDT,SELL,1791207996742,85948.005,-0.6981,-5.8140,-38.8339
1924,BTCUSDT,SELL,1791207997405,85950.005,-0.9308,-6.5154,-36.7039
1925,ETHUSDT,SELL,1791207997616,2714.065,-1.0317,-6.1900,-28.1865
1926,BTCUSDT,SELL,1791207997946,85954.005,-0.6980,-6.0497,-36.2368
1927,ETHUSDT,SELL,1791207998139,2714.335,-0.0368,-5.1946,-27.1890
1928,BTCUSDT,SELL,1791207998525,85958.005,-0.4653,-5.8168,-36.7005
1929,BTCUSDT,SELL,1791207999387,85960.015,-0.6968,-6.2808,-36.4658
1930,BTCUSDT,SELL,1791208000132,85962.005,-0.4653,-6.5692,-35.9007
1931,BTCUSDT,SELL,1791208000324,85964.005,-0.2327,-6.3364,-34.6657
1932,BTCUSDT,SELL,1791208002675,85969.66500000001,-1.2027,-7.2514,-35.8557
1933,ETHUSDT,SELL,1791208003041,2714.605,-1.5472,-7.1465,-27.2231
1934,BTCUSDT,SELL,1791208003349,85978.005,-0.9305,-6.9692,-36.0557
1935,BTCUSDT,SELL,1791208003969,85982.005,-0.6978,-7.5440,-35.5888
1936,ETHUSDT,SELL,1791208004035,2715.025,-1.0313,-7.8452,-25.7088
1937,BTCUSDT,SELL,1791208004406,85986.005,-0.4640,-7.6757,-35.1220
1938,BTCUSDT,SELL,1791208004985,85988.005,-1.0269,-7.4441,-36.2830
1939,ETHUSDT,SELL,1791208007086,2715.5950000000003,-0.5524,-4.0139,-26.5872
1940,ETHUSDT,SELL,1791208009725,2715.745,-0.7364,-2.0989,-25.8493
1941,ETHUSDT,SELL,1791208011428,2716.135,-1.1045,0.2577,-26.2137
1942,ETHUSDT,SELL,1791208011620,2716.275,-0.5890,0.7731,-25.6970
1943,ETHUSDT,BUY,1791208015163,2717.145,-0.4416,-3.2755,21.6404
1944,BTCUSDT,BUY,1791208015994,86052.015,-1.8605,-2.3253,37.1264
1945,ETHUSDT,BUY,1791208016271,2717.025,-1.2514,-1.6930,25.9107
1946,BTCUSDT,BUY,1791208016730,86040.255,-0.9589,-0.4974,38.4983
1947,BTCUSDT,BUY,1791208017379,86036.005,-1.3297,0.5358,38.4746
1948,ETHUSDT,BUY,1791208017865,2716.685,-1.3620,0.0000,27.0550
1949,BTCUSDT,BUY,1791208018008,86032.005,-0.8648,1.6273,38.9413
1950,ETHUSDT,BUY,1791208019803,2716.315,-0.9204,2.6506,28.0895
1951,BTCUSDT,SELL,1791208024142,86024.14499999999,-0.7614,-6.9585,-42.6218
1952,BTCUSDT,SELL,1791208025294,86030.695,-0.6137,-6.8941,-40.0962
1953,BTCUSDT,SELL,1791208026291,86034.005,-0.6974,-7.3448,-40.3678
1954,BTCUSDT,SELL,1791208027315,86040.005,-0.9298,-6.9723,-41.3924
1955,ETHUSDT,SELL,1791208030718,2717.065,-0.5889,-8.0602,-27.9346
1956,ETHUSDT,SELL,1791208030998,2717.1949999999997,-0.1472,-7.5813,-25.7251
1957,ETHUSDT,SELL,1791208032929,2717.365,-1.5456,-6.3665,-22.8162
1958,ETHUSDT,SELL,1791208034606,2717.815,-1.8029,-16.7046,-23.0700
1959,ETHUSDT,SELL,1791208037938,2718.665,-0.4782,-16.5890,-17.2511
1960,ETHUSDT,SELL,1791208039696,2719.075,-0.6620,-16.4762,-15.1890
1961,BTCUSDT,BUY,1791208042160,86131.935,2.7284,14.8690,27.2408
1962,BTCUSDT,BUY,1791208042656,86130.61499999999,8.5823,16.4158,27.3944
1963,BTCUSDT,SELL,1791208043014,86130.13500000001,-13.9162,-16.4716,-27.4503
1964,BTCUSDT,SELL,1791208043283,86176.255,-8.9102,-11.1109,-22.0838
1965,ETHUSDT,SELL,1791208044053,2721.9449999999997,-1.5063,0.0735,-4.8495
1966,BTCUSDT,BUY,1791208104390,86366.565,-0.8649,2.1953,0.3242
1967,BTCUSDT,BUY,1791208104932,86366.39499999999,-0.8452,2.2150,1.1706
1968,BTCUSDT,SELL,1791208107605,86359.095,-1.0178,-1.5412,-1.8562
1969,BTCUSDT,SELL,1791208108578,86366.375,-1.5226,-1.7970,-0.0799
1970,ETHUSDT,SELL,1791208110238,2723.5550000000003,-0.9546,0.0734,-2.6803
1971,ETHUSDT,SELL,1791208117807,2723.285,-1.7993,3.0845,0.4406
1972,BTCUSDT,BUY,1791208120466,86381.89499999999,-0.7108,-7.2596,-4.4095
1973,BTCUSDT,BUY,1791208121839,86375.755,-0.3867,-6.5493,-3.6990
1974,ETHUSDT,BUY,1791208124394,2723.245,-0.8813,-5.9855,1.8728
1975,BTCUSDT,BUY,1791208124510,86359.235,-1.3513,-7.5533,-3.1624
1976,BTCUSDT,BUY,1791208125152,86355.195,-1.6965,-7.7807,-3.1405
1977,BTCUSDT,BUY,1791208125488,86354.465,-1.6120,-7.9278,-3.7416
1978,BTCUSDT,BUY,1791208125886,86347.565,-1.6735,-7.1293,-3.2242
1979,ETHUSDT,BUY,1791208126400,2722.825,-1.3956,-5.3621,1.7261
1980,BTCUSDT,BUY,1791208127059,86333.11499999999,-1.4421,-6.3834,-2.1927
1981,ETHUSDT,BUY,1791208128437,2722.425,-0.8081,-4.8854,1.3958
1982,BTCUSDT,SELL,1791208128861,86320.66500000001,-0.2236,7.0273,1.7678
1983,BTCUSDT,BUY,1791208129848,86324.315,-0.5943,-8.3766,-2.1906
1984,ETHUSDT,BUY,1791208130471,2722.045,0.5511,-5.7310,2.6451
1985,ETHUSDT,BUY,1791208131819,2722.1949999999997,-0.4408,-5.1429,3.4531
1986,ETHUSDT,BUY,1791208132432,2722.135,-0.8082,-4.2614,3.6736
1987,ETHUSDT,BUY,1791208132971,2722.075,-1.1756,-3.8941,3.8941
1988,BTCUSDT,BUY,1791208133558,86305.64499999999,-1.3487,-3.6660,2.0091
1989,BTCUSDT,BUY,1791208133952,86300.005,-1.2155,-2.7810,2.6628
1990,BTCUSDT,BUY,1791208135111,86289.025,-0.5818,-0.3500,3.7757
1991,ETHUSDT,BUY,1791208135271,2721.495,-0.4777,0.5144,5.9526
1992,BTCUSDT,BUY,1791208135907,86286.005,-0.9271,1.1589,2.7907
1993,BTCUSDT,BUY,1791208136361,86284.005,-0.9260,1.6225,2.7305
1994,BTCUSDT,BUY,1791208136850,86280.005,-0.8878,2.0874,3.1943
1995,BTCUSDT,BUY,1791208137770,86274.005,-1.1591,2.7830,3.5341
1996,ETHUSDT,BUY,1791208138435,2721.0950000000003,-2.0212,2.0212,4.9612
1997,ETHUSDT,BUY,1791208139502,2720.545,-0.2205,5.3298,6.9839
1998,BTCUSDT,BUY,1791208140049,86250.005,-0.0012,6.4499,7.2487
1999,BTCUSDT,SELL,1791208140814,86244.295,-1.3578,-7.7837,-8.5339
2000,ETHUSDT,SELL,1791208140844,2720.315,-1.7645,-6.1758,-8.8960
2001,ETHUSDT,SELL,1791208141116,2720.4849999999997,-1.1395,-5.4218,-8.2706
2002,ETHUSDT,SELL,1791208142655,2720.975,-1.1393,-3.5281,-5.5127
2003,BTCUSDT,SELL,1791208142942,86264.005,-1.3911,-3.9936,-6.2471
2004,BTCUSDT,SELL,1791208143173,86266.005,-1.7956,-3.9216,-6.0151
2005,BTCUSDT,SELL,1791208143503,86270.005,-1.3910,-3.9701,-5.5512
2006,ETHUSDT,SELL,1791208143626,2721.245,-0.9922,-3.0133,-4.4097
2007,BTCUSDT,SELL,1791208143718,86274.005,-0.9273,-3.7137,-5.0873
2008,BTCUSDT,SELL,1791208143967,86276.005,-1.1591,-3.4818,-4.8553
2009,BTCUSDT,SELL,1791208144221,86281.495,-0.6525,-2.8453,-4.2187
2010,ETHUSDT,SELL,1791208144805,2721.5150000000003,-1.7637,-3.0130,-3.0498
2011,ETHUSDT,SELL,1791208145092,2721.615,-1.3962,-3.0864,-2.6822
2012,BTCUSDT,SELL,1791208145327,86287.125,-1.2609,-3.6923,-2.9448
2013,BTCUSDT,SELL,1791208146751,86298.015,-0.0000,-3.2434,-3.6837
2014,ETHUSDT,BUY,1791208147626,2721.675,0.1837,2.7924,5.1439
2015,ETHUSDT,SELL,1791208148503,2721.645,-1.2860,-3.4538,-5.2542
2016,BTCUSDT,BUY,1791208151438,86302.305,-0.7682,4.8608,0.7891
2017,ETHUSDT,BUY,1791208151896,2721.9449999999997,0.1837,4.8495,2.6084
2018,BTCUSDT,SELL,1791208152454,86295.67499999999,-0.9972,-7.4175,-2.9608
2019,ETHUSDT,SELL,1791208153304,2721.995,-1.2491,-7.0536,-4.0412
2020,ETHUSDT,SELL,1791208153462,2722.035,-1.1021,-6.9066,-3.8941
2021,BTCUSDT,SELL,1791208154407,86306.055,-1.4982,-7.3355,-2.4332
2022,ETHUSDT,SELL,1791208155040,2722.335,-2.0203,-7.2732,-2.5346
2023,BTCUSDT,SELL,1791208155072,86314.63500000001,-1.3173,-7.1680,-1.4389
2024,BTCUSDT,SELL,1791208155740,86324.315,-0.1958,-6.0458,0.3580
2025,ETHUSDT,BUY,1791208156630,2722.885,-1.6527,6.3168,-0.2571
2026,BTCUSDT,BUY,1791208156959,86326.005,-0.8132,5.8499,-0.7147
2027,BTCUSDT,BUY,1791208157212,86321.85500000001,-0.3325,6.3310,-1.3739
2028,BTCUSDT,BUY,1791208157635,86318.985,0.8133,6.5038,-1.0415
2029,ETHUSDT,SELL,1791208158444,2722.435,-1.9468,-6.1709,-0.9918
2030,BTCUSDT,SELL,1791208158557,86319.005,-0.8109,-5.5677,0.2236
2031,BTCUSDT,SELL,1791208160348,86326.005,-2.1141,-4.5792,1.6345
2032,ETHUSDT,SELL,1791208161515,2723.225,-1.6525,-3.5620,2.5338
2033,ETHUSDT,SELL,1791208161916,2723.2650000000003,-2.3868,-2.4236,2.8275
2034,BTCUSDT,SELL,1791208163823,86365.465,-1.2783,3.9576,6.5049
2035,ETHUSDT,SELL,1791208164758,2724.275,-1.2113,3.3403,8.9932
2036,BTCUSDT,BUY,1791208167860,86375.125,-0.9331,-5.9994,-1.0188
2037,BTCUSDT,BUY,1791208170632,86365.535,-1.0583,-2.5160,-2.6203
2038,ETHUSDT,BUY,1791208173351,2723.775,-1.5053,-0.0734,-4.2588
2039,BTCUSDT,BUY,1791208174787,86331.285,-0.5572,0.0741,-2.2483
2040,ETHUSDT,BUY,1791208176072,2723.355,-0.6977,-0.2203,-3.8188
2041,ETHUSDT,BUY,1791208177513,2723.165,0.0000,-0.1469,-3.1214
2042,BTCUSDT,SELL,1791208178514,86323.305,-1.1677,2.0736,1.3253
2043,BTCUSDT,BUY,1791208182726,86343.805,-1.3759,-2.4113,-2.7935
2044,ETHUSDT,BUY,1791208185058,2723.645,-1.2850,-1.9092,-3.7817
2045,ETHUSDT,BUY,1791208185591,2723.475,-1.2851,-1.7257,-2.8273
2046,BTCUSDT,BUY,1791208185875,86322.155,-0.4970,-0.8434,0.1888
2047,BTCUSDT,BUY,1791208186529,86319.725,-0.9650,-1.4087,0.7472
2048,BTCUSDT,BUY,1791208187337,86314.185,-1.0172,-0.7670,1.5490
2049,ETHUSDT,BUY,1791208188327,2722.9049999999997,-0.5142,-1.6894,-2.2403
2050,BTCUSDT,SELL,1791208190056,86305.405,-1.3591,-0.8250,0.5538
2051,BTCUSDT,SELL,1791208190596,86314.875,-0.9396,-0.3499,2.8975
2052,BTCUSDT,SELL,1791208191121,86317.13500000001,-0.6777,-0.0880,3.6783
2053,ETHUSDT,BUY,1791208195565,2723.045,-0.1469,-2.5707,-3.1215
2054,ETHUSDT,BUY,1791208197462,2722.585,-0.5142,1.7998,0.4040
2055,ETHUSDT,SELL,1791208200570,2722.505,0.1102,-0.6612,-5.5831
2056,ETHUSDT,BUY,1791208202875,2722.475,-0.1102,2.2773,7.7870
2057,ETHUSDT,BUY,1791208204556,2722.4449999999997,-0.3673,2.3876,5.7301
2058,BTCUSDT,SELL,1791208205475,86312.535,-1.7912,-1.4447,-6.1161
2059,BTCUSDT,SELL,1791208205770,86317.89499999999,-1.3798,-0.3858,-5.4948
2060,BTCUSDT,SELL,1791208206034,86320.195,-1.1145,-0.1193,-5.2282
2061,BTCUSDT,SELL,1791208206660,86327.995,-0.3799,0.9452,-4.0277
2062,ETHUSDT,SELL,1791208206847,2722.715,-1.3222,-0.3673,-2.3139
2063,BTCUSDT,SELL,1791208207256,86329.815,-0.1691,2.2958,-3.4681
2064,BTCUSDT,BUY,1791208208935,86328.505,-0.6394,-1.4850,5.2995
2065,BTCUSDT,SELL,1791208212029,86309.11499999999,-2.0786,-0.9223,-8.5483
2066,ETHUSDT,BUY,1791208214972,2723.0950000000003,-1.0282,-3.7825,6.9774
2067,BTCUSDT,BUY,1791208215126,86327.055,-0.6753,-1.8024,8.0693
2068,BTCUSDT,BUY,1791208215641,86325.005,-0.5989,0.1251,8.3070
2069,ETHUSDT,BUY,1791208215892,2722.915,-0.3673,-1.6894,7.6389
2070,BTCUSDT,BUY,1791208216555,86321.225,-1.3010,1.7956,8.7452
2071,ETHUSDT,BUY,1791208217300,2722.7650000000003,-0.2204,1.3589,8.1902
2072,BTCUSDT,BUY,1791208218287,86318.455,-0.6789,5.5457,8.4038
2073,BTCUSDT,BUY,1791208218468,86317.08499999999,-0.6001,5.7045,8.5626
2074,BTCUSDT,BUY,1791208218999,86315.685,-0.8191,3.8487,8.2442
2075,ETHUSDT,BUY,1791208219078,2722.705,-1.1018,2.3873,6.9416
2076,BTCUSDT,BUY,1791208219284,86313.285,-0.5411,4.1268,8.5224
2077,ETHUSDT,BUY,1791208219417,2722.665,-0.9549,2.5343,7.0886
2078,ETHUSDT,BUY,1791208219698,2722.535,0.0000,2.7181,7.5665
2079,BTCUSDT,BUY,1791208219867,86309.995,0.2201,4.5082,7.3838
2080,ETHUSDT,BUY,1791208221547,2722.535,-0.1469,2.4977,7.5665
2081,BTCUSDT,SELL,1791208221735,86311.89499999999,-0.6001,-2.6833,-7.1636
2082,BTCUSDT,BUY,1791208223591,86312.92,-0.7409,-0.1211,9.1695
2083,ETHUSDT,BUY,1791208223593,2722.3450000000003,-1.9101,-0.1102,9.5506
2084,BTCUSDT,BUY,1791208224136,86307.305,0.4855,0.5295,10.6051
2085,BTCUSDT,SELL,1791208225226,86311.495,-1.8955,0.7890,-10.1192
2086,ETHUSDT,SELL,1791208225273,2722.105,-1.3592,-0.7715,-11.8291
2087,ETHUSDT,SELL,1791208226449,2722.475,-2.4243,0.5877,-10.4684
2088,ETHUSDT,BUY,1791208230562,2723.275,-0.2203,-3.5252,6.1690
2089,ETHUSDT,BUY,1791208231514,2723.245,-0.7711,-3.4150,6.2793
2090,ETHUSDT,BUY,1791208232958,2722.775,-1.6895,-0.6611,9.2553
2091,BTCUSDT,BUY,1791208234843,86311.875,-0.8330,1.3092,11.2406
2092,BTCUSDT,SELL,1791208242760,86319.685,-0.4043,4.0420,-10.3348
2093,ETHUSDT,SELL,1791208243717,2722.615,-0.0000,2.1670,-13.5164
2094,BTCUSDT,SELL,1791208245174,86323.17499999999,-0.0707,2.9158,-10.7839
2095,ETHUSDT,SELL,1791208246400,2722.705,-0.2571,0.4775,-10.5777
2096,BTCUSDT,SELL,1791208246683,86326.17499999999,0.3209,1.9218,-9.5301
2097,BTCUSDT,BUY,1791208248411,86323.405,-1.0484,0.8283,9.8513
2098,BTCUSDT,BUY,1791208249711,86309.67499999999,-2.7679,7.4916,11.4437
2099,BTCUSDT,BUY,1791208249967,86304.765,-2.2455,8.0610,12.0132
2100,ETHUSDT,BUY,1791208250304,2722.065,-2.0573,6.1718,11.6456
2101,BTCUSDT,BUY,1791208250451,86300.005,-2.0382,8.6130,12.5655
2102,ETHUSDT,BUY,1791208251116,2721.565,-0.2205,9.8840,13.4849
2103,BTCUSDT,SELL,1791208252077,86274.725,-1.7711,-14.1409,-14.4051
2104,ETHUSDT,SELL,1791208252927,2721.575,-1.6535,-11.0965,-12.9704
2105,BTCUSDT,SELL,1791208254160,86294.005,-0.4635,-10.3228,-9.7805
2106,ETHUSDT,SELL,1791208254687,2722.145,-0.1837,-6.8328,-9.0003
2107,BTCUSDT,SELL,1791208255197,86298.005,-1.3419,-8.6364,-9.3166
2108,BTCUSDT,SELL,1791208256942,86309.58499999999,-1.9129,-5.8128,-7.2692
2109,ETHUSDT,SELL,1791208257210,2722.575,-1.7630,-2.8282,-7.4194
2110,ETHUSDT,SELL,1791208258820,2723.185,-1.7994,-2.7908,-6.7935
2111,BTCUSDT,SELL,1791208259113,86338.07500000001,-4.1998,-5.1912,-5.7958
2112,ETHUSDT,SELL,1791208260017,2723.685,-2.0928,-2.2763,-4.9565
2113,ETHUSDT,SELL,1791208260605,2724.025,-2.0925,-1.0279,-3.7077
2114,BTCUSDT,SELL,1791208260688,86376.505,-2.3409,-0.7398,-1.9033
2115,ETHUSDT,SELL,1791208261132,2724.365,-0.8442,0.2202,-2.4593
2116,ETHUSDT,BUY,1791208264381,2724.005,0.0000,2.1659,3.7812
2117,BTCUSDT,BUY,1791208265148,86374.33499999999,-1.0431,2.5910,2.1546
2118,BTCUSDT,SELL,1791208327477,86396.875,-0.1609,-0.9815,-1.3565
2119,BTCUSDT,SELL,1791208330669,86398.265,-0.1597,-1.7558,-1.1956
2120,BTCUSDT,SELL,1791208331922,86399.64499999999,-0.6609,-1.7558,-1.0359
2121,BTCUSDT,SELL,1791208347822,86422.195,-0.4050,-0.2661,1.4441
2122,BTCUSDT,SELL,1791208349631,86425.695,-0.3413,0.1388,0.3714
2123,ETHUSDT,BUY,1791208354033,2725.395,-0.9540,-1.1741,-7.5952
2124,ETHUSDT,BUY,1791208355279,2725.135,-0.2202,-0.2202,-7.0822
2125,BTCUSDT,BUY,1791208356759,86425.67499999999,-0.1365,-0.4027,-3.0789
2126,ETHUSDT,BUY,1791208366293,2725.065,-1.2844,-1.7981,-11.4126
2127,ETHUSDT,BUY,1791208366710,2725.035,-1.1743,-1.6881,-11.3026
2128,BTCUSDT,BUY,1791208368427,86422.195,-0.4802,-1.5737,-9.4108
2129,BTCUSDT,BUY,1791208369585,86418.045,-0.2337,-1.0935,-8.9310
2130,ETHUSDT,BUY,1791208373043,2724.685,-0.4037,-2.8994,-11.6711
2131,BTCUSDT,BUY,1791208397462,86434.035,-1.4612,-2.8137,-6.3546
2132,BTCUSDT,BUY,1791208398847,86417.025,-0.1597,0.0579,-2.1697
2135,BTCUSDT,SELL,1791208403159,86399.89499999999,-1.1366,-2.6146,-1.1701
2136,BTCUSDT,SELL,1791208408929,86417.525,-0.5740,2.6372,2.1928
2137,ETHUSDT,SELL,1791208411474,2723.325,-0.0000,2.8274,2.9743
2138,BTCUSDT,BUY,1791208415111,86418.36499999999,-1.6733,-6.7439,-2.7054
2139,ETHUSDT,BUY,1791208415463,2723.205,-0.0734,-4.5902,-3.0846
2140,ETHUSDT,BUY,1791208416341,2723.185,-0.0367,-4.5168,-3.2315
2141,BTCUSDT,BUY,1791208417799,86399.065,-0.5012,-5.6783,-1.2031
2142,BTCUSDT,BUY,1791208418768,86395.225,-0.0567,-6.2920,-1.3878
2143,ETHUSDT,BUY,1791208419368,2723.005,-1.2486,-4.7741,-3.5622
2144,ETHUSDT,BUY,1791208420676,2722.665,-0.4040,-3.8932,-2.3139
2145,BTCUSDT,BUY,1791208423042,86368.345,-0.2536,-1.2933,1.1266
2146,ETHUSDT,BUY,1791208424303,2722.225,-0.9918,-2.6449,-2.5347
2147,BTCUSDT,BUY,1791208424955,86365.025,-0.5720,-0.9089,3.0695
2148,ETHUSDT,BUY,1791208427560,2721.935,-0.8450,-1.5798,-0.4776
2149,BTCUSDT,SELL,1791208439153,86353.61499999999,-0.4123,-0.4123,-0.2536
2150,BTCUSDT,SELL,1791208439469,86353.755,-0.3960,-0.3960,-0.2374
2151,BTCUSDT,SELL,1791208457424,86378.195,-2.3252,-3.2022,0.6703
2153,BTCUSDT,SELL,1791208458304,86398.28,0.0006,-0.8768,2.9949
2154,BTCUSDT,BUY,1791208458686,86398.275,0.0000,0.0347,-2.9943
2156,BTCUSDT,SELL,1791208462943,86408.005,-0.2315,1.5068,4.1200
2152,ETHUSDT,SELL,1791208457551,2721.865,-0.8083,-2.5350,5.8048
2155,ETHUSDT,SELL,1791208459673,2722.085,-0.9552,-1.7266,6.6126
2157,ETHUSDT,BUY,1791208474228,2722.475,-0.4040,-3.4527,-8.0442
2158,BTCUSDT,BUY,1791208475234,86394.985,-0.3959,-0.3982,-7.5583
2159,BTCUSDT,BUY,1791208475619,86392.805,-0.1435,-0.1458,-7.4659
2160,ETHUSDT,BUY,1791208477228,2722.3050000000003,-0.9918,-1.8367,-8.7426
2161,ETHUSDT,BUY,1791208482416,2722.035,-1.8369,-0.8450,-6.5025
2162,BTCUSDT,SELL,1791208485801,86391.545,0.2848,2.0095,5.8848
2163,BTCUSDT,BUY,1791208486548,86391.545,-0.4318,-2.3382,-5.5040
2164,BTCUSDT,BUY,1791208487066,86389.08499999999,-1.2745,-3.3002,-4.6372
2165,BTCUSDT,BUY,1791208487532,86387.815,-1.1275,-3.1347,-4.3548
2166,BTCUSDT,SELL,1791208488836,86378.07500000001,-0.0764,2.0086,0.9539
2167,BTCUSDT,SELL,1791208489849,86378.735,-0.0845,2.6546,1.0303
2168,BTCUSDT,BUY,1791208496790,86371.345,-1.2284,-0.5905,-1.8814
2169,BTCUSDT,BUY,1791208498763,86360.725,-0.5697,0.6392,-0.8129
2170,ETHUSDT,BUY,1791208499047,2721.635,0.0000,0.4042,-5.9890
2171,ETHUSDT,BUY,1791208500291,2721.635,-0.3674,0.5879,-6.4667
2172,BTCUSDT,SELL,1791208505745,86359.86499999999,-0.7388,-1.4521,-0.2814
2173,BTCUSDT,SELL,1791208506765,86366.245,-0.0000,-0.7132,-0.1146
2174,ETHUSDT,SELL,1791208508539,2721.685,-0.2205,5.1439,4.9234
2175,ETHUSDT,SELL,1791208509533,2721.745,-0.1837,5.3642,5.1438
2176,BTCUSDT,SELL,1791208511986,86366.245,-0.7132,-0.7132,0.6438
2177,BTCUSDT,SELL,1791208512668,86372.1,-0.0353,-0.0353,1.3216
2178,BTCUSDT,BUY,1791208530090,86337.765,-0.1587,0.5015,4.8276
2179,ETHUSDT,BUY,1791208531056,2720.225,-0.1838,0.1470,2.6836
2180,BTCUSDT,SELL,1791208532731,86333.16500000001,-0.9846,-0.8734,-7.0471
2181,ETHUSDT,BUY,1791208534699,2720.285,-1.3234,-0.6617,4.0069
2182,BTCUSDT,BUY,1791208535014,86332.455,-0.4807,0.9556,8.3236
2183,ETHUSDT,BUY,1791208535323,2719.965,-0.1471,0.5147,5.1839
2184,BTCUSDT,SELL,1791208536669,86330.055,-0.5259,-1.7595,-8.6019
2185,ETHUSDT,BUY,1791208540290,2720.475,-0.7719,1.1395,5.5873
2186,BTCUSDT,SELL,1791208546502,86340.705,-1.0991,-1.6667,-9.4162
2187,BTCUSDT,SELL,1791208547300,86349.025,-1.2264,-0.7030,-8.6834
2188,BTCUSDT,SELL,1791208547606,86350.205,-1.0897,-0.5663,-8.7782
2189,BTCUSDT,SELL,1791208547975,86355.095,-1.7069,-0.0000,-8.4430
2190,ETHUSDT,SELL,1791208549200,2720.615,-0.6249,2.2421,-8.2334
2191,BTCUSDT,SELL,1791208563136,86333.64499999999,-1.1791,-3.1320,-10.6772
2192,BTCUSDT,SELL,1791208565195,86355.32500000001,-1.0955,-1.0075,-8.4407
2193,ETHUSDT,SELL,1791208565581,2720.005,-1.2500,-1.2500,-10.9191
2194,BTCUSDT,BUY,1791208568717,86368.39499999999,-0.0046,2.1964,6.6494
2195,BTCUSDT,BUY,1791208570348,86366.995,-0.7306,2.3585,6.8116
2196,ETHUSDT,SELL,1791208575821,2720.3450000000003,-1.1763,-2.6835,-7.6093
2197,BTCUSDT,SELL,1791208577341,86372.405,-0.8811,-1.7320,-4.3370
2198,ETHUSDT,SELL,1791208579350,2720.855,-0.8086,-0.3675,-6.0275
2199,BTCUSDT,SELL,1791208591727,86380.015,-1.6196,-3.6571,-3.8331
2200,BTCUSDT,SELL,1791208592786,86394.005,-0.4630,-2.0372,-2.2131
2201,BTCUSDT,SELL,1791208593445,86396.005,-0.9619,-1.8056,-1.9816
2202,BTCUSDT,SELL,1791208593855,86398.005,-0.7303,-1.9572,-1.7500
2203,ETHUSDT,SELL,1791208593858,2721.005,-1.3598,-3.6384,-6.5049
2204,ETHUSDT,SELL,1791208594590,2721.2650000000003,-0.4042,-2.6826,-5.5489
2205,BTCUSDT,BUY,1791208596753,86404.315,-0.4815,2.0474,0.6446
2206,ETHUSDT,BUY,1791208605101,2721.995,-0.0367,4.1146,6.0617
2207,ETHUSDT,SELL,1791208605959,2721.8450000000003,-0.9185,-4.6660,-7.5684
2208,ETHUSDT,SELL,1791208606725,2721.995,-1.1021,-4.0779,-7.6782
2209,BTCUSDT,SELL,1791208606823,86422.005,-0.4628,-0.6943,-4.3959
2210,ETHUSDT,SELL,1791208607860,2722.295,-0.2939,-2.6081,-6.5753
2211,ETHUSDT,SELL,1791208612212,2722.865,-0.3673,1.5425,-5.5824
2212,ETHUSDT,SELL,1791208613795,2722.965,-0.5509,0.3305,-6.3901
2213,BTCUSDT,BUY,1791208615690,86438.015,-1.1581,-1.1338,4.2852
2214,BTCUSDT,BUY,1791208616418,86431.235,-1.1153,-0.3494,5.0699
2215,BTCUSDT,BUY,1791208616846,86428.005,-0.7417,0.0243,5.4438
2216,BTCUSDT,BUY,1791208617128,86426.61499999999,-0.5808,0.0243,5.6048
2217,ETHUSDT,BUY,1791208619600,2723.005,-2.0933,-0.2203,6.2431
2218,ETHUSDT,BUY,1791208619935,2722.615,-0.6611,1.2121,7.6764
2219,ETHUSDT,BUY,1791208620270,2722.435,0.0000,1.8733,8.3381
2220,BTCUSDT,SELL,1791208622174,86419.92499999999,-0.6827,0.0579,-6.4892
2221,ETHUSDT,SELL,1791208623898,2722.875,-0.3673,0.9181,-5.5456
2222,BTCUSDT,BUY,1791208627359,86426.82500000001,-0.1157,-1.9624,3.6736
2223,ETHUSDT,BUY,1791208630472,2722.9449999999997,-0.1102,-0.3305,4.1132
2224,BTCUSDT,BUY,1791208631629,86425.82500000001,-0.7405,1.0032,3.9294
2225,ETHUSDT,BUY,1791208634814,2722.625,-0.7713,1.2488,5.9501
2226,BTCUSDT,BUY,1791208635167,86415.745,-0.6804,2.1697,6.0383
2227,ETHUSDT,SELL,1791208638798,2722.365,-1.7999,-2.2040,-6.9058
2228,ETHUSDT,SELL,1791208639435,2722.495,-1.3223,-1.7264,-7.0156
2229,BTCUSDT,SELL,1791208641191,86429.57500000001,-0.5692,1.9033,-6.0257
2230,BTCUSDT,BUY,1791208649150,86425.82500000001,-1.4695,-1.8444,6.7318
2231,BTCUSDT,BUY,1791208649356,86423.055,-1.1490,-1.5239,7.0525
2232,BTCUSDT,BUY,1791208649555,86418.525,-0.6249,-0.9998,7.5771
2233,BTCUSDT,BUY,1791208650077,86416.545,-0.3958,-0.3958,7.8064
2234,ETHUSDT,BUY,1791208656723,2722.745,-0.3305,4.9215,6.0968
2235,ETHUSDT,SELL,1791208658556,2722.6549999999997,-0.4775,-5.2522,-5.4359
2236,BTCUSDT,SELL,1791208660015,86412.655,-1.2325,-6.6101,-7.5707
2237,BTCUSDT,SELL,1791208663986,86434.495,-1.0598,-4.6926,-3.6421
2238,BTCUSDT,SELL,1791208665268,86443.995,-1.3535,-3.5931,-2.5427
2239,BTCUSDT,SELL,1791208665810,86454.005,-0.6929,-2.4348,-0.7426
2240,ETHUSDT,SELL,1791208666320,2723.9049999999997,-0.6608,-2.9370,0.6975
2241,BTCUSDT,SELL,1791208666422,86455.695,-0.4974,-2.2393,-0.5471
2242,BTCUSDT,SELL,1791208667663,86460.695,-0.2585,-1.7233,0.0312
2243,BTCUSDT,SELL,1791208668630,86462.005,-0.8987,-1.6192,0.1827
2244,BTCUSDT,SELL,1791208670663,86473.17499999999,-0.2174,-0.3273,1.5473
2245,BTCUSDT,SELL,1791208671459,86474.005,-0.1214,-0.2313,2.2539
2246,ETHUSDT,BUY,1791208682657,2724.705,-1.0643,-2.3489,-7.4870
2247,BTCUSDT,BUY,1791208683442,86473.66500000001,-1.2270,-1.2270,-7.0519
2248,ETHUSDT,BUY,1791208683571,2724.475,-0.3303,-1.5049,-6.6435
2249,BTCUSDT,BUY,1791208684319,86467.16500000001,-0.7529,0.0879,-6.3007
2250,BTCUSDT,BUY,1791208684741,86462.735,-0.2406,0.6003,-5.7886
2251,ETHUSDT,SELL,1791208693640,2724.065,-0.6608,-1.2481,5.2128
2252,ETHUSDT,BUY,1791208694123,2724.245,0.0000,0.5873,-5.8732
2253,BTCUSDT,SELL,1791208698325,86467.92499999999,-1.5879,-1.8596,7.2836
2254,BTCUSDT,SELL,1791208698701,86471.265,-1.2016,-1.4733,7.6696
2255,ETHUSDT,SELL,1791208698891,2724.245,-0.5873,-0.5873,7.8554
2256,BTCUSDT,SELL,1791208706199,86481.655,-0.2717,-0.7400,7.8225
2257,BTCUSDT,BUY,1791208716799,86488.055,-1.0152,-3.1947,-5.5557
2258,BTCUSDT,BUY,1791208717541,86481.655,-0.4140,-2.4549,-4.8161
2259,BTCUSDT,BUY,1791208718171,86479.275,-0.1388,-2.1797,-4.2692
2260,ETHUSDT,BUY,1791208725239,2723.755,-0.1469,-3.1574,-1.3217
2261,BTCUSDT,BUY,1791208725549,86465.975,-0.6419,-4.0282,-1.8470
2262,ETHUSDT,BUY,1791208726769,2723.715,-0.5874,-3.8550,-1.1749
2263,ETHUSDT,BUY,1791208735680,2722.7650000000003,-0.3673,-0.4407,1.5425
2264,BTCUSDT,BUY,1791208739892,86426.725,-1.6245,-1.6245,-1.7032
2265,BTCUSDT,SELL,1791208763319,86410.005,-0.3101,-3.4718,2.9001
2266,BTCUSDT,SELL,1791208765073,86412.69,-0.1522,-3.1610,3.9722
2267,ETHUSDT,SELL,1791208770675,2722.505,-1.9100,-3.2690,6.1341
2268,BTCUSDT,SELL,1791208771487,86434.005,-0.6942,-1.1570,8.7095
2269,ETHUSDT,SELL,1791208777433,2723.025,-1.3588,-1.3588,11.0906
2270,ETHUSDT,BUY,1791208789984,2723.795,-0.6608,-6.7553,-16.9616
2271,BTCUSDT,BUY,1791208795335,86448.005,-1.4922,-4.3957,-19.8952
2272,ETHUSDT,BUY,1791208799348,2722.855,-3.3054,-2.9932,-19.3914
2273,ETHUSDT,BUY,1791208799899,2722.255,-1.1020,0.5877,-16.9345
2274,BTCUSDT,SELL,1791208801244,86414.005,-0.8540,1.2382,16.4325
2275,BTCUSDT,SELL,1791208801620,86416.005,0.0822,1.4696,16.2007
2276,BTCUSDT,BUY,1791208803267,86415.295,-0.6122,-1.3875,-15.8340
2277,ETHUSDT,BUY,1791208803751,2722.065,-0.2939,1.2858,-15.3193
2278,BTCUSDT,BUY,1791208808500,86410.0,-0.7748,0.8593,-13.4759
2279,BTCUSDT,SELL,1791208814096,86403.305,-2.1643,2.8865,9.1073
2280,ETHUSDT,SELL,1791208815031,2722.415,-1.8366,4.1140,10.0646
2281,ETHUSDT,BUY,1791208815850,2722.9849999999997,-1.1752,-6.2064,-12.1558
2282,ETHUSDT,BUY,1791208816398,2722.715,-0.1836,-5.2154,-11.1653
2283,BTCUSDT,SELL,1791208817065,86416.035,-0.1608,4.4008,10.7017
2284,ETHUSDT,BUY,1791208818008,2722.665,-0.2204,-6.0970,-13.3693
2285,ETHUSDT,BUY,1791208821358,2721.9849999999997,-1.1021,-4.2249,-12.2337
2286,BTCUSDT,BUY,1791208821418,86402.005,-1.0648,-5.0091,-11.8053
2287,BTCUSDT,BUY,1791208821731,86398.0,-0.6013,-4.5458,-11.3423
2288,ETHUSDT,BUY,1791208822458,2721.685,-0.6614,-4.8132,-11.4267
2289,BTCUSDT,BUY,1791208822717,86392.805,-1.4816,-4.7226,-11.4361
2290,BTCUSDT,BUY,1791208823012,86390.91500000001,-1.4527,-4.7355,-10.6307
2291,BTCUSDT,BUY,1791208825157,86378.36499999999,-0.0405,-3.5148,-8.3783
2292,BTCUSDT,BUY,1791208827120,86378.005,-1.8523,-4.3993,-6.2516
2293,BTCUSDT,BUY,1791208827903,86362.66500000001,-0.3080,-2.6238,-4.0133
2294,BTCUSDT,BUY,1791208828485,86362.005,-0.3798,-2.5474,-3.9369
2295,BTCUSDT,BUY,1791208842904,86334.005,-0.4622,-5.9339,-1.6216
2296,BTCUSDT,BUY,1791208849073,86312.005,-1.3260,-5.4465,0.9269
2297,BTCUSDT,BUY,1791208850290,86300.015,-2.3187,-3.9409,2.3163
2298,BTCUSDT,BUY,1791208850707,86299.005,-2.2016,-3.1449,2.4334
2299,BTCUSDT,SELL,1791208852648,86282.775,-0.6896,0.4995,-4.3149
2300,BTCUSDT,BUY,1791208855145,86284.735,-1.2436,-2.0548,4.0876
2301,BTCUSDT,SELL,1791208858717,86259.67499999999,-0.6167,-4.2117,-16.1791
2302,BTCUSDT,SELL,1791208859929,86264.995,-0.7964,-4.9383,-14.2595
2303,BTCUSDT,SELL,1791208860272,86265.285,-0.7790,-5.1817,-14.2259
2304,BTCUSDT,SELL,1791208861168,86271.86499999999,-0.7650,-4.8846,-13.4621
2305,BTCUSDT,SELL,1791208865807,86269.655,-1.1997,-6.3012,-16.9643
2306,BTCUSDT,SELL,1791208865995,86270.005,-1.3910,-6.2606,-16.9236
2307,ETHUSDT,SELL,1791208866020,2718.065,-1.0301,-5.9233,-12.8400
2308,BTCUSDT,SELL,1791208866264,86271.86499999999,-1.4072,-6.0448,-16.7076
2309,ETHUSDT,SELL,1791208866468,2718.145,-0.9933,-5.6288,-12.5453
2310,ETHUSDT,SELL,1791208866828,2718.205,-0.8094,-5.4080,-12.3243
2311,BTCUSDT,SELL,1791208867482,86284.005,-1.1068,-3.3309,-15.2983
2312,ETHUSDT,SELL,1791208867793,2718.415,-1.6186,-3.7154,-10.8519
2313,BTCUSDT,SELL,1791208867951,86289.995,-0.6965,-2.5692,-14.6031
2314,BTCUSDT,SELL,1791208869079,86296.005,-1.6200,-0.9896,-15.0644
2315,ETHUSDT,SELL,1791208869080,2718.855,-0.8092,-0.6253,-10.2985
2316,BTCUSDT,SELL,1791208869473,86301.35500000001,-1.0023,-0.3071,-14.9071
2317,ETHUSDT,SELL,1791208869959,2718.975,-1.2137,0.1103,-11.1807
2318,BTCUSDT,SELL,1791208869985,86307.595,-0.7427,0.4160,-14.1830
2319,BTCUSDT,SELL,1791208870720,86310.005,-0.9269,0.9269,-13.9034
2320,ETHUSDT,SELL,1791208871208,2719.3050000000003,-0.8826,2.3903,-9.9658
2321,ETHUSDT,SELL,1791208873395,2719.675,-0.0000,3.7872,-8.6040
2322,BTCUSDT,BUY,1791208873923,86326.005,-0.2305,-3.1196,12.0474
2323,BTCUSDT,BUY,1791208877601,86312.745,-0.5492,1.7680,13.1220
2324,BTCUSDT,BUY,1791208877961,86312.16500000001,-0.7137,1.8352,13.1893
2325,ETHUSDT,BUY,1791208879436,2719.025,-0.5517,0.6620,8.2750
2326,BTCUSDT,BUY,1791208879835,86304.005,-0.4635,1.4426,14.1361
2327,BTCUSDT,BUY,1791208880448,86303.35500000001,-0.3882,1.5179,14.2115
2328,BTCUSDT,SELL,1791208882800,86294.005,-0.5875,-3.5877,-17.1507
2329,BTCUSDT,SELL,1791208885705,86305.995,-2.0868,-0.9281,-17.8446
2330,BTCUSDT,SELL,1791208886237,86318.525,-0.6349,0.7553,-16.3905
2331,BTCUSDT,BUY,1791208888824,86328.005,-1.3379,-1.3935,14.4090
2332,ETHUSDT,BUY,1791208891623,2719.355,0.2206,-2.7212,7.7592
2333,BTCUSDT,BUY,1791208893206,86328.005,-1.3889,-0.9267,15.1191
2334,ETHUSDT,BUY,1791208894225,2719.335,-2.0226,6.2883,7.8328
2335,BTCUSDT,BUY,1791208895397,86316.005,-0.4634,0.4634,16.5114
2336,ETHUSDT,BUY,1791208895692,2718.785,-0.2942,8.3125,9.8573
2337,BTCUSDT,BUY,1791208895974,86314.005,-0.2595,0.6951,16.7435
2338,BTCUSDT,BUY,1791208896900,86312.005,-0.2317,0.9269,17.1367
2339,ETHUSDT,BUY,1791208897422,2718.705,-0.3310,8.6070,10.5565
2340,ETHUSDT,SELL,1791208898619,2718.615,-1.3978,-8.9384,-11.6603
2341,BTCUSDT,SELL,1791208899093,86315.975,-0.6986,-0.4669,-18.3048
2342,ETHUSDT,SELL,1791208899183,2718.815,-0.6621,-8.2021,-11.4756
2343,BTCUSDT,SELL,1791208899712,86318.005,-0.4634,-0.2317,-18.0692
2344,BTCUSDT,SELL,1791208899933,86320.005,-0.1761,-0.0000,-17.8371
2345,ETHUSDT,BUY,1791208901322,2718.6949999999997,0.0000,8.6439,12.8738
2346,BTCUSDT,BUY,1791208918693,86400.005,-1.3889,2.3148,6.0937
2347,BTCUSDT,SELL,1791208921829,86388.005,-1.3891,-4.8618,-6.3250
2348,ETHUSDT,SELL,1791208922065,2720.775,-1.1394,-4.5575,-0.7351
2349,BTCUSDT,SELL,1791208923844,86410.485,-0.6388,-2.2590,-3.7218
2350,ETHUSDT,SELL,1791208929197,2721.6549999999997,-1.3227,1.6167,5.0337
2351,ETHUSDT,BUY,1791208934254,2721.975,-0.6613,0.8082,-6.7598
2352,BTCUSDT,BUY,1791208935900,86430.005,-0.4628,3.4710,-3.1956
2353,ETHUSDT,SELL,1791208936280,2721.535,0.6981,-0.9553,5.1809
2354,BTCUSDT,BUY,1791208936520,86428.61499999999,-0.3020,3.6319,-3.0349
2355,ETHUSDT,BUY,1791208936723,2721.505,-0.5879,1.0656,-5.5117
2356,BTCUSDT,BUY,1791208938265,86426.005,-0.4628,3.0535,-3.0084
2357,BTCUSDT,BUY,1791208938460,86424.005,0.2314,3.2850,-2.7770
2358,BTCUSDT,SELL,1791208941376,86426.005,-1.4105,-3.0535,1.6199
2359,BTCUSDT,SELL,1791208942568,86441.17499999999,-2.1784,-2.1784,3.3745
2360,ETHUSDT,SELL,1791208943913,2721.865,-0.7715,1.4696,4.2618
2361,BTCUSDT,SELL,1791208944030,86460.005,-0.2880,0.1712,4.8577
2362,BTCUSDT,SELL,1791208944189,86462.005,-0.0567,0.4025,4.8576
2363,ETHUSDT,BUY,1791208945385,2721.895,-0.3674,-1.5798,-4.3720
2364,ETHUSDT,BUY,1791208946055,2721.8450000000003,-0.7715,-1.3961,-4.1883
2365,ETHUSDT,BUY,1791208946732,2721.795,-0.9553,-0.8083,-4.0047
2366,ETHUSDT,BUY,1791208947380,2721.635,-0.5511,-0.2205,-3.4171
2367,ETHUSDT,BUY,1791208947845,2721.535,-0.1837,0.1470,-3.0497
2368,ETHUSDT,BUY,1791208949303,2721.4849999999997,-0.0735,1.6535,-2.8661
2369,BTCUSDT,BUY,1791208953039,86460.005,-0.1712,2.4231,-3.2385
2370,ETHUSDT,SELL,1791208956258,2721.475,-0.3674,-5.0708,6.7243
2371,BTCUSDT,SELL,1791208958858,86468.755,-0.6037,-0.8396,11.8008
2372,ETHUSDT,SELL,1791208960948,2721.935,-0.9552,-0.2572,12.6013
2373,BTCUSDT,SELL,1791208961072,86474.005,-0.2313,0.6927,13.8435
2374,ETHUSDT,BUY,1791208968925,2722.435,-0.6612,-3.9670,-14.9499
2375,BTCUSDT,BUY,1791208969346,86476.015,-0.9251,-3.8589,-16.3664
2376,ETHUSDT,BUY,1791208969668,2722.315,-0.8449,-3.8203,-15.3178
2377,BTCUSDT,BUY,1791208971807,86468.005,-0.6939,-2.9329,-15.4415
2378,BTCUSDT,BUY,1791208972447,86464.235,-0.2579,-2.4970,-15.0062
2379,BTCUSDT,BUY,1791208972710,86464.005,-0.2313,-2.4704,-14.9796
2380,BTCUSDT,BUY,1791208979048,86452.655,-1.1579,-3.0826,-15.3437
2381,BTCUSDT,BUY,1791208988053,86440.0,-1.6190,-4.6269,-14.1133
2382,BTCUSDT,BUY,1791208988474,86434.005,-1.3883,-3.9336,-13.4206
2383,BTCUSDT,BUY,1791208989469,86422.285,-2.3026,-2.5780,-11.1406
2384,BTCUSDT,BUY,1791208997032,86402.38500000001,-0.2755,2.2708,-8.6086
2385,BTCUSDT,BUY,1791208997260,86402.005,-0.2315,2.3148,-8.5646
2388,BTCUSDT,SELL,1791209003619,86416.005,-0.6943,-1.8515,11.4180
2389,BTCUSDT,SELL,1791209004073,86418.005,-0.4629,-1.2995,11.6492
2390,BTCUSDT,SELL,1791209009460,86426.005,-0.6942,7.0251,12.3123
2391,ETHUSDT,SELL,1791209009927,2720.825,-0.1838,8.0123,9.9235
2392,BTCUSDT,BUY,1791209014224,86429.235,-2.6877,-8.6707,-11.9439
2393,ETHUSDT,BUY,1791209014355,2720.645,-1.9113,-7.7188,-8.5274
2394,BTCUSDT,BUY,1791209015132,86407.89499999999,-1.1434,-6.2031,-9.4771
2395,BTCUSDT,BUY,1791209015518,86406.005,-0.9259,-5.9845,-9.2586
2396,BTCUSDT,BUY,1791209016551,86398.005,-1.6204,-5.0591,-7.6391
2397,BTCUSDT,BUY,1791209017082,86387.03,-0.7877,-3.7893,-5.6750
2398,BTCUSDT,BUY,1791209018151,86380.225,-1.6462,-4.6492,-4.2788
2399,BTCUSDT,BUY,1791209019112,86366.715,-1.0085,-3.7318,-1.7032
2400,BTCUSDT,BUY,1791209019457,86366.005,-0.9263,-3.6496,-1.3894
2401,ETHUSDT,BUY,1791209019668,2718.6949999999997,-0.6989,-2.0230,1.4345
2402,BTCUSDT,SELL,1791209027563,86354.295,2.2940,4.2789,-1.3560
2403,ETHUSDT,SELL,1791209027707,2718.565,0.0368,3.0163,-3.8255
2404,ETHUSDT,BUY,1791209028821,2718.5550000000003,-1.5082,-3.4945,2.7956
2405,ETHUSDT,BUY,1791209030792,2718.145,-0.2943,-0.1104,2.3545
2406,ETHUSDT,BUY,1791209036042,2718.335,-1.2140,-0.5886,-3.2741
2407,BTCUSDT,BUY,1791209036148,86334.485,-1.2174,-0.5189,-1.6772
2408,ETHUSDT,BUY,1791209036425,2718.145,-1.1405,-0.3311,-2.4281
2409,BTCUSDT,BUY,1791209036542,86327.685,-1.1978,-0.4263,-0.8896
2410,ETHUSDT,BUY,1791209036626,2718.075,-0.8830,-0.3679,-1.0669
2411,ETHUSDT,BUY,1791209036788,2718.0550000000003,-1.1405,-0.2943,-0.9934
2412,BTCUSDT,BUY,1791209036952,86326.305,-1.0379,-0.8450,-0.7298
2413,ETHUSDT,BUY,1791209037669,2717.835,-1.5086,-0.5151,-0.1840
2414,BTCUSDT,SELL,1791209039177,86320.005,-0.9256,-0.2491,-0.0000
2415,BTCUSDT,SELL,1791209040120,86326.765,-0.6070,-0.6070,0.7831
2416,ETHUSDT,SELL,1791209040467,2718.075,-0.4415,-1.7292,1.0669
2417,ETHUSDT,SELL,1791209040836,2718.115,-0.2943,-1.5820,1.2141
2418,BTCUSDT,SELL,1791209041004,86330.85500000001,-0.5965,-0.8294,1.2568
2419,BTCUSDT,SELL,1791209041276,86332.005,-0.8583,-1.3043,1.6993
2420,BTCUSDT,SELL,1791209042010,86336.005,-0.0000,-0.8409,2.1625
2421,ETHUSDT,BUY,1791209042673,2718.205,-0.1104,1.2508,-0.8094
2422,BTCUSDT,BUY,1791209045932,86334.005,-1.4455,-0.4633,-0.6950
2423,BTCUSDT,BUY,1791209047153,86318.005,0.0000,1.1585,1.6219
2424,BTCUSDT,SELL,1791209048782,86318.005,-1.1869,-0.6951,-1.8536
2425,ETHUSDT,SELL,1791209049609,2718.205,-1.2508,0.8829,-1.3612
2426,ETHUSDT,SELL,1791209050002,2718.465,-0.2943,1.8393,-0.4414
2427,BTCUSDT,SELL,1791209050290,86332.015,-1.3031,0.9278,-0.4587
2428,BTCUSDT,SELL,1791209050980,86338.015,-0.6081,1.6227,0.2363
2429,BTCUSDT,BUY,1791209055022,86336.725,-0.7783,-2.2459,-0.7772
2430,BTCUSDT,BUY,1791209055557,86332.005,-0.0012,-1.6993,0.0892
2431,BTCUSDT,SELL,1791209056122,86330.005,0.2317,1.4676,-1.3900
2432,BTCUSDT,BUY,1791209056778,86331.995,-0.4622,-1.6981,2.6456
2433,BTCUSDT,BUY,1791209057787,86328.005,-0.4633,-1.2360,3.9385
2434,ETHUSDT,SELL,1791209059081,2717.665,-1.1039,-1.1039,-6.6601
2435,BTCUSDT,BUY,1791209062292,86322.155,-0.5584,0.2132,4.6164
2436,BTCUSDT,SELL,1791209071524,86322.005,-0.2317,-5.5606,-4.1704
2437,BTCUSDT,SELL,1791209072344,86323.995,-0.0012,-5.5628,-3.8981
2438,BTCUSDT,SELL,1791209076255,86329.375,-1.2313,-4.4747,-2.6214
2439,ETHUSDT,SELL,1791209077017,2718.425,-0.8093,-4.3407,-0.9197
2440,BTCUSDT,SELL,1791209077451,86340.005,-0.9266,-3.0114,-1.3899
2441,ETHUSDT,SELL,1791209077815,2718.505,-1.5818,-4.0463,-0.6253
2442,BTCUSDT,SELL,1791209078197,86343.265,-1.0122,-2.1704,-1.0122
2443,BTCUSDT,SELL,1791209078793,86348.015,-0.7458,-0.6937,-0.4621
2444,BTCUSDT,SELL,1791209079048,86350.005,-1.2820,-0.4632,-0.2316
2445,BTCUSDT,SELL,1791209079639,86354.005,-0.9264,0.4632,0.2316
2446,BTCUSDT,SELL,1791209080458,86361.07500000001,-0.8024,1.5134,3.3661
2447,ETHUSDT,SELL,1791209080802,2719.2349999999997,-1.3607,1.6549,4.4130
2448,BTCUSDT,SELL,1791209080872,86362.005,-1.1579,1.8527,3.4737
2449,BTCUSDT,SELL,1791209082012,86372.005,-0.2316,3.4733,4.6311
2450,BTCUSDT,BUY,1791209083956,86372.015,-0.4643,-5.3270,-4.6323
2451,BTCUSDT,BUY,1791209088074,86364.005,-1.1579,-5.0947,-3.4204
2452,BTCUSDT,BUY,1791209088304,86362.005,-1.1579,-4.8632,-2.7790
2453,BTCUSDT,BUY,1791209089268,86354.005,-0.6948,-3.9373,-1.8528
2454,BTCUSDT,BUY,1791209090082,86350.005,-0.6948,-3.4742,0.0000
2455,BTCUSDT,BUY,1791209090705,86348.005,-0.6949,-3.2427,0.2316
2456,BTCUSDT,BUY,1791209091423,86344.005,-0.6949,-3.0888,0.6949
2457,BTCUSDT,BUY,1791209092176,86342.005,-0.6949,-2.8572,1.6215
2458,BTCUSDT,BUY,1791209092736,86338.0,-1.1577,-2.0727,2.0854
2459,BTCUSDT,BUY,1791209093189,86336.005,-1.1583,-1.3899,0.8780
2460,BTCUSDT,BUY,1791209093557,86330.10500000001,-0.4749,-0.7066,1.5614
2461,ETHUSDT,BUY,1791209093992,2718.455,-3.7153,-1.1771,1.8025
2462,ETHUSDT,SELL,1791209095034,2717.4449999999997,-0.0000,-3.2015,-5.5199
2463,BTCUSDT,BUY,1791209095835,86322.005,-0.2317,0.6951,3.9387
2464,BTCUSDT,BUY,1791209101203,86320.005,-0.3093,1.8501,8.5728
2465,BTCUSDT,SELL,1791209102676,86317.33499999999,-0.7727,-4.3433,-10.0420
2466,BTCUSDT,SELL,1791209105266,86324.005,-0.9267,-0.7802,-9.4493
2467,BTCUSDT,SELL,1791209105790,86326.005,-0.6950,-1.0263,-9.2174
2468,BTCUSDT,SELL,1791209109588,86334.005,-0.2282,-5.5598,-9.4980
2469,BTCUSDT,SELL,1791209111250,86335.975,-1.1444,-4.4495,-9.7329
2470,BTCUSDT,SELL,1791209111463,86338.005,-1.8532,-3.0670,-10.4074
2471,BTCUSDT,SELL,1791209112717,86354.83,0.1847,-0.8309,-8.4413
2472,BTCUSDT,BUY,1791209113508,86354.82500000001,-1.4417,0.8315,7.7795
2473,BTCUSDT,BUY,1791209114411,86345.85500000001,-1.6758,1.8704,8.8192
2474,BTCUSDT,BUY,1791209114750,86342.375,-0.8698,2.2735,9.2226
2475,BTCUSDT,SELL,1791209116969,86354.83499999999,-0.8303,-0.8303,-7.4576
2476,BTCUSDT,SELL,1791209117658,86361.41500000001,-1.2598,-0.0683,-7.0159
2477,BTCUSDT,SELL,1791209118044,86362.005,-2.0842,-0.0000,-7.1791
2478,BTCUSDT,SELL,1791209118493,86369.91500000001,-1.3998,0.9158,-7.0835
2479,BTCUSDT,SELL,1791209119313,86380.005,-0.2315,2.0838,-5.9146
2480,BTCUSDT,BUY,1791209120654,86382.005,-2.2979,-2.5468,5.6829
2481,BTCUSDT,BUY,1791209121235,86376.155,-1.6382,-1.8697,6.3606
2482,BTCUSDT,BUY,1791209129902,86362.005,-0.2316,-1.1579,8.3370
2483,BTCUSDT,BUY,1791209131718,86358.005,-0.0417,-3.0107,8.8006
2484,BTCUSDT,BUY,1791209133835,86356.005,-0.4632,-2.7792,9.0324
2485,BTCUSDT,BUY,1791209140104,86352.005,-2.3161,-0.2316,9.9592
2486,BTCUSDT,BUY,1791209144332,86332.005,-0.9267,1.7189,14.1315
2487,BTCUSDT,BUY,1791209144521,86330.005,-0.6950,1.9507,14.5952
2488,BTCUSDT,SELL,1791209148063,86334.005,-0.4633,-3.9382,-17.1427
2489,BTCUSDT,SELL,1791209153945,86343.58499999999,-0.3776,-7.1795,-16.0313
2490,BTCUSDT,SELL,1791209157996,86367.235,-1.6279,-4.4392,-11.8992
2491,ETHUSDT,SELL,1791209158359,2719.5950000000003,-1.9120,-5.5523,-10.7737
2492,ETHUSDT,SELL,1791209159981,2720.115,-0.9926,-4.1175,-8.8599
2493,BTCUSDT,SELL,1791209160558,86390.005,-0.6228,-3.2411,-9.2603
2494,ETHUSDT,SELL,1791209160640,2720.315,-0.8087,-2.9408,-8.5284
2495,BTCUSDT,SELL,1791209161355,86394.005,-1.1575,-3.0095,-8.7969
2496,BTCUSDT,SELL,1791209161715,86395.38500000001,-0.9989,-3.7433,-8.6370
2497,BTCUSDT,SELL,1791209162787,86404.015,-0.1805,-2.7441,-7.6374
2498,BTCUSDT,SELL,1791209168229,86405.57500000001,-1.0179,-2.3633,-10.3489
2499,BTCUSDT,SELL,1791209168448,86408.57500000001,-0.8599,-2.6062,-10.1182
2500,BTCUSDT,SELL,1791209168933,86412.015,-0.6932,-2.2080,-10.1815
2501,BTCUSDT,SELL,1791209169504,86416.005,-0.2314,-1.7462,-9.7193
2502,ETHUSDT,BUY,1791209170337,2721.225,0.8452,0.4410,8.5991
2503,ETHUSDT,SELL,1791209170878,2721.115,-2.2417,-0.8452,-9.0037
2504,BTCUSDT,SELL,1791209171182,86418.005,-1.1248,-1.5147,-9.4876
2505,BTCUSDT,BUY,1791209172918,86427.725,-0.6618,0.7266,8.3619
2506,ETHUSDT,BUY,1791209172953,2721.615,-0.5511,-0.2205,7.1649
2507,ETHUSDT,BUY,1791209173208,2721.535,-0.2572,0.0735,7.4590
2508,BTCUSDT,BUY,1791209173280,86423.58499999999,-0.1828,1.2057,8.8413
2509,ETHUSDT,BUY,1791209173709,2721.4849999999997,-0.0735,0.2572,7.6429
2510,BTCUSDT,SELL,1791209177210,86419.245,-0.7811,-1.7080,-10.9652
2511,BTCUSDT,SELL,1791209177537,86421.86499999999,-1.0680,-1.4047,-10.6617
2512,BTCUSDT,SELL,1791209177738,86422.005,-1.0518,-1.3885,-10.6454
2513,BTCUSDT,SELL,1791209182493,86432.005,-0.2314,-0.2314,-15.1749
2514,ETHUSDT,SELL,1791209182761,2721.535,-0.0735,-0.0735,-14.3669
2515,ETHUSDT,SELL,1791209202643,2721.545,-1.6535,-4.0051,-20.5398
2516,BTCUSDT,SELL,1791209202963,86445.215,-0.5784,-4.2559,-19.8739
2517,BTCUSDT,SELL,1791209203273,86446.01000000001,-0.9249,-4.1639,-19.7817
2518,ETHUSDT,SELL,1791209205682,2722.525,-0.4040,-0.0000,-19.7611
2519,ETHUSDT,SELL,1791209205870,2722.575,-0.2204,0.1836,-19.5771
2520,ETHUSDT,BUY,1791209212705,2722.635,-0.1102,0.7713,18.2911
2521,ETHUSDT,BUY,1791209215200,2722.565,-0.1469,3.5995,17.3366
2522,BTCUSDT,BUY,1791209216829,86476.005,-0.6938,2.1960,18.5011
2523,BTCUSDT,SELL,1791209224877,86489.975,-0.5804,-1.1585,-13.2906
2524,ETHUSDT,BUY,1791209230252,2723.665,-0.3672,4.8464,10.2068
2525,ETHUSDT,SELL,1791209237411,2724.285,-0.0000,-2.4961,-7.1211
2526,ETHUSDT,SELL,1791209242198,2725.2349999999997,-1.4311,-5.7977,-7.6691
2527,ETHUSDT,BUY,1791209245284,2725.565,-0.6971,4.2193,7.3379
2528,ETHUSDT,BUY,1791209245951,2725.435,-1.7245,4.1094,7.8153
2529,BTCUSDT,BUY,1791209246118,86542.015,-1.3127,2.7940,13.3045
2530,ETHUSDT,BUY,1791209246342,2725.375,-1.5044,4.3297,8.0356
2531,BTCUSDT,BUY,1791209246471,86538.725,-1.2388,3.1743,13.6852
2532,BTCUSDT,SELL,1791209249179,86526.015,-1.4689,-5.6619,-16.7106
2533,ETHUSDT,SELL,1791209249485,2724.685,-4.8079,-5.8355,-12.8088
2534,ETHUSDT,SELL,1791209249725,2725.165,-4.7704,-4.1465,-11.0452
2535,BTCUSDT,SELL,1791209249995,86535.785,-0.7142,-5.5723,-16.0870
2536,ETHUSDT,SELL,1791209250218,2725.5950000000003,-4.4761,-3.9624,-9.4658
2537,ETHUSDT,SELL,1791209250910,2726.475,-1.2470,-1.0820,-6.2352
2538,ETHUSDT,SELL,1791209252842,2727.1549999999997,0.5134,-0.0367,-3.7402
2539,ETHUSDT,BUY,1791209253294,2727.1949999999997,-1.6500,0.0000,3.5934
2540,ETHUSDT,BUY,1791209254236,2726.835,-0.4401,1.6136,5.6842
2541,ETHUSDT,BUY,1791209254416,2726.745,-0.5134,1.9437,6.0145
2542,ETHUSDT,SELL,1791209260846,2726.685,-1.3203,-5.4645,-4.7677
2543,ETHUSDT,BUY,1791209271751,2728.175,-2.0527,-5.4615,-2.5292
2544,ETHUSDT,BUY,1791209272087,2727.9049999999997,-1.3197,-4.4723,-1.5396
2545,ETHUSDT,BUY,1791209273074,2727.605,-1.4665,-4.0328,-1.0999
2546,BTCUSDT,BUY,1791209273167,86655.285,-0.9601,-3.1746,-1.0698
2547,BTCUSDT,BUY,1791209273434,86653.89499999999,-1.5764,-3.2537,-1.5533
2548,BTCUSDT,BUY,1791209274349,86646.965,-0.7767,-3.9020,-0.1904
2549,ETHUSDT,SELL,1791209275045,2726.855,-2.1270,3.1538,-2.8971
2550,ETHUSDT,BUY,1791209275862,2727.5550000000003,-1.5032,-6.5993,-0.5133
2551,BTCUSDT,BUY,1791209275874,86640.235,-0.4894,-4.8742,-0.5027
2552,ETHUSDT,BUY,1791209276114,2727.435,-1.0633,-6.1596,-0.6600
2553,ETHUSDT,BUY,1791209276464,2727.275,-1.2467,-5.5733,-0.1100
2554,BTCUSDT,BUY,1791209280612,86635.545,-0.4802,-1.1866,-4.5639
2555,BTCUSDT,BUY,1791209281068,86632.41500000001,-0.1189,-0.1177,-4.2028
2556,ETHUSDT,BUY,1791209282401,2726.605,-0.6235,0.9536,-1.9438
2557,ETHUSDT,BUY,1791209283298,2726.505,-1.4304,0.6602,-0.0183
2558,BTCUSDT,BUY,1791209283356,86627.775,-1.6877,0.4514,-2.7924
2559,ETHUSDT,BUY,1791209283625,2726.425,-1.1370,0.9536,0.6969
2560,BTCUSDT,BUY,1791209285524,86600.005,-0.6917,5.0323,3.6189
2561,BTCUSDT,BUY,1791209285735,86599.32500000001,-0.4919,5.1109,3.6975
2562,BTCUSDT,SELL,1791209288816,86601.07500000001,-1.5450,-4.7482,-6.3002
2563,ETHUSDT,SELL,1791209288873,2725.755,-0.9906,-1.7243,-9.1351
2564,BTCUSDT,SELL,1791209290207,86616.88500000001,-1.9950,-4.1620,-3.9207
2565,ETHUSDT,SELL,1791209290611,2726.4449999999997,-1.3204,-2.8609,-5.7584
2566,BTCUSDT,SELL,1791209290632,86625.265,-1.7258,-3.7830,-2.9529
2567,BTCUSDT,SELL,1791209291039,86631.39499999999,-1.0181,-3.0751,-2.2451
2568,ETHUSDT,SELL,1791209291448,2726.6949999999997,-0.6235,-1.8337,-4.8410
2569,ETHUSDT,BUY,1791209292606,2726.865,-0.6601,2.5671,4.5473
2570,BTCUSDT,SELL,1791209294275,86631.685,-1.7765,-2.9400,-0.3128
2571,BTCUSDT,SELL,1791209294511,86640.225,-0.3878,-1.9541,-0.3024
2572,BTCUSDT,BUY,1791209295338,86647.07500000001,-1.8489,1.1633,-0.4882
2573,ETHUSDT,BUY,1791209295906,2726.685,-1.3936,3.2274,6.8581
2574,BTCUSDT,SELL,1791209297891,86631.055,-1.2859,-4.0332,-3.5576
2575,BTCUSDT,SELL,1791209299606,86644.13500000001,-1.6043,-3.0550,-3.3124
2576,BTCUSDT,SELL,1791209300409,86652.935,-0.4870,-2.9866,-3.0743
2577,ETHUSDT,SELL,1791209302044,2727.1949999999997,-2.3101,-3.5934,-10.5970
2578,ETHUSDT,SELL,1791209302374,2727.335,-1.7966,-3.0799,-10.1931
2579,ETHUSDT,SELL,1791209302550,2727.475,-1.2832,-2.5665,-9.6793
2580,ETHUSDT,SELL,1791209306360,2727.565,-0.8066,-2.4564,-4.9861
2581,BTCUSDT,SELL,1791209306624,86657.155,-1.0201,-1.6225,-0.1858
2584,BTCUSDT,BUY,1791209316765,86671.215,-0.6946,-1.6222,-2.2626
2588,BTCUSDT,SELL,1791209321875,86671.215,-1.0096,1.6672,2.2626
2582,ETHUSDT,SELL,1791209309057,2728.105,-0.2566,0.7331,-0.9164
2583,ETHUSDT,SELL,1791209313947,2727.9049999999997,-1.7596,-0.2933,-1.6496
2585,ETHUSDT,BUY,1791209316866,2728.125,-1.2463,-1.2463,0.8431
2586,ETHUSDT,SELL,1791209318615,2727.785,-0.7332,1.3198,-2.0896
2587,ETHUSDT,SELL,1791209318995,2727.9049999999997,-0.2933,1.5396,-1.6496
2589,ETHUSDT,SELL,1791209324239,2727.9849999999997,-1.2830,2.2727,-3.5191
2590,BTCUSDT,BUY,1791209324778,86679.965,-0.9056,-3.9975,-3.2718
2591,BTCUSDT,BUY,1791209325404,86674.85500000001,-1.9787,-3.9712,-2.6824
2592,BTCUSDT,BUY,1791209326554,86657.705,-1.2324,-3.0488,-0.7039
2593,BTCUSDT,BUY,1791209326776,86657.155,-1.1690,-3.2773,-0.4108
2594,BTCUSDT,BUY,1791209327003,86654.39499999999,-0.8505,-3.5936,-0.0923
2595,BTCUSDT,SELL,1791209328777,86651.185,-0.6440,4.7455,0.4789
2596,ETHUSDT,SELL,1791209328916,2727.425,-0.2200,3.2632,-5.5730
2597,BTCUSDT,BUY,1791209331992,86656.765,-1.2405,-7.0116,-4.8086
2598,BTCUSDT,BUY,1791209332222,86654.765,-1.0098,-6.5501,-5.2438
2599,ETHUSDT,BUY,1791209332621,2727.355,-0.3667,-4.6932,3.9232
2600,BTCUSDT,SELL,1791209334258,86641.82500000001,-0.1697,2.4076,5.9809
2601,BTCUSDT,BUY,1791209334946,86645.315,-1.1160,-1.8893,-6.3835
2602,BTCUSDT,BUY,1791209335841,86637.82500000001,-1.2119,-0.7479,-5.1017
2603,ETHUSDT,BUY,1791209335870,2727.415,-0.9899,1.3566,1.6866
2604,BTCUSDT,BUY,1791209336205,86635.14499999999,-1.6010,0.8080,-4.7925
2605,ETHUSDT,BUY,1791209336745,2727.185,-0.5500,4.4001,2.5301
2606,BTCUSDT,BUY,1791209336826,86628.755,-1.4972,3.5081,-4.0552
2607,ETHUSDT,BUY,1791209337174,2727.145,-1.5401,4.6936,3.3002
2608,ETHUSDT,BUY,1791209337902,2727.035,-1.8335,5.0971,5.6105
2609,BTCUSDT,BUY,1791209338499,86611.91500000001,-1.3405,5.0478,0.3672
2610,ETHUSDT,BUY,1791209339189,2726.525,-1.6505,6.3084,10.0861
2611,BTCUSDT,BUY,1791209339231,86606.83499999999,-1.2505,5.6347,2.7134
2612,BTCUSDT,BUY,1791209340121,86600.305,-0.4965,5.8360,4.4515
2613,BTCUSDT,SELL,1791209342815,86598.905,-1.6836,-5.3823,-8.1271
2614,ETHUSDT,SELL,1791209343202,2726.255,-2.0174,-5.7588,-12.2879
2615,ETHUSDT,SELL,1791209343511,2726.535,-1.0269,-4.5479,-11.2597
2616,ETHUSDT,SELL,1791209344558,2726.815,-2.1270,-3.4472,-10.2317
2617,ETHUSDT,SELL,1791209345019,2727.145,-2.3468,-2.6035,-9.0204
2618,BTCUSDT,SELL,1791209345121,86628.945,-1.4233,-1.6045,-4.9954
2619,BTCUSDT,SELL,1791209346041,86631.345,-3.2090,-3.1651,-5.2394
2620,ETHUSDT,SELL,1791209346220,2727.795,-2.3096,-2.7861,-7.9918
2621,ETHUSDT,SELL,1791209346943,2728.385,-0.1466,-1.5760,-5.8276
2622,ETHUSDT,BUY,1791209348329,2728.425,-0.9529,2.0891,5.4610
2623,BTCUSDT,BUY,1791209352219,86653.61499999999,-1.4887,5.3523,2.9554
2624,BTCUSDT,SELL,1791209353943,86631.61499999999,-1.2963,-6.2368,-4.3691
2625,ETHUSDT,SELL,1791209355539,2727.965,-2.1994,-4.4722,-4.2889
2626,BTCUSDT,SELL,1791209355611,86642.845,-1.9615,-4.3131,-1.4069
2627,BTCUSDT,SELL,1791209355774,86643.815,-2.0832,-3.8606,-1.2950
2628,ETHUSDT,SELL,1791209357039,2728.815,-0.6596,0.4031,-0.0366
2629,ETHUSDT,SELL,1791209358470,2728.995,-0.7329,2.3818,0.6229
2630,BTCUSDT,SELL,1791209358553,86667.995,-0.3715,2.2477,2.1254
2631,BTCUSDT,SELL,1791209359450,86671.205,-0.9657,2.2614,2.4956
2632,ETHUSDT,SELL,1791209360338,2729.375,-2.1983,3.7371,2.2716
2633,ETHUSDT,SELL,1791209361164,2729.705,-1.4654,4.9456,3.4802
2634,BTCUSDT,SELL,1791209361639,86694.64499999999,-0.6171,4.9646,5.1987
2635,ETHUSDT,SELL,1791209362586,2730.115,1.1355,6.4466,4.9815
2636,ETHUSDT,BUY,1791209364699,2729.5550000000003,-1.3555,-4.3963,-3.7369
2637,BTCUSDT,BUY,1791209365341,86681.265,-1.6913,-3.4217,-5.1499
2638,BTCUSDT,BUY,1791209365674,86680.215,-2.4746,-3.3006,-5.0288
2639,BTCUSDT,BUY,1791209366961,86658.765,-1.2243,-0.8262,-2.0056
2640,BTCUSDT,SELL,1791209386706,86651.60500000001,-0.2297,6.6912,6.6035
2641,BTCUSDT,BUY,1791209388283,86653.595,-1.3629,-4.6415,-7.5692
2642,BTCUSDT,BUY,1791209388999,86647.035,-2.1236,-2.0047,-6.8127
2643,BTCUSDT,BUY,1791209391164,86617.305,-0.9213,4.0465,-3.3827
2644,BTCUSDT,BUY,1791209392016,86615.095,-1.5748,4.8687,-3.1276
2645,BTCUSDT,BUY,1791209392593,86607.955,-1.1489,7.0813,-2.3035
2646,BTCUSDT,BUY,1791209393758,86596.005,-0.6929,8.4623,-0.9238
2647,ETHUSDT,BUY,1791209393846,2728.01,-0.4949,5.8468,-3.2808
2648,BTCUSDT,BUY,1791209393980,86594.005,-0.4619,8.6934,-0.9239
2649,BTCUSDT,SELL,1791209395664,86590.015,-0.4169,-9.8291,0.4677
2650,ETHUSDT,SELL,1791209396866,2727.875,-2.5294,-7.6983,2.7861
2651,BTCUSDT,SELL,1791209397585,86601.455,-2.3002,-9.4825,1.7887
2652,ETHUSDT,SELL,1791209397619,2728.3050000000003,-1.7960,-5.9011,4.3617
2653,BTCUSDT,SELL,1791209399749,86636.14499999999,-1.6898,-5.8221,5.7920
2654,BTCUSDT,SELL,1791209400401,86644.13500000001,-1.5154,-4.5785,6.7137
2655,BTCUSDT,SELL,1791209401184,86652.35500000001,-0.5666,-4.3449,7.6616
2656,BTCUSDT,SELL,1791209405100,86669.285,-0.8596,-0.0208,13.7627
2657,BTCUSDT,SELL,1791209405784,86675.125,-0.1858,2.3179,15.1266
2658,BTCUSDT,SELL,1791209407561,86680.14499999999,-0.7430,3.6871,15.9494
2659,ETHUSDT,BUY,1791209409624,2729.915,-1.1356,-4.2492,-12.7110
2660,BTCUSDT,BUY,1791209411670,86687.225,-1.2436,-4.3432,-14.1382
2661,ETHUSDT,BUY,1791209412525,2729.5950000000003,-0.7693,-3.0774,-8.7559
2662,BTCUSDT,BUY,1791209413201,86676.445,-0.8053,-3.2604,-12.8962
2663,BTCUSDT,BUY,1791209415241,86669.465,-2.5534,-3.7891,-10.3658
2664,ETHUSDT,BUY,1791209415547,2729.135,-1.1359,-2.5649,-5.6245
2665,BTCUSDT,BUY,1791209415865,86655.035,-0.7905,-2.1245,-8.6319
2666,BTCUSDT,SELL,1791209416745,86644.025,-0.4801,0.3047,6.4944
2667,BTCUSDT,SELL,1791209418082,86648.185,-0.1604,0.7848,5.5062
2668,ETHUSDT,BUY,1791209419329,2728.825,-0.2565,-1.4292,-2.2354
2669,BTCUSDT,SELL,1791209422404,86649.57500000001,0.6405,4.1731,5.0237
2670,BTCUSDT,BUY,1791209423090,86652.565,-0.9855,-4.5169,-5.3674
2671,ETHUSDT,BUY,1791209423308,2728.755,-0.4764,-2.1622,-1.2093
2672,BTCUSDT,BUY,1791209423377,86648.185,-0.4801,-3.2303,-4.2067
2673,ETHUSDT,BUY,1791209424253,2728.665,-0.8429,-1.8324,0.0000
2674,BTCUSDT,SELL,1791209425880,86636.625,-0.5494,1.1727,1.0423
2675,BTCUSDT,SELL,1791209426146,86639.995,-0.1604,2.3003,1.4312
2676,BTCUSDT,BUY,1791209429070,86639.995,-1.0526,-5.3636,-2.4227
2677,ETHUSDT,BUY,1791209429977,2728.425,-0.5498,-4.2515,1.8692
2678,BTCUSDT,BUY,1791209430348,86630.875,-1.2317,-4.3114,-1.3702
2679,ETHUSDT,BUY,1791209430624,2728.335,-0.4032,-3.9218,2.1991
2680,BTCUSDT,BUY,1791209430770,86627.505,-0.8427,-3.9225,-0.9812
2681,ETHUSDT,BUY,1791209431289,2728.2650000000003,-0.3665,-3.6653,2.4924
2682,BTCUSDT,BUY,1791209432251,86620.205,-0.1512,-3.0801,-0.1385
2683,BTCUSDT,SELL,1791209433076,86613.42499999999,-1.9939,1.8242,-0.6442
2684,BTCUSDT,SELL,1791209433332,86618.89499999999,-1.3623,2.1970,-0.0127
2685,BTCUSDT,BUY,1791209436327,86620.065,-1.4217,-2.6299,2.5329
2686,BTCUSDT,BUY,1791209436771,86619.32500000001,-1.4777,-2.8793,2.8770
2687,ETHUSDT,BUY,1791209438523,2727.575,-1.1365,-2.4197,7.7358
2688,ETHUSDT,BUY,1791209438880,2727.365,-0.3667,-1.6499,8.3780
2689,BTCUSDT,SELL,1791209442620,86593.525,-0.9250,0.6375,-5.7083
2690,BTCUSDT,SELL,1791209442974,86594.38500000001,-0.8257,0.7368,-5.6089
2691,BTCUSDT,SELL,1791209444289,86601.535,-0.1005,1.7933,-6.2770
2692,BTCUSDT,SELL,1791209444569,86606.445,0.7205,2.3601,-5.7097
2693,BTCUSDT,BUY,1791209444942,86608.66500000001,-1.2932,-2.6164,5.4533
2694,BTCUSDT,BUY,1791209445448,86602.405,-0.5912,-1.8983,5.0460
2695,ETHUSDT,BUY,1791209445705,2727.525,-1.2832,-1.5032,5.2795
2696,BTCUSDT,BUY,1791209445782,86600.205,-0.6721,-1.6443,5.3002
2697,ETHUSDT,BUY,1791209446101,2727.4049999999997,-0.8433,-1.0633,5.7197
2698,BTCUSDT,BUY,1791209446120,86597.455,-0.7136,-1.3268,5.6179
2699,BTCUSDT,BUY,1791209446860,86594.38500000001,-0.5058,-0.9723,5.9727
2700,BTCUSDT,BUY,1791209447274,86591.275,-0.3776,-0.6132,5.7050
2701,ETHUSDT,BUY,1791209447373,2726.9449999999997,-0.1100,0.6234,6.3441
2702,BTCUSDT,BUY,1791209447808,86590.35500000001,-0.2714,-0.5070,5.8113
2703,BTCUSDT,BUY,1791209448047,86590.005,-0.2310,-0.4666,5.8517
2704,BTCUSDT,BUY,1791209453941,86588.005,-0.2310,-2.2659,6.0043
2705,BTCUSDT,BUY,1791209462244,86585.965,-1.1457,-2.4600,8.0764
2706,ETHUSDT,BUY,1791209463104,2727.115,-0.5134,0.3300,8.0671
2707,BTCUSDT,BUY,1791209463605,86576.045,-2.0837,-1.3145,9.2231
2708,BTCUSDT,BUY,1791209463991,86568.38500000001,-1.8921,-0.4297,10.1088
2709,ETHUSDT,BUY,1791209464407,2726.795,-0.8068,2.4204,9.2416
2710,ETHUSDT,BUY,1791209464950,2726.745,-1.7970,2.6772,9.4252
2711,BTCUSDT,BUY,1791209465544,86550.005,-1.3853,3.4235,12.2345
2712,ETHUSDT,BUY,1791209466113,2726.255,-0.1467,6.1623,11.2242
2713,BTCUSDT,BUY,1791209466176,86544.005,-0.2438,5.0552,12.9287
2714,BTCUSDT,SELL,1791209466799,86538.015,-0.4484,-5.7478,-13.9060
2715,ETHUSDT,SELL,1791209467220,2726.215,-0.5502,-6.3091,-11.3344
2716,BTCUSDT,SELL,1791209468183,86541.89499999999,-0.9163,-6.8302,-13.4132
2717,BTCUSDT,SELL,1791209468620,86545.565,-1.0480,-6.4671,-12.9885
2718,ETHUSDT,SELL,1791209469057,2726.4449999999997,-0.4401,-6.4920,-10.4532
2719,BTCUSDT,SELL,1791209469240,86549.82500000001,-1.5078,-5.9746,-12.4957
2720,BTCUSDT,SELL,1791209469420,86550.91500000001,-1.3818,-5.8486,-12.3696
2721,BTCUSDT,SELL,1791209471386,86562.875,-0.2068,-4.9871,-11.8272
2722,BTCUSDT,SELL,1791209474080,86564.66500000001,-1.5399,-6.2035,-12.8609
2723,BTCUSDT,SELL,1791209474650,86571.61499999999,-0.9264,-6.4663,-12.0582
2724,ETHUSDT,SELL,1791209475038,2727.475,-1.6865,-5.3896,-7.0761
2725,BTCUSDT,SELL,1791209477432,86592.595,-1.0324,-4.0419,-10.7873
2726,ETHUSDT,SELL,1791209477749,2728.045,-0.6232,-3.0425,-4.9853
2727,BTCUSDT,SELL,1791209477769,86599.08499999999,-0.2829,-2.3003,-10.0371
2728,BTCUSDT,SELL,1791209477961,86599.995,-0.1778,-2.1952,-9.9319
2729,ETHUSDT,SELL,1791209482803,2728.215,-0.7697,-2.6757,-6.1945
2730,BTCUSDT,SELL,1791209482882,86606.055,-1.4214,-1.4953,-9.4254
2731,ETHUSDT,SELL,1791209484096,2728.425,-1.9059,-1.9059,-5.4244
2732,BTCUSDT,SELL,1791209484206,86618.36499999999,-1.0656,-0.0739,-8.0029
2733,ETHUSDT,SELL,1791209491254,2728.935,-0.0366,-0.3298,-3.5545
2734,BTCUSDT,SELL,1791209494563,86619.005,-2.4233,-4.2589,-9.3501
2735,BTCUSDT,SELL,1791209495867,86640.005,-0.4894,-0.7041,-6.9241
2736,BTCUSDT,SELL,1791209496149,86640.67499999999,-0.4120,-0.6267,-7.0787
2737,BTCUSDT,SELL,1791209497075,86644.245,-1.5881,0.0173,-7.0472
2738,BTCUSDT,SELL,1791209497316,86645.015,-1.7300,0.5009,-6.9583
2739,BTCUSDT,SELL,1791209497765,86654.005,-1.1540,1.5383,-5.9201
2740,BTCUSDT,SELL,1791209498241,86658.015,0.0727,2.0010,-5.4571
2741,ETHUSDT,SELL,1791209498387,2729.605,0.4396,3.4071,-1.4288
2742,BTCUSDT,BUY,1791209498854,86664.005,-1.4389,-2.6920,3.8574
2743,BTCUSDT,BUY,1791209499046,86662.025,-1.7205,-2.4636,4.0860
2744,BTCUSDT,BUY,1791209499281,86657.38500000001,-1.6652,-1.9283,4.6216
2745,BTCUSDT,BUY,1791209499492,86654.89499999999,-1.3779,-1.6410,4.9091
2746,ETHUSDT,BUY,1791209499756,2729.475,-1.6487,-2.9310,1.9051
2747,BTCUSDT,SELL,1791209503433,86642.955,-1.4935,0.3416,-2.4803
2748,BTCUSDT,SELL,1791209504079,86647.10500000001,-0.6648,0.8206,-2.0012
2749,BTCUSDT,BUY,1791209506884,86646.10500000001,-0.6267,-0.0993,2.1167
2750,BTCUSDT,BUY,1791209507079,86644.095,-0.3947,0.1327,2.3487
2751,BTCUSDT,BUY,1791209512230,86640.67499999999,-0.0785,1.7567,0.2389
2752,ETHUSDT,SELL,1791209515984,2728.685,-1.1727,-2.3088,0.3298
2753,ETHUSDT,SELL,1791209516348,2728.745,-0.9528,-2.0889,0.5497
2754,BTCUSDT,SELL,1791209518948,86645.245,-0.9741,-1.4692,1.0883
2755,BTCUSDT,SELL,1791209521569,86655.025,-0.1004,-1.2671,1.8960
2756,BTCUSDT,SELL,1791209526319,86655.89499999999,0.7997,-3.2439,0.6139
2757,BTCUSDT,SELL,1791209526512,86657.735,1.0120,-3.0315,0.8262
2758,BTCUSDT,BUY,1791209527183,86653.57500000001,0.5078,3.7413,-0.3462
2759,ETHUSDT,BUY,1791209527433,2729.3050000000003,-0.0366,0.3664,-2.0884
2760,BTCUSDT,SELL,1791209530566,86657.975,-0.9266,-3.4284,0.8539
2761,BTCUSDT,SELL,1791209531465,86665.255,-0.3173,-2.5881,1.1031
2762,BTCUSDT,BUY,1791209539270,86699.995,-1.4198,-1.4198,-4.9954
2763,BTCUSDT,BUY,1791209540078,86691.005,-0.3830,-0.3830,-3.9589
2764,BTCUSDT,SELL,1791209550687,86687.685,-0.1603,-1.1247,3.4757
2765,BTCUSDT,SELL,1791209552094,86689.07500000001,-1.2597,0.5064,2.6578
2766,BTCUSDT,BUY,1791209558465,86705.305,-0.9077,-5.3480,-5.1727
2767,BTCUSDT,BUY,1791209560961,86697.435,-1.4706,-5.4696,-4.2654
2768,BTCUSDT,BUY,1791209567548,86664.445,-0.6369,-3.3035,-0.7419
2769,ETHUSDT,BUY,1791209568958,2729.145,-1.4657,-2.7848,-0.8061
2770,BTCUSDT,SELL,1791209581632,86638.595,-1.3828,-1.9737,0.9615
2771,ETHUSDT,SELL,1791209582381,2728.6949999999997,-0.1466,-0.1466,0.6597
2772,BTCUSDT,SELL,1791209592111,86655.705,-0.1131,-0.0012,-2.7246
2774,BTCUSDT,SELL,1791209603751,86640.255,-1.4451,-2.9755,-5.0346
2775,BTCUSDT,SELL,1791209604323,86641.88500000001,-2.4769,-2.5611,-4.8464
2776,ETHUSDT,SELL,1791209605570,2728.875,-0.1832,-0.1832,-1.2459
2777,BTCUSDT,BUY,1791209606195,86670.185,-1.4584,-0.8653,1.5796
2778,BTCUSDT,BUY,1791209606641,86667.405,-1.1377,-0.5446,1.9004
2779,BTCUSDT,BUY,1791209606842,86666.015,-0.9773,-0.3842,2.0608
2780,BTCUSDT,BUY,1791209617949,86662.685,-0.2573,-0.5389,1.0951
2781,ETHUSDT,SELL,1791209620352,2728.775,-0.5497,-0.5497,-1.3926
2782,BTCUSDT,BUY,1791209623334,86660.455,-0.2816,-0.4339,0.1269
2783,BTCUSDT,BUY,1791209632814,86658.015,-0.1523,-2.8837,-1.7159
2784,ETHUSDT,BUY,1791209637470,2728.925,-0.1099,-0.1099,-1.2459
2785,BTCUSDT,BUY,1791209639945,86656.695,-1.8983,-0.4743,-1.5636
2786,ETHUSDT,BUY,1791209640255,2728.885,-1.3559,0.0366,-1.0994
2787,BTCUSDT,SELL,1791209641641,86630.265,-0.3186,-5.6181,-1.4868
2788,ETHUSDT,SELL,1791209643537,2728.525,-1.3560,-3.3351,-0.2199
2789,ETHUSDT,SELL,1791209643758,2728.585,-1.1361,-3.1152,-0.0000
2790,ETHUSDT,SELL,1791209644380,2728.705,-0.6963,-2.6753,0.4398
2791,BTCUSDT,SELL,1791209649825,86650.85500000001,-2.4593,-3.8107,3.5360
2792,BTCUSDT,SELL,1791209650923,86672.17499999999,-0.7823,-1.3499,6.3769
2793,ETHUSDT,SELL,1791209651926,2729.335,-0.3664,0.4397,7.9873
2794,BTCUSDT,SELL,1791209651946,86678.955,-0.0415,-0.5676,7.4378
2795,BTCUSDT,BUY,1791209656408,86672.17499999999,-0.8099,1.3499,-7.3241
2796,ETHUSDT,SELL,1791209669581,2729.6549999999997,-0.1465,2.2347,10.4042
2797,ETHUSDT,BUY,1791209672067,2729.6949999999997,-0.4396,-2.1248,-10.0378
2798,ETHUSDT,BUY,1791209672909,2729.645,-2.2347,-1.9416,-9.8548
2799,BTCUSDT,BUY,1791209673911,86676.515,-0.5007,-1.7260,-6.5866
2800,BTCUSDT,BUY,1791209680811,86672.17499999999,-1.2253,-1.2253,-6.0885
2801,BTCUSDT,BUY,1791209692264,86661.555,-2.1244,-2.1244,-7.7947
2802,ETHUSDT,BUY,1791209692331,2729.115,-1.9420,-1.9420,-8.3544
2803,ETHUSDT,BUY,1791209693119,2728.925,-1.2459,-1.2459,-7.6587
2804,BTCUSDT,BUY,1791209704225,86643.14499999999,-0.9279,-3.9761,-6.9578
2805,BTCUSDT,BUY,1791209704405,86641.16500000001,-0.6994,-3.7476,-7.0590
2806,BTCUSDT,BUY,1791209706013,86635.10500000001,-1.7187,-3.0484,-7.2834
2807,BTCUSDT,BUY,1791209706334,86631.89499999999,-1.3482,-2.6780,-6.9132
2808,ETHUSDT,BUY,1791209706730,2728.285,-1.2462,-4.1418,-3.6287
2809,BTCUSDT,SELL,1791209718330,86608.705,-0.7193,-1.4721,4.6993
2810,ETHUSDT,SELL,1791209718479,2727.1549999999997,-0.6600,1.4667,1.8701
2811,ETHUSDT,SELL,1791209718643,2727.185,-0.5500,1.6134,1.9801
2812,ETHUSDT,BUY,1791209725585,2727.225,0.1467,-0.9900,2.8234
2813,BTCUSDT,SELL,1791209726058,86614.935,-0.7528,-0.5184,-2.8228
2814,BTCUSDT,SELL,1791209726616,86630.435,1.0366,1.2709,-1.0331
2815,BTCUSDT,BUY,1791209727046,86626.275,-0.5564,-0.7908,1.5134
2816,ETHUSDT,BUY,1791209727176,2727.2650000000003,-1.1367,-1.1367,3.6667
2817,ETHUSDT,SELL,1791209729434,2726.755,-0.8435,-0.7335,-5.5377
2818,ETHUSDT,BUY,1791209731987,2726.9849999999997,-0.1100,-0.1100,4.6938
2819,BTCUSDT,BUY,1791209732056,86621.455,-0.2344,-0.7527,2.5040
2820,BTCUSDT,BUY,1791209739599,86619.42499999999,-0.0023,-2.9347,8.1494
2821,BTCUSDT,BUY,1791209742871,86598.015,-0.4631,-0.4631,12.0084
2822,ETHUSDT,SELL,1791209763023,2726.785,-1.8703,0.7335,-7.9214
2823,ETHUSDT,BUY,1791209768354,2727.295,-1.5033,-2.6033,6.4899
2824,ETHUSDT,BUY,1791209768839,2727.025,-0.5134,-1.2101,7.4807
2825,ETHUSDT,SELL,1791209778449,2726.585,-1.2103,-6.1616,-5.6114
2826,BTCUSDT,SELL,1791209778820,86575.035,-2.3921,-7.8672,-10.1623
2827,BTCUSDT,SELL,1791209779152,86579.11499999999,-3.1647,-7.3955,-9.6906
2828,ETHUSDT,SELL,1791209779378,2726.865,-1.8336,-5.1341,-4.1440
2829,BTCUSDT,SELL,1791209779813,86595.745,-2.8558,-5.4737,-8.3722
2830,BTCUSDT,SELL,1791209780321,86606.515,-3.0575,-4.2295,-7.1276
2831,BTCUSDT,SELL,1791209796743,86643.14499999999,-2.6096,-7.7167,2.5103
2832,ETHUSDT,SELL,1791209797096,2728.475,-1.4660,-3.1519,5.7175
2833,BTCUSDT,SELL,1791209797369,86658.85500000001,-1.9790,-5.9025,4.3227
2834,BTCUSDT,SELL,1791209797559,86660.995,-2.2098,-5.3346,4.5695
2835,ETHUSDT,SELL,1791209797832,2728.785,-0.8062,-1.6857,6.8529
2836,ETHUSDT,SELL,1791209799563,2729.145,-0.8428,-0.2198,8.1711
2837,BTCUSDT,SELL,1791209799615,86690.015,-1.1512,-1.5250,7.9156
2838,ETHUSDT,SELL,1791209800157,2729.215,-0.0000,0.5862,8.6105
2839,ETHUSDT,SELL,1791209804751,2729.215,-0.4397,1.8320,10.5158
2840,BTCUSDT,SELL,1791209804857,86704.005,-0.6920,-0.2307,10.6754
2841,BTCUSDT,SELL,1791209805020,86706.005,-0.4613,-0.0000,10.6106
2842,BTCUSDT,BUY,1791209807419,86710.005,-0.4613,-1.3113,-11.0714
2843,BTCUSDT,BUY,1791209807661,86707.225,-0.1407,-0.9907,-10.7511
2844,ETHUSDT,BUY,1791209807768,2729.245,0.0000,-1.9419,-10.6256
2845,ETHUSDT,BUY,1791209809907,2729.205,-1.0992,-2.0152,-10.4792
2846,ETHUSDT,SELL,1791209813069,2728.6549999999997,-0.2199,-1.0628,8.5024
2847,BTCUSDT,BUY,1791209815700,86706.005,-0.8500,-0.0012,-10.7709
2848,BTCUSDT,BUY,1791209817738,86698.63500000001,-2.2884,0.8489,-9.0693
2849,ETHUSDT,SELL,1791209821532,2728.6549999999997,-0.5864,-1.7958,6.5234
2850,ETHUSDT,SELL,1791209821888,2728.715,-0.8429,-1.2827,6.7431
2851,BTCUSDT,SELL,1791209822018,86691.64499999999,-1.6553,0.0738,8.0331
2852,ETHUSDT,SELL,1791209822183,2728.7650000000003,-1.0994,-0.2932,7.2927
2853,BTCUSDT,SELL,1791209822276,86693.32500000001,-1.4615,0.6783,8.7948
2854,ETHUSDT,SELL,1791209822647,2728.825,-0.8795,1.5758,7.8056
2855,BTCUSDT,SELL,1791209822782,86701.745,-0.4902,1.9111,9.8891
2856,ETHUSDT,SELL,1791209823174,2728.9449999999997,-0.4397,2.0154,9.0878
2857,BTCUSDT,BUY,1791209831421,86703.785,-1.8846,-4.0990,-12.4308
2858,ETHUSDT,BUY,1791209831749,2729.145,-2.7481,-4.4703,-13.9604
2859,ETHUSDT,BUY,1791209832378,2728.7650000000003,-1.8323,-3.1883,-12.5698
2860,ETHUSDT,BUY,1791209832557,2728.715,-1.6491,-3.0051,-12.3868
2861,BTCUSDT,BUY,1791209832701,86687.445,-1.2251,-2.2149,-10.7790
2862,BTCUSDT,BUY,1791209835057,86673.565,-0.6138,-2.2729,-9.5946
2863,ETHUSDT,BUY,1791209838336,2728.175,-0.6598,-4.9484,-10.4099
2864,BTCUSDT,BUY,1791209838641,86668.245,0.0000,-6.2214,-11.4090
2865,BTCUSDT,SELL,1791209839462,86663.015,-0.6035,6.3476,11.8863
2866,ETHUSDT,BUY,1791209842221,2727.925,-1.4297,-5.2054,-13.2335
2867,ETHUSDT,BUY,1791209842783,2727.895,-1.5396,-4.4723,-13.1237
2868,ETHUSDT,BUY,1791209844145,2727.365,-0.5133,-2.5299,-11.1830
2869,BTCUSDT,BUY,1791209844215,86663.92499999999,-1.5462,-5.0679,-14.5805
2870,BTCUSDT,BUY,1791209844926,86659.255,-2.2929,-4.3688,-14.0424
2871,BTCUSDT,BUY,1791209845176,86653.86499999999,-2.4811,-3.7471,-13.4212
2872,ETHUSDT,BUY,1791209845712,2727.025,-0.7334,-0.4034,-10.0842
2873,ETHUSDT,BUY,1791209845919,2726.935,-0.4034,-0.0733,-9.7545
2874,BTCUSDT,BUY,1791209846023,86639.38500000001,-0.8103,-2.0764,-12.0707
2875,ETHUSDT,BUY,1791209846248,2726.885,-0.2200,0.1100,-9.5714
2876,BTCUSDT,BUY,1791209847748,86632.36499999999,-2.0824,-1.2663,-11.2614
2877,BTCUSDT,BUY,1791209848240,86627.61499999999,-2.2637,-0.7180,-10.7137
2878,ETHUSDT,BUY,1791209848710,2726.775,-1.9437,0.5134,-9.2417
2879,ETHUSDT,SELL,1791209852590,2726.565,-0.4034,0.1834,8.4722
2880,ETHUSDT,BUY,1791209860234,2726.865,-0.8801,-1.9070,-10.3782
2881,ETHUSDT,BUY,1791209862425,2726.615,-1.4303,-0.9902,-8.0686
2882,ETHUSDT,SELL,1791209863874,2726.2349999999997,-0.4035,-0.3668,8.0697
2883,ETHUSDT,SELL,1791209864110,2726.295,-0.1834,-0.1467,9.0599
2884,BTCUSDT,SELL,1791209864224,86604.695,-1.0750,-0.9145,10.4717
2885,BTCUSDT,SELL,1791209864569,86607.465,-0.7551,-0.5946,11.0221
2886,BTCUSDT,SELL,1791209864823,86608.005,-0.6928,-0.5323,11.0844
2887,BTCUSDT,BUY,1791209873018,86614.005,-0.1605,-0.3937,-11.7764
2888,ETHUSDT,SELL,1791209876893,2726.355,-1.9073,0.7336,5.6852
2889,BTCUSDT,SELL,1791209876962,86614.005,-0.6927,1.1545,11.3146
2890,BTCUSDT,SELL,1791209877168,86615.63500000001,-0.5045,1.3427,11.5025
2891,BTCUSDT,SELL,1791209877469,86617.025,-0.3440,1.5032,11.6628
2892,BTCUSDT,SELL,1791209880631,86620.005,-0.2309,2.5756,12.4671
2893,BTCUSDT,BUY,1791209882125,86622.005,-1.3172,-3.2324,-13.3592
2894,BTCUSDT,BUY,1791209882898,86616.005,-0.9236,-2.5399,-13.3924
2895,BTCUSDT,BUY,1791209883144,86610.595,-0.2990,-1.9155,-12.7686
2896,ETHUSDT,BUY,1791209883587,2726.365,-0.2934,-3.7779,-9.4631
2897,BTCUSDT,BUY,1791209884549,86608.005,-0.4619,-2.0321,-13.1628
2898,ETHUSDT,BUY,1791209890433,2726.145,-2.9712,-5.5756,-13.1321
2899,BTCUSDT,BUY,1791209891094,86597.695,-0.4261,-6.9436,-18.4404
2900,BTCUSDT,BUY,1791209892089,86596.005,-0.2310,-6.7486,-19.2330
2901,ETHUSDT,BUY,1791209898829,2725.335,-2.6052,-3.9628,-16.5117
2902,ETHUSDT,BUY,1791209906639,2724.275,-0.0734,-1.2847,-12.1133
2903,ETHUSDT,BUY,1791209914627,2724.005,-0.2937,-0.6608,-8.5903
2904,ETHUSDT,BUY,1791209923220,2724.415,-2.1656,-0.6607,-7.3410
2905,ETHUSDT,SELL,1791209933546,2724.2349999999997,-0.5873,1.6518,9.5807
2906,ETHUSDT,SELL,1791209934425,2724.3450000000003,-0.9544,2.0555,9.9841
2907,ETHUSDT,SELL,1791209935178,2724.395,-1.5049,2.6428,10.1674
2908,BTCUSDT,SELL,1791209937603,86516.005,-0.4623,4.8534,10.4004
2909,ETHUSDT,BUY,1791209939290,2724.8050000000003,-0.2569,-5.8353,-11.4504
2910,BTCUSDT,BUY,1791209939553,86520.005,-0.9235,-6.5442,-10.8622
2911,ETHUSDT,BUY,1791209941129,2724.665,-1.0644,-7.7074,-10.9371
2912,ETHUSDT,BUY,1791209941805,2724.525,-1.8719,-8.3684,-10.4238
2913,ETHUSDT,BUY,1791209945027,2723.785,-0.5507,-10.3532,-8.8113
2914,ETHUSDT,BUY,1791209945519,2723.67,-0.8261,-9.9315,-8.3894
2915,ETHUSDT,BUY,1791209946093,2723.635,-0.6976,-9.8031,-8.2610
2916,ETHUSDT,BUY,1791209948288,2723.435,-0.8078,-9.0694,-5.3242
2917,ETHUSDT,BUY,1791209948597,2723.295,-0.2938,-8.5925,-4.8103
2918,BTCUSDT,SELL,1791209949425,86462.005,2.7758,8.2360,3.0071
2919,BTCUSDT,BUY,1791209949767,86463.38500000001,-2.9353,-8.5487,-2.7040
2920,ETHUSDT,BUY,1791209950247,2722.565,0.0000,-8.1908,-1.3590
2921,BTCUSDT,SELL,1791209962924,86364.695,-1.2806,-5.2464,-3.6253
2922,BTCUSDT,SELL,1791209963261,86368.83499999999,-0.9622,-4.7668,-2.4430
2923,BTCUSDT,SELL,1791209964831,86379.905,-1.8639,-4.4107,-1.1611
2924,BTCUSDT,SELL,1791209965673,86394.015,-0.6933,-3.2398,0.4723
2925,BTCUSDT,SELL,1791209966172,86396.005,-1.1575,-2.6888,0.7026
2926,BTCUSDT,SELL,1791209966772,86400.005,-1.1574,-3.0093,1.1655
2927,ETHUSDT,SELL,1791209967098,2721.135,-0.8085,-4.1159,1.2862
2928,BTCUSDT,SELL,1791209967450,86408.005,0.9964,-3.0090,2.0912
2929,BTCUSDT,SELL,1791209970561,86390.805,-2.2132,-6.2402,0.3241
2930,BTCUSDT,SELL,1791209971387,86402.005,-0.9259,-5.1017,1.6203
2931,BTCUSDT,SELL,1791209971765,86409.92499999999,-0.0093,-4.6384,2.5367
2932,BTCUSDT,SELL,1791209973275,86410.005,-0.4629,-4.6291,2.5460
2933,BTCUSDT,SELL,1791209974124,86412.005,-1.1248,-4.3975,2.7774
2934,BTCUSDT,SELL,1791209974542,86414.005,-0.9258,-4.1660,3.0088
2935,BTCUSDT,SELL,1791209975287,86421.725,0.2881,-3.2723,5.8203
2936,BTCUSDT,BUY,1791209975674,86422.005,0.3136,3.2399,-5.8527
2937,BTCUSDT,SELL,1791209976448,86419.235,-1.7091,-3.5605,5.5323
2938,BTCUSDT,SELL,1791209976907,86426.005,-1.3538,-2.7769,6.3152
2939,BTCUSDT,SELL,1791209977089,86428.005,-1.1570,-2.5455,6.5465
2940,BTCUSDT,SELL,1791209978102,86438.005,-1.3883,-1.3883,7.7026
2941,BTCUSDT,SELL,1791209978300,86440.005,-0.9961,-1.1569,7.9338
2942,BTCUSDT,SELL,1791209978659,86444.005,-0.2429,-0.6941,8.3962
2943,BTCUSDT,BUY,1791209980382,86446.10500000001,-0.0023,-0.2429,-8.6389
2944,BTCUSDT,SELL,1791209981092,86444.715,-0.6120,0.7751,8.2180
2945,BTCUSDT,BUY,1791209990097,86445.85500000001,-0.9069,-2.0672,-6.9234
2946,BTCUSDT,BUY,1791209990605,86444.005,-0.6929,-1.8532,-7.0635
2947,BTCUSDT,BUY,1791209991000,86440.005,-0.2302,-1.6173,-7.4155
2948,BTCUSDT,BUY,1791209992441,86438.015,-1.1581,-2.2814,-7.4041
2949,BTCUSDT,BUY,1791209992982,86430.005,-0.4605,-1.3884,-6.4792
2950,BTCUSDT,BUY,1791209993753,86428.005,-0.2291,-1.3641,-7.4039
2951,BTCUSDT,BUY,1791210001904,86423.32500000001,-0.6156,1.9300,-11.4923
2952,BTCUSDT,BUY,1791210002583,86418.295,-0.2407,2.0493,-10.9109
2953,BTCUSDT,BUY,1791210003344,86418.005,-0.6874,1.6200,-11.7510
2954,BTCUSDT,BUY,1791210003799,86416.215,-0.7186,2.4995,-12.5220
2955,BTCUSDT,BUY,1791210004042,86416.005,-0.6943,2.5238,-12.7291
2956,BTCUSDT,BUY,1791210004473,86412.065,-0.2384,2.9799,-12.5052
2957,BTCUSDT,SELL,1791210007036,86410.005,-1.5415,-0.4629,15.8870
2958,BTCUSDT,SELL,1791210008321,86423.32500000001,-1.4672,3.1612,17.4259
2959,BTCUSDT,SELL,1791210009191,86435.405,-0.9950,4.5583,18.8210
2960,BTCUSDT,SELL,1791210009507,86436.005,-0.9255,4.6277,18.8903
2961,BTCUSDT,BUY,1791210011919,86440.005,-0.9255,-5.0902,-18.7679
2962,BTCUSDT,BUY,1791210012257,86438.39499999999,-0.7393,-4.9041,-18.5820
2963,BTCUSDT,BUY,1791210012506,86436.41500000001,-0.5090,-4.6751,-17.6338
2964,BTCUSDT,SELL,1791210013734,86432.015,-0.6710,4.8686,17.1244
2965,BTCUSDT,BUY,1791210015652,86437.815,-0.8174,-5.5392,-17.7943
2966,BTCUSDT,BUY,1791210016647,86432.015,-4.0436,-4.8686,-18.2779
2967,BTCUSDT,BUY,1791210023012,86396.005,-0.7026,-0.9260,-14.2530
2968,BTCUSDT,BUY,1791210028009,86389.92499999999,-0.2222,-2.1415,-10.4086
2969,BTCUSDT,BUY,1791210028166,86388.36499999999,-0.0417,-1.9609,-10.2282
2970,BTCUSDT,BUY,1791210034823,86386.005,-1.6878,-1.1576,-10.4184
2971,ETHUSDT,SELL,1791210040599,2720.605,-0.4043,-2.0584,1.1762
2972,BTCUSDT,SELL,1791210043935,86373.67499999999,-0.2698,1.1184,5.3222
2973,BTCUSDT,SELL,1791210046667,86380.015,-1.9738,2.7796,6.9472
2974,BTCUSDT,SELL,1791210047079,86389.92499999999,-0.5070,4.2794,7.5622
2975,ETHUSDT,BUY,1791210048196,2721.395,-0.8452,-4.8505,-5.5119
2976,BTCUSDT,BUY,1791210048263,86394.295,-0.9596,-7.9114,-8.0677
2977,BTCUSDT,BUY,1791210048474,86389.92499999999,-0.4538,-7.6305,-7.5622
2978,BTCUSDT,BUY,1791210052304,86375.905,-1.1589,-6.0086,-4.9400
2979,BTCUSDT,BUY,1791210052995,86374.005,-1.1566,-5.7888,-4.1679
2980,ETHUSDT,BUY,1791210053099,2721.105,-1.2862,-5.2920,-1.8375
2981,BTCUSDT,BUY,1791210053274,86370.0,-1.0403,-6.1995,-3.7044
2982,BTCUSDT,BUY,1791210065939,86282.015,-1.0767,-0.9249,9.5026
2983,BTCUSDT,SELL,1791210069751,86272.735,-0.5842,0.0846,-11.5065
2984,BTCUSDT,SELL,1791210072449,86277.775,-0.7221,1.0072,-10.9217
2985,BTCUSDT,BUY,1791210075649,86284.005,-1.1555,0.3407,8.8997
2986,BTCUSDT,BUY,1791210078840,86274.035,-0.2353,3.0102,10.0563
2987,ETHUSDT,SELL,1791210080222,2718.385,-0.2207,-4.9662,-7.8355
2988,ETHUSDT,SELL,1791210082511,2719.075,-1.0298,-0.7355,-5.2959
2989,ETHUSDT,SELL,1791210082882,2719.2349999999997,-1.4710,-0.1471,-4.7072
2990,BTCUSDT,SELL,1791210083443,86277.015,-1.9692,-2.2010,-9.7106
2991,BTCUSDT,SELL,1791210085238,86282.07500000001,-1.1509,-1.6145,-9.7274
2992,ETHUSDT,SELL,1791210085772,2719.4049999999997,-1.2135,0.4780,-5.0746
2993,ETHUSDT,SELL,1791210087063,2719.7349999999997,-0.0000,0.9927,-3.8607
2994,ETHUSDT,BUY,1791210090924,2719.725,-1.6546,2.0590,4.8534
2995,BTCUSDT,BUY,1791210090999,86300.005,-0.4635,3.8505,8.3754
2996,ETHUSDT,SELL,1791210096893,2719.275,-0.9561,-2.2800,-4.7439
2997,ETHUSDT,SELL,1791210097760,2719.475,-1.1399,-1.5444,-2.0960
2998,BTCUSDT,SELL,1791210097826,86296.005,-1.8541,-3.3130,-4.8670
2999,ETHUSDT,SELL,1791210098451,2719.605,-1.4340,-1.0663,-1.3605
3000,BTCUSDT,SELL,1791210098733,86310.015,-1.3892,-1.8526,-2.7262
3001,BTCUSDT,SELL,1791210098898,86312.005,-1.6950,-1.8537,-2.4956
3002,BTCUSDT,SELL,1791210099164,86314.005,-1.5803,-1.8537,-2.2638
3003,ETHUSDT,SELL,1791210099424,2719.855,-1.5442,-1.2868,-0.0368
3004,BTCUSDT,SELL,1791210099695,86320.005,-1.1562,-1.5327,-1.5686
3005,ETHUSDT,SELL,1791210100199,2720.185,-0.3676,-0.0735,0.7720
3006,BTCUSDT,SELL,1791210100411,86327.64499999999,-0.6475,-0.6475,-1.1642
3007,BTCUSDT,SELL,1791210100732,86329.985,-0.3765,-0.3765,-0.9290
3008,BTCUSDT,BUY,1791210103183,86333.225,-0.8363,0.5537,1.4803
3009,ETHUSDT,BUY,1791210103489,2720.285,-0.8823,1.4337,0.4044
3010,ETHUSDT,BUY,1791210103878,2720.215,-1.1764,1.9484,0.6617
3011,ETHUSDT,BUY,1791210104453,2720.0950000000003,-0.7353,2.6470,1.0294
3012,BTCUSDT,SELL,1791210108540,86324.595,-1.0009,-0.9928,-2.7119
3014,BTCUSDT,SELL,1791210108829,86326.005,-0.8375,-0.8294,-2.5485
3013,ETHUSDT,SELL,1791210108761,2719.895,-1.1397,-1.6177,-2.2427
3015,ETHUSDT,SELL,1791210108925,2719.955,-0.9191,-1.3971,-2.0221
3016,BTCUSDT,SELL,1791210109078,86328.005,-0.6058,-0.5977,-2.3167
3017,ETHUSDT,SELL,1791210109376,2720.115,-0.3309,-0.8088,-1.3235
3018,ETHUSDT,SELL,1791210110847,2720.205,-0.8823,0.6250,-0.9926
3019,ETHUSDT,SELL,1791210111560,2720.395,-0.5881,1.0660,-0.2941
3020,ETHUSDT,SELL,1791210112323,2720.4449999999997,-0.6617,-0.8454,0.7719
3021,BTCUSDT,SELL,1791210112548,86333.235,-0.5525,-1.2475,-0.3214
3022,BTCUSDT,SELL,1791210112790,86333.29999999999,-1.2400,-1.2400,0.3423
3023,BTCUSDT,SELL,1791210113628,86338.005,-1.3899,-2.0848,0.8872
3024,ETHUSDT,SELL,1791210113891,2720.745,-0.7351,-0.3675,2.5728
3025,BTCUSDT,SELL,1791210113937,86344.005,-0.9265,-1.6214,1.5820
3026,ETHUSDT,SELL,1791210114826,2720.885,0.0368,0.1103,3.0872
3027,ETHUSDT,BUY,1791210115468,2720.9449999999997,-0.2573,-0.3308,-3.3077
3028,ETHUSDT,BUY,1791210115732,2720.915,-0.1470,-0.2205,-3.1975
3029,BTCUSDT,BUY,1791210117948,86340.505,-0.8501,3.6483,-1.1767
3030,ETHUSDT,BUY,1791210119755,2720.335,-1.1028,3.3819,-1.0660
3031,BTCUSDT,SELL,1791210121084,86324.005,-1.8535,-5.5604,-1.6218
3032,ETHUSDT,SELL,1791210121194,2720.035,-2.3529,-4.4852,-0.6618
3033,BTCUSDT,SELL,1791210121411,86329.025,-1.7352,-4.9786,-1.5035
3034,ETHUSDT,SELL,1791210121565,2720.105,-2.0955,-4.2278,-1.2132
3035,ETHUSDT,SELL,1791210121858,2720.4049999999997,-0.9925,-3.1245,-0.1103
3036,BTCUSDT,SELL,1791210122168,86340.005,-1.3899,-3.7063,-0.6949
3037,BTCUSDT,SELL,1791210122997,86349.025,-1.0400,-2.6613,0.3497
3039,BTCUSDT,SELL,1791210123342,86352.005,-0.7782,-2.3161,0.6948
3038,ETHUSDT,SELL,1791210123321,2720.675,-0.6616,-2.1318,0.8821
3040,ETHUSDT,SELL,1791210123671,2720.7650000000003,-0.3308,-1.0291,0.8086
3041,BTCUSDT,SELL,1791210123738,86356.005,-0.3150,-1.5320,1.1580
3042,BTCUSDT,SELL,1791210124782,86358.735,-0.1471,-0.4910,1.0109
3043,BTCUSDT,BUY,1791210133933,86369.235,-0.7248,-0.8371,2.1732
3044,ETHUSDT,BUY,1791210134193,2721.035,-1.3230,-0.9188,1.5803
3045,BTCUSDT,BUY,1791210135047,86362.975,-0.2524,0.3508,2.8982
3046,ETHUSDT,SELL,1791210143497,2720.5150000000003,-0.9925,-1.1027,-4.0066
3047,BTCUSDT,SELL,1791210143759,86360.795,-0.6033,-0.3717,-4.2334
3048,BTCUSDT,SELL,1791210149004,86366.755,-0.8012,3.8452,-3.1551
3049,BTCUSDT,BUY,1791210150944,86373.67499999999,-1.1196,-4.1297,0.5754
3050,ETHUSDT,BUY,1791210151686,2720.935,-0.4410,-2.2051,-0.8820
3051,ETHUSDT,BUY,1791210156237,2720.705,-0.9189,-2.3523,-0.4778
3052,ETHUSDT,BUY,1791210156779,2720.635,-2.1686,-2.0951,0.0000
3053,BTCUSDT,BUY,1791210156889,86350.295,-1.4233,-1.4233,2.7006
3054,ETHUSDT,BUY,1791210157350,2720.455,-1.7644,-1.2130,0.6617
3055,BTCUSDT,BUY,1791210157582,86339.985,-0.7459,0.3405,2.3998
3056,ETHUSDT,BUY,1791210158033,2720.045,-0.6618,1.5441,1.6544
3057,ETHUSDT,BUY,1791210158788,2719.975,-0.4044,1.9485,1.9118
3058,ETHUSDT,SELL,1791210160847,2720.065,-1.1397,-1.5073,-0.7720
3059,ETHUSDT,BUY,1791210164685,2720.375,-0.8455,-1.2131,-0.8455
3060,ETHUSDT,BUY,1791210164861,2720.325,-0.6617,-1.0293,-1.0293
3061,ETHUSDT,BUY,1791210165216,2720.225,-0.5882,-0.6617,-1.2131
3062,BTCUSDT,SELL,1791210166916,86338.005,-0.5699,0.8872,0.8629
3063,BTCUSDT,SELL,1791210167960,86342.92499999999,-0.5884,1.4570,2.1913
3064,ETHUSDT,SELL,1791210168086,2720.465,-0.1470,1.5439,4.3743
3065,BTCUSDT,BUY,1791210171490,86347.775,-1.2843,-0.6682,-3.0921
3066,BTCUSDT,BUY,1791210171689,86345.225,-1.7233,0.0903,-2.7969
3067,ETHUSDT,BUY,1791210171838,2720.475,-1.5806,-0.1470,-4.4110
3068,ETHUSDT,BUY,1791210172141,2720.395,-1.2866,0.1470,-4.1170
3069,BTCUSDT,BUY,1791210172292,86341.795,-1.3261,0.4876,-2.3998
3070,ETHUSDT,BUY,1791210172416,2720.2349999999997,-0.6985,0.7352,-3.5291
3071,BTCUSDT,SELL,1791210178395,86330.345,-0.1923,-5.7523,0.7344
3072,BTCUSDT,SELL,1791210179439,86332.005,-0.4633,-6.4866,-0.2317
3073,BTCUSDT,SELL,1791210181600,86342.005,-0.4633,-5.3277,-0.2316
3074,BTCUSDT,SELL,1791210184334,86346.005,-0.4633,-4.8642,-0.0000
3075,ETHUSDT,SELL,1791210184586,2720.545,-0.3308,-3.3817,1.1027
3076,ETHUSDT,SELL,1791210186043,2720.635,-0.7351,-3.0508,1.8011
3077,ETHUSDT,SELL,1791210187511,2720.935,-1.9479,-1.9479,2.9034
3080,ETHUSDT,BUY,1791210202715,2721.715,-0.4409,-3.7476,-6.5033
3081,BTCUSDT,BUY,1791210202799,86400.005,-0.3067,-2.5463,-6.5706
3082,ETHUSDT,BUY,1791210202886,2721.6549999999997,-0.2205,-3.5273,-6.2829
3083,BTCUSDT,BUY,1791210202963,86398.61499999999,-0.3021,-2.3855,-6.4098
3084,BTCUSDT,BUY,1791210203869,86397.35500000001,-0.5266,-2.4711,-6.2641
3085,ETHUSDT,BUY,1791210204468,2721.545,-0.6246,-3.5642,-5.8790
3086,BTCUSDT,BUY,1791210204529,86396.005,-0.6598,-2.3149,-6.1079
3087,BTCUSDT,BUY,1791210204961,86392.805,-0.2894,-1.9446,-5.7377
3088,ETHUSDT,BUY,1791210209670,2721.365,-2.2783,-3.4541,-5.2180
3089,BTCUSDT,BUY,1791210209754,86392.055,-1.5522,-4.4009,-5.6510
3090,BTCUSDT,BUY,1791210212793,86378.64499999999,-0.3056,-3.7787,-4.0994
3091,BTCUSDT,BUY,1791210212985,86378.005,-0.2315,-4.0508,-4.0253
3092,ETHUSDT,SELL,1791210216554,2720.575,-0.2205,3.1611,-0.1103
3093,ETHUSDT,SELL,1791210216775,2720.625,-0.0368,3.3448,0.0735
3094,BTCUSDT,BUY,1791210217907,86358.005,-0.2316,-3.8364,1.1580
3095,ETHUSDT,BUY,1791210217976,2720.545,-0.1838,-4.6682,0.2205
3096,BTCUSDT,BUY,1791210219551,86356.005,-0.4632,-4.0449,1.3896
3097,ETHUSDT,BUY,1791210219651,2720.495,-0.8087,-4.4845,0.6616
3098,ETHUSDT,BUY,1791210220049,2720.315,-0.1470,-3.8231,1.3234
3099,ETHUSDT,BUY,1791210224516,2720.275,-1.3969,-3.6761,2.2792
3100,ETHUSDT,BUY,1791210224822,2720.135,-0.8823,-3.1616,2.7940
3101,ETHUSDT,BUY,1791210225214,2719.925,-0.6250,-2.3898,3.5663
3102,ETHUSDT,BUY,1791210227529,2719.715,-1.6178,-0.0735,4.3387
3103,ETHUSDT,SELL,1791210235571,2719.285,-1.5077,-3.5303,-8.4581
3104,BTCUSDT,SELL,1791210238525,86324.005,-1.3449,-2.5485,-7.1822
3105,BTCUSDT,SELL,1791210239496,86334.005,-1.0425,-1.0691,-6.0231
3106,ETHUSDT,SELL,1791210239611,2719.865,-1.2133,-0.8824,-6.3238
3107,BTCUSDT,SELL,1791210239690,86335.61499999999,-0.9718,-0.5386,-5.8365
3108,BTCUSDT,SELL,1791210240539,86343.005,-0.1158,0.9300,-4.9801
3109,ETHUSDT,SELL,1791210243045,2720.1949999999997,-0.1838,1.1396,-4.8158
3110,BTCUSDT,SELL,1791210243246,86344.005,-0.2316,1.3898,-4.5435
3111,BTCUSDT,BUY,1791210249307,86346.005,-1.2774,-0.3208,0.7180
3112,ETHUSDT,BUY,1791210249454,2720.145,-0.3309,-0.9191,0.8455
3113,ETHUSDT,BUY,1791210250414,2720.0950000000003,-0.3309,-0.0368,1.0294
3114,ETHUSDT,BUY,1791210251220,2720.0550000000003,-0.1838,0.1103,1.1764
3115,BTCUSDT,BUY,1791210251398,86334.975,-0.3440,0.9567,1.9957
3116,ETHUSDT,BUY,1791210252611,2720.005,-0.4412,-0.2206,1.3603
3117,ETHUSDT,BUY,1791210252942,2719.9449999999997,-0.2206,0.0000,1.5809
3118,BTCUSDT,SELL,1791210255794,86332.005,-0.4633,-1.3008,-2.1035
3119,ETHUSDT,SELL,1791210259580,2719.9049999999997,-0.6618,-0.1471,-0.9927
3120,BTCUSDT,SELL,1791210273647,86343.235,-1.2253,-2.8688,0.1425
3121,BTCUSDT,SELL,1791210274039,86346.005,-1.3898,-2.5479,0.4633
3122,BTCUSDT,SELL,1791210274661,86353.815,-1.1800,-1.6432,1.3676
3123,ETHUSDT,SELL,1791210274782,2720.2349999999997,-0.8823,-2.4263,1.1396
3124,ETHUSDT,SELL,1791210275783,2720.475,-0.4779,-1.5438,2.0217
3125,BTCUSDT,SELL,1791210276054,86366.005,-0.2316,-0.2316,2.7789
3126,BTCUSDT,SELL,1791210290147,86374.005,-0.9262,-1.3893,-1.3893
3127,BTCUSDT,SELL,1791210290509,86378.005,-0.6946,-0.9262,-0.9262
3128,BTCUSDT,SELL,1791210291271,86382.015,-0.4619,-0.4619,-0.4619
3129,BTCUSDT,SELL,1791210291666,86384.005,-0.2315,0.0891,-0.2315
3130,ETHUSDT,SELL,1791210291952,2721.525,-0.2205,0.0735,-0.2205
3131,ETHUSDT,BUY,1791210301655,2721.525,-0.0735,-4.2256,0.4777
3132,BTCUSDT,BUY,1791210303935,86383.235,-0.1424,-3.8283,-0.6054
3133,BTCUSDT,BUY,1791210306890,86376.005,-1.8524,-2.9916,0.0000
3134,ETHUSDT,BUY,1791210307065,2721.255,-2.6826,-3.9688,0.1102
3135,ETHUSDT,BUY,1791210307239,2721.165,-2.3519,-3.6381,0.4410
3136,ETHUSDT,BUY,1791210321176,2720.1549999999997,-0.9558,-1.0661,5.4409
3137,ETHUSDT,SELL,1791210327034,2720.065,-0.3309,0.5147,-7.0587
3138,BTCUSDT,SELL,1791210327208,86340.765,-0.1436,-0.1436,-9.1776
3139,ETHUSDT,SELL,1791210332842,2719.865,-0.2206,-4.0076,-6.0665
3140,BTCUSDT,SELL,1791210337448,86342.005,-1.1582,-4.4011,-7.5803
3141,BTCUSDT,SELL,1791210337741,86344.005,-1.1582,-4.1694,-7.1806
3142,BTCUSDT,SELL,1791210337985,86346.005,-0.9265,-4.4009,-6.4855
3143,ETHUSDT,SELL,1791210338140,2720.4049999999997,-0.9190,-4.3376,-3.8230
3144,BTCUSDT,SELL,1791210338203,86348.005,-0.6949,-4.4008,-6.0221
3145,ETHUSDT,SELL,1791210338774,2720.6549999999997,-0.0000,-3.4183,-2.3156
3146,ETHUSDT,SELL,1791210341570,2720.685,-0.9924,-3.3080,-0.6616
3147,BTCUSDT,SELL,1791210341643,86356.005,-1.1580,-3.4740,-2.7167
3148,ETHUSDT,SELL,1791210346180,2721.1549999999997,-0.8085,-0.2205,1.5802
3149,ETHUSDT,SELL,1791210346481,2721.225,-1.3229,0.0367,1.8374
3150,BTCUSDT,SELL,1791210346982,86374.005,-1.1578,0.2362,-0.4631
3151,ETHUSDT,SELL,1791210347247,2721.375,-0.7717,0.5512,2.3885
3152,BTCUSDT,SELL,1791210347303,86376.005,-1.1577,0.2315,-0.2315
3153,BTCUSDT,SELL,1791210347900,86380.005,-0.6946,-0.0000,0.6934
3154,ETHUSDT,BUY,1791210352778,2721.5150000000003,-1.1023,0.5144,-5.4014
3155,BTCUSDT,SELL,1791210354094,86370.005,-0.1088,-0.6947,0.9262
3156,ETHUSDT,SELL,1791210358067,2721.4849999999997,-0.6247,0.7349,2.6824
3157,BTCUSDT,BUY,1791210364027,86378.005,-0.2315,0.0000,-2.2170
3158,BTCUSDT,SELL,1791210377800,86382.005,-1.3892,-4.3991,5.5567
3159,ETHUSDT,BUY,1791210389416,2721.9849999999997,-2.0573,-3.0125,-10.5805
3160,BTCUSDT,BUY,1791210389682,86415.85500000001,-1.6027,-3.6747,-9.0597
3161,BTCUSDT,BUY,1791210390220,86406.005,-0.4629,-3.2394,-7.9207
3162,BTCUSDT,BUY,1791210397352,86408.005,-1.1573,-3.4719,-9.4899
3163,BTCUSDT,BUY,1791210397699,86406.61499999999,-1.2279,-3.3111,-9.8731
3164,BTCUSDT,BUY,1791210397859,86406.005,-1.3888,-3.6907,-10.1359
3165,BTCUSDT,BUY,1791210398114,86402.005,-1.1574,-3.2407,-9.6734
3166,ETHUSDT,BUY,1791210398422,2721.395,-0.8452,-3.2336,-9.5539
3167,BTCUSDT,BUY,1791210398544,86398.005,-1.1574,-3.2408,-9.4910
3168,ETHUSDT,BUY,1791210398932,2721.275,-0.4042,-3.1603,-9.4808
3169,BTCUSDT,SELL,1791210400258,86378.015,-0.4886,2.5342,9.0312
3170,ETHUSDT,BUY,1791210404358,2720.865,-0.5145,-1.7641,-10.6951
3171,BTCUSDT,BUY,1791210407745,86378.005,-1.2457,-1.8523,-9.0312
3172,BTCUSDT,BUY,1791210408135,86374.005,-1.3893,-0.9262,-8.5686
3173,ETHUSDT,BUY,1791210408429,2720.5150000000003,-1.7276,0.8822,-8.7116
3174,BTCUSDT,SELL,1791210412984,86356.125,-0.6809,-0.6809,6.1131
3175,BTCUSDT,SELL,1791210418274,86366.005,0.4631,2.7789,6.0267
3176,BTCUSDT,BUY,1791210418981,86368.005,-0.6947,-3.0104,-6.2581
3177,ETHUSDT,BUY,1791210419282,2720.645,-0.2940,-4.9988,-7.5350
3178,ETHUSDT,BUY,1791210423276,2720.565,-2.2422,-5.1460,-7.4984
3179,BTCUSDT,BUY,1791210423609,86362.005,-1.3663,-3.2422,-5.7247
3180,BTCUSDT,BUY,1791210423989,86358.85500000001,-1.2564,-2.8775,-5.5154
3181,ETHUSDT,BUY,1791210424592,2719.955,-0.7721,-2.9045,-5.6619
3182,BTCUSDT,BUY,1791210424733,86350.205,-0.4864,-1.8761,-4.6555
3183,BTCUSDT,BUY,1791210424972,86350.005,-0.8651,-1.8529,-4.6323
3184,BTCUSDT,BUY,1791210425275,86348.005,-0.6335,-1.6213,-4.4008
3185,BTCUSDT,BUY,1791210429175,86342.005,-0.9265,-0.9265,-4.7184
3186,BTCUSDT,BUY,1791210429443,86340.005,-0.6949,-0.6949,-4.4869
3187,BTCUSDT,BUY,1791210429762,86336.005,-0.2317,-0.2317,-4.0238
3188,BTCUSDT,BUY,1791210438533,86341.765,-0.8988,-1.7465,-5.7631
3189,BTCUSDT,SELL,1791210448912,86329.455,-0.9394,2.3225,3.9569
3190,BTCUSDT,BUY,1791210452038,86341.755,-0.1598,-4.9049,-4.7729
3191,BTCUSDT,BUY,1791210453955,86335.63500000001,-0.8838,-4.1964,-4.0644
3192,BTCUSDT,BUY,1791210454193,86330.07500000001,-0.2398,-3.5526,-3.4206
3193,BTCUSDT,BUY,1791210454377,86330.005,-0.2317,-3.5445,-4.3125
3194,BTCUSDT,BUY,1791210455893,86328.005,-0.2317,-3.3129,-6.0235
3195,ETHUSDT,SELL,1791210465566,2717.955,-0.4783,-1.9500,4.7094
3196,BTCUSDT,SELL,1791210465974,86299.41,-0.0678,-1.6854,2.7144
3197,ETHUSDT,SELL,1791210466145,2718.025,-0.4415,-2.0971,4.9668
3198,ETHUSDT,SELL,1791210466962,2718.085,-0.2207,-1.8763,5.1875
3199,BTCUSDT,SELL,1791210471929,86299.995,-0.3870,-1.6176,2.7822
3200,ETHUSDT,SELL,1791210475079,2718.335,-0.9565,-0.2943,6.7321
3201,BTCUSDT,SELL,1791210475208,86309.17499999999,-0.5538,-0.0962,3.8455
3202,ETHUSDT,SELL,1791210475303,2718.4449999999997,-0.5518,0.1104,7.2468
3203,ETHUSDT,BUY,1791210482475,2718.5950000000003,-0.2575,-3.2737,-7.9085
3204,ETHUSDT,BUY,1791210483880,2718.525,-0.4046,-3.0163,-7.6512
3205,BTCUSDT,BUY,1791210483928,86312.565,-0.2966,-2.8455,-2.8988
3206,BTCUSDT,BUY,1791210484347,86311.17499999999,-0.1356,-2.6845,-2.7378
3207,BTCUSDT,BUY,1791210485825,86306.005,-0.1356,-2.0856,-2.1389
3208,ETHUSDT,BUY,1791210490385,2717.8050000000003,-0.3679,-0.6991,-4.1578
3209,ETHUSDT,BUY,1791210502952,2717.615,-0.3680,-0.4784,-3.6429
3210,ETHUSDT,BUY,1791210503162,2717.575,-0.2208,-0.3312,-4.4157
3211,ETHUSDT,SELL,1791210506575,2717.525,-1.1039,4.8206,4.2318
3212,BTCUSDT,SELL,1791210506617,86292.005,-0.2318,2.0859,-0.9387
3213,ETHUSDT,SELL,1791210506742,2717.635,-0.6991,5.2251,4.6364
3214,BTCUSDT,SELL,1791210507915,86294.005,-0.1495,2.3177,-0.7069
3215,BTCUSDT,SELL,1791210509843,86295.295,-0.6084,2.4671,-0.5574
3216,ETHUSDT,BUY,1791210514471,2717.4849999999997,-2.2447,-2.9807,-3.4591
3217,BTCUSDT,BUY,1791210514553,86292.775,-1.7116,-1.9457,0.7556
3218,BTCUSDT,BUY,1791210515164,86286.005,-1.1589,-1.1613,1.5402
3219,BTCUSDT,BUY,1791210515799,86278.005,-0.4636,-0.2341,2.4676
3220,ETHUSDT,SELL,1791210516996,2716.215,-1.1413,-1.0677,-1.2149
3221,ETHUSDT,SELL,1791210517968,2716.465,-1.3253,-0.1473,-0.2945
3222,ETHUSDT,SELL,1791210518157,2716.525,-1.1044,0.0736,-0.0736
3223,ETHUSDT,BUY,1791210521680,2716.755,-0.0736,-0.9202,-0.7730
3224,ETHUSDT,BUY,1791210524039,2716.715,-0.1472,-0.7730,-0.6258
3225,ETHUSDT,BUY,1791210526968,2716.675,-0.6258,-1.4724,0.3313
3226,ETHUSDT,SELL,1791210541805,2716.3450000000003,-0.3681,-1.2149,6.5529
3227,BTCUSDT,SELL,1791210546884,86287.545,-1.2122,-3.2983,7.6176
3228,BTCUSDT,SELL,1791210547230,86295.35500000001,-0.3071,-2.3929,9.4988
3229,ETHUSDT,SELL,1791210548806,2716.4449999999997,-0.6626,-2.2824,12.4427
3230,BTCUSDT,SELL,1791210552992,86306.005,-1.1587,0.6836,15.3048
3231,BTCUSDT,SELL,1791210553235,86308.005,-0.9269,0.9153,15.5362
3232,ETHUSDT,SELL,1791210553408,2716.795,-0.9938,1.5459,14.0239
3233,BTCUSDT,SELL,1791210553669,86313.905,-0.2433,1.5988,16.2187
3234,ETHUSDT,BUY,1791210559798,2717.005,-0.7729,-2.3187,-20.1325
3235,ETHUSDT,BUY,1791210561941,2716.795,-0.5889,-1.5459,-15.1281
3236,ETHUSDT,SELL,1791210572641,2716.435,-0.4049,-0.4049,16.7131
3237,BTCUSDT,BUY,1791210573060,86300.10500000001,-0.0939,-0.0939,-20.2294
3238,BTCUSDT,BUY,1791210592091,86304.005,-0.6952,-5.5617,-18.0177
3239,ETHUSDT,BUY,1791210592305,2716.625,-0.2945,-7.5829,-18.1107
3240,ETHUSDT,BUY,1791210594218,2716.0,-0.0920,-5.2835,-16.3660
3241,BTCUSDT,BUY,1791210594286,86284.005,-0.2318,-4.6162,-17.5652
3242,BTCUSDT,BUY,1791210603305,86256.005,-1.3715,-9.5170,-15.6036
3243,BTCUSDT,BUY,1791210604409,86244.16500000001,-0.9844,-13.6090,-14.2328
3244,ETHUSDT,BUY,1791210607314,2714.105,-2.6160,-9.4691,-7.5163
3245,ETHUSDT,SELL,1791210622190,2713.1949999999997,-0.6266,6.1182,8.5877
3246,ETHUSDT,BUY,1791210673897,2712.065,-0.3687,-4.5353,-9.6605
3247,BTCUSDT,SELL,1791210699815,86030.565,-0.9694,-6.4791,-3.8103
3248,ETHUSDT,SELL,1791210701933,2708.0550000000003,-1.5140,-11.2627,-10.1918
3249,BTCUSDT,SELL,1791210702395,86047.995,-1.6305,-8.1582,-1.2354
3250,BTCUSDT,SELL,1791210704351,86066.235,-1.1166,-8.6004,3.2394
3251,BTCUSDT,SELL,1791210704803,86068.185,-0.5693,-8.3736,3.4659
3252,BTCUSDT,SELL,1791210705127,86071.845,0.3544,-7.9480,4.9854
3253,BTCUSDT,BUY,1791210705616,86075.845,-0.1615,7.1623,-5.4498
3254,BTCUSDT,SELL,1791210706231,86068.795,-1.2385,-6.8980,4.6312
3255,BTCUSDT,SELL,1791210707519,86079.455,-2.2015,-2.9194,7.1399
3256,BTCUSDT,SELL,1791210708138,86094.595,0.5285,-1.4809,8.8972
3257,BTCUSDT,SELL,1791210710625,86097.015,-1.3125,-0.7236,8.8586
3258,BTCUSDT,SELL,1791210712901,86123.025,-1.5095,-0.3332,12.3567
3259,BTCUSDT,BUY,1791210718985,86116.465,-2.6801,-1.6234,-17.6981
3260,BTCUSDT,BUY,1791210719300,86115.905,-2.6151,-2.3108,-17.6332
3261,BTCUSDT,SELL,1791210720554,86097.505,-2.0779,2.1243,15.2292
3262,BTCUSDT,SELL,1791210720768,86103.245,-1.4111,2.7908,15.8949
3263,BTCUSDT,SELL,1791210723383,86125.89499999999,-0.3774,9.3189,16.7371
3264,BTCUSDT,BUY,1791210726489,86129.455,-2.1665,-6.9616,-15.4221
3265,BTCUSDT,BUY,1791210726824,86126.005,-2.7309,-6.5613,-14.4265
3266,BTCUSDT,BUY,1791210727257,86115.39499999999,-1.1485,-5.1042,-13.1962
3267,BTCUSDT,BUY,1791210727561,86110.795,-0.6143,-4.2724,-15.2542
3268,BTCUSDT,SELL,1791210728170,86102.485,0.5203,3.3890,15.0495
3269,BTCUSDT,BUY,1791210731047,86077.11499999999,-1.1612,-5.2697,-13.3067
3270,BTCUSDT,BUY,1791210731346,86074.005,-1.1618,-4.9086,-13.3316
3271,BTCUSDT,BUY,1791210732961,86055.315,-1.1249,-2.2660,-12.1224
3272,BTCUSDT,SELL,1791210735120,86056.11499999999,-1.5548,2.0638,15.2075
3273,BTCUSDT,SELL,1791210735909,86066.505,-0.3474,3.1603,16.5535
3274,BTCUSDT,SELL,1791210737217,86069.495,-0.4427,2.4945,15.4875
3275,BTCUSDT,BUY,1791210737992,86074.005,-2.7476,-1.5150,-19.7911
3276,BTCUSDT,BUY,1791210738323,86073.305,-3.0916,-0.9085,-18.6539
3277,BTCUSDT,BUY,1791210739390,86046.695,-1.7363,1.4329,-18.0112
3278,BTCUSDT,BUY,1791210741625,86031.755,0.0825,3.1709,-16.2777
3279,BTCUSDT,SELL,1791210742478,86030.565,-1.7889,-3.3093,16.1396
3280,BTCUSDT,SELL,1791210742666,86032.465,-1.5738,-3.0884,16.3601
3281,BTCUSDT,SELL,1791210743418,86041.42499999999,-0.9960,-0.2383,17.3998
3282,BTCUSDT,SELL,1791210743836,86046.005,0.2499,0.2940,17.9311
3283,BTCUSDT,BUY,1791210744657,86049.995,-1.3527,-0.6159,-22.6601
3284,BTCUSDT,SELL,1791210747272,86048.025,-2.0291,-0.4172,22.4317
3285,BTCUSDT,SELL,1791210748102,86060.965,-0.5264,0.2719,23.9319
3286,BTCUSDT,SELL,1791210748584,86065.485,0.7506,0.7971,24.4558
3287,BTCUSDT,BUY,1791210752723,86059.035,-1.8081,-0.6240,-26.6003
3288,BTCUSDT,SELL,1791210754978,86046.065,-0.1929,1.9908,39.4359
3289,BTCUSDT,SELL,1791210755243,86046.345,-0.4509,2.0233,38.7431
3290,BTCUSDT,SELL,1791210756163,86047.725,-0.4521,2.1837,37.8790
3291,ETHUSDT,SELL,1791210756165,2710.005,-0.2952,0.6273,26.6789
3292,BTCUSDT,SELL,1791210756585,86050.875,-0.0860,2.5497,39.1745
3293,ETHUSDT,SELL,1791210757863,2710.085,-1.3284,3.1733,23.9107
3294,BTCUSDT,SELL,1791210759091,86058.625,-0.5496,4.4017,36.2137
3295,BTCUSDT,SELL,1791210759344,86059.035,-0.5031,4.4493,37.5405
3296,BTCUSDT,SELL,1791210759779,86062.38500000001,-0.1139,4.8384,37.9283
3297,BTCUSDT,BUY,1791210761632,86063.36499999999,-1.1271,-4.9522,-34.1597
3298,ETHUSDT,BUY,1791210761986,2710.815,-2.1027,-7.8943,-23.7567
3299,ETHUSDT,BUY,1791210762432,2710.755,-2.1027,-8.3741,-23.5359
3300,BTCUSDT,BUY,1791210762809,86053.66500000001,-1.0424,-4.2142,-33.6871
3301,ETHUSDT,BUY,1791210763245,2710.245,-0.8855,-6.4939,-19.8875
3302,BTCUSDT,BUY,1791210764051,86044.695,-1.8316,-5.0776,-33.3408
3303,BTCUSDT,SELL,1791210768700,86017.995,-0.3197,6.8178,29.2171
3304,BTCUSDT,BUY,1791210772645,86017.995,-1.9752,-4.2142,-28.3824
3305,BTCUSDT,BUY,1791210772836,86017.4,-1.9060,-4.1451,-28.3135
3306,ETHUSDT,SELL,1791210780111,2707.0950000000003,-2.1425,-3.5832,17.4357
3307,ETHUSDT,SELL,1791210780697,2707.185,-2.2163,-3.2506,17.7675
3308,ETHUSDT,SELL,1791210781236,2707.675,-1.1818,-0.8494,20.3496
3309,ETHUSDT,SELL,1791210781705,2707.785,-1.4403,-0.0739,20.7550
3310,BTCUSDT,SELL,1791210781789,85974.985,-0.7863,2.2623,34.6450
3311,ETHUSDT,SELL,1791210782338,2707.995,-0.6647,1.2555,21.5288
3312,BTCUSDT,SELL,1791210783715,85981.745,-0.8386,5.1953,35.2528
3313,ETHUSDT,SELL,1791210783771,2708.175,-0.1477,4.6895,22.1921
3314,ETHUSDT,SELL,1791210785338,2708.2349999999997,-0.9231,4.9109,27.6933
3315,BTCUSDT,SELL,1791210785871,85992.0,-1.1344,7.9036,41.4742
3316,BTCUSDT,BUY,1791210787251,86001.755,-3.3546,-7.6231,-41.8898
3317,ETHUSDT,BUY,1791210788880,2708.165,-0.3693,-10.0437,-25.9216
3318,ETHUSDT,BUY,1791210789552,2708.115,-0.1846,-11.5948,-24.7035
3319,BTCUSDT,SELL,1791210790038,85964.055,0.1722,8.4151,36.8817
3320,BTCUSDT,BUY,1791210790663,85967.38500000001,-1.3784,-8.8022,-39.0020
3321,BTCUSDT,BUY,1791210790879,85964.055,-0.9911,-8.4151,-38.6161
3322,ETHUSDT,BUY,1791210790969,2708.065,-1.5140,-11.4104,-24.5194
3323,BTCUSDT,BUY,1791210791532,85959.255,-0.4328,-7.8572,-37.4596
3324,ETHUSDT,BUY,1791210791786,2707.8050000000003,-0.9233,-10.4513,-21.7150
3325,ETHUSDT,BUY,1791210792538,2707.645,-2.7330,-10.0456,-21.1254
3326,BTCUSDT,SELL,1791210795159,85925.245,0.3782,7.9301,40.6353
3327,BTCUSDT,BUY,1791210796705,85914.14,-2.5764,-6.8830,-33.0778
3328,ETHUSDT,SELL,1791210796720,2705.785,2.8827,5.8393,14.0070
3329,ETHUSDT,BUY,1791210796776,2705.645,-2.3654,-5.3222,-13.4903
3330,BTCUSDT,SELL,1791210796810,85913.995,1.2035,6.8662,33.0610
3333,BTCUSDT,SELL,1791210859613,85629.955,-0.6458,0.7392,15.3077
3334,BTCUSDT,SELL,1791210860778,85635.485,-0.4683,2.2899,16.6672
3335,BTCUSDT,BUY,1791210869569,85625.485,-1.1223,-7.7944,-10.6207
3336,BTCUSDT,BUY,1791210869935,85623.625,-0.9051,-7.6895,-9.1926
3337,ETHUSDT,BUY,1791210870830,2701.995,-2.4056,-6.3657,-1.7395
3338,BTCUSDT,SELL,1791210871429,85599.47,-0.0718,4.7576,5.8593
3339,ETHUSDT,BUY,1791210871776,2701.5150000000003,-1.2215,-4.2939,-2.0359
3340,BTCUSDT,BUY,1791210874704,85584.975,-0.3470,-0.8156,-3.1150
3341,BTCUSDT,BUY,1791210875637,85584.005,-0.7011,0.2232,-0.6134
3342,BTCUSDT,BUY,1791210879163,85570.61499999999,-1.4993,0.2349,-0.7070
3343,ETHUSDT,BUY,1791210880397,2700.275,0.2963,2.9256,2.6664
3344,BTCUSDT,SELL,1791210883942,85570.185,-1.5438,1.4491,0.4371
3345,ETHUSDT,SELL,1791210884432,2700.7349999999997,-1.2959,0.2592,2.3697
3346,BTCUSDT,SELL,1791210884600,85576.60500000001,-1.0879,2.1992,2.1969
3347,ETHUSDT,BUY,1791210888219,2701.035,-0.5924,-1.3698,-5.7015
3348,ETHUSDT,SELL,1791210889891,2700.875,-0.7035,0.7775,8.9601
3349,BTCUSDT,BUY,1791210891419,85572.625,-1.3743,-1.7342,-8.9596
3350,BTCUSDT,BUY,1791210892757,85560.86499999999,-0.3600,-0.3600,-4.0287
3351,BTCUSDT,BUY,1791210909021,85472.32500000001,-1.7070,1.8462,7.3439
3352,BTCUSDT,BUY,1791210909451,85464.035,-1.3199,3.9970,8.3146
3353,ETHUSDT,BUY,1791210909996,2699.7349999999997,-1.7039,1.0371,0.0741
3354,BTCUSDT,BUY,1791210910101,85457.735,-0.5827,6.9684,9.0899
3355,BTCUSDT,SELL,1791210911483,85452.755,-1.0345,-4.6809,-8.8084
3356,ETHUSDT,SELL,1791210911566,2699.285,-1.3337,0.0741,-1.1114
3357,ETHUSDT,SELL,1791210912357,2699.415,-1.8523,0.5557,-2.1857
3358,ETHUSDT,BUY,1791210913986,2700.0150000000003,-2.5926,-3.7407,0.1111
3359,BTCUSDT,SELL,1791210914182,85485.345,0.2691,-1.3698,-5.0617
3360,BTCUSDT,BUY,1791210914574,85492.82500000001,-2.5780,0.7977,2.3464
3361,ETHUSDT,SELL,1791210915072,2699.315,-0.0741,0.1111,4.2603
3362,ETHUSDT,BUY,1791210915571,2699.615,-0.6297,-0.3704,-6.3342
3363,BTCUSDT,SELL,1791210916291,85470.57500000001,-1.9305,-7.4844,-4.3360
3364,ETHUSDT,BUY,1791210918623,2699.635,0.7408,2.5929,-9.3716
3365,BTCUSDT,BUY,1791210920077,85518.655,-3.0286,3.0707,-0.6747
3366,BTCUSDT,SELL,1791210921492,85492.755,-0.8036,-6.6158,-2.3546
3367,BTCUSDT,BUY,1791210923527,85511.85500000001,-1.4279,4.8789,1.8126
3368,ETHUSDT,SELL,1791210925692,2699.5150000000003,-3.0376,-9.4832,6.9642
3369,ETHUSDT,SELL,1791210926722,2700.335,-1.0369,-9.3322,9.9988
3370,BTCUSDT,SELL,1791210926921,85542.515,0.9317,-6.4284,2.9541
3371,BTCUSDT,BUY,1791210927424,85549.565,-3.0883,7.6201,-3.7779
3372,BTCUSDT,BUY,1791210927845,85542.505,-2.2632,8.4461,-2.9529
3373,BTCUSDT,BUY,1791210928206,85534.545,-0.3718,9.8218,-2.0226
3374,ETHUSDT,BUY,1791210928423,2700.615,-0.0370,-1.0738,-11.0345
3375,BTCUSDT,SELL,1791210928905,85523.14499999999,-1.5668,-4.8431,0.2619
3376,ETHUSDT,SELL,1791210930315,2700.885,-0.2962,-0.4073,9.8486
3377,BTCUSDT,SELL,1791210930531,85547.14499999999,-0.2537,-6.1124,1.9101
3378,ETHUSDT,BUY,1791210931074,2701.525,-1.6472,0.1851,-12.2153
3379,BTCUSDT,SELL,1791210931971,85549.315,-0.4980,-0.6698,2.1637
3380,ETHUSDT,SELL,1791210933792,2701.1549999999997,-1.7770,-0.0370,10.8472
3381,ETHUSDT,SELL,1791210936037,2702.275,-1.4802,8.4003,13.8402
3382,BTCUSDT,BUY,1791210938244,85616.395,-6.0537,-5.2280,-6.8713
3383,ETHUSDT,BUY,1791210938246,2702.0150000000003,-6.2546,-9.3264,-8.9193
3384,ETHUSDT,SELL,1791210997721,2699.145,-1.7413,-0.5557,-6.2983
3385,ETHUSDT,BUY,1791211001897,2699.9049999999997,-2.2223,-2.2593,22.1860
3386,BTCUSDT,BUY,1791211002962,85557.565,-0.0900,-1.6714,20.9438
3387,BTCUSDT,BUY,1791211003589,85557.225,-0.2793,-1.6317,20.1806
3388,BTCUSDT,BUY,1791211004307,85556.795,-0.2303,-1.1022,21.3905
3389,BTCUSDT,BUY,1791211007211,85547.995,-0.5529,0.7960,21.8918
3390,BTCUSDT,SELL,1791211015993,85547.995,-0.7960,-2.2549,-23.1332
3391,BTCUSDT,SELL,1791211016391,85547.995,-0.7960,-2.2549,-23.6125
3392,ETHUSDT,SELL,1791211020654,2699.915,-0.5185,-4.7409,-18.0376
3393,BTCUSDT,SELL,1791211020907,85554.805,-0.2829,-4.3867,-20.0632
3394,ETHUSDT,SELL,1791211021568,2700.0550000000003,-0.4444,-4.6295,-17.5182
3395,ETHUSDT,SELL,1791211023061,2700.185,-1.3703,-4.3330,-17.0359
3396,BTCUSDT,SELL,1791211024574,85562.38500000001,-0.5727,-2.7103,-17.1746
3397,ETHUSDT,SELL,1791211028940,2700.705,-1.7033,-1.1108,-16.6253
3398,BTCUSDT,SELL,1791211029067,85579.13500000001,-1.5424,-0.0012,-16.9107
3399,ETHUSDT,SELL,1791211029715,2700.925,-0.9997,0.9626,-15.8094
3400,ETHUSDT,SELL,1791211030532,2701.165,-0.3702,2.1102,-14.9195
3401,ETHUSDT,SELL,1791211031559,2701.2650000000003,-0.3332,3.1837,-14.3266
3402,BTCUSDT,BUY,1791211034414,85600.005,-2.3364,-3.3248,14.2500
3403,ETHUSDT,BUY,1791211034689,2701.355,-2.6653,-1.8879,13.9930
3404,BTCUSDT,BUY,1791211034756,85585.57500000001,-1.7491,-1.6393,15.9384
3405,ETHUSDT,BUY,1791211035061,2701.3050000000003,-2.4803,-1.7029,14.1783
3406,ETHUSDT,SELL,1791211038796,2700.955,1.0737,0.4073,-13.7544
3407,ETHUSDT,BUY,1791211039360,2701.005,-1.5180,-0.5924,12.5879
3408,BTCUSDT,BUY,1791211039496,85577.805,-1.0435,19.3637,15.6922
3409,BTCUSDT,BUY,1791211040182,85570.60500000001,-0.2022,20.2067,16.7978
3410,BTCUSDT,BUY,1791211041274,85568.875,-0.1671,20.4093,17.4923
3411,ETHUSDT,SELL,1791211043605,2700.6549999999997,-0.7035,-0.7035,-13.8855
3412,ETHUSDT,SELL,1791211062234,2705.895,-0.2587,1.9956,8.4630
3413,BTCUSDT,BUY,1791211065674,85739.805,-0.5283,0.2204,-3.8115
3414,ETHUSDT,BUY,1791211069615,2705.895,-1.3674,-4.1022,-7.2065
3415,BTCUSDT,BUY,1791211070184,85735.275,-1.3612,-0.3324,-1.9327
3416,ETHUSDT,BUY,1791211070221,2705.535,-0.0370,-2.7721,-5.8768
3417,ETHUSDT,SELL,1791211073818,2705.455,0.1109,2.4765,7.1337
3418,BTCUSDT,SELL,1791211073913,85741.695,-0.9692,2.8423,4.4599
3419,ETHUSDT,SELL,1791211074061,2705.635,0.7762,3.1416,7.7985
3420,ETHUSDT,BUY,1791211074581,2705.815,-1.4413,-4.2501,-8.5002
3421,BTCUSDT,SELL,1791211075681,85741.695,-0.9680,3.2936,5.6833
3422,ETHUSDT,SELL,1791211076629,2705.5150000000003,-1.6263,2.6982,8.0576
3423,BTCUSDT,SELL,1791211077369,85749.995,-0.4082,3.3633,6.4898
3424,ETHUSDT,BUY,1791211078335,2705.5950000000003,-2.9938,-1.4784,-8.3531
3425,BTCUSDT,BUY,1791211080463,85732.42499999999,-1.8954,-0.9996,-4.5840
3426,BTCUSDT,BUY,1791211081696,85716.17499999999,0.2368,0.4153,-4.7097
3427,BTCUSDT,SELL,1791211082551,85709.33499999999,-1.7338,-0.6930,3.9121
3428,BTCUSDT,SELL,1791211083220,85718.205,0.4923,0.3418,5.1809
3429,ETHUSDT,SELL,1791211085280,2704.475,-1.0538,-2.4404,5.9161
3430,BTCUSDT,SELL,1791211085341,85710.715,-1.1107,-1.3149,2.9821
3431,BTCUSDT,SELL,1791211085653,85712.08499999999,-0.9509,-1.1550,2.3416
3432,BTCUSDT,SELL,1791211086771,85720.235,-0.2613,1.2716,1.7697
3433,ETHUSDT,SELL,1791211087161,2704.785,-1.5158,-1.2570,4.4366
3434,ETHUSDT,BUY,1791211091493,2705.1949999999997,-1.2938,-2.4398,-5.9515
3435,BTCUSDT,SELL,1791211097268,85711.125,-0.4924,3.7195,-0.3057
3436,BTCUSDT,SELL,1791211099698,85712.095,-0.2730,5.0903,1.0232
3437,ETHUSDT,BUY,1791211101452,2704.685,-0.6655,-2.6990,-4.4737
3438,ETHUSDT,BUY,1791211104341,2704.395,-1.4051,-4.7700,-1.8488
3439,BTCUSDT,BUY,1791211105133,85691.975,-1.3163,-1.5007,2.0597
3440,ETHUSDT,BUY,1791211107637,2704.365,-1.9598,-3.5868,-4.1415
3441,ETHUSDT,SELL,1791211111332,2703.8599999999997,-1.3869,0.9431,4.3456
3442,ETHUSDT,BUY,1791211112581,2704.2349999999997,-4.1786,-2.3297,-6.1385
3443,BTCUSDT,BUY,1791211113230,85675.14499999999,-0.1611,2.7616,-1.2909
3444,ETHUSDT,SELL,1791211114338,2703.105,-1.0358,-1.9607,1.9607
3445,ETHUSDT,SELL,1791211114934,2703.245,-0.5549,-1.4427,2.4785
3446,BTCUSDT,SELL,1791211115033,85673.765,-1.4123,-3.8938,1.1299
3447,ETHUSDT,SELL,1791211115908,2703.395,-0.0000,-0.7398,2.9223
3448,BTCUSDT,SELL,1791211119441,85688.66500000001,-0.6827,-3.5057,1.7038
3449,BTCUSDT,SELL,1791211120420,85691.455,-0.3571,-3.1800,3.5068
3450,ETHUSDT,SELL,1791211120749,2703.525,-0.2959,-1.5535,3.3660
3451,BTCUSDT,SELL,1791211123941,85700.005,-0.8308,-0.0303,4.5041
3452,BTCUSDT,SELL,1791211128639,85709.805,-1.0384,1.6428,5.6936
3453,ETHUSDT,BUY,1791211131197,2703.815,-0.2959,-4.6231,-6.1395
3454,BTCUSDT,BUY,1791211131518,85718.705,-0.8341,-4.4926,-7.6844
3455,ETHUSDT,BUY,1791211132730,2703.635,-0.4069,-3.9576,-5.5111
3456,ETHUSDT,BUY,1791211133323,2703.585,-0.2589,-3.7728,-5.3263
3457,BTCUSDT,BUY,1791211134220,85700.265,-0.6698,-3.1972,-5.5344
3458,ETHUSDT,BUY,1791211134709,2703.5150000000003,-0.4439,-3.1071,-5.0675
3459,BTCUSDT,SELL,1791211136857,85692.985,-0.1587,-1.4097,4.6853
3460,BTCUSDT,SELL,1791211137182,85692.995,-0.3186,-1.4085,4.6865
3461,BTCUSDT,BUY,1791211139755,85698.475,-1.3559,0.7701,-5.9266
3462,ETHUSDT,BUY,1791211140009,2703.335,-2.8483,0.9248,-6.1776
3463,BTCUSDT,BUY,1791211140154,85694.345,-1.0339,1.2521,-5.4449
3464,BTCUSDT,BUY,1791211140517,85693.125,-1.5089,1.3945,-5.3026
3465,BTCUSDT,SELL,1791211144603,85677.91500000001,-1.6457,-3.1688,5.5919
3466,BTCUSDT,SELL,1791211144805,85679.205,-1.4951,-3.0182,6.0026
3467,ETHUSDT,SELL,1791211145006,2702.675,-1.7020,-1.9980,2.9970
3468,BTCUSDT,SELL,1791211146255,85692.015,-1.5229,-1.5229,8.1700
3469,BTCUSDT,SELL,1791211146665,85698.465,-1.4685,-0.7701,9.6945
3470,BTCUSDT,SELL,1791211147317,85705.065,-0.7829,-1.0128,10.6248
3471,BTCUSDT,SELL,1791211148025,85711.205,-0.0665,0.2427,11.3404
3472,ETHUSDT,SELL,1791211151269,2703.315,0.3699,-0.5919,8.6930
3473,BTCUSDT,BUY,1791211158089,85709.125,-0.6767,-3.4769,-11.4690
3474,BTCUSDT,BUY,1791211158325,85707.91500000001,-0.5355,-3.9623,-11.3280
3475,ETHUSDT,SELL,1791211163092,2703.635,-0.9617,3.9206,7.5824
3476,ETHUSDT,BUY,1791211166814,2703.895,-2.4039,-4.7709,-7.5077
3477,ETHUSDT,BUY,1791211167506,2703.275,-0.6659,-2.4785,-5.2159
3478,BTCUSDT,BUY,1791211167590,85688.13500000001,-1.6548,-2.8067,-7.6778
3479,BTCUSDT,BUY,1791211167880,85683.88500000001,-1.1589,-2.3108,-7.1822
3480,BTCUSDT,BUY,1791211168256,85679.32500000001,-0.6268,-1.7787,-6.6504
3481,BTCUSDT,BUY,1791211169879,85673.955,-1.3248,-1.8500,-6.0240
3482,BTCUSDT,BUY,1791211170373,85668.655,-1.0144,-0.8463,-5.4057
3483,BTCUSDT,BUY,1791211170910,85662.60500000001,0.7063,-0.1401,-4.6998
3484,ETHUSDT,SELL,1791211179285,2702.615,-0.0000,1.7021,3.8481
3485,BTCUSDT,BUY,1791211179398,85674.065,-1.4777,-2.4780,-6.6053
3486,ETHUSDT,BUY,1791211184329,2702.425,-0.9991,-1.0361,-3.9594
3487,BTCUSDT,BUY,1791211188893,85660.995,-0.9526,-1.2830,-4.3182
3488,BTCUSDT,BUY,1791211202596,85647.685,-1.3637,-4.1659,-2.7601
3489,BTCUSDT,BUY,1791211202989,85644.005,-1.5296,-3.7364,-2.3306
3490,BTCUSDT,BUY,1791211203623,85636.005,-0.7006,-2.4744,-1.3966
3491,BTCUSDT,BUY,1791211204017,85630.905,-0.6178,-1.8790,0.1331
3492,ETHUSDT,BUY,1791211204494,2701.915,-1.1473,-1.2584,-0.2221
3493,ETHUSDT,BUY,1791211206993,2700.965,0.0000,-0.0370,3.8135
3494,BTCUSDT,SELL,1791211213322,85613.375,-1.2416,-1.0477,-10.4306
3495,ETHUSDT,SELL,1791211214470,2701.3450000000003,0.1851,-0.9255,-8.8474
3496,ETHUSDT,SELL,1791211220416,2700.955,-1.8512,-3.3692,-13.5137
3497,ETHUSDT,BUY,1791211233710,2701.745,-0.6292,-1.4435,18.8397
3498,ETHUSDT,BUY,1791211240774,2701.565,-0.7773,-1.1105,18.6559
3499,ETHUSDT,BUY,1791211241301,2701.355,0.0000,-1.0735,18.6203
3500,BTCUSDT,BUY,1791211249851,85621.265,-1.2182,-1.2695,22.4454
3501,ETHUSDT,BUY,1791211251639,2701.065,-1.6290,1.4069,20.1772
3502,BTCUSDT,SELL,1791211255453,85607.875,-0.0000,-2.8233,-24.0130
3503,ETHUSDT,SELL,1791211257468,2700.9449999999997,-1.0367,-4.3688,-21.2518
3504,BTCUSDT,SELL,1791211257516,85607.88,-0.2938,-4.5925,-24.0124
3505,ETHUSDT,SELL,1791211257800,2701.0150000000003,-0.7775,-4.1836,-20.9921
3506,ETHUSDT,BUY,1791211260440,2701.225,0.1481,6.5526,21.3607
3507,ETHUSDT,SELL,1791211261562,2701.2650000000003,-0.7034,-7.9963,-20.1387
3508,ETHUSDT,SELL,1791211267062,2701.995,-2.0355,-9.1414,-16.3953
3509,BTCUSDT,SELL,1791211267543,85647.195,-1.2458,-10.6507,-16.8400
3510,ETHUSDT,SELL,1791211268287,2702.545,-0.5550,-7.6224,-13.9128
3511,ETHUSDT,SELL,1791211269298,2702.6949999999997,-1.1100,-7.0670,-11.0630
3512,BTCUSDT,SELL,1791211269755,85665.995,-1.5689,-9.1472,-13.0740
3513,ETHUSDT,SELL,1791211269993,2702.895,-1.9609,-6.3265,-10.3223
3514,BTCUSDT,SELL,1791211270954,85679.435,-1.4157,-8.2353,-11.2046
3515,ETHUSDT,SELL,1791211272855,2703.615,-0.4439,-5.5481,-7.6564
3516,BTCUSDT,SELL,1791211273299,85699.995,-1.3069,-6.7235,-8.8028
3517,BTCUSDT,SELL,1791211273537,85710.765,-0.0502,-5.4661,-7.5451
3518,ETHUSDT,SELL,1791211276333,2704.2349999999997,-1.3682,-5.5838,-5.0661
3519,ETHUSDT,SELL,1791211277181,2704.465,-0.5177,-4.7699,-4.2153
3520,ETHUSDT,SELL,1791211280822,2704.615,-1.8487,-6.0267,-3.6604
3521,ETHUSDT,SELL,1791211281290,2704.6549999999997,-1.7008,-5.8788,-3.2906
3522,ETHUSDT,SELL,1791211284973,2705.3050000000003,-0.7393,-7.0232,1.5895
3523,ETHUSDT,BUY,1791211300183,2706.9449999999997,-2.0688,-3.2509,-1.3669
3524,ETHUSDT,BUY,1791211300965,2706.605,-0.8128,0.5911,-0.1108
3525,ETHUSDT,SELL,1791211304787,2706.615,-0.7759,0.3325,0.6650
3526,ETHUSDT,BUY,1791211309503,2706.495,0.0000,2.6233,-0.2217
3527,ETHUSDT,SELL,1791211314761,2706.525,-0.5912,-1.4410,2.6972
3528,ETHUSDT,SELL,1791211318381,2706.6949999999997,-0.8497,1.9212,1.6995
3529,ETHUSDT,BUY,1791211325654,2706.715,-1.0714,-4.1009,-3.4728
3530,ETHUSDT,BUY,1791211328258,2706.315,-2.3279,-2.6235,-0.7021
3531,BTCUSDT,BUY,1791211333963,85772.64499999999,-0.6820,-2.5090,2.3213
3532,BTCUSDT,BUY,1791211334501,85772.63500000001,-0.6809,-2.5078,2.3224
3533,BTCUSDT,BUY,1791211341656,85772.295,-1.0726,-0.6949,2.3621
3534,ETHUSDT,BUY,1791211342393,2705.0150000000003,-0.2588,0.7763,5.3974
3535,BTCUSDT,BUY,1791211342654,85763.095,-1.3957,1.0261,5.1805
3536,ETHUSDT,BUY,1791211344299,2704.935,-0.2218,2.0703,6.1369
3537,BTCUSDT,BUY,1791211344713,85751.125,-0.3125,3.3107,7.7387
3538,BTCUSDT,SELL,1791211345362,85745.285,-1.7051,-3.9921,-8.4203
3539,BTCUSDT,SELL,1791211347207,85763.765,-0.3113,-2.7366,-6.9213
3540,BTCUSDT,BUY,1791211361317,85796.83499999999,-0.0012,1.0490,1.2203
3541,BTCUSDT,SELL,1791211361552,85796.82500000001,-0.0000,-1.0502,-1.2215
3542,BTCUSDT,BUY,1791211372648,85805.83499999999,-3.0662,-1.8332,-0.7470
3543,ETHUSDT,BUY,1791211372889,2706.435,-2.7712,-1.5888,2.6973
3544,ETHUSDT,SELL,1791211374214,2705.685,-0.4066,-0.1478,-5.0265
3545,ETHUSDT,SELL,1791211376741,2705.855,-1.4044,-0.9978,-4.2870
3546,BTCUSDT,SELL,1791211379365,85794.905,-0.6807,0.2063,0.0559
3547,ETHUSDT,BUY,1791211384033,2705.835,-0.4435,0.9978,7.4653
3548,BTCUSDT,BUY,1791211384162,85778.07500000001,0.0000,1.6881,3.8227
3549,BTCUSDT,SELL,1791211384944,85775.805,-1.1845,-1.9528,-4.0874
3550,BTCUSDT,SELL,1791211385258,85778.07500000001,-0.9198,-1.6881,-3.8227
3551,BTCUSDT,BUY,1791211390942,85793.13500000001,-0.0676,-0.0676,6.4830
3552,ETHUSDT,BUY,1791211400655,2706.065,0.3141,5.2475,7.1691
3553,ETHUSDT,SELL,1791211402138,2706.4449999999997,-0.5542,-3.1407,-4.2861
3554,BTCUSDT,SELL,1791211402246,85797.33499999999,-1.1877,-4.7391,-2.2262
3555,ETHUSDT,SELL,1791211402494,2706.475,-0.4434,-2.6972,-4.1752
3558,BTCUSDT,SELL,1791211404056,85807.525,-1.1607,-3.5510,-0.3263
3559,BTCUSDT,SELL,1791211404419,85811.345,-0.7155,-3.1056,0.1189
3560,ETHUSDT,SELL,1791211404549,2706.5950000000003,-1.0345,-3.3622,-3.7316
3561,BTCUSDT,SELL,1791211405962,85817.495,-0.1958,-1.4577,0.8355
3562,BTCUSDT,SELL,1791211407509,85823.125,-1.6860,-0.7329,1.4914
3563,ETHUSDT,SELL,1791211407856,2706.995,-0.7758,-1.1821,-2.1795
3564,BTCUSDT,SELL,1791211408002,85830.125,-0.9169,1.0684,2.3069
3565,BTCUSDT,SELL,1791211410361,85842.005,-0.6803,3.8233,3.9969
3566,ETHUSDT,SELL,1791211410634,2707.415,0.1477,2.0315,0.3694
3567,ETHUSDT,BUY,1791211411526,2707.475,-0.9972,-2.8809,-0.5910
3568,BTCUSDT,BUY,1791211412133,85839.41500000001,-0.8679,-3.7407,-4.7647
3569,BTCUSDT,SELL,1791211413191,85831.965,-0.7025,2.8719,4.4133
3570,ETHUSDT,SELL,1791211413744,2707.495,-0.0369,1.2188,1.8098
3571,BTCUSDT,BUY,1791211417564,85829.41500000001,-1.3900,-2.4153,-5.4247
3572,ETHUSDT,BUY,1791211418862,2707.255,-0.8126,-0.3324,-1.1820
3573,BTCUSDT,SELL,1791211425792,85807.315,-0.1597,1.7761,4.8621
3574,BTCUSDT,BUY,1791211428589,85805.945,-1.5605,-1.3426,-4.7025
3575,BTCUSDT,BUY,1791211429721,85792.555,0.0245,0.2180,-3.1425
3576,ETHUSDT,SELL,1791211430952,2706.995,-0.6280,-2.5490,2.7337
3577,BTCUSDT,BUY,1791211434407,85794.845,-0.3229,1.8672,-3.4093
3578,BTCUSDT,SELL,1791211438350,85792.07500000001,-0.2739,-4.1810,4.0085
3579,ETHUSDT,SELL,1791211441052,2707.685,-0.6278,-3.5455,5.1335
3580,ETHUSDT,SELL,1791211441658,2707.855,-0.0000,-2.9174,5.7979
3581,ETHUSDT,SELL,1791211447106,2707.855,-0.7017,-1.8834,6.0195
3582,ETHUSDT,SELL,1791211450107,2708.4049999999997,-0.8861,1.0707,8.4552
3583,ETHUSDT,SELL,1791211450883,2708.645,-0.0000,2.5843,9.3405
3584,BTCUSDT,BUY,1791211452430,85848.755,-0.8795,-3.7648,-11.4317
3585,BTCUSDT,BUY,1791211457035,85836.125,-1.3211,-3.0057,-12.1126
3586,ETHUSDT,BUY,1791211457324,2708.355,-0.8492,-2.8431,-11.2614
3587,BTCUSDT,BUY,1791211457927,85827.955,-0.3693,-2.0541,-10.3964
3588,ETHUSDT,BUY,1791211460166,2708.115,-1.2924,-2.9541,-10.8193
3589,ETHUSDT,BUY,1791211461639,2707.7650000000003,-0.5909,-1.6619,-11.3747
3590,BTCUSDT,BUY,1791211462785,85816.435,-0.7120,-2.4145,-12.1643
3591,ETHUSDT,BUY,1791211465562,2707.585,0.0000,-2.1421,-12.8158
3592,BTCUSDT,BUY,1791211469461,85810.32500000001,-0.3065,-2.2072,-12.8831
3593,BTCUSDT,BUY,1791211471297,85807.69,-1.0693,-1.1229,-13.4650
3594,BTCUSDT,BUY,1791211472365,85798.515,-0.6667,-0.0536,-13.7485
3595,ETHUSDT,BUY,1791211472375,2707.115,-0.4063,-0.4063,-11.7468
3596,BTCUSDT,BUY,1791211472796,85795.715,-0.3403,0.2727,-14.1860
3597,BTCUSDT,SELL,1791211477842,85782.85500000001,-0.8335,2.0121,15.9449
3598,ETHUSDT,SELL,1791211480765,2706.935,-0.2586,2.5121,14.8877
3599,BTCUSDT,BUY,1791211483288,85790.025,-2.1518,-2.8477,-22.8476
3600,BTCUSDT,BUY,1791211484158,85779.525,-0.9280,-1.6239,-21.4538
3601,ETHUSDT,BUY,1791211491471,2706.255,0.0000,0.1109,-12.5635
3602,BTCUSDT,SELL,1791211505638,85765.36499999999,0.4256,3.2624,17.7811
3603,BTCUSDT,BUY,1791211506475,85769.515,-0.9094,-5.0741,-18.2641
3604,BTCUSDT,BUY,1791211514656,85746.005,-1.1651,-4.7081,-17.8376
3605,ETHUSDT,BUY,1791211515374,2705.565,-0.0370,-5.3593,-10.2382
3606,BTCUSDT,BUY,1791211515982,85725.995,0.6375,-2.3750,-14.5837
3607,BTCUSDT,BUY,1791211518816,85738.705,-1.4171,-5.1809,-16.9853
3608,BTCUSDT,BUY,1791211522829,85712.045,-0.7479,-4.4381,-15.5276
3609,ETHUSDT,BUY,1791211523961,2704.475,-0.9983,-3.9564,-9.1700
3610,BTCUSDT,BUY,1791211526361,85705.63500000001,-1.3395,-5.5457,-11.3493
3611,ETHUSDT,BUY,1791211531731,2704.085,-0.8875,-6.3238,-4.7336
3612,ETHUSDT,SELL,1791211544719,2702.1549999999997,-1.0362,-0.5551,-2.4425
3613,ETHUSDT,SELL,1791211550399,2702.275,-2.1463,-1.7023,-2.3314
3614,ETHUSDT,SELL,1791211550880,2702.475,-1.4061,-1.1101,-1.5911
3615,ETHUSDT,BUY,1791211552138,2702.565,-0.9620,0.7770,1.5911
3616,ETHUSDT,SELL,1791211555988,2702.435,-3.1453,-1.2951,-1.1841
3617,BTCUSDT,SELL,1791211556800,85608.9,-1.0016,-0.4632,2.2725
3618,ETHUSDT,BUY,1791211559103,2703.125,-1.2208,-1.4058,-2.1457
3619,ETHUSDT,BUY,1791211575860,2703.2349999999997,-0.2959,-1.2208,-5.8818
3620,ETHUSDT,SELL,1791211585641,2702.8050000000003,-0.5920,1.0360,0.2220
3621,ETHUSDT,SELL,1791211585878,2702.9049999999997,-1.0359,1.9239,-0.1480
3622,ETHUSDT,BUY,1791211600133,2701.955,-0.2221,2.8128,12.2134
3623,BTCUSDT,SELL,1791211601623,85578.015,-0.6287,-2.6572,-10.9397
3624,BTCUSDT,SELL,1791211603633,85589.88500000001,-0.8365,-4.5344,-8.5781
3625,BTCUSDT,SELL,1791211604056,85593.565,-0.9510,-2.7268,-7.9866
3626,BTCUSDT,SELL,1791211605151,85601.705,-0.9918,0.7722,-6.8749
3627,BTCUSDT,BUY,1791211607457,85612.995,-1.4297,-3.6093,3.8557
3628,BTCUSDT,BUY,1791211607686,85609.495,-1.4333,-3.2006,4.4259
3629,BTCUSDT,SELL,1791211610838,85600.735,-0.0023,2.7383,-7.1483
3630,BTCUSDT,SELL,1791211612704,85620.545,-0.9519,7.0707,-4.8330
3631,BTCUSDT,BUY,1791211613767,85628.695,-2.8857,-8.0218,3.8807
3632,BTCUSDT,BUY,1791211614484,85607.60500000001,-1.4613,-7.3288,6.3452
3633,BTCUSDT,BUY,1791211614916,85603.985,-1.6974,-6.9062,6.7684
3634,BTCUSDT,BUY,1791211615258,85595.095,-0.6589,-5.8683,7.8077
3635,BTCUSDT,BUY,1791211615838,85593.065,-1.1309,-5.3229,8.0450
3636,ETHUSDT,BUY,1791211621642,2702.675,-0.2220,-2.8860,9.2871
3637,ETHUSDT,BUY,1791211623936,2702.605,-2.1461,-3.5521,10.2864
3638,BTCUSDT,SELL,1791211625574,85547.005,-0.0584,1.7523,-20.0556
3639,BTCUSDT,SELL,1791211626795,85547.505,-1.4588,1.3455,-19.9971
3640,BTCUSDT,SELL,1791211627507,85551.61499999999,-0.9784,1.8258,-19.1943
3641,BTCUSDT,BUY,1791211630072,85568.955,-2.0486,-2.3233,13.4465
3642,ETHUSDT,BUY,1791211630132,2702.285,-0.9621,0.0370,12.9520
3643,ETHUSDT,BUY,1791211630324,2702.085,-0.6662,0.7772,13.6931
3644,BTCUSDT,BUY,1791211631564,85551.42499999999,-1.0625,2.3623,15.4983
3645,ETHUSDT,BUY,1791211632191,2701.895,-0.9253,2.8128,13.6941
3646,ETHUSDT,BUY,1791211633337,2701.645,0.0000,4.8859,14.6207
3647,ETHUSDT,SELL,1791211638437,2701.645,-1.5916,-4.5898,-13.0661
3648,ETHUSDT,SELL,1791211639668,2702.075,-1.2583,-4.0709,-9.4372
3649,ETHUSDT,SELL,1791211640841,2702.415,-0.8881,-4.6255,-7.3268
3650,ETHUSDT,SELL,1791211641292,2702.615,-0.1480,-3.8851,-6.5862
3651,BTCUSDT,SELL,1791211641311,85565.82500000001,-0.6790,-6.1567,-9.3647
3652,BTCUSDT,SELL,1791211642336,85571.63500000001,-0.6240,-5.4773,-8.6851
3653,BTCUSDT,SELL,1791211642575,85576.975,-0.0000,-4.8529,-8.0606
3654,ETHUSDT,BUY,1791211643547,2702.965,-1.1099,2.5897,5.2905
3655,BTCUSDT,BUY,1791211644106,85576.975,-0.1589,6.5613,7.5125
3656,BTCUSDT,SELL,1791211645440,85576.985,-0.2851,-6.8967,-7.5114
3657,ETHUSDT,SELL,1791211645676,2702.745,-0.2960,-5.7719,-5.6609
3658,ETHUSDT,BUY,1791211646435,2702.935,-0.4070,5.0686,4.5506
3659,BTCUSDT,SELL,1791211646834,85579.42499999999,-1.3531,-7.7741,-7.2167
3660,BTCUSDT,SELL,1791211647953,85591.015,-0.6461,-6.4189,-5.7611
3661,BTCUSDT,SELL,1791211648970,85596.545,-1.3073,-6.7602,-3.6754
3662,BTCUSDT,SELL,1791211649957,85607.48999999999,-1.2867,-6.3680,-2.3322
3663,ETHUSDT,SELL,1791211650354,2703.325,-1.2577,-7.1394,-1.6276
3664,BTCUSDT,SELL,1791211650456,85610.285,-0.9602,-6.2749,-2.0056
3665,BTCUSDT,SELL,1791211653986,85622.995,-1.1831,-4.7078,-0.3504
3666,ETHUSDT,SELL,1791211654601,2703.995,-1.1465,-4.7707,-0.2219
3667,BTCUSDT,SELL,1791211658974,85654.41,-0.8867,-0.0648,0.7478
3668,BTCUSDT,SELL,1791211659878,85660.005,-1.3308,0.2522,1.4009
3669,ETHUSDT,SELL,1791211660376,2705.255,-0.8502,-0.6284,1.5895
3670,BTCUSDT,SELL,1791211660609,85664.005,-0.8638,0.2428,1.6343
3671,ETHUSDT,SELL,1791211660963,2705.395,-0.3696,-0.0739,1.8482
3672,BTCUSDT,BUY,1791211663320,85672.005,-1.3365,-1.1766,-1.8676
3673,BTCUSDT,BUY,1791211663574,85671.405,-1.2665,-1.1066,-2.0520
3674,ETHUSDT,BUY,1791211666490,2705.285,-2.6615,0.2588,-1.6634
3675,ETHUSDT,SELL,1791211669013,2704.815,-2.2552,-1.9964,2.0334
3676,ETHUSDT,SELL,1791211670712,2705.425,0.0370,0.9241,4.8791
3677,ETHUSDT,BUY,1791211680153,2705.3450000000003,-0.6284,1.6264,-5.5815
3678,ETHUSDT,SELL,1791211682637,2705.295,-0.3327,-1.1089,3.5486
3679,ETHUSDT,SELL,1791211684016,2705.385,-6.0250,-0.7762,3.8811
3680,ETHUSDT,BUY,1791211685202,2707.0150000000003,-0.8127,-6.1322,-9.9002
3681,ETHUSDT,BUY,1791211685786,2706.855,-1.5886,-5.5415,-9.3097
3682,BTCUSDT,BUY,1791211686863,85718.57500000001,-1.0908,-5.6650,-11.4923
3683,BTCUSDT,BUY,1791211687483,85715.82500000001,-0.7700,-5.5719,-10.7250
3684,ETHUSDT,BUY,1791211691808,2705.745,-0.5544,-4.9894,-2.2545
3685,ETHUSDT,BUY,1791211697198,2705.3450000000003,-0.6284,-4.5096,0.5175
3686,ETHUSDT,BUY,1791211697521,2705.285,-1.4047,-4.2879,0.8132
3687,BTCUSDT,BUY,1791211699689,85656.60500000001,-0.9013,-3.4031,2.3968
3688,BTCUSDT,BUY,1791211700808,85648.88500000001,-0.3421,-2.5021,3.2984
3689,ETHUSDT,BUY,1791211706273,2704.275,-0.5547,0.0370,5.1030
3690,BTCUSDT,BUY,1791211706619,85641.265,-0.0093,-0.1664,3.1223
3691,BTCUSDT,BUY,1791211709003,85628.005,-0.0642,2.3357,4.6714
3692,ETHUSDT,BUY,1791211710393,2703.7650000000003,-0.2589,3.9205,7.4341
3693,BTCUSDT,BUY,1791211711130,85627.445,-1.0838,3.0481,6.2842
3694,BTCUSDT,BUY,1791211712020,85621.64499999999,-0.4064,4.2314,7.5156
3695,ETHUSDT,SELL,1791211712745,2703.6949999999997,-0.6288,-5.5849,-10.1343
3696,BTCUSDT,SELL,1791211713615,85621.64499999999,-0.5092,-3.5458,-7.7504
3697,ETHUSDT,SELL,1791211714187,2703.9449999999997,-0.5547,-3.5134,-9.3567
3698,ETHUSDT,SELL,1791211717049,2704.615,-0.4067,0.3328,-7.1729
3699,BTCUSDT,SELL,1791211717957,85646.32500000001,-0.1962,4.4742,-5.1234
3700,BTCUSDT,SELL,1791211720384,85648.005,-0.6468,5.3556,-4.2033
3701,BTCUSDT,SELL,1791211720957,85650.005,-0.9189,5.5890,-3.7361
3702,ETHUSDT,SELL,1791211720960,2704.825,-0.8134,2.6619,-5.8044
3703,BTCUSDT,SELL,1791211721376,85653.545,-0.9877,6.0021,-3.2795
3704,ETHUSDT,SELL,1791211722483,2705.205,0.8872,4.0662,-3.7705
3705,ETHUSDT,BUY,1791211722829,2705.1949999999997,-0.8872,-4.0293,3.8075
3706,BTCUSDT,BUY,1791211723298,85656.005,-1.2188,-6.5378,1.7255
3707,BTCUSDT,BUY,1791211723799,85652.005,-0.7519,-6.0711,2.1926
3708,BTCUSDT,BUY,1791211725570,85645.565,-2.9856,-5.7785,1.5004
3709,BTCUSDT,BUY,1791211727788,85612.875,-1.0361,-2.7099,6.7420
3710,BTCUSDT,BUY,1791211729383,85604.005,-0.2184,-0.5631,7.7788
3711,BTCUSDT,BUY,1791211732707,85601.055,-0.1227,2.2138,8.0536
3712,ETHUSDT,BUY,1791211735281,2704.105,-1.6272,0.8506,9.0973
3713,BTCUSDT,BUY,1791211736245,85586.815,-0.0946,2.8462,11.5170
3714,BTCUSDT,SELL,1791211737247,85586.005,-1.5400,-4.4271,-12.1749
3715,ETHUSDT,SELL,1791211739935,2703.725,-0.9616,-5.2150,-11.9095
3716,ETHUSDT,SELL,1791211740617,2703.925,-0.7027,-4.4750,-9.9855
3717,BTCUSDT,SELL,1791211740887,85600.005,-2.1414,-4.7886,-10.5374
3718,ETHUSDT,SELL,1791211741874,2704.115,-0.8136,-3.7720,-9.2821
3719,BTCUSDT,BUY,1791211744446,85625.995,-1.7308,2.3895,6.3065
3720,BTCUSDT,BUY,1791211744990,85620.07500000001,-1.0395,3.2621,6.9984
3721,ETHUSDT,SELL,1791211749433,2704.915,-0.8133,-3.1794,-4.3255
3722,BTCUSDT,BUY,1791211749903,85640.995,0.0000,4.2199,3.3862
3723,BTCUSDT,SELL,1791211754634,85646.455,-1.1781,-3.0416,-2.9832
3724,BTCUSDT,SELL,1791211756790,85669.58499999999,-0.8813,0.1844,-0.2825
3725,ETHUSDT,BUY,1791211763213,2705.715,-0.2587,2.8089,3.6959
3726,BTCUSDT,SELL,1791211764782,85672.505,-0.0023,-2.2761,0.0584
3727,BTCUSDT,BUY,1791211765543,85677.13500000001,-1.0656,1.7356,-0.5988
3728,BTCUSDT,BUY,1791211766091,85672.525,-1.5057,2.2738,-0.0607
3729,BTCUSDT,BUY,1791211766426,85668.725,-1.0622,2.7174,0.3829
3730,BTCUSDT,SELL,1791211770842,85677.13500000001,-1.0341,-0.5684,-2.6682
3731,BTCUSDT,SELL,1791211771163,85681.255,-0.5532,-0.0875,-2.1872
3732,ETHUSDT,SELL,1791211771422,2706.0950000000003,-0.6282,-0.8869,-5.2844
3733,ETHUSDT,SELL,1791211772926,2706.435,-0.1478,0.7759,-4.0274
3734,ETHUSDT,SELL,1791211774547,2706.475,-0.3325,1.2562,-3.8796
3735,BTCUSDT,SELL,1791211774559,85690.005,-0.2334,2.2430,-1.1670
3736,ETHUSDT,SELL,1791211778525,2706.355,-0.1478,0.4434,-5.7273
3737,BTCUSDT,BUY,1791211779688,85690.205,-0.9569,-3.1789,1.8993
3738,BTCUSDT,BUY,1791211780410,85684.005,-0.2766,-2.9854,1.2103
3739,BTCUSDT,BUY,1791211781599,85681.63500000001,-1.2663,-1.8925,0.2766
3740,ETHUSDT,BUY,1791211782938,2706.225,-0.2956,0.1848,4.2495
3741,ETHUSDT,BUY,1791211784637,2706.135,-0.1109,0.8130,2.3280
3742,BTCUSDT,SELL,1791211786788,85658.42499999999,-1.4208,-3.7101,-1.0192
3743,ETHUSDT,BUY,1791211789782,2706.2349999999997,-0.5173,2.6236,1.9584
3744,BTCUSDT,BUY,1791211789971,85662.965,-0.5300,3.1799,0.4891
3745,ETHUSDT,SELL,1791211791782,2706.1549999999997,-0.4434,-1.7368,-2.2541
3746,ETHUSDT,SELL,1791211794948,2706.355,-1.7736,-0.9977,-1.5519
3747,BTCUSDT,SELL,1791211795517,85680.005,-1.1905,0.0502,1.4998
3748,ETHUSDT,SELL,1791211795728,2706.565,-1.3670,0.3695,-0.7759
3749,ETHUSDT,SELL,1791211796742,2706.935,-0.2586,1.9579,0.5911
3750,ETHUSDT,BUY,1791211799778,2707.005,-1.4038,-2.5120,-0.5541
3751,ETHUSDT,BUY,1791211806384,2706.465,-0.6651,0.8868,-0.0739
3752,ETHUSDT,BUY,1791211807338,2706.4049999999997,-1.8105,1.1085,-0.4803
3753,BTCUSDT,BUY,1791211807694,85672.005,-0.8556,0.0000,-3.4224
3754,ETHUSDT,SELL,1791211813208,2706.635,-0.2586,-0.2956,0.8498
3755,BTCUSDT,SELL,1791211826433,85672.005,-1.6341,-3.2683,2.7722
3756,BTCUSDT,SELL,1791211827463,85686.005,-0.7002,-2.6661,4.4056
3757,BTCUSDT,SELL,1791211827835,85688.66500000001,-0.3898,-2.4542,4.7159
3758,BTCUSDT,SELL,1791211830135,85696.005,-0.4656,0.0992,5.5720
3759,ETHUSDT,SELL,1791211836860,2707.535,-0.8125,2.8439,3.6934
3760,BTCUSDT,SELL,1791211836919,85700.005,-1.1307,3.8331,5.1727
3761,BTCUSDT,SELL,1791211837119,85702.005,-0.8973,4.0664,5.4059
3762,BTCUSDT,BUY,1791211839650,85709.695,-2.2681,-4.9633,-6.2863
3763,ETHUSDT,BUY,1791211839653,2707.895,-1.3294,-4.1730,-3.6560
3764,ETHUSDT,BUY,1791211839898,2707.715,-0.7017,-3.5085,-2.9915
3765,BTCUSDT,BUY,1791211840993,85685.195,-0.1389,-2.1054,-3.4288
3766,BTCUSDT,BUY,1791211844484,85678.005,-1.2664,-1.2664,-2.5899
3767,BTCUSDT,BUY,1791211859000,85672.005,-1.5571,-3.9686,-5.6016
3768,BTCUSDT,BUY,1791211859908,85666.155,-0.8743,-2.5856,-4.9203
3769,ETHUSDT,SELL,1791211863753,2706.525,-0.0000,0.4434,3.8056
3770,BTCUSDT,BUY,1791211864314,85658.66500000001,-1.0098,-1.4616,-5.6807
3771,BTCUSDT,SELL,1791211869490,85638.005,-0.9342,-0.5080,6.0721
3772,ETHUSDT,SELL,1791211870185,2706.315,-0.2956,-0.5912,5.3209
3773,BTCUSDT,SELL,1791211872370,85646.005,-0.0163,0.4262,6.9892
3774,BTCUSDT,SELL,1791211875041,85646.14499999999,-0.3865,-0.6842,6.5549
3775,ETHUSDT,SELL,1791211875377,2706.415,-0.4803,-0.2217,4.7665
3776,ETHUSDT,SELL,1791211876428,2706.545,-0.4064,1.7735,5.2465
3777,ETHUSDT,BUY,1791211878977,2706.645,-0.6281,-1.1084,-6.2439
3778,BTCUSDT,SELL,1791211884401,85650.005,0.2043,0.6515,6.0712
3779,BTCUSDT,BUY,1791211885078,85652.005,-0.4378,-0.9340,-7.1545
3780,ETHUSDT,BUY,1791211885348,2706.475,-1.5149,-0.4434,-6.3182
3781,ETHUSDT,SELL,1791211890727,2706.355,-0.1109,-2.0323,7.7965
3782,BTCUSDT,BUY,1791211893649,85648.005,-0.4180,0.9119,-7.9979
3783,ETHUSDT,SELL,1791211896238,2706.365,-1.2193,2.8821,8.4985
3784,BTCUSDT,SELL,1791211896548,85648.015,-0.9107,4.6714,9.0358
3785,ETHUSDT,SELL,1791211897168,2706.645,-0.9606,3.5468,9.5321
3786,ETHUSDT,BUY,1791211904678,2706.6949999999997,-1.6625,-3.9532,-13.8915
3787,BTCUSDT,BUY,1791211905969,85638.38500000001,-3.0033,-1.6628,-13.3562
3788,ETHUSDT,SELL,1791211907102,2705.585,-0.8131,-1.1827,11.7165
3789,BTCUSDT,SELL,1791211913856,85620.015,-0.4660,0.9355,14.4838
3790,BTCUSDT,SELL,1791211914132,85622.005,-0.2336,1.3536,14.7158
3791,BTCUSDT,SELL,1791211916384,85624.14499999999,-0.2172,2.1174,13.7975
3792,ETHUSDT,BUY,1791211917924,2705.895,-0.9978,-3.3261,-14.1543
3793,ETHUSDT,BUY,1791211918256,2705.8050000000003,-0.6652,-2.9936,-13.6004
3794,BTCUSDT,BUY,1791211919947,85624.005,-0.3924,-4.4380,-10.9782
3795,BTCUSDT,BUY,1791211920160,85623.13500000001,-0.2908,-4.3364,-10.8767
3796,BTCUSDT,BUY,1791211923049,85617.275,-0.6167,-3.4187,-8.5579
3797,BTCUSDT,BUY,1791211924278,85610.41500000001,-0.4999,-2.3841,-7.7572
3798,ETHUSDT,BUY,1791211926710,2705.385,-1.4046,-0.9610,-8.1689
3799,BTCUSDT,BUY,1791211927735,85600.005,-1.6086,-0.9346,-4.9077
3800,BTCUSDT,SELL,1791211932529,85586.14499999999,-0.2173,-2.6348,3.2891
3801,ETHUSDT,SELL,1791211932776,2704.955,-0.8503,-0.9242,4.5842
3802,BTCUSDT,SELL,1791211935619,85590.005,-0.2337,-0.0000,3.2714
3803,BTCUSDT,SELL,1791211938659,85592.005,-1.4663,1.6205,3.4886
3804,ETHUSDT,SELL,1791211939565,2704.975,-0.5915,3.5860,4.7320
3805,BTCUSDT,BUY,1791211946626,85584.765,-0.7747,-1.6522,0.8459
3806,ETHUSDT,SELL,1791211953761,2704.4849999999997,0.7025,4.3261,-2.3664
3807,ETHUSDT,BUY,1791211954467,2704.475,-1.5160,-5.6943,3.0690
3808,ETHUSDT,BUY,1791211954758,2704.4449999999997,-1.4051,-5.5834,3.1800
3809,BTCUSDT,BUY,1791211960004,85564.725,-1.0191,-7.3056,6.9281
3810,BTCUSDT,BUY,1791211960226,85564.005,-0.9350,-7.2460,6.0165
3811,ETHUSDT,BUY,1791211962505,2703.415,-0.3699,-5.6595,3.6620
3812,ETHUSDT,BUY,1791211962861,2703.395,-1.7016,-5.5856,3.7360
3813,ETHUSDT,SELL,1791211967330,2702.415,1.3321,1.7762,-7.6968
3814,ETHUSDT,SELL,1791211973889,2701.895,-0.0740,-5.6997,-10.8813
3815,BTCUSDT,SELL,1791211977264,85508.005,-0.7017,-5.1457,-14.1484
3816,BTCUSDT,SELL,1791211977999,85513.07500000001,-0.5765,-5.2530,-13.4400
3817,ETHUSDT,SELL,1791211978686,2702.125,-0.7032,-4.5520,-9.8441
3818,BTCUSDT,SELL,1791211978750,85514.005,-1.8710,-5.1442,-13.3311
3819,ETHUSDT,SELL,1791211979622,2702.275,-0.6291,-4.0706,-7.2531
3820,BTCUSDT,SELL,1791211980485,85532.015,-0.3683,-3.0375,-11.0158
3821,BTCUSDT,SELL,1791211981370,85534.005,-0.4677,-2.8047,-10.0545
3822,BTCUSDT,SELL,1791211981910,85536.005,-0.8172,-2.5708,-9.1260
3823,BTCUSDT,SELL,1791211986343,85545.055,-1.0462,-1.9814,-6.5626
3824,BTCUSDT,SELL,1791211987487,85554.005,-0.4664,-0.9351,-5.8361
3825,ETHUSDT,BUY,1791211995295,2703.375,-0.7028,2.0715,5.5116
3826,ETHUSDT,SELL,1791211997366,2703.415,-1.0357,-3.5881,-6.2144
3829,ETHUSDT,BUY,1791212004092,2703.675,-0.1849,6.0288,4.4014
3830,BTCUSDT,SELL,1791212005266,85578.005,-1.4022,-5.8426,-3.7393
3831,ETHUSDT,SELL,1791212005597,2703.935,-0.5917,-6.3241,-3.4394
3832,BTCUSDT,SELL,1791212006460,85590.005,-0.2337,-4.6734,-2.3367
3833,ETHUSDT,SELL,1791212008406,2704.125,-0.4438,-3.5871,-2.7366
3834,BTCUSDT,SELL,1791212008981,85594.005,-0.2500,-4.3210,-1.8693
3835,BTCUSDT,SELL,1791212010386,85599.995,-0.9065,-1.8096,-0.6893
3836,BTCUSDT,SELL,1791212010574,85601.86499999999,-0.6881,-1.5911,-0.4019
3837,ETHUSDT,SELL,1791212012397,2704.775,-0.8134,1.3310,2.9947
3838,ETHUSDT,SELL,1791212013462,2704.995,-1.1460,2.1442,4.3623
3839,ETHUSDT,SELL,1791212014923,2705.3050000000003,-1.2568,3.2898,4.6945
3840,BTCUSDT,SELL,1791212015344,85628.005,-0.2336,1.4621,4.4378
3841,ETHUSDT,BUY,1791212016546,2705.585,-0.1848,-4.2874,-3.1786
3842,ETHUSDT,BUY,1791212018053,2705.525,-2.4395,-3.8070,-0.8501
3843,BTCUSDT,BUY,1791212020975,85615.485,0.0000,1.0535,0.9951
3844,ETHUSDT,BUY,1791212021719,2704.4449999999997,-0.1479,1.0723,4.0304
3845,BTCUSDT,SELL,1791212026609,85616.85500000001,-0.1343,-1.9354,-0.6763
3846,ETHUSDT,SELL,1791212026808,2704.425,-0.2588,-1.3312,-3.2909
3847,ETHUSDT,SELL,1791212029600,2704.495,-0.4067,0.9614,-3.0320
3848,ETHUSDT,SELL,1791212030628,2704.605,-0.4807,0.9613,-2.6252
3849,ETHUSDT,SELL,1791212031172,2704.725,-0.0370,1.4049,-2.2923
3850,BTCUSDT,SELL,1791212033482,85631.83499999999,-0.4648,2.5493,2.2632
3851,ETHUSDT,SELL,1791212034075,2704.835,-0.9982,2.3661,-0.1479
3852,ETHUSDT,BUY,1791212035885,2705.0950000000003,-1.1460,-2.9943,-0.8133
3853,BTCUSDT,BUY,1791212040880,85626.235,-1.4213,-2.5962,-0.9612
3854,ETHUSDT,BUY,1791212043817,2704.3050000000003,-0.4068,2.0708,3.3650
3855,BTCUSDT,BUY,1791212044099,85606.905,-0.6670,-0.1869,0.8749
3856,BTCUSDT,BUY,1791212044496,85606.465,-0.6156,-0.1355,0.6471
3857,ETHUSDT,BUY,1791212044823,2704.1949999999997,-0.5177,2.4776,1.5531
3858,ETHUSDT,SELL,1791212046720,2704.425,-0.7765,-2.4774,-1.6270
3859,ETHUSDT,SELL,1791212050764,2704.645,-0.7764,-1.2571,-0.2958
3860,ETHUSDT,SELL,1791212050931,2704.7650000000003,-0.3327,-0.8134,0.1479
3861,BTCUSDT,SELL,1791212056191,85605.305,-0.0164,-0.5490,0.8971
3862,ETHUSDT,SELL,1791212056543,2704.865,-0.8503,-0.0000,2.2922
3863,ETHUSDT,SELL,1791212057839,2705.105,-0.5545,0.8872,3.1792
3864,ETHUSDT,BUY,1791212068963,2704.675,-0.8134,2.3293,2.1814
3865,BTCUSDT,BUY,1791212070919,85604.055,-1.2967,2.3305,2.0969
3866,BTCUSDT,BUY,1791212071704,85598.005,-0.9346,3.0375,2.8038
3867,BTCUSDT,BUY,1791212072686,85591.345,-0.6297,3.8158,3.5821
3868,ETHUSDT,BUY,1791212072925,2703.965,-0.3698,4.9557,5.6953
3869,ETHUSDT,SELL,1791212075305,2704.4449999999997,-1.0353,-3.1800,-3.9195
3870,BTCUSDT,SELL,1791212077546,85608.005,-1.1681,-1.4017,-1.6354
3871,ETHUSDT,SELL,1791212080183,2705.375,-0.2218,0.2218,-0.4805
3872,ETHUSDT,SELL,1791212081577,2705.435,0.4805,0.3327,-0.2587
3873,ETHUSDT,BUY,1791212082008,2705.525,-0.8132,-0.6653,-0.0739
3874,BTCUSDT,SELL,1791212090480,85620.005,-0.0164,0.2336,0.9344
3875,ETHUSDT,SELL,1791212090811,2705.315,-0.1109,0.4066,1.9591
3876,BTCUSDT,BUY,1791212092397,85620.14499999999,-0.4835,-0.2499,-0.9507
3877,BTCUSDT,SELL,1791212096972,85612.455,-0.4789,0.2862,0.0526
3878,ETHUSDT,SELL,1791212097623,2704.925,0.0370,-0.0739,0.5176
3879,BTCUSDT,BUY,1791212098027,85616.555,-0.0654,-0.7650,-0.5314
3880,BTCUSDT,BUY,1791212104060,85615.995,-0.6996,-1.3584,-0.4660
3881,ETHUSDT,BUY,1791212104635,2705.0550000000003,-0.7024,-1.2199,-0.9981
3882,ETHUSDT,SELL,1791212105337,2704.835,-0.1109,0.4067,0.1849
3883,ETHUSDT,BUY,1791212108209,2704.9449999999997,-0.8133,-2.3660,-2.9206
3884,ETHUSDT,BUY,1791212108551,2704.875,-0.5546,-1.4418,-2.6619
3885,BTCUSDT,BUY,1791212108625,85610.005,-0.6588,-1.1295,-2.3362
3886,BTCUSDT,BUY,1791212108877,85608.005,-0.4252,-0.8889,-2.1026
3887,BTCUSDT,SELL,1791212118522,85600.015,-0.0444,-2.1016,4.9077
3888,ETHUSDT,SELL,1791212118918,2704.4849999999997,-0.5177,-2.8841,4.0303
3889,BTCUSDT,SELL,1791212119871,85600.39499999999,-0.1881,-2.5245,5.6670
3890,ETHUSDT,SELL,1791212120721,2704.625,-1.2571,-3.2537,5.9897
3891,BTCUSDT,SELL,1791212127733,85612.005,-0.7008,-1.1681,6.0739
3892,ETHUSDT,SELL,1791212128004,2704.965,-1.1460,-1.9963,5.8411
3893,BTCUSDT,SELL,1791212128178,85614.005,-0.9344,-0.9344,6.0130
3894,BTCUSDT,SELL,1791212138486,85622.005,-0.4123,0.9343,5.3725
3895,ETHUSDT,BUY,1791212146210,2705.505,-2.2177,-2.6612,-7.0227
3896,BTCUSDT,BUY,1791212146483,85626.005,-1.1679,-1.6350,-5.8393
3897,BTCUSDT,BUY,1791212147120,85618.11499999999,-0.4800,-0.7136,-4.9184
3898,ETHUSDT,BUY,1791212147490,2704.9049999999997,-0.4436,-0.4436,-4.8061
3899,BTCUSDT,BUY,1791212147859,85614.445,-0.2850,-0.2850,-4.4899
3900,BTCUSDT,BUY,1791212148624,85614.005,-0.2336,-0.2336,-4.4385
3901,BTCUSDT,BUY,1791212165578,85612.005,-1.8923,-4.3440,-9.3713
3902,BTCUSDT,BUY,1791212165921,85608.005,-1.9800,-4.2052,-8.9045
3903,ETHUSDT,BUY,1791212166116,2704.785,-2.3292,-2.9577,-10.6848
3904,BTCUSDT,BUY,1791212166416,85604.36499999999,-1.6775,-4.7147,-8.4797
3905,BTCUSDT,BUY,1791212166726,85595.805,-0.6776,-3.9400,-7.4805
3906,ETHUSDT,SELL,1791212171994,2704.475,-0.0740,5.5094,4.4741
3907,ETHUSDT,BUY,1791212173491,2704.495,-0.3698,-5.6203,-4.8068
3908,BTCUSDT,BUY,1791212173692,85589.015,-0.1168,-5.2577,-1.9757
3909,ETHUSDT,BUY,1791212173725,2704.415,-0.0740,-5.3246,-4.6960
3910,BTCUSDT,BUY,1791212175468,85576.005,-1.5729,-2.8185,-0.4557
3911,BTCUSDT,BUY,1791212175999,85572.005,-1.3439,-2.3512,0.0117
3912,BTCUSDT,BUY,1791212176433,85564.005,-0.7012,-1.4165,0.9467
3913,BTCUSDT,BUY,1791212176718,85562.525,-0.5283,-1.2435,1.1196
3914,BTCUSDT,BUY,1791212176918,85562.005,-0.4675,-1.1828,1.1804
3915,ETHUSDT,BUY,1791212177933,2703.775,-1.4054,-1.4424,-2.0342
3916,BTCUSDT,BUY,1791212178841,85558.005,-0.7153,0.9350,1.6480
3917,ETHUSDT,BUY,1791212180305,2703.215,-0.7769,2.1086,0.0370
3918,ETHUSDT,BUY,1791212181942,2703.0,-0.0925,3.6441,2.5712
3919,ETHUSDT,BUY,1791212182288,2702.9849999999997,-0.0370,3.6996,2.6267
3920,BTCUSDT,SELL,1791212183790,85544.015,-0.9200,-3.7396,-4.6748
3921,BTCUSDT,SELL,1791212184246,85547.795,-0.4781,-3.2976,-4.2327
3922,BTCUSDT,SELL,1791212187396,85554.625,-0.9409,-2.4990,-3.4341
3923,BTCUSDT,SELL,1791212188012,85561.795,-0.4920,-1.6608,-2.5958
3924,ETHUSDT,SELL,1791212188602,2703.395,-1.4426,0.9248,-1.2207
3925,BTCUSDT,SELL,1791212188647,85562.67499999999,-0.8567,-1.5579,-2.4929
3926,ETHUSDT,SELL,1791212189629,2703.785,-0.7397,2.3671,0.2219
3927,ETHUSDT,BUY,1791212192690,2703.9799999999996,-0.6472,-2.8661,-0.9431
3928,ETHUSDT,SELL,1791212204031,2703.5550000000003,-0.1849,-0.6658,-0.6288
3929,ETHUSDT,SELL,1791212209019,2703.605,-1.6644,6.3249,-2.0713
3930,BTCUSDT,SELL,1791212209084,85576.005,-0.6170,4.9079,-3.0382
3931,BTCUSDT,SELL,1791212209376,85581.215,-0.0082,5.5164,-2.4293
3932,ETHUSDT,SELL,1791212209397,2703.675,-0.7397,6.5836,-1.8123
3933,BTCUSDT,SELL,1791212209531,85581.275,-0.0012,5.5234,-2.4223
3934,ETHUSDT,BUY,1791212210306,2704.0550000000003,-1.1834,-7.9880,0.4068
3935,ETHUSDT,SELL,1791212214297,2703.7349999999997,-0.7397,6.8054,-2.9589
3936,BTCUSDT,SELL,1791212214920,85581.285,-1.0189,5.7851,-4.1995
3937,ETHUSDT,SELL,1791212215149,2703.8450000000003,2.5704,7.2120,-3.3656
3938,BTCUSDT,SELL,1791212215269,85585.515,2.5822,6.2791,-3.7051
3939,BTCUSDT,BUY,1791212217417,85544.015,-1.1702,-0.7575,8.8831
3940,BTCUSDT,BUY,1791212217579,85544.005,-1.1690,-0.7563,9.1169
3941,ETHUSDT,BUY,1791212218452,2702.0950000000003,-0.7402,0.2961,9.8442
3942,BTCUSDT,BUY,1791212221011,85534.005,-0.2607,2.1044,10.5221
3943,ETHUSDT,SELL,1791212226784,2701.895,-1.0363,-4.4043,-10.5482
3944,BTCUSDT,SELL,1791212229454,85537.535,-0.7564,-4.0415,-11.4523
3945,BTCUSDT,SELL,1791212230111,85542.005,-1.1690,-3.5187,-11.1676
3946,BTCUSDT,SELL,1791212232681,85572.11499999999,0.0012,-1.3895,-10.2265
3947,ETHUSDT,BUY,1791212233603,2703.1949999999997,-0.4069,1.8497,9.9512
3948,ETHUSDT,SELL,1791212237474,2703.085,-0.5179,-2.2567,-10.3585
3949,BTCUSDT,SELL,1791212242258,85580.015,-0.4662,-0.9336,-9.3024
3950,ETHUSDT,SELL,1791212248134,2703.6949999999997,-0.1110,-0.1110,-8.5069
3951,ETHUSDT,BUY,1791212253589,2703.685,-1.3870,0.1479,7.9151
3952,BTCUSDT,BUY,1791212253713,85581.535,0.0684,1.0832,8.9692
3953,BTCUSDT,BUY,1791212254016,85580.005,0.5550,1.6043,9.1482
3954,BTCUSDT,SELL,1791212255042,85584.755,-0.7069,-1.3145,-8.5927
3955,BTCUSDT,SELL,1791212264060,85593.745,-0.2640,-1.8997,-8.1665
3956,ETHUSDT,SELL,1791212265680,2703.935,-0.7766,-3.0326,-5.9543
3957,ETHUSDT,SELL,1791212270855,2704.165,-1.3683,-2.7735,-2.2558
3959,BTCUSDT,SELL,1791212271182,85604.005,-0.7009,-2.3363,-4.8643
3958,ETHUSDT,SELL,1791212271115,2704.385,-0.5547,-1.3312,-1.4421
3960,BTCUSDT,SELL,1791212274351,85610.005,-0.8434,-0.0362,-4.0544
3961,BTCUSDT,SELL,1791212275918,85617.225,-0.3247,-0.5338,-3.2108
3962,BTCUSDT,SELL,1791212277569,85620.005,-0.4672,-0.5746,-2.8860
3963,BTCUSDT,SELL,1791212279057,85626.805,-0.1401,-0.6073,-2.0916
3964,BTCUSDT,BUY,1791212280772,85628.005,-2.0659,1.1141,-0.3352
3965,ETHUSDT,BUY,1791212280813,2704.915,-0.8503,1.9964,-1.5527
3966,BTCUSDT,BUY,1791212281394,85624.005,-1.5989,4.1659,0.1320
3967,ETHUSDT,SELL,1791212287508,2704.745,-1.6268,-4.2148,0.9243
3968,BTCUSDT,SELL,1791212287920,85628.005,-0.4671,-3.6927,0.3352
3969,BTCUSDT,SELL,1791212289375,85632.005,-0.6470,-3.2254,0.8023
3970,ETHUSDT,BUY,1791212292008,2705.995,-0.4065,-0.4065,-4.9150
3971,BTCUSDT,BUY,1791212292139,85659.67499999999,-0.0058,-0.0058,-4.0532
3972,ETHUSDT,SELL,1791212304991,2705.885,-0.4065,0.2217,6.5783
3973,BTCUSDT,SELL,1791212318339,85652.435,-1.0332,0.7927,3.5527
3974,BTCUSDT,SELL,1791212319691,85661.285,-0.0841,1.8258,4.5855
3975,BTCUSDT,SELL,1791212321859,85662.015,-0.1903,1.9110,4.6707
3976,BTCUSDT,BUY,1791212324286,85663.64499999999,-0.4249,-2.2098,-4.8445
3977,BTCUSDT,BUY,1791212324515,85663.60500000001,-0.5813,-2.2051,-4.8399
3978,BTCUSDT,BUY,1791212324692,85662.265,-0.4249,-2.0487,-4.6835
3979,ETHUSDT,BUY,1791212325785,2705.545,-1.8111,-3.1417,-5.3224
3980,BTCUSDT,BUY,1791212326093,85658.005,-0.2195,-1.5515,-4.1864
3981,ETHUSDT,BUY,1791212326309,2705.0550000000003,0.0000,-1.3308,-2.8096
3982,BTCUSDT,BUY,1791212327459,85656.125,-1.2235,-1.3321,-2.0816
3983,ETHUSDT,BUY,1791212356116,2704.185,-1.7011,-0.2958,2.7735
3984,BTCUSDT,BUY,1791212356565,85608.38500000001,-0.7441,0.8901,6.2634
3985,ETHUSDT,BUY,1791212356681,2703.825,-0.3698,1.0356,4.1053
3986,ETHUSDT,SELL,1791212358105,2703.725,-0.2219,-1.4055,-4.4753
3987,ETHUSDT,SELL,1791212359734,2703.785,-0.2589,-1.1835,-4.2533
3988,BTCUSDT,SELL,1791212366317,85613.935,-0.2418,-0.9426,-3.4434
3989,BTCUSDT,SELL,1791212372173,85617.61499999999,-0.5127,-0.5127,-3.0134
3990,ETHUSDT,BUY,1791212388837,2704.315,-0.6656,0.9614,-4.2894
3991,BTCUSDT,BUY,1791212394003,85651.995,-0.5476,1.6357,-7.8235
3992,ETHUSDT,SELL,1791212401452,2703.815,-3.0697,-3.9574,-0.3698
3993,BTCUSDT,SELL,1791212401772,85637.60500000001,-1.6815,-2.8492,5.1461
3994,BTCUSDT,SELL,1791212402373,85650.005,-1.1687,-1.4011,6.5931
3995,BTCUSDT,SELL,1791212402941,85652.01000000001,-1.6339,-1.1669,6.8732
3996,BTCUSDT,SELL,1791212404143,85666.015,-0.9327,0.4681,9.4588
3997,ETHUSDT,SELL,1791212404254,2704.915,-0.6655,0.1109,4.0667
3998,BTCUSDT,SELL,1791212404861,85668.005,-0.7004,0.7004,9.8275
3999,ETHUSDT,SELL,1791212405259,2705.0950000000003,-0.6284,0.5915,4.7318
4000,ETHUSDT,BUY,1791212406970,2705.045,-0.8872,-0.4066,-4.7689
4001,ETHUSDT,BUY,1791212407852,2704.865,-1.0352,0.2588,-5.3977
4002,ETHUSDT,SELL,1791212408877,2704.585,-0.2218,-1.2941,4.3630
4003,ETHUSDT,SELL,1791212410200,2704.645,-0.8874,-1.0722,5.5830
4004,BTCUSDT,BUY,1791212422044,85659.985,-1.0612,-1.9344,-11.4394
4005,BTCUSDT,BUY,1791212423649,85650.89499999999,-0.3374,-0.8733,-10.6117
4006,BTCUSDT,BUY,1791212434268,85635.065,-0.5909,-3.1599,-11.8012
4007,BTCUSDT,BUY,1791212434563,85634.785,-0.5582,-3.5103,-11.7686
4008,BTCUSDT,BUY,1791212435142,85631.16500000001,-0.1962,-3.1717,-11.1128
4009,BTCUSDT,BUY,1791212436013,85630.005,-0.2312,-3.4205,-10.9775
4010,BTCUSDT,BUY,1791212440138,85624.16500000001,-0.4858,-4.3306,-9.1283
4011,BTCUSDT,BUY,1791212441869,85616.88500000001,-0.5700,-3.4806,-8.2787
4012,BTCUSDT,BUY,1791212442504,85614.005,-0.2336,-3.2705,-7.9426
4013,ETHUSDT,BUY,1791212443541,2703.795,-0.2589,-2.3670,-5.9916
4014,BTCUSDT,BUY,1791212445321,85604.005,-0.3843,-2.2219,-6.7754
4015,ETHUSDT,BUY,1791212447817,2703.3050000000003,-0.5549,2.9223,-4.1801
4016,ETHUSDT,SELL,1791212455091,2703.1549999999997,-3.4774,-2.4416,0.9988
4017,BTCUSDT,SELL,1791212456923,85586.005,-0.2337,0.8167,2.3380
4018,BTCUSDT,SELL,1791212457708,85587.375,-0.3073,1.0948,2.4980
4019,ETHUSDT,BUY,1791212461366,2703.975,-0.5917,-4.2160,-4.0311
4020,BTCUSDT,BUY,1791212465504,85583.815,-0.2559,-2.2948,-0.9126
4021,BTCUSDT,BUY,1791212466508,85581.625,-0.3061,-0.8915,-0.6567
4022,BTCUSDT,BUY,1791212467496,85579.005,-0.5726,-0.3506,-0.3506
4023,BTCUSDT,BUY,1791212469435,85572.345,-0.2735,-0.5072,-0.7421
4024,ETHUSDT,BUY,1791212470410,2703.135,-1.1098,-1.4058,-1.2578
4025,ETHUSDT,BUY,1791212473795,2702.795,-0.5920,-1.1100,0.0000
4026,BTCUSDT,SELL,1791212475339,85560.065,-0.9280,1.6433,-0.1426
4027,BTCUSDT,SELL,1791212475731,85564.17499999999,-1.1488,2.1236,0.3378
4028,BTCUSDT,SELL,1791212476884,85574.005,-0.2337,3.2720,1.4864
4029,ETHUSDT,SELL,1791212477399,2703.005,-0.0000,2.5527,0.7769
4030,BTCUSDT,BUY,1791212479248,85570.005,-0.7023,-3.0384,-1.0190
4031,BTCUSDT,BUY,1791212479648,85568.005,-0.6287,-2.8644,-0.7853
4032,BTCUSDT,BUY,1791212479885,85566.005,-0.4675,-3.7310,-1.2470
4033,BTCUSDT,BUY,1791212480711,85562.625,-0.0736,-3.3449,-1.1664
4034,BTCUSDT,BUY,1791212484456,85559.975,-1.6328,-3.0353,-2.5678
4035,BTCUSDT,BUY,1791212484795,85546.595,-0.0690,-1.4717,-1.4472
4036,ETHUSDT,BUY,1791212489114,2702.1549999999997,-0.2220,0.7772,-2.3315
4037,ETHUSDT,BUY,1791212491904,2702.0950000000003,-0.5921,0.2961,-2.1835
4038,BTCUSDT,SELL,1791212495062,85535.375,-0.0737,-1.2428,6.4967
4039,ETHUSDT,SELL,1791212496967,2702.205,-0.2590,0.1110,6.6982
4040,BTCUSDT,SELL,1791212497594,85542.005,-0.0000,-0.4676,7.6489
4041,ETHUSDT,SELL,1791212501770,2702.145,-0.1110,-1.5543,6.0693
4042,ETHUSDT,SELL,1791212508007,2702.175,-1.4433,-2.6275,4.8109
4043,ETHUSDT,SELL,1791212508307,2702.205,-1.3322,-2.5165,4.9219
4044,ETHUSDT,SELL,1791212511790,2702.565,-1.1841,-1.1841,8.4734
4045,BTCUSDT,SELL,1791212524141,85565.995,-1.1699,0.5505,6.0772
4046,ETHUSDT,BUY,1791212528537,2703.2650000000003,-1.7386,-1.7386,-5.8818
4047,BTCUSDT,BUY,1791212530776,85562.225,-0.1099,-1.1197,-2.5969
4048,BTCUSDT,BUY,1791212531118,85562.10500000001,-0.0958,-1.4890,-2.5829
4049,BTCUSDT,BUY,1791212531359,85562.005,-0.0841,-1.4773,-2.5712
4050,BTCUSDT,BUY,1791212531972,85561.285,0.0000,-1.5521,-2.4871
4051,BTCUSDT,BUY,1791212539666,85561.285,-1.0098,-3.7903,-3.8382
4052,ETHUSDT,BUY,1791212540281,2702.725,-0.3330,-4.4400,-2.7750
4053,ETHUSDT,BUY,1791212543769,2702.125,-0.4441,-2.2945,0.6291
4054,BTCUSDT,BUY,1791212544042,85540.815,-0.7716,-4.7708,-0.5003
4055,ETHUSDT,BUY,1791212551566,2701.5150000000003,-0.0370,-3.7386,0.9994
4056,ETHUSDT,BUY,1791212554393,2701.505,-3.3315,-0.1481,2.0729
4057,ETHUSDT,BUY,1791212557718,2700.385,-1.0369,1.8146,9.9245
4058,BTCUSDT,SELL,1791212559361,85476.57500000001,-0.1603,0.2480,-11.1645
4059,BTCUSDT,SELL,1791212564284,85488.725,-0.3837,-1.0329,-11.1442
4060,BTCUSDT,SELL,1791212571543,85475.82500000001,-0.9207,-3.9181,-13.3582
4061,ETHUSDT,SELL,1791212572093,2700.315,-0.8518,-5.3327,-12.8874
4062,BTCUSDT,SELL,1791212572638,85483.695,-0.9709,-2.9783,-13.6494
4063,ETHUSDT,SELL,1791212574653,2700.9049999999997,-1.1107,-0.5183,-12.0330
4064,BTCUSDT,SELL,1791212576366,85507.305,-0.6187,-1.9378,-11.3090
4065,BTCUSDT,SELL,1791212578097,85516.015,-0.4257,-1.9248,-10.9909
4066,BTCUSDT,SELL,1791212579279,85519.655,-0.2748,-2.1457,-10.5648
4067,ETHUSDT,SELL,1791212580774,2701.775,0.0740,0.1481,-10.5486
4068,BTCUSDT,BUY,1791212581129,85522.005,-1.5025,2.1047,11.2252
4069,BTCUSDT,SELL,1791212583060,85509.155,-0.5660,-3.0465,-12.5507
4070,ETHUSDT,SELL,1791212585651,2701.285,-0.6663,-0.0000,-11.8092
4071,BTCUSDT,SELL,1791212585881,85514.005,-1.1694,-1.7892,-11.9279
4072,ETHUSDT,SELL,1791212586867,2701.475,-0.7033,0.4812,-11.1050
4073,ETHUSDT,SELL,1791212587166,2701.585,-0.2961,0.6663,-10.6974
4074,BTCUSDT,SELL,1791212588610,85532.475,-0.6465,0.3706,-9.7659
4075,BTCUSDT,SELL,1791212589907,85538.015,-0.2326,1.1188,-9.1176
4076,BTCUSDT,SELL,1791212601048,85528.455,-0.8839,1.2008,-9.3010
4077,BTCUSDT,SELL,1791212601401,85529.305,-0.8453,1.3212,-9.2015
4080,ETHUSDT,SELL,1791212603021,2702.125,-0.6291,1.0362,-9.8071
4081,ETHUSDT,SELL,1791212603173,2702.1549999999997,-0.5181,1.1102,-9.6960
4082,BTCUSDT,BUY,1791212605628,85533.41500000001,-0.5811,-0.1648,10.1235
4083,BTCUSDT,BUY,1791212607249,85528.005,-0.7389,1.4019,11.4582
4084,BTCUSDT,BUY,1791212608446,85521.685,-0.4046,5.4150,12.1981
4085,BTCUSDT,BUY,1791212609024,85518.225,0.0000,5.9905,12.6032
4086,BTCUSDT,BUY,1791212611222,85518.185,-0.0210,7.6954,12.2863
4087,BTCUSDT,SELL,1791212614844,85518.005,-1.6371,-7.7071,-10.8843
4088,BTCUSDT,SELL,1791212616003,85532.005,-0.9342,-6.0691,-7.7386
4089,ETHUSDT,SELL,1791212618917,2703.185,-1.4057,-2.2566,-5.9929
4090,BTCUSDT,SELL,1791212621203,85580.005,-0.4662,-1.1685,-0.0000
4091,BTCUSDT,SELL,1791212629977,85584.015,-0.6999,-3.3873,0.2349
4092,ETHUSDT,SELL,1791212633827,2703.995,-0.6287,-2.1080,-2.2559
4093,ETHUSDT,SELL,1791212634180,2704.125,-0.8136,-0.8875,-1.7751
4094,ETHUSDT,SELL,1791212635093,2704.255,-0.3328,-0.7026,-1.2943
4095,ETHUSDT,SELL,1791212637534,2704.3450000000003,-0.2219,-0.4807,-0.9614
4096,ETHUSDT,SELL,1791212637880,2704.4049999999997,-0.0000,-0.2588,-0.7395
4097,BTCUSDT,SELL,1791212639960,85612.005,-0.7008,-0.4672,1.4040
4098,ETHUSDT,SELL,1791212640797,2704.625,-0.0370,0.5546,-0.5916
4099,ETHUSDT,BUY,1791212641685,2704.745,-0.4067,-0.9982,-1.7747
4100,BTCUSDT,BUY,1791212654583,85612.315,-0.0456,0.2698,-0.7370
4101,BTCUSDT,BUY,1791212657068,85607.92499999999,-0.3902,2.1120,1.1775
4102,BTCUSDT,SELL,1791212660782,85607.32500000001,-0.0794,-1.8620,-1.4812
4103,ETHUSDT,SELL,1791212661105,2704.6949999999997,-0.2958,-1.6638,-2.0335
4104,ETHUSDT,SELL,1791212665777,2704.975,-1.0351,0.6285,-0.9982
4105,BTCUSDT,SELL,1791212666273,85622.015,-0.4660,2.7867,0.2348
4106,BTCUSDT,BUY,1791212673742,85619.005,-0.5840,-6.3829,0.8176
4107,BTCUSDT,BUY,1791212675200,85604.005,-0.6834,-4.6318,2.5700
4108,BTCUSDT,BUY,1791212675544,85600.375,-0.2593,-4.2079,2.9941
4109,BTCUSDT,BUY,1791212675898,85600.285,-0.2488,-4.1974,3.0047
4110,BTCUSDT,BUY,1791212676155,85598.195,-0.0047,-3.9534,3.2489
4111,BTCUSDT,BUY,1791212679553,85598.155,-1.8867,-2.5877,3.2536
4112,BTCUSDT,BUY,1791212679993,85596.10500000001,-1.6473,-1.6473,3.4931
4113,ETHUSDT,BUY,1791212680069,2704.8050000000003,-1.2201,-0.7394,3.0316
4114,ETHUSDT,BUY,1791212681628,2704.3450000000003,-1.8489,0.9614,4.3264
4115,BTCUSDT,BUY,1791212681715,85576.42499999999,-1.0751,0.6520,5.7937
4116,BTCUSDT,BUY,1791212681932,85576.005,-1.3614,0.7011,5.8428
4117,BTCUSDT,BUY,1791212682696,85567.225,-0.3354,2.1948,6.8695
4118,BTCUSDT,SELL,1791212686664,85564.35500000001,-1.3615,-3.2315,-6.7867
4119,BTCUSDT,SELL,1791212687070,85568.005,-0.9349,-3.0385,-6.3599
4120,ETHUSDT,SELL,1791212687214,2704.185,-0.0370,-1.5531,-3.3652
4121,BTCUSDT,SELL,1791212696349,85589.42499999999,-0.5351,0.3996,-3.3415
4122,BTCUSDT,SELL,1791212696523,85590.005,-0.4673,0.4673,-3.2737
4123,BTCUSDT,BUY,1791212701586,85593.16500000001,-0.7448,0.7688,2.6719
4124,BTCUSDT,BUY,1791212702429,85592.005,-1.1683,0.8038,2.8075
4125,BTCUSDT,BUY,1791212702872,85586.255,-0.8541,1.4757,3.4795
4126,BTCUSDT,BUY,1791212703536,85582.005,-0.9745,2.1021,3.9763
4127,BTCUSDT,SELL,1791212705876,85582.005,-0.8133,-4.2065,-3.9740
4128,BTCUSDT,SELL,1791212706585,85586.005,-0.7010,-3.7389,-3.5064
4129,ETHUSDT,SELL,1791212706925,2704.2349999999997,-1.6641,-3.7349,-0.9245
4130,BTCUSDT,SELL,1791212707014,85588.965,-1.2595,-3.3930,-3.1605
4131,BTCUSDT,SELL,1791212708473,85599.745,-0.0292,-2.2769,-1.9007
4132,BTCUSDT,BUY,1791212711080,85599.995,-0.1297,2.3376,1.8715
4133,ETHUSDT,BUY,1791212711308,2704.535,-1.4790,2.6252,-0.1849
4134,BTCUSDT,BUY,1791212711830,85599.745,-0.1005,2.3668,1.9007
4135,BTCUSDT,SELL,1791212713282,85598.88500000001,-0.5164,-2.4673,-2.0012
4136,BTCUSDT,SELL,1791212713912,85599.995,-1.4556,-2.3376,-1.8715
4137,BTCUSDT,SELL,1791212715454,85614.005,-0.4672,-0.7008,-0.2348
4138,ETHUSDT,BUY,1791212729389,2705.7650000000003,-0.2587,-0.5174,-3.3262
4139,BTCUSDT,SELL,1791212731866,85624.015,-0.2324,-0.2324,-1.1796
4140,ETHUSDT,BUY,1791212740081,2705.625,-0.4066,-1.9589,-2.6242
4141,ETHUSDT,BUY,1791212744835,2705.5150000000003,-0.8871,-1.5524,-6.9857
4142,BTCUSDT,BUY,1791212745014,85626.005,-0.4169,-0.9320,-1.1667
4143,BTCUSDT,BUY,1791212745567,85624.63500000001,-0.2581,-0.7720,-1.0067
4144,BTCUSDT,BUY,1791212760343,85618.025,-0.2324,-0.2348,-4.2059
4145,ETHUSDT,BUY,1791212760617,2704.7349999999997,-0.9243,-0.9243,-7.1356
4146,BTCUSDT,BUY,1791212760719,85616.655,-0.0724,-0.0748,-4.0459
4147,BTCUSDT,BUY,1791212765444,85616.035,-0.0023,-0.0023,-3.9736
4148,BTCUSDT,SELL,1791212779961,85616.015,-1.6329,-2.1141,6.0327
4149,ETHUSDT,SELL,1791212783891,2704.525,-0.2588,-0.0000,9.4656
4150,BTCUSDT,SELL,1791212785301,85629.995,-0.7217,-0.0035,6.7441
4151,BTCUSDT,BUY,1791212788302,85636.17499999999,-0.2406,0.2137,-7.2598
4152,ETHUSDT,BUY,1791212791178,2704.825,-1.1091,-1.1461,-6.9136
4153,BTCUSDT,SELL,1791212793574,85634.11499999999,-0.2207,1.6314,7.0194
4154,BTCUSDT,BUY,1791212794910,85636.005,-0.6983,-2.3343,-7.2399
4155,ETHUSDT,BUY,1791212795155,2704.525,-0.4807,-1.5899,-6.1748
4156,BTCUSDT,SELL,1791212796280,85630.025,-0.9319,1.6361,6.5421
4157,BTCUSDT,BUY,1791212800001,85640.005,-0.1611,-3.6163,-5.1530
4158,BTCUSDT,BUY,1791212801668,85638.625,-0.7730,-5.0842,-4.0426
4159,BTCUSDT,BUY,1791212802041,85638.0,-2.0838,-5.0112,-3.8961
4160,ETHUSDT,BUY,1791212803810,2703.895,-0.9986,-3.2176,1.1465
4161,ETHUSDT,SELL,1791212806016,2704.0950000000003,-2.1819,3.9570,-1.8490
4162,ETHUSDT,SELL,1791212806740,2704.165,0.7026,2.2558,-1.5901
4163,BTCUSDT,SELL,1791212806862,85622.005,0.6447,4.6705,-1.8687
4164,BTCUSDT,BUY,1791212808421,85614.10500000001,-0.2149,-3.7482,2.7916
4165,ETHUSDT,SELL,1791212811523,2702.815,-1.5539,0.0370,-6.5857
4166,ETHUSDT,BUY,1791212812547,2703.2349999999997,-1.5537,-1.0358,4.5871
4167,ETHUSDT,SELL,1791212817588,2702.7349999999997,-0.0740,-0.8140,-5.6239
4168,ETHUSDT,SELL,1791212817949,2702.755,-0.0000,-0.7400,-5.4389
4169,ETHUSDT,SELL,1791212819605,2702.755,-0.1850,-0.7400,-5.3279
4170,BTCUSDT,SELL,1791212828988,85582.015,-0.0374,2.0623,-5.9907
4171,ETHUSDT,BUY,1791212830053,2702.955,-1.1469,-4.2916,5.2535
4172,ETHUSDT,BUY,1791212832076,2702.645,-1.1100,-3.1451,6.3271
4173,BTCUSDT,BUY,1791212832342,85587.755,-0.6718,-2.7329,5.3197
4174,ETHUSDT,BUY,1791212832555,2702.525,-0.6660,-2.7012,6.6234
4175,ETHUSDT,BUY,1791212832728,2702.425,-0.2960,-2.3312,5.1435
4176,ETHUSDT,BUY,1791212838548,2701.9849999999997,-0.4811,3.5900,6.3657
4177,ETHUSDT,BUY,1791212838704,2701.9049999999997,-0.4071,3.8861,6.6620
4178,ETHUSDT,BUY,1791212838916,2701.855,-0.2221,4.0713,6.8471
4179,ETHUSDT,SELL,1791212843218,2701.795,-1.5915,-4.2934,-5.4038
4180,ETHUSDT,SELL,1791212843618,2701.865,-2.2947,-4.0343,-5.1446
4181,ETHUSDT,SELL,1791212843951,2701.975,-2.1466,-3.6270,-4.7373
4182,ETHUSDT,SELL,1791212845094,2702.5550000000003,-1.4801,-1.1101,-1.8501
4183,BTCUSDT,SELL,1791212845206,85572.005,-0.0853,-0.2337,-1.8698
4184,BTCUSDT,SELL,1791212846206,85572.735,-0.1484,-0.1484,-1.7844
4185,BTCUSDT,SELL,1791212857521,85574.015,-1.6056,-7.4777,-3.2709
4186,BTCUSDT,SELL,1791212858281,85583.14499999999,-0.5387,-6.4101,-2.2037
4187,ETHUSDT,SELL,1791212859649,2703.075,-2.1087,-5.6232,-2.8856
4188,ETHUSDT,SELL,1791212859884,2703.2650000000003,-1.4057,-4.9200,-2.1825
4189,BTCUSDT,SELL,1791212860305,85595.875,-0.7162,-4.9220,-0.7162
4190,ETHUSDT,SELL,1791212860925,2703.645,-0.1479,-3.5138,-0.7767
4191,BTCUSDT,SELL,1791212861065,85600.005,-0.7009,-4.4393,-0.2336
4192,ETHUSDT,BUY,1791212872429,2704.575,-1.1832,-0.7395,-8.6890
4193,BTCUSDT,BUY,1791212873274,85633.285,-0.1495,0.0000,-9.1518
4194,BTCUSDT,BUY,1791212878332,85628.015,-0.0152,0.6155,-8.1761
4195,BTCUSDT,BUY,1791212892637,85633.285,-0.2277,-3.8863,-6.9225
4196,BTCUSDT,BUY,1791212897458,85631.33499999999,-2.4909,-5.0601,-5.5272
4197,BTCUSDT,BUY,1791212897953,85620.005,-1.1680,-3.0367,-4.2046
4198,BTCUSDT,BUY,1791212898129,85618.005,-0.9344,-2.8031,-3.9711
4199,BTCUSDT,SELL,1791212907494,85588.005,-0.9347,-1.6357,-1.4021
4200,ETHUSDT,SELL,1791212907663,2703.0550000000003,-1.5908,-2.4417,-3.6255
4201,BTCUSDT,SELL,1791212908211,85594.005,-0.4673,-0.9346,-0.7010
4202,ETHUSDT,SELL,1791212908356,2703.335,-0.7768,-1.4057,-2.5894
4203,BTCUSDT,SELL,1791212909654,85598.005,-0.7010,-0.4673,-0.2337
4204,BTCUSDT,SELL,1791212909886,85600.005,-0.4673,-0.2336,0.1320
4205,BTCUSDT,SELL,1791212915902,85600.005,-0.2336,-1.1682,2.0327
4206,ETHUSDT,SELL,1791212919376,2703.715,-0.5178,2.5520,2.6260
4207,BTCUSDT,SELL,1791212922470,85602.01000000001,-0.9340,5.5016,4.6734
4208,ETHUSDT,BUY,1791212926851,2703.8450000000003,-1.9232,-5.9915,-3.1067
4209,BTCUSDT,BUY,1791212927294,85604.64499999999,-1.4310,-5.8093,-4.9810
4210,BTCUSDT,BUY,1791212927607,85599.405,-0.8189,-5.1975,-4.3692
4211,ETHUSDT,BUY,1791212928132,2703.245,-0.8138,-3.3663,-0.8878
4212,ETHUSDT,BUY,1791212929628,2703.025,-1.9238,-1.8868,-2.0718
4213,BTCUSDT,SELL,1791212937897,85554.91500000001,-0.3612,-2.2313,3.6129
4214,BTCUSDT,SELL,1791212941469,85560.005,-0.0164,-1.6363,6.0776
4215,BTCUSDT,SELL,1791212944774,85560.695,-0.5458,-2.0231,5.2232
4216,BTCUSDT,SELL,1791212945689,85564.005,-1.1687,-1.6362,5.6098
4217,BTCUSDT,SELL,1791212946189,85566.005,-0.9350,-1.4024,5.8434
4218,BTCUSDT,SELL,1791212954297,85574.005,-0.4674,-3.0383,7.5011
4219,BTCUSDT,SELL,1791212957018,85582.005,-0.2337,-2.1032,8.6467
4220,ETHUSDT,SELL,1791212959824,2703.4049999999997,-2.3304,-2.0345,7.2131
4221,BTCUSDT,SELL,1791212959919,85586.005,-0.9347,-1.4044,9.8719
4222,ETHUSDT,SELL,1791212960083,2703.5150000000003,-1.9234,-1.4056,7.6197
4223,BTCUSDT,SELL,1791212960205,85588.005,-0.9347,-1.1684,10.1054
4224,BTCUSDT,SELL,1791212960427,85590.005,-1.0363,-0.9347,10.3388
4225,ETHUSDT,SELL,1791212960443,2703.795,-0.8876,0.1110,8.6545
4226,BTCUSDT,SELL,1791212961911,85598.875,-0.1320,1.9007,11.5223
4227,BTCUSDT,BUY,1791212969793,85600.005,-1.1682,-4.4393,-9.3586
4228,ETHUSDT,BUY,1791212971196,2703.6949999999997,-0.8137,-2.5521,-5.7329
4229,BTCUSDT,BUY,1791212976234,85582.60500000001,-0.3038,-2.4070,-6.3798
4230,ETHUSDT,BUY,1791212977368,2703.475,-0.4809,-1.7385,-5.3265
4231,BTCUSDT,BUY,1791212979488,85567.375,-0.6276,-0.6276,-3.8999
4232,BTCUSDT,BUY,1791212989716,85562.005,-3.0656,-4.4412,-1.6362
4233,ETHUSDT,BUY,1791212990678,2702.135,-1.5543,-3.9228,2.4055
4234,ETHUSDT,BUY,1791212991048,2701.965,-1.7395,-3.2939,3.0348
4235,BTCUSDT,BUY,1791212991232,85534.015,-0.4688,-3.0409,1.8683
4236,BTCUSDT,BUY,1791213000330,85514.005,-0.7016,2.5692,4.9115
4237,BTCUSDT,SELL,1791213004430,85514.005,-0.2339,0.4900,-3.2743
4238,BTCUSDT,BUY,1791213012347,85516.535,-0.2958,-1.9330,1.8090
4239,BTCUSDT,BUY,1791213012515,85516.005,-0.2339,-1.8710,1.8710
4240,BTCUSDT,BUY,1791213013792,85510.515,-0.0819,-1.2291,2.5131
4241,ETHUSDT,BUY,1791213015700,2701.7349999999997,-1.1474,-1.3325,0.0370
4242,ETHUSDT,BUY,1791213016389,2701.575,-0.5552,-0.7403,0.6293
4243,BTCUSDT,BUY,1791213017886,85501.225,-0.1146,0.7930,3.5999
4244,BTCUSDT,BUY,1791213018173,85501.005,-0.0889,1.0526,3.6257
4245,ETHUSDT,SELL,1791213019045,2701.125,-1.2217,-3.0358,-2.2953
4246,BTCUSDT,SELL,1791213019428,85500.245,-0.1485,-2.2982,-3.7146
4247,BTCUSDT,BUY,1791213021408,85501.505,-0.1754,3.0994,3.8011
4248,ETHUSDT,BUY,1791213021570,2701.4449999999997,-0.9624,2.5912,1.1105
4249,BTCUSDT,BUY,1791213022123,85500.245,-0.0281,3.2468,3.9485
4250,ETHUSDT,BUY,1791213022354,2701.315,0.0000,3.0726,1.5918
4251,ETHUSDT,SELL,1791213023127,2701.185,-0.4813,-3.1468,-1.1847
4252,ETHUSDT,SELL,1791213023291,2701.245,-0.2591,-2.9246,-0.9625
4253,ETHUSDT,SELL,1791213026603,2701.375,-0.8144,-2.4432,2.8134
4254,ETHUSDT,SELL,1791213027496,2701.495,-1.1475,-1.9989,3.2575
4255,BTCUSDT,SELL,1791213027542,85504.255,-0.9731,-2.7776,-2.2233
4256,BTCUSDT,SELL,1791213028019,85508.005,-1.1695,-2.7378,-1.7846
4257,ETHUSDT,SELL,1791213028294,2701.6549999999997,-1.0734,-1.9247,3.8495
4258,BTCUSDT,SELL,1791213028676,85512.57500000001,-0.8560,-2.5061,-1.2501
4259,BTCUSDT,SELL,1791213030415,85524.005,-0.4677,-1.4031,-0.2339
4260,ETHUSDT,BUY,1791213032544,2702.145,-0.4071,0.7772,-3.3677
4261,ETHUSDT,BUY,1791213032850,2702.085,-0.1850,0.9992,-3.1457
4262,BTCUSDT,SELL,1791213037935,85528.005,-0.7015,-2.3384,-0.0000
4263,ETHUSDT,SELL,1791213038149,2702.035,-1.1843,-2.7757,2.9237
4264,BTCUSDT,SELL,1791213040504,85536.005,-0.4676,-1.6356,0.9458
4265,BTCUSDT,SELL,1791213044876,85542.005,-0.7014,-0.9340,1.6471
4266,BTCUSDT,SELL,1791213050205,85548.005,-0.2326,-1.1479,2.3484
4267,BTCUSDT,BUY,1791213055285,85549.995,-0.4664,-1.1677,-2.5704
4268,BTCUSDT,BUY,1791213060189,85557.82500000001,-0.4184,-3.4854,-3.4947
4269,BTCUSDT,BUY,1791213061756,85554.245,-0.9631,-2.5995,-3.9250
4270,BTCUSDT,BUY,1791213063148,85542.92499999999,-0.1075,-1.2766,-2.6022
4271,ETHUSDT,BUY,1791213064094,2702.435,-0.4440,-2.5533,-5.5505
4272,BTCUSDT,BUY,1791213064963,85541.005,-0.1169,-1.0521,-2.2212
4273,ETHUSDT,BUY,1791213065255,2702.315,-0.4071,-2.1093,-5.1067
4274,BTCUSDT,BUY,1791213082857,85532.095,-0.4045,-0.4782,-0.0105
4275,BTCUSDT,BUY,1791213083182,85532.005,-0.3940,-0.4677,0.0000
4276,BTCUSDT,BUY,1791213084381,85528.63500000001,-0.6279,-0.0737,0.5542
4277,ETHUSDT,SELL,1791213090159,2701.175,-0.2221,-0.4443,-2.5174
4278,ETHUSDT,SELL,1791213090780,2701.205,-0.1111,-1.0736,-3.2208
4279,ETHUSDT,SELL,1791213100464,2701.295,-0.7404,-0.2221,-2.9615
4280,ETHUSDT,BUY,1791213107987,2701.455,-0.3702,-0.3702,2.3321
4281,ETHUSDT,BUY,1791213120069,2701.3450000000003,-1.5178,1.4807,1.3697
4282,BTCUSDT,SELL,1791213124874,85520.66500000001,-1.5599,-2.6029,-4.8351
4283,ETHUSDT,SELL,1791213125381,2700.935,-1.8882,-2.7768,-2.8879
4284,BTCUSDT,BUY,1791213138452,85534.005,-0.2338,1.0429,2.1185
4285,ETHUSDT,SELL,1791213143438,2701.285,-0.1851,-4.2572,-1.5918
4286,BTCUSDT,SELL,1791213149031,85546.005,-0.4676,-2.1041,-1.0135
4287,BTCUSDT,SELL,1791213150039,85550.005,-1.6365,-1.6365,-0.5459
4288,ETHUSDT,SELL,1791213150294,2701.855,-2.1467,-0.8883,0.5182
4289,BTCUSDT,SELL,1791213150587,85557.995,-0.7024,-0.7024,0.3892
4290,BTCUSDT,BUY,1791213172197,85576.005,-0.9348,-1.6348,-5.0306
4291,ETHUSDT,BUY,1791213172468,2702.2349999999997,-0.5551,-1.9243,-2.6275
4292,BTCUSDT,BUY,1791213172708,85572.025,-0.4698,-1.1698,-4.5657
4293,BTCUSDT,BUY,1791213179757,85564.005,-0.2326,-0.6930,-2.5712
4294,BTCUSDT,BUY,1791213195892,85558.07500000001,-0.6954,-0.1192,-1.1770
4295,BTCUSDT,BUY,1791213202013,85557.465,-0.0479,-0.3273,0.0631
4298,BTCUSDT,BUY,1791213212998,85554.66500000001,-0.3109,-0.7036,0.8579
4299,BTCUSDT,BUY,1791213213793,85554.10500000001,-0.6394,-0.6382,0.9234
4300,ETHUSDT,SELL,1791213215956,2701.715,-0.8513,-0.0000,-1.9617
4301,BTCUSDT,SELL,1791213216009,85548.63500000001,-0.7049,-0.3939,-1.5629
4302,BTCUSDT,BUY,1791213222134,85554.66500000001,-0.7036,-2.5376,0.8579
4303,ETHUSDT,BUY,1791213222236,2701.955,-0.8882,-1.5914,1.1473
4304,BTCUSDT,SELL,1791213224104,85548.64499999999,-0.3928,1.8340,-1.3279
4305,BTCUSDT,BUY,1791213228651,85552.005,-0.6709,-1.1689,-1.1689
4306,BTCUSDT,BUY,1791213230522,85546.265,-1.1222,-0.4980,-0.4980
4307,BTCUSDT,SELL,1791213254298,85536.005,-1.4029,-3.5073,0.4676
4308,BTCUSDT,SELL,1791213254759,85542.005,-0.7014,-2.8056,1.1690
4309,ETHUSDT,SELL,1791213260757,2701.955,-2.0356,-1.0733,1.5544
4310,ETHUSDT,SELL,1791213260989,2702.045,-1.7024,-0.7402,1.8875
4311,BTCUSDT,SELL,1791213261028,85552.025,-0.6990,-1.1665,1.8725
4312,BTCUSDT,SELL,1791213261263,85554.005,-0.5622,-0.9351,2.1039
4313,BTCUSDT,SELL,1791213262412,85558.82,-0.8398,-0.3723,2.6666
4314,ETHUSDT,BUY,1791213269757,2702.545,-1.1101,-1.0361,-4.5513
4315,BTCUSDT,BUY,1791213287080,85560.005,-2.1038,-3.2317,-0.8333
4316,BTCUSDT,BUY,1791213287394,85552.495,-1.2261,-2.3541,0.0444
4317,BTCUSDT,BUY,1791213287724,85548.705,-0.7832,-2.1859,0.1672
4318,BTCUSDT,BUY,1791213288005,85545.215,-0.3752,-1.7780,0.3261
4319,BTCUSDT,BUY,1791213297638,85532.35500000001,-0.2747,-0.6267,-0.5062
4320,ETHUSDT,BUY,1791213300403,2701.065,-0.7404,1.7030,0.7034
4321,BTCUSDT,SELL,1791213306323,85520.61499999999,-0.3192,-1.7996,-0.8665
4322,ETHUSDT,SELL,1791213306607,2701.035,-1.5179,-1.8511,0.4443
4323,BTCUSDT,SELL,1791213310748,85530.005,-0.2338,-0.7015,0.2315
4324,BTCUSDT,SELL,1791213311016,85531.745,-0.0304,-0.4981,0.4349
4325,ETHUSDT,SELL,1791213311144,2701.535,-0.0000,-0.0000,2.2950
4326,ETHUSDT,BUY,1791213322382,2701.355,-0.7034,-0.5183,-1.9250
4327,ETHUSDT,BUY,1791213322636,2701.255,-0.3332,-0.3332,-1.5548
4328,ETHUSDT,SELL,1791213324314,2701.165,-0.5553,-0.0000,1.2217
4329,BTCUSDT,SELL,1791213324400,85536.015,-0.2327,-0.2327,0.4127
4330,ETHUSDT,SELL,1791213324556,2701.225,-0.3332,0.2221,1.4438
4331,ETHUSDT,SELL,1791213324793,2701.255,-0.2221,0.3332,1.5548
4332,BTCUSDT,SELL,1791213341535,85541.205,-1.3643,1.0194,1.0194
4333,BTCUSDT,SELL,1791213341738,85542.005,-1.2707,1.1129,1.1129
4334,ETHUSDT,BUY,1791213345823,2701.955,-0.4441,-3.4420,1.9245
4335,ETHUSDT,BUY,1791213347747,2701.835,-1.4805,-2.1467,2.8129
4336,BTCUSDT,BUY,1791213349658,85532.485,-0.0561,-0.5214,3.4513
4337,BTCUSDT,SELL,1791213356277,85524.015,-0.4689,-0.4689,-4.9086
4338,ETHUSDT,SELL,1791213356567,2701.025,-0.8515,0.4073,-9.3298
4339,ETHUSDT,BUY,1791213374339,2701.105,-0.7775,-0.9996,9.9219
4340,ETHUSDT,BUY,1791213375537,2700.895,-0.2221,-0.2221,9.9967
4341,BTCUSDT,SELL,1791213397618,85528.455,-0.4712,-2.7535,-6.7288
4342,BTCUSDT,SELL,1791213404151,85543.705,-0.9703,-2.6057,-2.6069
4343,ETHUSDT,SELL,1791213414137,2703.005,-0.7029,-5.8823,3.1816
4344,ETHUSDT,SELL,1791213418982,2703.375,-0.5919,-3.9210,5.1417
4345,BTCUSDT,SELL,1791213420502,85572.025,-0.8776,-4.1848,4.2093
4346,BTCUSDT,SELL,1791213422377,85579.535,-0.7560,-3.1912,6.0622
4347,BTCUSDT,SELL,1791213422643,85582.005,-0.7011,-2.6489,6.5434
4348,ETHUSDT,SELL,1791213422808,2703.7650000000003,-3.0698,-0.1110,7.7300
4349,BTCUSDT,SELL,1791213423439,85586.01000000001,-0.2331,-1.8210,7.0111
4350,ETHUSDT,BUY,1791213429995,2704.435,-1.2202,-1.7749,-11.6475
4351,ETHUSDT,BUY,1791213430292,2704.375,-1.2202,-1.5530,-11.4259
4352,ETHUSDT,BUY,1791213430598,2704.315,-0.9984,-1.3312,-11.2043
4353,ETHUSDT,BUY,1791213430963,2704.205,-0.5917,-0.6287,-10.7980
4354,ETHUSDT,BUY,1791213431394,2704.045,-0.4438,-0.0370,-10.9835
4355,ETHUSDT,BUY,1791213432308,2704.045,-0.9245,0.9985,-10.9835
4356,ETHUSDT,BUY,1791213432505,2703.925,-0.4808,1.4423,-10.5402
4357,BTCUSDT,BUY,1791213433612,85601.595,-0.1846,0.2815,-10.9157
4358,ETHUSDT,BUY,1791213434997,2703.785,-0.7027,2.2931,-9.9860
4359,ETHUSDT,BUY,1791213435366,2703.645,-0.1479,2.8110,-9.4687
4360,BTCUSDT,SELL,1791213440146,85601.595,-0.0479,1.8212,10.9157
4361,ETHUSDT,SELL,1791213440897,2703.955,-1.3314,0.8136,12.5002
4362,ETHUSDT,BUY,1791213446321,2704.4049999999997,-1.2942,-2.8102,-14.1621
4363,BTCUSDT,BUY,1791213446652,85604.005,-1.1682,-2.1027,-11.4481
4364,BTCUSDT,BUY,1791213447257,85597.255,-0.8470,-1.3143,-10.9887
4365,BTCUSDT,BUY,1791213447450,85596.005,-1.1683,-1.1683,-10.8428
4366,ETHUSDT,BUY,1791213448614,2704.005,-0.9985,-1.7382,-12.6849
4367,BTCUSDT,BUY,1791213461505,85586.005,-1.6358,-3.6723,-5.8421
4368,BTCUSDT,BUY,1791213461744,85578.005,-0.9348,-2.7379,-4.9078
4369,BTCUSDT,BUY,1791213463451,85570.005,-0.4675,-2.8047,-3.9734
4370,ETHUSDT,BUY,1791213463724,2702.8450000000003,-0.4070,-2.5899,-0.8880
4371,BTCUSDT,BUY,1791213464033,85568.005,-0.2337,-2.5722,-3.7397
4372,ETHUSDT,BUY,1791213464233,2702.775,-0.1480,-2.3309,-0.6290
4373,BTCUSDT,BUY,1791213470419,85558.005,-0.4009,-2.5714,-3.5064
4374,ETHUSDT,BUY,1791213472666,2702.535,-1.4431,-3.1822,-2.7382
4375,BTCUSDT,BUY,1791213473281,85552.405,-0.9819,-3.0858,-4.6884
4376,BTCUSDT,BUY,1791213476509,85540.005,-0.4676,-2.1043,-4.0893
4377,ETHUSDT,BUY,1791213481224,2701.9849999999997,-0.6662,-2.5907,-0.6662
4378,BTCUSDT,BUY,1791213484774,85526.005,-0.4677,-2.0871,0.4677
4379,BTCUSDT,BUY,1791213485111,85524.005,-0.2339,-1.8533,0.7016
4380,BTCUSDT,BUY,1791213490951,85518.66500000001,-0.8595,-1.2290,1.3260
4381,BTCUSDT,BUY,1791213503396,85508.155,-0.2514,-0.2514,2.5553
4382,BTCUSDT,BUY,1791213507228,85506.005,-0.3286,1.8677,2.8068
4383,BTCUSDT,SELL,1791213510117,85503.195,-0.0152,-3.8373,-3.1356
4384,BTCUSDT,BUY,1791213510649,85504.005,-0.0795,3.7425,3.0408
4385,BTCUSDT,BUY,1791213510896,85503.32500000001,0.0000,3.8221,3.1203
4386,BTCUSDT,SELL,1791213512235,85503.32500000001,-0.3134,-3.8221,-2.6525
4387,BTCUSDT,SELL,1791213513516,85506.005,-0.7017,-3.5085,-1.7332
4388,ETHUSDT,SELL,1791213518360,2701.895,-2.6278,-1.0733,0.0370
4389,BTCUSDT,SELL,1791213518465,85521.975,-1.1728,-1.3774,0.1345
4390,BTCUSDT,BUY,1791213528829,85533.755,-0.6711,-3.2443,-3.2210
4391,BTCUSDT,BUY,1791213530651,85528.005,-0.7518,-1.8368,-3.2434
4392,ETHUSDT,BUY,1791213531095,2702.085,-0.9992,-1.0362,-1.5914
4393,BTCUSDT,BUY,1791213532272,85517.42499999999,-0.5999,1.0021,-2.0066
4394,ETHUSDT,SELL,1791213539520,2701.5150000000003,-1.0735,-3.2574,-3.3685
4395,BTCUSDT,SELL,1791213539970,85511.245,-0.3228,-2.1939,-2.4278
4396,ETHUSDT,SELL,1791213540313,2701.6549999999997,-0.5552,-2.7391,-5.4411
4397,BTCUSDT,SELL,1791213540829,85512.305,-1.0841,-2.0699,-2.5376
4398,BTCUSDT,SELL,1791213541269,85514.955,-1.2910,-1.7599,-2.2277
4399,ETHUSDT,SELL,1791213542685,2702.285,-0.4071,-0.4071,-2.4794
4400,ETHUSDT,BUY,1791213568389,2702.395,-0.8511,-1.8872,-1.3322
4401,ETHUSDT,BUY,1791213568633,2702.285,-0.4441,-1.4802,-0.9251
4402,BTCUSDT,BUY,1791213571760,85530.005,-1.0733,-1.5047,-0.4677
4403,BTCUSDT,BUY,1791213572036,85528.015,-0.8407,-1.2721,-0.2350
4404,ETHUSDT,BUY,1791213581877,2701.885,-1.2954,-0.8513,2.9239
4405,BTCUSDT,BUY,1791213582347,85512.595,-0.0889,-1.4419,2.3038
4406,BTCUSDT,BUY,1791213589854,85504.58499999999,-0.5052,3.2068,3.2408
4407,BTCUSDT,SELL,1791213598281,85505.815,-2.8711,-1.7671,-3.7647
4408,ETHUSDT,SELL,1791213599274,2702.145,-3.6267,-0.7031,-5.1811
4409,BTCUSDT,SELL,1791213600112,85532.005,-0.2338,1.2954,-1.6368
4410,ETHUSDT,BUY,1791213602508,2703.065,-1.2948,-2.5897,0.7029
4411,BTCUSDT,BUY,1791213604595,85530.36499999999,-0.2058,-1.1037,1.8286
4412,BTCUSDT,BUY,1791213606391,85528.60500000001,-0.8979,-0.8979,2.0344
4413,BTCUSDT,BUY,1791213606782,85524.38500000001,-0.4046,-0.4046,2.5279
4414,BTCUSDT,BUY,1791213607020,85524.005,-0.3601,-0.3601,2.5724
4415,BTCUSDT,SELL,1791213623968,85516.86499999999,-0.1333,-1.0688,-4.1091
4416,BTCUSDT,SELL,1791213639369,85526.005,-0.7354,-0.7354,-6.0800
4417,BTCUSDT,SELL,1791213653266,85532.305,-0.0000,-1.6017,-2.8866
4418,BTCUSDT,SELL,1791213655911,85532.305,-0.6664,-1.6017,-2.5628
4419,ETHUSDT,SELL,1791213656149,2702.615,-1.7391,-2.3681,-0.2220
4420,ETHUSDT,SELL,1791213656424,2702.785,-1.1100,-1.7389,0.4070
4421,ETHUSDT,BUY,1791213660088,2703.545,-1.0357,-1.9974,-7.4717
4422,ETHUSDT,BUY,1791213660567,2703.375,-0.4069,-1.9605,-6.8433
4423,BTCUSDT,SELL,1791213673410,85546.005,-0.2338,-0.7014,4.6525
4424,BTCUSDT,SELL,1791213682516,85548.01000000001,-0.4670,-2.8049,5.3777
4425,BTCUSDT,SELL,1791213687678,85552.005,-0.2338,-3.0391,6.0782
4426,BTCUSDT,SELL,1791213692456,85570.005,-0.2337,-0.0000,7.7130
4427,BTCUSDT,SELL,1791213696251,85572.005,-0.7012,0.2337,7.5141
4428,BTCUSDT,SELL,1791213696422,85573.685,-0.5048,0.4300,7.7103
4429,BTCUSDT,BUY,1791213700594,85578.005,-0.9348,-2.4551,-8.4134
4430,BTCUSDT,BUY,1791213701530,85570.505,-0.0584,-1.5788,-7.5376
4431,BTCUSDT,BUY,1791213707622,85570.005,-0.6988,-4.5425,-7.7784
4432,BTCUSDT,BUY,1791213709543,85564.025,-0.8216,-6.5471,-7.4821
4433,BTCUSDT,BUY,1791213716635,85548.055,-1.9778,-5.6167,-5.1492
4434,BTCUSDT,BUY,1791213717335,85536.005,-1.6496,-4.2088,-3.7411
4435,BTCUSDT,BUY,1791213722617,85506.205,-0.7251,0.0000,1.2455
4436,BTCUSDT,SELL,1791213728005,85500.005,-0.2339,-0.7251,-3.7415
4437,BTCUSDT,BUY,1791213741904,85504.005,-0.2339,0.0000,3.7425
4438,BTCUSDT,BUY,1791213743510,85502.005,-0.2339,0.2339,3.9765
4439,BTCUSDT,SELL,1791213750281,85500.005,-0.4678,-0.7018,-4.2105
4440,BTCUSDT,SELL,1791213753998,85504.005,-0.2339,-0.2339,-3.7425
4441,BTCUSDT,SELL,1791213755234,85506.015,-0.1976,0.0012,-3.5074
4442,ETHUSDT,SELL,1791213756481,2700.645,-2.0366,-0.5554,-8.0721
4443,BTCUSDT,SELL,1791213756959,85510.005,-0.2701,0.7672,-3.0406
4444,BTCUSDT,BUY,1791213758127,85512.005,-0.7017,-1.0922,2.8066
4445,ETHUSDT,BUY,1791213758178,2701.185,-1.8510,-1.4438,6.0714
4446,BTCUSDT,BUY,1791213758398,85510.005,-0.4678,-0.8584,3.0406
4447,ETHUSDT,SELL,1791213760633,2700.685,-0.8516,-0.4073,-5.9244
4448,ETHUSDT,BUY,1791213766015,2700.995,-0.7405,1.5920,6.4050
4449,BTCUSDT,BUY,1791213766094,85504.08499999999,-0.0749,-0.2433,2.6186
4450,BTCUSDT,BUY,1791213768867,85502.66500000001,-0.3111,0.1567,2.7847
4451,BTCUSDT,SELL,1791213775980,85497.345,-0.7790,-4.0528,-3.8200
4452,BTCUSDT,SELL,1791213780922,85504.005,-1.5029,-3.5086,-3.0408
4453,ETHUSDT,SELL,1791213780937,2701.535,-2.4801,-4.5900,-5.1082
4454,ETHUSDT,SELL,1791213781414,2701.785,-1.5545,-3.6642,-4.4045
4455,BTCUSDT,SELL,1791213782683,85516.85500000001,-1.3038,-2.0055,-3.1514
4456,ETHUSDT,SELL,1791213788858,2702.565,-0.3700,-0.5180,-2.7011
4459,ETHUSDT,BUY,1791213818367,2702.825,-1.9979,-0.3700,5.4388
4460,BTCUSDT,BUY,1791213818629,85536.005,-0.4676,-1.1142,3.4488
4461,BTCUSDT,BUY,1791213821569,85528.005,-0.1380,-0.1789,4.3647
4462,ETHUSDT,SELL,1791213822514,2702.365,-1.3322,-1.3322,-7.1419
4463,ETHUSDT,SELL,1791213822734,2702.475,-0.9251,-0.9251,-6.7346
4464,BTCUSDT,BUY,1791213825134,85526.82500000001,-0.0409,0.3718,4.5027
4465,BTCUSDT,SELL,1791213832791,85526.475,-0.4127,-2.1292,-4.1543
4466,ETHUSDT,SELL,1791213832920,2702.7299999999996,-0.6845,-2.0905,-4.3105
4467,BTCUSDT,SELL,1791213841282,85530.005,-1.6135,-1.8707,-0.7015
4468,ETHUSDT,SELL,1791213851903,2703.585,-0.9247,-2.0713,0.7398
4469,ETHUSDT,SELL,1791213855794,2703.835,-0.3329,-2.2930,2.1821
4470,BTCUSDT,SELL,1791213862075,85552.36499999999,-2.0607,-1.5359,2.1390
4471,BTCUSDT,BUY,1791213866393,85569.98999999999,-0.5241,-0.5241,-4.6506
4472,ETHUSDT,BUY,1791213873820,2704.5150000000003,-0.6656,-0.8135,-2.1076
4473,ETHUSDT,BUY,1791213884376,2704.295,-0.4437,-2.6994,0.9614
4474,BTCUSDT,BUY,1791213889468,85565.33499999999,-0.2653,-2.1948,-0.6229
4475,ETHUSDT,BUY,1791213890526,2703.965,-0.2589,-1.8122,1.4423
4476,BTCUSDT,BUY,1791213890575,85563.065,-0.1239,-2.9288,-0.3576
4477,BTCUSDT,BUY,1791213893679,85562.005,-1.8057,-4.2075,-0.2337
4478,ETHUSDT,BUY,1791213893827,2703.885,-1.1835,-2.8108,1.1095
4479,BTCUSDT,BUY,1791213893910,85555.315,-1.0239,-3.4259,0.5482
4480,BTCUSDT,BUY,1791213900033,85546.555,-1.2332,-1.2332,1.5722
4481,ETHUSDT,BUY,1791213901270,2703.295,-0.6289,0.9988,3.2923
4482,BTCUSDT,SELL,1791213906910,85526.005,-0.9354,-0.9424,-4.9774
4483,BTCUSDT,BUY,1791213916250,85536.005,-0.2268,-0.6792,5.8455
4484,BTCUSDT,SELL,1791213935964,85538.005,-0.2338,-2.5720,-2.5883
4485,ETHUSDT,SELL,1791213939376,2704.125,-1.5902,-1.5902,-0.5917
4486,ETHUSDT,SELL,1791213939673,2704.255,-1.1094,-0.3698,-0.1109
4487,ETHUSDT,BUY,1791213950220,2704.355,0.0000,-0.6286,1.0354
4488,BTCUSDT,BUY,1791213965462,85578.005,-1.1019,0.9348,-4.9510
4489,ETHUSDT,SELL,1791213970837,2704.955,-0.1479,-0.7024,3.8818
4490,BTCUSDT,SELL,1791213971262,85572.005,-1.1686,-1.4093,4.2502
4491,BTCUSDT,SELL,1791213971486,85577.765,-0.4955,-0.7362,4.9230
4492,ETHUSDT,SELL,1791213972884,2705.335,-0.6284,0.9241,6.0621
4493,BTCUSDT,SELL,1791213973454,85584.005,-0.2337,0.6812,5.6518
4494,ETHUSDT,SELL,1791213973668,2705.415,-0.3327,1.5524,6.3576
4496,BTCUSDT,BUY,1791213979106,85586.005,-0.2267,-2.0436,-7.2442
4495,ETHUSDT,BUY,1791213979087,2705.335,-0.4805,-2.4766,-6.6905
4497,ETHUSDT,BUY,1791213979663,2705.275,-0.4805,-2.2549,-6.4688
4498,BTCUSDT,BUY,1791213982107,85582.005,-0.3354,-2.5543,-6.7771
4499,ETHUSDT,BUY,1791213982779,2705.135,-0.5175,-2.4028,-5.9516
4500,BTCUSDT,BUY,1791213982796,85581.41500000001,-0.6415,-2.4854,-6.7082
4501,BTCUSDT,BUY,1791213982995,85580.91500000001,-0.5831,-2.4269,-6.6498
4502,ETHUSDT,BUY,1791213983444,2705.085,-0.3327,-2.2180,-5.7669
4503,ETHUSDT,BUY,1791213985936,2704.825,-0.5915,-1.2570,-4.8062
4504,BTCUSDT,BUY,1791213987720,85568.565,-0.0058,-1.7366,-7.1942
4505,BTCUSDT,BUY,1791213990434,85568.515,-0.9782,-2.0159,-7.1884
4506,BTCUSDT,BUY,1791213990834,85567.305,-0.8368,-1.8745,-7.0471
4507,ETHUSDT,BUY,1791213997677,2704.475,-0.4437,-0.7025,-5.5464
4508,BTCUSDT,SELL,1791214008192,85554.005,-0.7177,0.5330,5.4936
4509,BTCUSDT,BUY,1791214017351,85556.005,-0.7667,-2.3809,-5.6104
4510,ETHUSDT,BUY,1791214017628,2704.255,-0.2589,-2.5885,-3.2172
4511,ETHUSDT,BUY,1791214019514,2704.185,-0.6656,-1.0354,-2.9584
4512,ETHUSDT,BUY,1791214023497,2704.005,-1.0725,-1.1464,-2.2929
4513,ETHUSDT,BUY,1791214024054,2703.855,-1.1095,-0.5917,-1.7383
4514,ETHUSDT,BUY,1791214024651,2703.715,-0.5918,-0.0740,-1.2205
4515,ETHUSDT,BUY,1791214030845,2703.9049999999997,-0.7767,-1.4054,-1.7012
4516,BTCUSDT,SELL,1791214038328,85523.485,-0.0608,1.9270,0.9646
4517,ETHUSDT,SELL,1791214066409,2702.975,-0.1110,-1.5168,-6.1044
4518,ETHUSDT,SELL,1791214072573,2703.065,-1.1838,-1.1838,-5.7712
4519,ETHUSDT,SELL,1791214084914,2703.385,-0.2219,0.2959,-0.4439
4520,BTCUSDT,SELL,1791214098938,85515.235,-0.9951,-0.9951,-0.5578
4521,ETHUSDT,SELL,1791214100990,2703.575,-0.2959,0.7398,-1.1096
4522,BTCUSDT,SELL,1791214112250,85526.965,-1.5247,-1.7585,-1.7585
4523,BTCUSDT,SELL,1791214112562,85529.92499999999,-1.4124,-1.4124,-1.4124
4524,BTCUSDT,SELL,1791214112789,85530.005,-1.4030,-1.4030,-1.4030
4525,ETHUSDT,SELL,1791214113205,2703.8050000000003,-0.7397,-2.4410,-3.0328
4526,ETHUSDT,SELL,1791214120531,2704.3450000000003,-0.4437,-1.0354,-1.0354
4527,BTCUSDT,SELL,1791214125165,85542.015,-0.0736,1.5045,-0.9329
4528,ETHUSDT,SELL,1791214125387,2704.465,-0.5916,0.8504,-2.2186
4529,BTCUSDT,BUY,1791214125666,85542.64499999999,0.0000,-1.5782,0.8592
4530,ETHUSDT,BUY,1791214132753,2704.62,-0.9798,-4.1226,2.6067
4531,BTCUSDT,BUY,1791214134016,85534.66500000001,-0.6454,-2.3768,3.8932
4532,BTCUSDT,BUY,1791214136598,85529.14499999999,-0.6255,-1.7316,4.3038
4533,BTCUSDT,BUY,1791214137144,85524.005,-0.5519,-1.1307,4.6770
4534,ETHUSDT,BUY,1791214137713,2704.005,-1.8491,-1.8491,4.8447
4535,ETHUSDT,BUY,1791214137932,2703.965,-1.7012,-1.7012,4.9927
4536,BTCUSDT,SELL,1791214152005,85514.33499999999,-0.4806,-0.6630,-3.7643
4537,BTCUSDT,SELL,1791214162074,85520.005,-0.4677,-2.5725,-7.4275
4538,BTCUSDT,SELL,1791214166465,85534.66500000001,-0.6243,-0.8581,-5.7123
4539,BTCUSDT,SELL,1791214166700,85537.92499999999,-0.2432,-0.4770,-5.3310
4540,ETHUSDT,SELL,1791214166847,2704.325,-0.6656,-1.1093,-3.7348
4541,BTCUSDT,SELL,1791214166925,85538.005,-0.2338,-0.4676,-5.3216
4542,ETHUSDT,SELL,1791214167081,2704.505,-0.0000,-0.4437,-3.0690
4543,ETHUSDT,SELL,1791214170620,2704.505,-0.4437,-0.4437,-2.1815
4544,BTCUSDT,BUY,1791214183279,85543.525,0.7563,2.8570,1.3946
4545,BTCUSDT,SELL,1791214183334,85543.525,-0.7563,-2.8570,-1.3946
4546,BTCUSDT,SELL,1791214183580,85544.005,-0.7002,-2.8009,-1.3385
4547,BTCUSDT,SELL,1791214192446,85555.01000000001,-1.5142,0.9918,0.1175
4548,ETHUSDT,BUY,1791214195645,2705.375,-0.2218,-1.8851,-3.1419
4549,BTCUSDT,BUY,1791214196620,85565.955,-0.2279,-2.2708,-1.3954
4550,BTCUSDT,BUY,1791214198423,85564.005,-2.0429,-2.0429,-1.1675
4551,BTCUSDT,SELL,1791214199032,85546.525,-0.0000,-0.0000,-0.8755
4552,BTCUSDT,SELL,1791214213594,85552.005,-1.6364,-3.6843,-0.2349
4553,BTCUSDT,SELL,1791214214490,85565.955,-0.9408,-2.0534,0.6124
4554,ETHUSDT,SELL,1791214215593,2705.495,-0.4805,0.5914,1.9220
4555,BTCUSDT,SELL,1791214217077,85590.005,-0.0035,0.7571,5.8418
4556,ETHUSDT,BUY,1791214218672,2705.895,-0.5174,-2.9565,-5.8021
4557,ETHUSDT,BUY,1791214218936,2705.835,-0.7022,-2.7348,-5.5805
4558,ETHUSDT,BUY,1791214220229,2705.645,-0.6283,-2.0328,-5.4331
4559,BTCUSDT,BUY,1791214220284,85590.035,-0.7594,-0.7606,-6.8711
4560,BTCUSDT,BUY,1791214220795,85586.88500000001,-0.3926,-0.3926,-6.5033
4561,BTCUSDT,BUY,1791214231699,85583.525,-1.5797,-2.5005,-8.5904
4562,BTCUSDT,BUY,1791214232173,85572.005,-0.3938,-1.1546,-7.2454
4563,BTCUSDT,BUY,1791214232739,85570.005,-0.1601,-0.9443,-7.0118
4564,BTCUSDT,BUY,1791214240053,85568.63500000001,-0.7608,-1.7097,-6.8518
4565,BTCUSDT,BUY,1791214240629,85562.125,0.0000,-0.9490,-6.0915
4566,BTCUSDT,BUY,1791214242686,85562.125,-0.7796,-0.9490,-5.9314
4567,BTCUSDT,BUY,1791214243009,85561.845,-0.7468,-0.9163,-5.8987
4568,ETHUSDT,BUY,1791214243316,2704.955,-0.8873,-1.5897,-7.2090
4569,ETHUSDT,BUY,1791214244023,2704.815,-1.0722,-1.0722,-6.6918
4570,ETHUSDT,BUY,1791214244426,2704.715,-0.7025,-0.7025,-6.3223
4571,ETHUSDT,BUY,1791214244856,2704.585,-0.2218,-0.2218,-5.8419
4572,BTCUSDT,SELL,1791214254153,85554.015,-0.0000,-0.0000,5.4948
4573,BTCUSDT,BUY,1791214264831,85554.005,-0.7013,0.7843,-4.1927
4574,BTCUSDT,BUY,1791214265487,85548.715,-0.0830,1.4027,-3.5746
4575,BTCUSDT,SELL,1791214268874,85548.005,-0.4676,1.9615,3.4916
4576,BTCUSDT,SELL,1791214269336,85549.375,-0.3074,2.1216,3.6517
4577,BTCUSDT,SELL,1791214273568,85554.015,-0.7831,2.5726,4.1938
4578,BTCUSDT,BUY,1791214276719,85550.005,-1.1689,-2.1040,-5.0263
4579,ETHUSDT,BUY,1791214284884,2703.8450000000003,-0.1849,-3.0697,-5.0669
4580,BTCUSDT,BUY,1791214288222,85520.005,-1.1693,-1.1693,-8.8354
4581,BTCUSDT,BUY,1791214288450,85518.995,-1.0512,-1.0512,-8.7174
4582,ETHUSDT,BUY,1791214289858,2703.0150000000003,0.0000,0.0000,-4.6615
4583,BTCUSDT,BUY,1791214309854,85508.845,-0.2152,0.3929,-20.6236
4584,BTCUSDT,SELL,1791214317434,85511.375,-0.0971,-0.7905,18.0514
4585,BTCUSDT,SELL,1791214320717,85516.005,-0.4666,-0.2491,20.3167
4586,BTCUSDT,BUY,1791214341561,85507.005,-2.7799,-5.9013,-28.1544
4587,BTCUSDT,BUY,1791214342165,85500.005,-1.2398,-5.0830,-27.3380
4588,BTCUSDT,SELL,1791214342996,85483.235,-0.9628,2.7175,25.3816
4589,BTCUSDT,SELL,1791214343284,85489.405,-0.1614,2.9875,26.1015
4590,BTCUSDT,SELL,1791214344548,85491.455,1.8399,2.9769,28.2426
4591,BTCUSDT,BUY,1791214344788,85491.455,-1.8715,-2.9769,-28.2426
4592,BTCUSDT,BUY,1791214345380,85479.09,-2.2327,-1.5308,-26.8001
4593,BTCUSDT,BUY,1791214345649,85475.725,-2.0731,-1.1372,-26.4075
4594,BTCUSDT,SELL,1791214349706,85444.445,-1.4161,-1.8211,24.2134
4595,BTCUSDT,SELL,1791214350492,85456.545,-0.0000,-0.4049,26.4204
4596,BTCUSDT,SELL,1791214352646,85456.545,-0.8730,0.4587,25.9044
4597,BTCUSDT,SELL,1791214352823,85459.13500000001,-0.8039,0.7618,26.2067
4598,ETHUSDT,SELL,1791214353140,2701.585,-0.6293,0.9254,16.1017
4599,ETHUSDT,SELL,1791214353337,2701.645,-0.4072,1.1474,16.3234
4600,BTCUSDT,BUY,1791214357235,85464.815,-0.5628,-3.6050,-19.9872
4601,BTCUSDT,BUY,1791214360995,85460.005,-0.4049,-12.5146,-19.4255
4602,BTCUSDT,BUY,1791214361273,85459.845,-0.8448,-11.2427,-19.4068
4603,BTCUSDT,BUY,1791214362137,85456.545,-0.4587,-10.8570,-19.0214
4604,ETHUSDT,BUY,1791214367779,2701.185,-0.7404,-1.2957,-9.4033
4605,ETHUSDT,BUY,1791214368446,2701.165,-6.1270,-2.8506,-10.3289
4606,ETHUSDT,SELL,1791214388865,2699.005,-0.4076,0.5558,7.4101
4607,ETHUSDT,SELL,1791214391471,2699.465,0.5186,2.5561,8.2609
4608,ETHUSDT,SELL,1791214391653,2699.5950000000003,1.1113,3.2968,8.5939
4609,ETHUSDT,BUY,1791214392089,2699.625,-2.2966,-4.0006,-8.7049
4610,ETHUSDT,SELL,1791214395243,2698.775,-2.2232,3.0014,3.8165
4613,ETHUSDT,SELL,1791214405236,2697.755,-1.2974,0.4448,-0.4448
4614,ETHUSDT,BUY,1791214409098,2697.355,0.0000,4.2264,2.6322
4615,ETHUSDT,SELL,1791214411127,2697.105,-0.4820,-6.5626,-3.5594
4616,ETHUSDT,SELL,1791214414649,2697.2349999999997,-2.2987,-6.0803,-0.9269
4617,ETHUSDT,SELL,1791214416508,2697.855,-2.3723,-2.9283,1.9275
4618,ETHUSDT,SELL,1791214416995,2698.105,-1.4455,-2.0014,3.1874
4619,ETHUSDT,BUY,1791214430383,2698.025,-1.7420,-3.7805,-7.1163
4620,BTCUSDT,BUY,1791214431624,85275.535,-0.5394,-3.2647,-4.8068
4621,BTCUSDT,BUY,1791214432118,85275.505,-0.5359,-3.2612,-4.8033
4622,ETHUSDT,BUY,1791214433816,2697.495,-0.4078,-1.8165,-4.6710
4623,BTCUSDT,BUY,1791214434719,85269.60500000001,-0.9218,-2.4088,-3.9404
4624,BTCUSDT,BUY,1791214436641,85261.745,-0.3507,-1.3265,-1.4743
4625,BTCUSDT,BUY,1791214437479,85259.445,-0.6944,-1.0568,-0.1724
4626,ETHUSDT,BUY,1791214438992,2697.115,-0.4078,-0.4078,-3.7447
4627,BTCUSDT,SELL,1791214444514,85247.695,-0.3202,-2.9444,2.4693
4628,BTCUSDT,SELL,1791214445604,85250.43,-0.0006,-3.5830,2.7900
4629,BTCUSDT,SELL,1791214449742,85253.16500000001,-0.6557,-3.8661,2.9500
4630,BTCUSDT,SELL,1791214451091,85258.755,-0.6029,-2.6062,3.6055
4631,ETHUSDT,SELL,1791214451379,2697.065,-0.7786,-1.1494,6.0807
4632,BTCUSDT,SELL,1791214453443,85265.965,-0.8010,-1.5387,3.4797
4633,ETHUSDT,SELL,1791214454133,2697.335,-1.5200,-0.3707,5.9689
4634,BTCUSDT,SELL,1791214456000,85280.975,-0.9240,-2.2455,3.8133
4635,BTCUSDT,BUY,1791214457436,85288.85500000001,-0.3201,1.3226,-4.7368
4636,BTCUSDT,BUY,1791214460429,85285.265,-0.5030,2.4049,-3.8940
4637,BTCUSDT,SELL,1791214464026,85281.14499999999,-0.9041,-0.1126,-4.6446
4639,BTCUSDT,SELL,1791214464803,85286.13,-0.9996,0.4719,-4.0599
4642,BTCUSDT,SELL,1791214465949,85294.655,-0.6413,2.9685,-3.0600
4643,BTCUSDT,BUY,1791214471907,85305.775,-1.7771,-5.5600,1.7560
4644,BTCUSDT,BUY,1791214472195,85300.14499999999,-1.2767,-4.9003,2.4162
4645,BTCUSDT,BUY,1791214472876,85293.035,-1.2815,-5.1270,3.2500
4646,BTCUSDT,BUY,1791214474905,85282.10500000001,-1.4974,-3.8461,4.5320
4648,BTCUSDT,BUY,1791214476014,85269.33499999999,-1.0215,-2.9706,6.0303
4638,ETHUSDT,SELL,1791214464435,2697.435,-1.8165,-0.1854,5.3013
4640,ETHUSDT,SELL,1791214465113,2697.8050000000003,-0.8155,1.1861,6.6721
4641,ETHUSDT,SELL,1791214465721,2697.955,-0.4077,1.7421,7.2277
4647,ETHUSDT,BUY,1791214475868,2697.4849999999997,-0.8897,-3.1882,-5.4866
4649,ETHUSDT,BUY,1791214477211,2697.245,-1.4088,-2.9289,-4.5973
4650,ETHUSDT,BUY,1791214477909,2696.975,-0.4079,-3.2258,4.8573
4651,ETHUSDT,BUY,1791214478090,2696.915,-0.1854,-3.0034,5.0799
4652,BTCUSDT,BUY,1791214478264,85252.63500000001,-0.2592,-2.6545,8.3165
4653,BTCUSDT,BUY,1791214482565,85255.66500000001,-0.7460,-2.3166,9.4234
4654,ETHUSDT,BUY,1791214482778,2696.865,-0.8899,-2.3360,7.9351
4655,ETHUSDT,BUY,1791214486334,2696.545,-0.3338,0.2967,13.4246
4656,BTCUSDT,BUY,1791214486405,85240.005,-0.7567,1.0758,14.0779
4657,BTCUSDT,BUY,1791214486975,85236.16500000001,-0.7227,2.5588,15.6442
4658,BTCUSDT,BUY,1791214487339,85236.005,-0.7039,2.5775,16.1903
4659,BTCUSDT,BUY,1791214487900,85232.005,-0.2347,3.0470,16.8951
4660,ETHUSDT,SELL,1791214492342,2696.165,-0.2596,0.2225,-14.9472
4661,ETHUSDT,SELL,1791214492596,2696.225,-0.0371,0.4451,-14.6872
4662,BTCUSDT,SELL,1791214495785,85240.005,-1.2213,1.5673,-16.6248
4663,BTCUSDT,SELL,1791214496855,85250.41500000001,-0.8868,2.7883,-15.4040
4664,ETHUSDT,BUY,1791214498112,2696.625,-1.9283,-4.1904,14.8334
4665,ETHUSDT,BUY,1791214498405,2696.5150000000003,-1.5205,-3.7827,15.2419
4666,BTCUSDT,BUY,1791214498723,85254.845,-0.8000,-3.1470,14.8836
4667,BTCUSDT,BUY,1791214499067,85253.875,-0.9114,-3.0333,14.9976
4668,BTCUSDT,BUY,1791214499239,85252.805,-0.7859,-2.9078,15.1233
4669,ETHUSDT,BUY,1791214504197,2695.9449999999997,-2.0030,-0.7789,20.4381
4670,BTCUSDT,SELL,1791214508344,85226.685,-0.1561,-2.6623,-18.6937
4671,ETHUSDT,BUY,1791214509340,2695.875,-0.7048,0.2967,20.0306
4672,ETHUSDT,BUY,1791214510667,2695.685,-0.8903,1.0016,20.7368
4673,BTCUSDT,SELL,1791214512999,85235.655,-0.0751,-9.9841,-17.8740
4674,ETHUSDT,SELL,1791214513007,2695.535,-0.5194,-1.7436,-21.2945
4675,BTCUSDT,SELL,1791214514375,85237.445,-1.2917,-9.7739,-17.6636
4676,BTCUSDT,SELL,1791214521315,85252.055,-0.6968,-8.0585,-15.9468
4677,BTCUSDT,SELL,1791214539834,85323.535,-0.7583,-6.3839,0.6669
4678,ETHUSDT,SELL,1791214540098,2698.285,-1.3342,-8.7463,-4.7808
4679,ETHUSDT,SELL,1791214540415,2698.315,-1.2230,-8.6350,-5.4478
4680,BTCUSDT,SELL,1791214541697,85330.005,-0.7032,-6.0612,0.0070
4681,BTCUSDT,SELL,1791214544205,85341.515,-0.5261,-2.8837,0.4757
4682,BTCUSDT,SELL,1791214545149,85344.005,-1.6404,-3.2621,0.7675
4683,BTCUSDT,SELL,1791214545425,85346.005,-1.6404,-3.1343,1.0018
4684,ETHUSDT,SELL,1791214545874,2699.4449999999997,-3.7045,-3.6304,-2.6672
4685,BTCUSDT,SELL,1791214545937,85355.045,-1.6379,-3.1246,2.0608
4686,ETHUSDT,SELL,1791214546777,2700.165,-1.0370,-1.7036,0.0370
4687,BTCUSDT,SELL,1791214546962,85369.025,-0.8176,-1.4888,3.6981
4688,ETHUSDT,BUY,1791214551641,2700.645,-1.7033,1.5182,-1.4071
4689,ETHUSDT,BUY,1791214551919,2700.585,-1.4812,2.3699,-1.1849
4690,ETHUSDT,BUY,1791214553684,2700.185,-1.5925,4.7034,2.5924
4691,BTCUSDT,BUY,1791214554066,85366.16500000001,0.0000,2.3241,1.8169
4692,ETHUSDT,BUY,1791214554273,2700.065,0.5555,5.1480,3.0740
4693,BTCUSDT,BUY,1791214554383,85366.125,0.7767,2.3288,1.8216
4694,ETHUSDT,SELL,1791214554881,2699.755,-2.4817,-5.6301,-4.8523
4695,ETHUSDT,SELL,1791214555991,2700.425,-0.7406,-3.1477,-3.2217
4696,ETHUSDT,SELL,1791214556263,2700.495,-0.4814,-2.8884,-2.9624
4697,BTCUSDT,SELL,1791214561652,85381.735,-0.5001,-0.7343,1.4605
4698,ETHUSDT,BUY,1791214562567,2701.525,-0.2591,-0.9254,-0.5552
4699,ETHUSDT,BUY,1791214564303,2701.455,-0.6663,-0.6663,-0.2961
4700,ETHUSDT,BUY,1791214583149,2701.215,-1.8510,-6.9969,1.9991
4701,BTCUSDT,BUY,1791214583182,85386.005,-2.3236,-8.8328,-1.8176
4702,ETHUSDT,BUY,1791214583435,2701.145,-1.9621,-6.7379,2.2583
4703,BTCUSDT,BUY,1791214583563,85376.625,-1.9748,-7.7351,-1.3880
4704,ETHUSDT,BUY,1791214583633,2701.0950000000003,-1.7771,-6.5529,2.4435
4705,BTCUSDT,BUY,1791214583888,85375.32500000001,-2.1833,-7.5830,-1.9303
4706,BTCUSDT,BUY,1791214584473,85362.685,-1.4854,-6.4888,-2.7670
4707,ETHUSDT,BUY,1791214584708,2700.615,-0.6665,-5.6283,2.9253
4708,BTCUSDT,BUY,1791214584807,85358.005,-1.6015,-5.9409,-2.2189
4709,ETHUSDT,BUY,1791214584919,2700.5550000000003,-1.4441,-5.9988,2.8142
4710,ETHUSDT,BUY,1791214585091,2700.505,-1.2590,-5.8137,2.5551
4711,ETHUSDT,BUY,1791214585417,2700.435,-0.9998,-6.1101,2.1108
4712,BTCUSDT,BUY,1791214585462,85350.36499999999,-1.4071,-5.6661,-1.3240
4713,BTCUSDT,SELL,1791214592413,85306.595,-0.4677,-3.6175,-3.4089
4714,ETHUSDT,SELL,1791214592760,2699.115,-0.7780,-4.5570,-7.2987
4715,BTCUSDT,BUY,1791214594828,85307.295,-0.6201,3.5355,4.4006
4716,BTCUSDT,SELL,1791214597654,85302.005,-1.0058,-4.1558,-5.5345
4717,BTCUSDT,SELL,1791214597997,85304.735,-0.6858,-3.8357,-5.2142
4718,BTCUSDT,SELL,1791214598167,85306.10500000001,-0.5252,-3.6750,-5.0536
4719,BTCUSDT,SELL,1791214598499,85308.765,-0.2133,-3.3631,-4.7416
4720,BTCUSDT,SELL,1791214599869,85317.845,-0.5989,-2.2985,-3.1822
4721,BTCUSDT,SELL,1791214601654,85328.61499999999,-1.0360,-1.6302,-1.9196
4722,ETHUSDT,SELL,1791214601800,2699.935,-1.5186,-1.2223,-4.2223
4723,ETHUSDT,BUY,1791214603983,2700.225,-0.2222,2.4442,2.1850
4724,BTCUSDT,SELL,1791214611325,85337.465,-1.5245,-3.7264,3.1112
4725,BTCUSDT,SELL,1791214611938,85342.525,-1.5420,-3.1333,3.7039
4726,BTCUSDT,BUY,1791214615659,85381.67499999999,-2.5778,-2.3459,-9.5653
4728,BTCUSDT,SELL,1791214617327,85363.545,-0.6701,0.2226,7.4435
4727,ETHUSDT,SELL,1791214617253,2701.295,-0.2962,-0.2962,5.6640
4729,BTCUSDT,SELL,1791214618138,85369.265,-0.0000,0.8926,8.9611
4730,BTCUSDT,BUY,1791214622636,85369.265,-0.6642,-2.2010,0.6993
4731,BTCUSDT,BUY,1791214623036,85367.285,-0.4322,-1.9691,0.9512
4732,BTCUSDT,BUY,1791214628573,85361.64499999999,-1.3086,-1.3086,1.6260
4733,ETHUSDT,BUY,1791214629217,2701.355,-0.5923,0.1481,3.3687
4734,ETHUSDT,BUY,1791214631836,2701.1949999999997,-0.7034,1.1476,3.6650
4735,ETHUSDT,SELL,1791214633423,2701.005,-0.1111,-2.7767,-4.3687
4736,ETHUSDT,SELL,1791214639713,2701.4049999999997,-0.3702,-0.1111,-3.1835
4737,ETHUSDT,SELL,1791214641994,2701.505,-0.9254,2.6282,-2.8132
4738,ETHUSDT,SELL,1791214642199,2701.535,-0.8144,2.7392,-2.7022
4739,ETHUSDT,BUY,1791214644604,2701.435,-1.5917,-1.2956,3.0724
4740,ETHUSDT,BUY,1791214644793,2701.395,-1.4437,-1.1476,3.2206
4741,BTCUSDT,SELL,1791214646999,85341.805,-1.1612,-0.8683,-8.6944
4742,BTCUSDT,SELL,1791214647470,85343.16500000001,-1.7799,-0.7089,-8.5350
4743,BTCUSDT,SELL,1791214648189,85351.715,-0.7780,0.2929,-8.0010
4744,BTCUSDT,SELL,1791214652278,85332.935,-0.3211,-1.4133,-11.3754
4745,BTCUSDT,SELL,1791214656183,85344.83499999999,-0.5132,1.2842,-9.9795
4746,BTCUSDT,BUY,1791214658753,85349.215,-0.4944,-2.7417,9.4658
4747,ETHUSDT,BUY,1791214659863,2701.185,-0.4072,-2.6285,10.7360
4749,BTCUSDT,BUY,1791214662402,85344.995,-1.3029,-3.6745,9.4932
4748,ETHUSDT,BUY,1791214662385,2701.075,-0.9626,-3.9984,10.3662
4750,BTCUSDT,BUY,1791214662667,85343.035,-1.0733,-3.4449,8.6064
4751,ETHUSDT,BUY,1791214662991,2700.9049999999997,-0.3332,-3.3692,10.5890
4752,BTCUSDT,BUY,1791214667419,85334.88500000001,-1.0629,-4.0874,7.0077
4753,BTCUSDT,BUY,1791214667787,85329.345,-0.4137,-4.0502,7.6574
4754,BTCUSDT,BUY,1791214669251,85321.64499999999,-1.1169,-4.0095,9.2614
4755,ETHUSDT,BUY,1791214669602,2700.605,-1.4441,-4.3324,9.5164
4756,ETHUSDT,BUY,1791214669795,2700.575,-1.3330,-4.2213,9.6276
4757,BTCUSDT,BUY,1791214669961,85315.545,-0.5427,-3.4624,10.6440
4758,BTCUSDT,BUY,1791214670524,85312.11499999999,-0.1407,-4.4320,11.8752
4759,BTCUSDT,BUY,1791214673838,85313.63500000001,-1.0737,7.2403,12.0543
4760,BTCUSDT,BUY,1791214674295,85310.91500000001,-1.2789,8.4280,12.4322
4761,BTCUSDT,BUY,1791214674593,85305.35500000001,-0.6272,9.0803,13.0848
4762,BTCUSDT,BUY,1791214678035,85294.785,-0.4010,9.4660,15.3538
4763,BTCUSDT,BUY,1791214678853,85292.765,-0.7926,9.7031,15.5910
4764,BTCUSDT,BUY,1791214679658,85287.435,-1.5395,10.3286,16.2169
4765,ETHUSDT,SELL,1791214682301,2701.915,-1.2954,-0.9993,-8.0313
4766,BTCUSDT,SELL,1791214683437,85375.405,-0.8679,-0.1745,-5.8963
4767,BTCUSDT,SELL,1791214685026,85382.815,0.8538,0.6933,-5.0279
4768,BTCUSDT,SELL,1791214685357,85389.185,1.5997,1.4381,-4.2816
4769,BTCUSDT,BUY,1791214685367,85375.405,0.0141,0.1757,5.8963
4770,ETHUSDT,BUY,1791214691712,2702.185,0.0000,0.2961,6.0507
4771,ETHUSDT,SELL,1791214706414,2702.2650000000003,-2.9605,-6.7351,-2.7384
4772,BTCUSDT,SELL,1791214745805,85425.745,-0.6555,2.5004,10.1339
4773,BTCUSDT,BUY,1791214751783,85431.345,-1.5931,-5.2370,-13.9691
4774,BTCUSDT,BUY,1791214752371,85422.065,-1.2655,-4.1512,-12.8843
4775,BTCUSDT,BUY,1791214752682,85418.005,-1.4394,-3.6760,-12.4096
4776,BTCUSDT,BUY,1791214752985,85413.60500000001,-1.0795,-3.1611,-11.8951
4777,ETHUSDT,BUY,1791214753247,2703.525,-0.5548,-1.9234,-10.8747
4778,BTCUSDT,SELL,1791214772559,85352.03,-0.1599,-0.0510,12.2018
4779,BTCUSDT,SELL,1791214772828,85352.045,-0.1582,-0.0492,12.2036
4780,BTCUSDT,SELL,1791214795938,85344.235,-0.6409,0.8554,11.0423
4781,BTCUSDT,BUY,1791214803809,85349.705,-0.5718,-4.4171,-10.3679
4782,BTCUSDT,BUY,1791214804402,85349.66500000001,-0.5671,-5.8184,-10.0633
4783,BTCUSDT,BUY,1791214806342,85332.065,-0.9445,-4.5856,-6.3353
4784,ETHUSDT,SELL,1791214811414,2700.815,0.8516,4.5912,9.9229
4785,ETHUSDT,BUY,1791214817020,2700.145,-1.5925,-3.9998,-6.5552
4786,BTCUSDT,SELL,1791214846077,85210.095,-1.6665,-4.6825,-15.1214
4787,BTCUSDT,SELL,1791214847355,85227.745,-0.6770,-2.7421,-13.0474
4788,ETHUSDT,SELL,1791214847502,2696.6549999999997,-0.4821,-2.1879,-13.2386
4789,ETHUSDT,SELL,1791214847953,2696.785,-0.0000,-1.7057,-12.7559
4790,BTCUSDT,SELL,1791214853935,85243.11499999999,-0.8071,-2.1233,-14.8857
4791,BTCUSDT,SELL,1791214854324,85249.045,-0.1114,-1.7279,-14.4236
4792,ETHUSDT,SELL,1791214859413,2697.5950000000003,-0.9638,-2.0018,-15.5694
4793,BTCUSDT,BUY,1791214860697,85264.42499999999,-0.1149,0.7389,15.5575
4794,ETHUSDT,BUY,1791214862545,2697.755,-1.5939,1.4086,15.9021
4795,BTCUSDT,SELL,1791214865469,85269.995,-1.1739,-1.1727,-16.1851
4796,ETHUSDT,SELL,1791214865757,2697.7349999999997,-0.9638,-1.4827,-15.9764
4797,BTCUSDT,SELL,1791214865866,85275.655,-0.7446,-0.5089,-15.5203
4798,BTCUSDT,SELL,1791214866077,85276.01000000001,-0.9375,-0.4673,-15.4786
4799,BTCUSDT,SELL,1791214866998,85282.005,-0.6355,-0.4690,-14.7745
4800,BTCUSDT,BUY,1791214869483,85287.42499999999,-1.9581,0.1530,12.0252
4801,BTCUSDT,BUY,1791214869913,85281.315,-1.2418,0.9545,11.3941
4802,BTCUSDT,SELL,1791214875080,85270.725,-1.0871,-0.8960,-11.3521
4803,ETHUSDT,SELL,1791214877168,2698.38,-1.7233,1.0932,-10.6545
4804,ETHUSDT,BUY,1791214878637,2698.8450000000003,-0.9263,-0.1482,8.9297
4805,ETHUSDT,BUY,1791214880688,2698.5950000000003,-0.2594,1.4452,9.8570
4806,BTCUSDT,BUY,1791214881103,85289.455,-0.8805,1.2370,10.9674
4807,ETHUSDT,BUY,1791214881105,2698.565,-0.1482,2.1122,11.1170
4808,BTCUSDT,BUY,1791214882521,85281.945,-0.7481,2.1177,11.8489
4809,ETHUSDT,SELL,1791214887861,2698.085,-2.6686,-2.8539,-14.1953
4810,ETHUSDT,SELL,1791214888162,2698.145,-2.4461,-2.6314,-13.9726
4811,BTCUSDT,SELL,1791214889623,85289.445,-0.0657,-3.4858,-11.6169
4812,BTCUSDT,SELL,1791214890731,85290.005,-1.1725,-3.4201,-11.1432
4813,ETHUSDT,SELL,1791214891229,2699.145,-0.0000,-1.0003,-8.7065
4814,BTCUSDT,SELL,1791214898668,85300.005,-2.2474,-4.5651,-7.0657
4815,BTCUSDT,SELL,1791214899521,85317.985,-0.1395,-2.4567,-4.0671
4816,ETHUSDT,SELL,1791214905235,2699.565,-1.3706,-7.5197,0.2963
4817,BTCUSDT,SELL,1791214905327,85319.17499999999,-2.3172,-6.8648,1.4487
4818,ETHUSDT,SELL,1791214911492,2700.925,-0.6664,-3.2211,3.9616
4819,BTCUSDT,SELL,1791214912666,85358.005,-1.1715,-5.3891,4.1109
4820,BTCUSDT,SELL,1791214913064,85360.005,-1.4058,-5.3889,4.3451
4821,ETHUSDT,SELL,1791214913719,2701.2650000000003,-0.6293,-2.8875,5.2198
4822,BTCUSDT,SELL,1791214913838,85368.005,-0.9371,-4.6856,5.2818
4823,BTCUSDT,SELL,1791214914444,85372.005,-0.7028,-4.2168,5.7501
4824,ETHUSDT,SELL,1791214914885,2701.435,-0.5923,-2.2581,8.1438
4825,BTCUSDT,SELL,1791214915868,85380.005,-1.9993,-3.2795,8.4598
4826,BTCUSDT,SELL,1791214923170,85406.005,-0.2342,5.0629,14.7531
4827,BTCUSDT,SELL,1791214927010,85408.005,-0.2342,4.6740,14.7597
4828,ETHUSDT,BUY,1791214928999,2701.935,-0.9993,-2.5167,-11.8804
4829,BTCUSDT,BUY,1791214929541,85389.985,-3.1877,-1.7965,-13.1397
4830,ETHUSDT,BUY,1791214929695,2701.705,-1.0734,-1.6656,-11.8444
4831,ETHUSDT,BUY,1791214930018,2701.665,-0.9254,-1.5176,-11.6965
4832,ETHUSDT,BUY,1791214930454,2701.525,-1.9433,-0.9994,-11.1789
4833,BTCUSDT,SELL,1791214934906,85362.765,-1.3941,-3.5578,10.0676
4834,BTCUSDT,SELL,1791214935134,85367.525,-0.8364,-3.0000,10.1432
4835,BTCUSDT,BUY,1791214936199,85374.66500000001,-0.7707,2.1634,-9.0378
4836,BTCUSDT,SELL,1791214938799,85368.08499999999,-0.7684,-2.9344,8.2677
4837,BTCUSDT,SELL,1791214939080,85371.475,-0.3713,-2.5371,8.6645
4838,ETHUSDT,SELL,1791214940931,2701.255,-1.1476,-0.8885,6.5895
4839,BTCUSDT,SELL,1791214943300,85389.98999999999,-0.3683,0.5791,8.4629
4840,BTCUSDT,BUY,1791214949075,85393.13500000001,-0.9474,-3.8481,-8.4304
4841,BTCUSDT,BUY,1791214949818,85388.525,-0.4075,-5.1541,-7.8910
4842,ETHUSDT,SELL,1791214955609,2701.495,-0.2961,6.6260,4.4050
4843,BTCUSDT,SELL,1791214955699,85385.045,-0.4076,8.3129,7.4837
4844,BTCUSDT,BUY,1791214957800,85377.14499999999,-1.9759,-6.3518,-5.6830
4845,ETHUSDT,BUY,1791214958435,2701.025,-1.3699,-4.3317,-1.9622
4846,BTCUSDT,BUY,1791214959570,85352.685,0.4792,-3.4879,-2.8189
4847,BTCUSDT,SELL,1791214960244,85352.14499999999,3.2600,3.4246,2.7556
4848,BTCUSDT,BUY,1791214960784,85356.775,-5.4383,-3.9669,-3.2979
4849,BTCUSDT,BUY,1791214962636,85308.005,-1.4313,1.7478,2.4171
4850,BTCUSDT,BUY,1791214963494,85300.005,0.7984,2.6858,4.3329
4851,BTCUSDT,SELL,1791214964203,85300.485,-0.7421,-2.6295,-4.2766
4852,ETHUSDT,BUY,1791214974489,2699.855,-2.2964,-4.1484,3.5928
4853,ETHUSDT,BUY,1791214986906,2698.795,-0.2594,2.5196,7.9665
4854,ETHUSDT,BUY,1791214987818,2698.725,0.0000,2.7791,8.2261
4855,ETHUSDT,SELL,1791214995483,2698.6549999999997,-3.0386,-4.2984,-4.3725
4856,ETHUSDT,SELL,1791215002350,2699.475,-0.7779,-1.2225,1.1484
4859,ETHUSDT,SELL,1791215003033,2699.525,-1.0743,-1.0372,1.9263
4860,ETHUSDT,SELL,1791215014467,2699.8050000000003,-1.8520,-2.5557,1.5927
4861,ETHUSDT,SELL,1791215027192,2700.495,-1.2220,-1.2220,0.9628
4862,BTCUSDT,SELL,1791215027278,85336.985,-1.8585,-1.8585,0.6047
4863,BTCUSDT,SELL,1791215047408,85345.88500000001,-0.3304,4.6938,-0.3761
4864,BTCUSDT,BUY,1791215052659,85333.785,-3.2765,-4.6511,2.4914
4865,BTCUSDT,BUY,1791215053292,85306.625,-0.0938,-1.4688,5.6760
4866,BTCUSDT,SELL,1791215059123,85305.83499999999,-0.1583,0.5896,-2.5719
4867,ETHUSDT,BUY,1791215061085,2699.835,-2.4816,-1.7038,5.4077
4868,BTCUSDT,SELL,1791215067928,85294.205,-0.6132,-2.8548,-4.4001
4869,ETHUSDT,SELL,1791215071040,2699.315,-0.2223,-2.2598,-5.5570
4870,BTCUSDT,SELL,1791215074938,85307.185,-1.7490,-2.7887,-3.3831
4871,ETHUSDT,SELL,1791215076692,2699.815,-0.4074,-1.4445,-5.7782
4872,BTCUSDT,BUY,1791215077026,85327.795,-1.0829,0.3727,0.9669
4873,BTCUSDT,SELL,1791215083170,85323.42499999999,-0.8849,-1.6373,-3.6555
4874,ETHUSDT,SELL,1791215083201,2699.925,-1.0371,-1.8519,-6.5187
4875,ETHUSDT,SELL,1791215083695,2700.145,-0.2222,-1.0370,-6.1478
4876,ETHUSDT,SELL,1791215087022,2700.205,-0.8148,-0.8148,-7.5179
4877,BTCUSDT,SELL,1791215087230,85330.975,-0.5637,-1.6172,-5.0427
4878,BTCUSDT,SELL,1791215094269,85337.39499999999,-0.8648,-0.3668,-3.1862
4879,BTCUSDT,SELL,1791215094491,85341.505,-0.3832,0.1148,-2.3881
4880,ETHUSDT,SELL,1791215099299,2700.425,-0.9998,-3.5920,-3.6291
4881,BTCUSDT,BUY,1791215099939,85348.695,-0.8565,0.7440,-0.5577
4882,ETHUSDT,BUY,1791215100301,2700.6949999999997,-1.5181,2.5919,2.9622
4883,BTCUSDT,BUY,1791215100468,85345.88500000001,-0.6280,1.0733,-0.2285
4884,ETHUSDT,BUY,1791215100609,2700.635,-1.1479,2.8142,3.1844
4885,ETHUSDT,SELL,1791215101690,2700.325,-0.9258,-3.9625,-4.3328
4886,ETHUSDT,SELL,1791215104863,2700.585,-1.5552,-2.9994,-3.8510
4887,BTCUSDT,SELL,1791215106949,85344.625,-0.5238,0.3925,0.4242
4888,ETHUSDT,SELL,1791215107161,2701.005,-1.3699,-1.0737,-1.8141
4889,BTCUSDT,SELL,1791215107304,85348.345,-0.5273,1.4412,0.8600
4890,BTCUSDT,SELL,1791215108015,85349.095,-0.6971,1.5290,-0.4429
4891,BTCUSDT,SELL,1791215108226,85351.245,-0.4452,1.7809,-0.1910
4892,BTCUSDT,SELL,1791215108554,85352.845,-0.2578,2.1282,-0.0035
4893,BTCUSDT,SELL,1791215114952,85355.045,1.2208,3.1961,-0.4768
4894,ETHUSDT,BUY,1791215115664,2701.635,-0.9624,-1.7397,-0.5552
4895,ETHUSDT,BUY,1791215116446,2701.415,-0.6663,-0.9254,0.2591
4896,BTCUSDT,BUY,1791215118496,85336.045,-0.9691,-0.5051,2.7034
4897,ETHUSDT,SELL,1791215119507,2700.9049999999997,-1.4440,-1.1478,-2.1474
4898,BTCUSDT,BUY,1791215120900,85327.775,-0.8637,0.4641,3.6729
4899,BTCUSDT,BUY,1791215121847,85325.14499999999,-1.6877,1.2775,3.9812
4900,ETHUSDT,BUY,1791215122308,2700.855,-1.3329,1.1108,2.5547
4901,BTCUSDT,BUY,1791215122631,85318.765,0.0000,2.0253,6.5296
4902,BTCUSDT,SELL,1791215123356,85310.745,-1.5063,-2.9656,-7.8841
4903,BTCUSDT,SELL,1791215123880,85318.765,-1.0549,-2.0253,-7.6466
4904,BTCUSDT,SELL,1791215124559,85323.595,-0.4887,-1.4592,-7.0801
4905,BTCUSDT,SELL,1791215126944,85327.775,-0.4641,-0.9692,-6.5899
4906,ETHUSDT,SELL,1791215127242,2701.165,-0.2221,-0.7774,-2.5545
4907,ETHUSDT,BUY,1791215129201,2701.215,0.0000,0.7774,1.8880
4908,ETHUSDT,SELL,1791215131910,2701.005,-0.5553,-2.5176,-1.3328
4909,ETHUSDT,SELL,1791215139408,2701.425,-0.9625,-3.5167,-0.6663
4910,ETHUSDT,SELL,1791215140111,2701.535,-0.5552,-1.9248,-0.2591
4911,ETHUSDT,SELL,1791215144120,2701.8050000000003,-0.8883,-0.6662,0.7402
4912,BTCUSDT,BUY,1791215149006,85375.78,-0.7397,-3.8904,0.0252
4913,ETHUSDT,BUY,1791215149193,2702.425,-1.3691,-3.7744,-3.7744
4914,BTCUSDT,BUY,1791215154442,85364.58499999999,-1.3073,-2.5784,2.5092
4915,BTCUSDT,BUY,1791215154872,85357.525,-0.9056,-1.7515,3.3366
4916,BTCUSDT,BUY,1791215155312,85354.61499999999,-0.9935,-1.4106,3.6776
4917,ETHUSDT,BUY,1791215155477,2701.855,-1.2214,-0.8513,-0.7772
4918,BTCUSDT,BUY,1791215155545,85353.42,-0.8535,-1.2706,3.8177
4919,BTCUSDT,BUY,1791215156003,85349.795,-0.4288,-0.8506,4.2425
4920,BTCUSDT,BUY,1791215156237,85349.445,-0.3878,-0.9889,4.2836
4921,BTCUSDT,BUY,1791215158277,85346.13500000001,-0.4183,0.7897,5.7249
4922,ETHUSDT,BUY,1791215158724,2701.465,-0.1481,1.3326,1.2956
4923,ETHUSDT,SELL,1791215160031,2701.425,-0.2591,-1.0735,-1.7398
4924,BTCUSDT,BUY,1791215165976,85342.57500000001,-0.1840,1.9381,6.7293
4925,BTCUSDT,SELL,1791215170963,85352.875,-1.3942,-0.7311,-4.2869
4926,BTCUSDT,SELL,1791215171450,85353.375,-1.3356,-0.6725,-4.2283
4927,ETHUSDT,BUY,1791215174870,2701.565,-0.2961,1.0735,0.1481
4928,ETHUSDT,SELL,1791215182450,2701.545,-1.1475,0.6663,-2.8502
4929,BTCUSDT,BUY,1791215187215,85384.005,-1.2543,-2.2112,3.8134
4930,BTCUSDT,BUY,1791215187442,85383.185,-1.4757,-2.1152,3.9094
4931,BTCUSDT,BUY,1791215188428,85373.295,-0.9570,-0.6981,5.6411
4932,BTCUSDT,BUY,1791215188808,85370.095,-1.0156,-0.3233,4.7839
4933,BTCUSDT,BUY,1791215189176,85367.33499999999,-0.6923,0.5131,5.1073
4934,ETHUSDT,BUY,1791215190702,2701.435,-0.2591,0.6293,2.8503
4935,BTCUSDT,SELL,1791215193428,85361.42499999999,-0.1605,-0.7650,-6.8884
4936,BTCUSDT,BUY,1791215201012,85373.295,-0.6255,0.8984,5.6411
4937,BTCUSDT,SELL,1791215207265,85367.955,-0.9418,-2.3487,-5.6333
4938,BTCUSDT,SELL,1791215211424,85380.965,-0.5903,-1.6432,-2.4771
4939,ETHUSDT,SELL,1791215211757,2701.4449999999997,-0.7403,-1.6658,-1.2216
4940,BTCUSDT,SELL,1791215217296,85388.005,-0.8186,-1.4053,-1.4241
4941,BTCUSDT,SELL,1791215217552,85390.005,-0.5844,-1.1711,-1.1898
4942,BTCUSDT,SELL,1791215224661,85400.005,-0.0000,1.2342,2.2541
4943,ETHUSDT,BUY,1791215226822,2701.725,-0.2221,-1.9987,-2.3689
4944,BTCUSDT,BUY,1791215230280,85400.005,-1.2342,-0.3864,-2.4005
4945,BTCUSDT,BUY,1791215230524,85398.63500000001,-1.0738,0.1593,-2.2401
4946,BTCUSDT,BUY,1791215230753,85397.995,-0.9989,0.6276,-2.1652
4947,ETHUSDT,BUY,1791215230981,2701.665,-0.2221,1.0734,-0.3701
4948,ETHUSDT,BUY,1791215235406,2701.5950000000003,-1.5176,2.2579,-0.1110
4949,BTCUSDT,BUY,1791215235630,85389.465,-0.2225,2.5085,0.2822
4950,ETHUSDT,BUY,1791215235737,2701.475,-1.0735,2.7022,0.3332
4951,ETHUSDT,SELL,1791215238732,2701.185,-1.7770,-3.7761,-1.4068
4952,BTCUSDT,SELL,1791215239122,85391.66500000001,-0.5902,-2.2567,-0.0246
4953,ETHUSDT,SELL,1791215239377,2701.435,-1.7028,-2.8503,-0.4812
4954,BTCUSDT,SELL,1791215240413,85396.705,-1.2389,-1.8560,0.5656
4955,BTCUSDT,SELL,1791215240674,85399.995,-0.9379,-1.4707,0.9508
4956,ETHUSDT,SELL,1791215240702,2701.9049999999997,-1.5174,-1.1103,1.2584
4957,BTCUSDT,SELL,1791215240880,85403.35500000001,-0.5445,-1.0772,0.5890
4958,BTCUSDT,SELL,1791215244411,85409.205,-0.1967,-1.2903,1.2739
4959,ETHUSDT,BUY,1791215244511,2702.315,-0.4071,-0.4071,-2.7754
4960,BTCUSDT,SELL,1791215252903,85412.555,-0.8980,-1.0420,0.7423
4961,ETHUSDT,SELL,1791215265113,2702.335,-0.4811,2.0723,4.5146
4962,BTCUSDT,BUY,1791215265618,85426.60500000001,-1.2361,-3.0951,-3.8126
4963,BTCUSDT,BUY,1791215265922,85421.975,-0.6942,-2.5532,-3.2708
4964,ETHUSDT,BUY,1791215268785,2702.3450000000003,-2.1093,-2.7384,-4.8846
4965,BTCUSDT,BUY,1791215268902,85410.705,-1.0057,-1.2340,-1.9517
4966,ETHUSDT,BUY,1791215275454,2701.7650000000003,-0.5922,-2.5169,-4.5526
4967,BTCUSDT,BUY,1791215275499,85402.11499999999,-0.2283,-3.1276,-2.5889
4968,ETHUSDT,BUY,1791215275693,2701.705,-0.3701,-2.2948,-4.5897
4969,BTCUSDT,SELL,1791215282951,85402.11499999999,1.1487,1.1990,7.0326
4970,BTCUSDT,BUY,1791215283752,85403.555,-2.6703,-1.3676,-7.2011
4971,ETHUSDT,BUY,1791215284582,2701.475,-1.4437,0.3332,-8.1437
4972,BTCUSDT,BUY,1791215284752,85380.75,-0.6260,1.3030,-4.5321
4973,ETHUSDT,SELL,1791215287621,2701.085,-1.7771,-1.7771,6.2938
4974,BTCUSDT,SELL,1791215287637,85375.405,-0.4802,-1.9291,3.9063
4975,BTCUSDT,SELL,1791215291125,85379.515,-0.1593,-2.2031,4.3875
4976,BTCUSDT,SELL,1791215304790,85398.32500000001,-0.0960,-0.9239,8.7027
4977,BTCUSDT,SELL,1791215306566,85399.14499999999,-1.3536,-0.8279,8.7987
4978,ETHUSDT,SELL,1791215306710,2701.565,-0.9624,-0.0000,10.9196
4979,BTCUSDT,BUY,1791215308035,85410.705,-0.1604,-0.5257,-11.3218
4980,BTCUSDT,BUY,1791215309596,85409.33499999999,-1.1521,-0.3653,-11.1615
4981,BTCUSDT,BUY,1791215322681,85406.215,-1.4261,-2.5478,-11.9921
4982,ETHUSDT,BUY,1791215323030,2701.525,-1.2956,-3.6646,-12.4374
4983,ETHUSDT,BUY,1791215324914,2701.175,-0.2221,-2.3693,-11.1433
4984,BTCUSDT,BUY,1791215335431,85384.455,-0.5212,-4.9658,-7.8527
4985,ETHUSDT,BUY,1791215335620,2700.525,-1.3331,-4.6287,-5.4804
4986,BTCUSDT,BUY,1791215338367,85380.005,-2.3425,-4.4448,-5.5001
4987,ETHUSDT,BUY,1791215338817,2700.165,-2.0369,-2.8887,-2.1851
4988,BTCUSDT,BUY,1791215338861,85366.555,-1.3670,-2.8700,-3.9254
4989,BTCUSDT,BUY,1791215339033,85363.505,-1.0098,-2.5128,-3.5683
4990,BTCUSDT,BUY,1791215339743,85358.005,-0.8201,-1.8686,-3.6575
4991,BTCUSDT,BUY,1791215340723,85351.765,-0.9478,-1.1376,-3.0193
4992,BTCUSDT,BUY,1791215342524,85343.67499999999,-0.1898,-0.1898,-2.0716
4993,ETHUSDT,SELL,1791215347254,2699.275,-0.4075,-1.2596,1.0373
4994,BTCUSDT,SELL,1791215354987,85342.055,-0.2379,2.1150,1.9311
4995,ETHUSDT,BUY,1791215363480,2699.245,-2.3340,-7.0390,-5.4089
4996,BTCUSDT,BUY,1791215367686,85324.005,-1.1720,-2.7190,-3.2816
4997,ETHUSDT,BUY,1791215368263,2698.615,-0.4076,-0.6300,-3.0757
4998,ETHUSDT,BUY,1791215369615,2698.505,-1.7046,-0.2223,-2.6681
4999,BTCUSDT,BUY,1791215370007,85314.005,-1.4066,-0.7162,-2.1099
5000,ETHUSDT,BUY,1791215370268,2698.185,-0.6671,0.9636,-1.4825
5001,ETHUSDT,BUY,1791215371211,2698.045,-2.5945,0.4448,-0.1853
5002,ETHUSDT,BUY,1791215371479,2698.005,-2.4463,0.5930,-0.0371
5003,BTCUSDT,SELL,1791215376283,85280.545,-2.3757,-2.4554,-2.2772
5004,BTCUSDT,SELL,1791215376548,85282.86499999999,-2.1036,-2.1833,-1.5408
5005,ETHUSDT,SELL,1791215376685,2697.355,-1.3717,-3.0029,-2.6322
5006,BTCUSDT,SELL,1791215376822,85288.01000000001,-2.1263,-1.5799,-0.3125
5007,ETHUSDT,SELL,1791215377157,2697.5550000000003,-3.2993,-3.3364,-1.8906
5008,BTCUSDT,SELL,1791215377730,85300.805,-0.8312,-0.2403,1.1876
5009,BTCUSDT,SELL,1791215378012,85306.14499999999,-0.2051,0.5463,1.8135
5010,BTCUSDT,BUY,1791215380541,85307.89,-0.4800,-0.0440,-2.0180
5011,ETHUSDT,BUY,1791215380642,2698.4449999999997,-1.0376,0.1482,-3.1129
5012,BTCUSDT,BUY,1791215380775,85307.705,-0.4583,0.0223,-1.9963
5013,ETHUSDT,SELL,1791215389777,2698.3450000000003,-0.5188,-4.5213,1.5194
5014,BTCUSDT,SELL,1791215391485,85307.89499999999,-0.5885,-2.1217,1.8627
5015,BTCUSDT,SELL,1791215391955,85307.89499999999,-0.5885,-2.1217,1.8627
5016,ETHUSDT,BUY,1791215397076,2699.225,0.6298,-0.8521,-7.2984
5017,BTCUSDT,SELL,1791215397574,85317.405,-1.8332,-0.7783,4.7399
5018,BTCUSDT,SELL,1791215397814,85322.255,-1.2646,-0.2098,5.3081
5019,ETHUSDT,BUY,1791215399721,2699.565,-1.7781,-1.4817,-6.7418
5020,BTCUSDT,BUY,1791215399970,85326.785,-0.0926,-0.1418,-4.0773
5021,ETHUSDT,SELL,1791215400833,2699.085,-1.4820,-0.2964,4.9646
5022,BTCUSDT,SELL,1791215408018,85324.045,-0.1793,-0.1793,2.2198
5023,ETHUSDT,SELL,1791215413307,2699.165,-0.6298,5.1127,5.1497
5024,BTCUSDT,BUY,1791215419428,85325.57500000001,-1.9584,-3.4655,-6.4354
5025,BTCUSDT,BUY,1791215420049,85314.16500000001,-1.4159,-2.1286,-5.0988
5026,BTCUSDT,BUY,1791215420742,85305.10500000001,-0.5979,-1.0668,-4.0373
5027,ETHUSDT,BUY,1791215421373,2698.385,-2.6683,-1.4453,-4.4100
5028,BTCUSDT,BUY,1791215422173,85296.025,-0.7984,-0.0023,-2.9732
5029,BTCUSDT,SELL,1791215422866,85285.11499999999,-1.2769,-1.2769,1.6943
5030,ETHUSDT,SELL,1791215422902,2697.665,-0.4448,-1.2233,1.7422
5031,ETHUSDT,SELL,1791215423177,2697.725,-0.2224,-1.0008,1.9646
5032,BTCUSDT,SELL,1791215423414,85289.215,-0.7961,-0.7961,2.1750
5033,BTCUSDT,SELL,1791215435160,85296.015,-0.4631,0.0176,2.9720
5034,ETHUSDT,SELL,1791215435349,2697.995,-0.5189,-0.0000,3.0022
5035,BTCUSDT,BUY,1791215436402,85299.965,-1.0891,-0.4807,-3.4349
5036,ETHUSDT,SELL,1791215443731,2697.605,-1.4457,0.3336,-0.6673
5037,ETHUSDT,SELL,1791215443904,2697.645,-1.2974,0.4819,-0.5190
5038,ETHUSDT,SELL,1791215444223,2697.785,-0.7784,1.0008,0.0371
5039,BTCUSDT,BUY,1791215446821,85295.86499999999,-0.1606,-2.2158,-2.4550
5040,ETHUSDT,BUY,1791215448586,2697.995,-0.2224,-2.7428,-0.8895
5041,ETHUSDT,BUY,1791215453307,2697.935,-1.5567,1.7421,-1.4826
5042,BTCUSDT,BUY,1791215453694,85286.005,-0.5276,2.2395,-1.7647
5043,BTCUSDT,BUY,1791215456762,85280.005,-0.3565,2.9432,-1.0612
5044,BTCUSDT,SELL,1791215458739,85276.965,-1.7625,-3.2998,0.5441
5045,BTCUSDT,SELL,1791215459262,85282.005,-1.1714,-2.7087,0.9123
5046,ETHUSDT,SELL,1791215459354,2697.565,-0.6673,-2.4467,0.2224
5047,ETHUSDT,SELL,1791215459538,2697.705,-0.1483,-1.9276,0.7414
5048,ETHUSDT,SELL,1791215461393,2697.745,-0.9267,-0.1112,0.8896
5049,BTCUSDT,SELL,1791215461490,85294.015,-0.2333,0.0926,2.3202
5051,BTCUSDT,SELL,1791215462942,85299.405,-0.6682,0.7245,2.9520
5050,ETHUSDT,SELL,1791215462911,2698.275,-0.4447,1.8530,2.8537
5052,BTCUSDT,BUY,1791215470307,85305.1,-1.3921,-4.0367,-2.4870
5053,ETHUSDT,BUY,1791215470949,2698.225,-1.6678,-3.8173,-1.2601
5054,BTCUSDT,BUY,1791215474159,85292.005,-0.7562,-2.5020,-0.9520
5055,BTCUSDT,BUY,1791215476950,85285.555,-1.7459,-1.7459,-0.1958
5056,BTCUSDT,BUY,1791215477249,85283.455,-1.4997,-1.4997,0.0504
5057,ETHUSDT,BUY,1791215477380,2697.715,-1.9276,-2.0017,0.6302
5058,ETHUSDT,BUY,1791215484485,2697.1949999999997,-0.0742,0.5932,0.1483
5059,ETHUSDT,BUY,1791215488327,2697.175,-1.1864,2.2616,-0.1112
5060,BTCUSDT,BUY,1791215489792,85254.39499999999,-0.0457,2.7694,4.4103
5061,BTCUSDT,SELL,1791215490788,85254.005,-0.8586,-2.8151,-5.1610
5062,ETHUSDT,SELL,1791215491397,2696.815,-1.3349,-3.5968,-3.0035
5063,ETHUSDT,SELL,1791215492591,2697.185,-1.5943,-2.2245,-2.2987
5064,BTCUSDT,SELL,1791215492774,85265.42499999999,-0.6146,-1.4754,-4.9938
5065,ETHUSDT,SELL,1791215492945,2697.325,-0.8156,-1.7054,-1.7795
5066,BTCUSDT,SELL,1791215497049,85273.36499999999,-0.5441,-0.1829,-3.9016
5067,BTCUSDT,BUY,1791215505471,85278.005,-0.8267,-0.8267,1.6417
5068,ETHUSDT,BUY,1791215505972,2697.645,-0.0371,-0.5190,-1.5569
5069,ETHUSDT,SELL,1791215506686,2697.585,-0.1854,0.2966,1.7052
5070,BTCUSDT,SELL,1791215507744,85274.92499999999,-0.3612,0.4656,-1.3779
5071,BTCUSDT,SELL,1791215508096,85276.005,-0.2345,0.5922,-1.2512
5072,BTCUSDT,BUY,1791215510977,85270.955,0.0000,0.3835,0.5922
5073,ETHUSDT,BUY,1791215514463,2697.525,-0.0741,-0.0741,-4.4115
5074,BTCUSDT,SELL,1791215518617,85270.955,-0.3835,-1.2830,-1.2959
5075,BTCUSDT,SELL,1791215523268,85274.225,-0.3307,-1.1328,-2.3196
5076,BTCUSDT,SELL,1791215523446,85275.67499999999,-0.1607,-0.9628,-2.1495
5077,BTCUSDT,SELL,1791215524806,85278.735,-0.3705,-0.6039,-1.7906
5078,ETHUSDT,BUY,1791215526681,2697.9449999999997,-0.8154,-0.2224,-3.0394
5079,ETHUSDT,BUY,1791215526869,2697.895,-0.6301,-0.0371,-2.8541
5080,BTCUSDT,SELL,1791215529726,85281.89499999999,-0.2333,-0.2333,-1.4200
5081,ETHUSDT,SELL,1791215541956,2697.665,-0.8155,-0.5190,2.0017
5082,BTCUSDT,SELL,1791215542026,85283.88500000001,-1.1866,-2.8282,-1.2793
5083,BTCUSDT,SELL,1791215542430,85289.465,-0.5323,-2.1738,-0.6249
5084,BTCUSDT,SELL,1791215542657,85290.005,-0.4690,-2.1104,-0.5616
5085,ETHUSDT,SELL,1791215543026,2697.885,1.0749,0.2965,2.8170
5086,ETHUSDT,BUY,1791215543255,2698.065,-3.4099,-0.9637,-3.4840
5087,BTCUSDT,BUY,1791215547743,85289.63500000001,-0.9063,1.9932,1.6274
5088,BTCUSDT,SELL,1791215549384,85284.975,-1.2675,-2.5397,-2.1739
5089,ETHUSDT,SELL,1791215549585,2697.1549999999997,-1.1864,-2.3729,-2.6695
5090,BTCUSDT,SELL,1791215549844,85291.995,-0.7046,-1.7165,-1.3507
5091,ETHUSDT,SELL,1791215550109,2697.2349999999997,-0.8898,-2.0762,-2.3728
5092,BTCUSDT,SELL,1791215550395,85295.785,-0.7292,-1.2720,-0.9063
5093,BTCUSDT,SELL,1791215550853,85298.005,-0.9191,-1.0117,-0.6460
5094,BTCUSDT,SELL,1791215551381,85300.725,-0.8535,-0.6928,0.3189
5095,ETHUSDT,BUY,1791215564670,2697.795,-1.8163,-5.4118,-5.4118
5096,ETHUSDT,BUY,1791215564906,2697.7349999999997,-1.8905,-5.1895,-5.1895
5097,BTCUSDT,BUY,1791215565347,85294.005,-0.4678,-2.1103,-4.2219
5098,ETHUSDT,BUY,1791215567152,2697.125,-1.1864,-0.7415,-4.1526
5099,BTCUSDT,BUY,1791215567685,85288.005,-0.6390,-0.7035,-5.8625
5100,BTCUSDT,BUY,1791215568157,85286.67499999999,-1.2511,-0.5476,-6.6446
5101,BTCUSDT,BUY,1791215568399,85286.005,-1.1725,-0.4690,-6.7526
5102,ETHUSDT,BUY,1791215568644,2696.6949999999997,-1.3350,0.8529,-5.0432
5103,BTCUSDT,BUY,1791215568673,85284.005,-0.9380,-0.2345,-6.5182
5104,BTCUSDT,SELL,1791215576757,85277.375,-0.5429,-1.9501,4.1488
5105,BTCUSDT,SELL,1791215578863,85282.01000000001,-0.5470,-1.4065,3.0493
5106,ETHUSDT,SELL,1791215579167,2696.925,-0.6674,-0.7416,1.3719
5107,BTCUSDT,BUY,1791215592102,85303.515,-0.2591,-1.0222,-1.5838
5108,BTCUSDT,BUY,1791215593459,85301.305,-0.7632,-0.7632,-1.3247
5109,BTCUSDT,BUY,1791215593744,85300.005,-0.6108,-0.6108,-1.1723
5110,ETHUSDT,BUY,1791215594131,2697.335,-0.7785,-0.7785,2.8917
5113,ETHUSDT,SELL,1791215604760,2697.125,-2.0392,-0.7786,-3.6706
5114,BTCUSDT,SELL,1791215606630,85299.41500000001,-0.4807,3.9168,0.1653
5115,ETHUSDT,BUY,1791215611463,2697.815,-1.5197,-5.4859,2.9654
5116,BTCUSDT,BUY,1791215611609,85298.005,-1.2603,-4.8653,1.1724
5117,BTCUSDT,BUY,1791215612056,85295.285,-1.4186,-4.5466,1.4913
5118,BTCUSDT,BUY,1791215612401,85294.005,-1.2686,-4.3966,1.6414
5119,BTCUSDT,BUY,1791215615237,85276.475,-1.2278,-2.1665,3.6974
5120,ETHUSDT,BUY,1791215616927,2696.415,-0.2967,-1.4835,8.1590
5121,BTCUSDT,BUY,1791215617000,85266.0,-0.2351,-3.2833,5.1609
5122,BTCUSDT,BUY,1791215618313,85263.995,-0.8784,-4.1729,5.3962
5123,BTCUSDT,BUY,1791215618500,85262.005,-0.6451,-3.9396,5.6297
5124,BTCUSDT,BUY,1791215618811,85256.505,0.0000,-3.2948,6.2752
5125,BTCUSDT,SELL,1791215623170,85257.765,-0.0281,2.7880,-3.0777
5126,ETHUSDT,BUY,1791215625243,2696.215,-0.7418,-0.7418,5.0441
5127,ETHUSDT,BUY,1791215625464,2696.105,-0.3338,-0.3338,5.4523
5128,ETHUSDT,BUY,1791215625811,2696.0150000000003,0.0000,0.0000,5.7863
5129,BTCUSDT,BUY,1791215626289,85255.995,-2.1101,-2.5805,3.0508
5130,ETHUSDT,BUY,1791215627520,2695.885,-1.1499,2.4853,6.2688
5131,ETHUSDT,BUY,1791215628108,2695.605,-1.0016,3.5243,7.3082
5132,BTCUSDT,SELL,1791215629688,85226.85500000001,-0.8378,-3.4203,-6.7056
5133,BTCUSDT,SELL,1791215629908,85228.005,-0.7028,-3.2853,-6.5706
5134,ETHUSDT,SELL,1791215630106,2695.4449999999997,-1.2614,-4.1181,-9.5346
5135,BTCUSDT,SELL,1791215636404,85233.995,-1.6437,-6.1020,-9.2839
5136,BTCUSDT,SELL,1791215637156,85244.005,-0.7039,-4.9270,-8.1085
5137,ETHUSDT,SELL,1791215637260,2696.185,-1.3723,-7.1212,-8.9386
5138,BTCUSDT,SELL,1791215637748,85248.005,-0.9384,-4.6922,-7.6389
5139,BTCUSDT,SELL,1791215640289,85256.005,-1.3935,-3.9880,-7.0365
5140,BTCUSDT,SELL,1791215640628,85260.005,-0.9242,-3.5186,-6.5670
5141,BTCUSDT,SELL,1791215640893,85263.495,-0.5289,-3.1092,-6.1574
5142,ETHUSDT,SELL,1791215641454,2696.6549999999997,-1.9654,-5.3770,-7.1570
5143,BTCUSDT,SELL,1791215641878,85267.88500000001,-0.9523,-2.5942,-5.3209
5144,BTCUSDT,SELL,1791215642269,85268.005,-0.9382,-2.5801,-5.3068
5145,BTCUSDT,SELL,1791215649119,85288.015,-0.2333,-0.9368,0.2837
5146,ETHUSDT,BUY,1791215655350,2698.105,0.0000,0.0371,-1.2601
5147,BTCUSDT,SELL,1791215666304,85296.005,-1.1138,-1.4069,1.2205
5148,ETHUSDT,SELL,1791215667677,2698.215,-1.4825,-1.4825,2.3349
5149,BTCUSDT,SELL,1791215668061,85307.525,-0.0563,-0.2907,3.2260
5150,ETHUSDT,BUY,1791215678976,2698.605,-1.2229,-3.8168,-7.4853
5151,BTCUSDT,BUY,1791215679521,85308.015,-1.1734,-2.8157,-7.1529
5152,ETHUSDT,BUY,1791215680061,2698.275,-0.5930,-0.9636,-6.2633
5153,BTCUSDT,BUY,1791215681413,85294.005,-1.1724,0.4690,-5.5115
5154,BTCUSDT,BUY,1791215681735,85291.36499999999,-0.8629,0.7785,-5.2022
5155,ETHUSDT,BUY,1791215682432,2697.745,-0.6302,1.9275,-4.2999
5156,BTCUSDT,SELL,1791215689459,85282.005,-0.7035,-3.7511,4.4558
5157,ETHUSDT,SELL,1791215689729,2697.6949999999997,-1.1862,-3.3362,4.3000
5158,BTCUSDT,SELL,1791215690154,85286.005,-1.4070,-3.5164,4.9246
5159,BTCUSDT,SELL,1791215690678,85288.005,-1.1725,-3.2818,5.1590
5160,ETHUSDT,SELL,1791215691776,2698.175,-0.9266,-1.5195,6.0782
5161,BTCUSDT,SELL,1791215692315,85298.015,-1.0270,-1.7867,6.8524
5162,BTCUSDT,SELL,1791215693888,85306.785,-0.7432,0.3775,7.8798
5163,BTCUSDT,SELL,1791215700001,85313.995,-0.2344,3.3289,11.2514
5164,BTCUSDT,BUY,1791215703154,85312.005,-2.1533,-3.0957,-8.9085
5165,ETHUSDT,BUY,1791215704310,2698.585,-2.0010,-3.0386,-5.9661
5166,ETHUSDT,BUY,1791215704735,2698.415,-1.3712,-2.4088,-4.9288
5167,BTCUSDT,BUY,1791215706718,85293.63500000001,-0.9426,-0.9426,-4.8808
5168,ETHUSDT,BUY,1791215712214,2697.965,-0.7413,-0.7413,-2.5204
5169,BTCUSDT,BUY,1791215727032,85282.005,-0.2345,-4.1052,-5.6284
5170,ETHUSDT,BUY,1791215727320,2697.685,-0.3707,-4.0776,-3.8922
5171,BTCUSDT,BUY,1791215730368,85272.005,-2.1144,-2.9330,-6.3327
5172,ETHUSDT,BUY,1791215730419,2697.375,-0.9639,-2.9288,-4.0039
5173,ETHUSDT,BUY,1791215730830,2697.165,-0.5191,-2.1504,-3.2256
5174,BTCUSDT,BUY,1791215731055,85266.005,-1.5481,-2.2295,-5.6294
5175,ETHUSDT,BUY,1791215731611,2697.105,-0.2966,-1.9280,-3.0032
5176,BTCUSDT,BUY,1791215731971,85253.975,-0.1372,-0.8187,-4.2192
5177,BTCUSDT,BUY,1791215733354,85252.13500000001,-0.6029,-0.6029,-4.0034
5178,BTCUSDT,BUY,1791215733878,85251.795,-0.5630,-0.5630,-3.9636
5179,ETHUSDT,SELL,1791215735321,2696.525,-0.2225,-0.8529,0.7417
5180,BTCUSDT,SELL,1791215744957,85246.995,-0.3202,0.8716,3.4007
5181,BTCUSDT,SELL,1791215745377,85249.525,-0.0235,1.1683,3.6974
5182,ETHUSDT,SELL,1791215745528,2696.755,-0.8158,0.8158,1.4833
5183,ETHUSDT,BUY,1791215746639,2696.975,-1.6315,-1.6315,-2.4843
5184,BTCUSDT,BUY,1791215746700,85248.91500000001,-0.5760,-1.0968,-3.6575
5185,BTCUSDT,BUY,1791215747184,85246.995,-0.3507,-0.8716,-3.6142
5186,BTCUSDT,BUY,1791215757988,85230.005,-1.4009,2.5813,-0.4693
5187,BTCUSDT,BUY,1791215758442,85222.005,-0.4694,3.5202,0.4694
5188,BTCUSDT,BUY,1791215759597,85218.005,0.0070,4.4592,0.9388
5189,BTCUSDT,SELL,1791215760799,85218.065,-0.9974,-4.9215,-1.3976
5190,BTCUSDT,SELL,1791215761057,85219.435,-0.8367,-4.7607,-1.2368
5191,ETHUSDT,SELL,1791215761355,2696.245,-1.0756,-3.8572,-3.1896
5192,BTCUSDT,SELL,1791215761435,85221.995,-0.7052,-4.4601,-0.9364
5193,BTCUSDT,SELL,1791215763018,85234.005,-1.6425,-3.0504,0.4728
5194,ETHUSDT,SELL,1791215763317,2696.6549999999997,-1.1867,-2.3362,-1.6687
5195,BTCUSDT,SELL,1791215763410,85236.005,-1.6413,-2.8157,0.7074
5196,BTCUSDT,SELL,1791215766439,85250.005,-0.2346,-1.1730,0.2346
5197,BTCUSDT,SELL,1791215766677,85251.775,-0.0270,-1.6586,0.4422
5198,ETHUSDT,SELL,1791215766846,2697.115,-0.7045,-0.6303,-0.7045
5199,BTCUSDT,SELL,1791215768580,85252.005,-0.4692,-1.4709,0.4692
5200,BTCUSDT,SELL,1791215771275,85260.005,-0.0000,-0.3718,1.4075
5201,ETHUSDT,BUY,1791215777787,2697.275,-0.5932,-2.8547,-1.5571
5202,BTCUSDT,BUY,1791215781359,85263.17499999999,-0.7717,-5.2977,-4.8661
5203,BTCUSDT,BUY,1791215786595,85238.625,-0.7766,-2.4191,0.3379
5204,BTCUSDT,BUY,1791215786895,85238.0,-0.9380,-2.3458,0.4112
5205,ETHUSDT,BUY,1791215787143,2696.685,-0.6675,-1.3350,3.1891
5206,ETHUSDT,BUY,1791215787388,2696.635,-0.8529,-1.1496,3.3746
5207,BTCUSDT,BUY,1791215788046,85230.005,-1.3247,-1.4080,1.3493
5208,ETHUSDT,BUY,1791215788280,2696.505,-0.7788,-0.6675,3.8568
5209,BTCUSDT,BUY,1791215788395,85226.005,-0.9387,-0.9387,1.8187
5210,BTCUSDT,BUY,1791215788984,85220.005,-0.2347,-0.2347,2.5229
5211,BTCUSDT,BUY,1791215789344,85218.715,-0.0833,-0.0833,2.6743
5212,BTCUSDT,BUY,1791215806717,85217.735,-0.1819,0.9705,1.9186
5213,ETHUSDT,SELL,1791215815604,2697.025,-0.0000,-2.2988,0.2595
5214,ETHUSDT,BUY,1791215825597,2697.645,-1.2604,-2.0017,-2.5578
5215,BTCUSDT,BUY,1791215835066,85240.005,-1.4794,-1.4794,-1.2037
5217,BTCUSDT,SELL,1791215845561,85232.005,-1.1146,-1.5252,0.2652
5216,ETHUSDT,SELL,1791215845536,2697.025,-1.9651,-1.9281,2.1134
5218,BTCUSDT,SELL,1791215845750,85238.975,-0.2968,-0.7391,1.0828
5219,ETHUSDT,SELL,1791215845815,2697.275,-1.0381,-1.1864,3.0401
5220,ETHUSDT,SELL,1791215855571,2697.545,-0.1854,1.1492,4.0407
5221,BTCUSDT,SELL,1791215855656,85245.005,-0.0317,1.2810,2.6829
5222,BTCUSDT,BUY,1791215858399,85245.275,-0.0305,-1.5403,-2.9691
5223,BTCUSDT,SELL,1791215864820,85234.08499999999,-0.0000,0.9480,3.7638
5224,BTCUSDT,BUY,1791215868274,85234.005,-0.2182,-0.9386,-2.7196
5225,ETHUSDT,BUY,1791215869388,2697.225,-0.4078,-1.0010,-2.8177
5226,BTCUSDT,BUY,1791215870451,85228.33499999999,-0.2734,-0.2734,-2.0545
5227,BTCUSDT,SELL,1791215890752,85226.005,-0.3203,-0.4388,-1.4925
5228,BTCUSDT,SELL,1791215892658,85228.735,-0.1185,-0.1185,-2.3056
5229,BTCUSDT,BUY,1791215910353,85229.745,-0.1338,-1.2507,4.1265
5230,BTCUSDT,BUY,1791215911860,85228.60500000001,-0.7591,-1.1170,4.1535
5231,BTCUSDT,BUY,1791215916777,85222.13500000001,-0.2546,-1.4233,4.9130
5232,BTCUSDT,BUY,1791215919607,85219.965,-0.1033,-1.0725,5.1678
5233,BTCUSDT,BUY,1791215923205,85216.07500000001,-0.9470,-0.2429,5.6245
5234,BTCUSDT,SELL,1791215925419,85202.005,-0.9389,-3.0516,-7.2768
5235,ETHUSDT,SELL,1791215926404,2696.115,-1.2982,-2.0029,-3.7090
5236,ETHUSDT,SELL,1791215926942,2696.1549999999997,-1.1498,-1.8545,-3.5606
5237,BTCUSDT,SELL,1791215933991,85220.005,-0.3614,-1.1711,-5.8425
5238,ETHUSDT,SELL,1791215935247,2696.465,-0.7046,-1.4834,-3.0781
5239,ETHUSDT,SELL,1791215946625,2696.865,-1.7798,-1.7798,0.7416
5240,ETHUSDT,SELL,1791215957040,2697.3450000000003,-1.7425,-0.5932,1.9649
5241,ETHUSDT,BUY,1791215964377,2697.815,-1.1491,-2.5947,-0.5560
5242,BTCUSDT,BUY,1791215970372,85264.91500000001,-0.1067,-0.1067,2.5345
5243,ETHUSDT,BUY,1791215997240,2697.225,0.0000,-1.7425,-4.5232
5244,ETHUSDT,SELL,1791215999512,2697.225,-0.2595,1.7425,5.0422
5245,ETHUSDT,BUY,1791216002437,2697.295,-0.6303,-1.5942,-5.3016
5246,ETHUSDT,BUY,1791216002998,2697.225,-0.3708,-1.7425,-5.0422
5247,BTCUSDT,BUY,1791216004426,85268.625,-2.3115,-1.0109,-2.4182
5249,BTCUSDT,BUY,1791216004803,85264.58499999999,-1.5188,-0.5372,-1.9445
5248,ETHUSDT,BUY,1791216004790,2697.125,-1.7055,-1.3718,-4.6716
5250,ETHUSDT,BUY,1791216005342,2696.5950000000003,0.2596,0.5933,-2.7071
5251,BTCUSDT,SELL,1791216005904,85251.63500000001,-0.9818,-0.9818,0.4258
5252,ETHUSDT,SELL,1791216009961,2696.755,-1.5203,-2.0024,2.9665
5253,ETHUSDT,SELL,1791216012767,2696.4449999999997,-1.1497,-3.1523,1.8172
5254,BTCUSDT,SELL,1791216016940,85261.89499999999,-1.9985,-3.1233,1.7264
5255,ETHUSDT,SELL,1791216017191,2696.815,-1.7799,-0.9270,4.2643
5256,BTCUSDT,SELL,1791216019436,85278.935,-0.3588,-0.8900,4.0749
5257,BTCUSDT,BUY,1791216027266,85288.525,-0.2345,-2.0167,-6.0430
5258,BTCUSDT,BUY,1791216028147,85288.005,-0.1735,-1.9557,-5.9821
5259,BTCUSDT,BUY,1791216034001,85285.155,-1.6216,-1.6216,-6.4665
5260,ETHUSDT,BUY,1791216034048,2696.8050000000003,-1.8170,-1.7799,-4.7464
5261,BTCUSDT,BUY,1791216034237,85282.42499999999,-1.3016,-1.3016,-6.1466
5262,BTCUSDT,BUY,1791216034497,85278.0,-0.7827,-0.7827,-5.6281
5263,BTCUSDT,BUY,1791216034660,85276.005,-0.5488,-0.9792,-5.3942
5264,BTCUSDT,BUY,1791216034905,85272.765,-0.1689,-0.5993,-5.0145
5265,ETHUSDT,SELL,1791216038413,2696.205,-1.1498,-1.2981,2.5221
5266,BTCUSDT,BUY,1791216051628,85266.005,-0.4199,-2.1110,-3.9899
5267,ETHUSDT,BUY,1791216056543,2696.1549999999997,-0.5563,-1.0756,-0.7789
5268,ETHUSDT,SELL,1791216068671,2695.605,-1.2613,0.0371,-1.4468
5269,BTCUSDT,SELL,1791216068875,85240.005,-0.2382,-0.7039,0.7039
5270,ETHUSDT,BUY,1791216075640,2695.955,-0.6677,-1.3353,0.1484
5271,ETHUSDT,BUY,1791216075811,2695.875,-0.3709,-1.0386,0.4451
5272,BTCUSDT,BUY,1791216076939,85247.17499999999,-0.1372,-1.1953,-1.5449
5273,ETHUSDT,BUY,1791216077078,2695.775,-0.6677,-0.6677,0.8161
5274,ETHUSDT,BUY,1791216089944,2695.5950000000003,-0.2597,-0.2597,1.4839
5275,ETHUSDT,BUY,1791216090224,2695.565,-0.1484,-0.1484,1.5952
5276,BTCUSDT,SELL,1791216101042,85230.005,-0.2323,-0.2323,1.5229
5277,ETHUSDT,SELL,1791216101317,2695.835,-0.4080,-0.4080,-0.5564
5278,BTCUSDT,SELL,1791216111832,85231.985,-0.2370,-0.2370,1.7552
5279,BTCUSDT,SELL,1791216139236,85234.005,-0.1725,-0.0000,0.9820
5280,BTCUSDT,BUY,1791216144680,85235.475,-0.1725,-1.4243,-1.1544
5281,BTCUSDT,BUY,1791216149498,85234.005,-1.2518,-1.9922,-0.9820
5282,ETHUSDT,BUY,1791216169501,2695.9849999999997,-0.7418,-1.2611,-9.9407
5283,BTCUSDT,SELL,1791216176744,85217.025,-0.2230,-0.2230,5.4308
5284,BTCUSDT,BUY,1791216198240,85227.005,-0.1607,-0.1607,-1.5253
5287,BTCUSDT,BUY,1791216213246,85238.245,-1.4360,-2.1399,-0.8928
5288,ETHUSDT,BUY,1791216214553,2693.645,-1.6335,0.6311,1.1509
5289,BTCUSDT,BUY,1791216214800,85220.005,-0.7052,0.0000,1.2474
5290,BTCUSDT,BUY,1791216215009,85218.83499999999,-0.5679,0.1373,1.3847
5291,ETHUSDT,BUY,1791216215570,2693.205,-0.7426,2.2650,1.0397
5292,ETHUSDT,SELL,1791216217973,2693.645,-0.6311,1.2622,0.5940
5293,BTCUSDT,SELL,1791216218626,85215.375,-0.5433,-0.7780,-1.0127
5294,ETHUSDT,SELL,1791216218871,2693.7650000000003,-0.1856,1.7076,1.0394
5295,ETHUSDT,BUY,1791216226419,2694.1549999999997,-3.1550,-12.1931,-4.3056
5296,BTCUSDT,BUY,1791216231193,85220.475,-1.6369,-4.7489,-3.3407
5297,ETHUSDT,BUY,1791216231421,2692.745,-4.9763,-3.1566,-0.6685
5298,ETHUSDT,BUY,1791216232032,2691.015,1.4493,3.2701,6.6518
5299,ETHUSDT,SELL,1791216232042,2691.135,-1.0033,-2.8241,-6.2056
5300,BTCUSDT,BUY,1791216235424,85184.005,-1.8771,1.8783,1.4087
5301,BTCUSDT,SELL,1791216236442,85168.015,-0.3205,-3.9909,-3.2864
5302,BTCUSDT,SELL,1791216237090,85170.745,-0.0000,-3.9344,-2.9658
5303,BTCUSDT,SELL,1791216239851,85178.695,-0.1538,-3.9869,-5.5542
5304,BTCUSDT,SELL,1791216243249,85182.555,-0.8746,-3.6921,-5.9050
5305,BTCUSDT,SELL,1791216243628,85184.005,-1.3606,-3.5218,-5.7346
5306,BTCUSDT,SELL,1791216244789,85195.6,-0.7518,-2.1603,-4.2731
5307,BTCUSDT,SELL,1791216245005,85196.005,-0.7043,-2.1128,-4.2256
5308,BTCUSDT,SELL,1791216246950,85202.01000000001,-0.7036,-1.4078,-3.5205
5309,BTCUSDT,SELL,1791216258970,85219.565,-0.7076,-0.0000,-0.7557
5310,BTCUSDT,SELL,1791216269779,85221.58499999999,-0.7087,0.3415,-2.8655
5311,BTCUSDT,SELL,1791216270972,85227.625,-0.1021,1.5969,-2.6247
5312,BTCUSDT,SELL,1791216271403,85228.495,-0.2511,1.6990,-2.5238
5313,BTCUSDT,SELL,1791216272100,85228.495,-0.2511,1.6990,-3.3381
5314,BTCUSDT,BUY,1791216279489,85222.005,-0.8214,-3.2855,6.1850
5315,BTCUSDT,BUY,1791216280041,85218.005,-0.4682,-2.8163,6.6547
5316,BTCUSDT,BUY,1791216286187,85214.015,-1.1747,-2.1135,6.3030
5317,BTCUSDT,BUY,1791216286760,85207.015,-0.8227,-1.2921,6.9243
5318,BTCUSDT,BUY,1791216289294,85196.005,-0.4695,3.0518,8.2175
5319,BTCUSDT,SELL,1791216291691,85192.005,-0.4695,-4.7951,-8.6874
5320,BTCUSDT,SELL,1791216291941,85194.005,-0.2348,-4.5602,-8.4525
5321,ETHUSDT,SELL,1791216292245,2692.815,-0.2228,-5.6075,-10.4723
5322,BTCUSDT,SELL,1791216297596,85196.005,-2.1128,-4.2256,-8.4182
5323,ETHUSDT,SELL,1791216297674,2693.215,-2.5249,-2.7476,-9.6168
5324,BTCUSDT,SELL,1791216297897,85197.375,-2.2876,-4.0647,-8.2573
5325,BTCUSDT,SELL,1791216298579,85212.005,-1.4083,-2.3471,-6.5390
5326,BTCUSDT,SELL,1791216298819,85216.005,-1.1735,-1.8776,-6.0693
5327,ETHUSDT,SELL,1791216299600,2694.0550000000003,-0.4454,-0.8537,-5.8648
5328,ETHUSDT,BUY,1791216304022,2694.315,-1.4104,-2.6352,-0.1485
5329,ETHUSDT,BUY,1791216309675,2694.285,-2.5239,-3.1177,-2.3754
5330,ETHUSDT,BUY,1791216310192,2694.005,-1.4848,-0.9651,-1.3363
5331,BTCUSDT,BUY,1791216314835,85232.005,-0.3813,0.1901,-1.6426
5332,ETHUSDT,BUY,1791216314914,2693.585,-0.5940,1.7078,-0.5198
5333,ETHUSDT,BUY,1791216317528,2693.605,-0.5940,2.4502,0.1114
5334,BTCUSDT,SELL,1791216320545,85228.755,-0.5714,-2.0240,0.5573
5335,ETHUSDT,SELL,1791216332640,2695.065,-1.0389,-4.2671,10.8717
5336,ETHUSDT,SELL,1791216334613,2695.3450000000003,-1.0759,-0.7791,11.9094
5337,ETHUSDT,BUY,1791216343428,2696.025,-1.7433,0.0742,-11.4613
5338,BTCUSDT,BUY,1791216344163,85274.715,-0.6450,-0.8197,-8.7623
5339,BTCUSDT,BUY,1791216344463,85274.005,-0.7036,-0.7364,-8.2335
5340,BTCUSDT,BUY,1791216345077,85273.315,-0.6555,-0.6555,-7.6589
5341,ETHUSDT,BUY,1791216345121,2695.5550000000003,-0.9646,1.8178,-7.7535
5342,BTCUSDT,BUY,1791216345412,85269.215,-0.3753,-0.1747,-7.1784
5343,BTCUSDT,BUY,1791216345691,85268.0,-0.2328,-0.0323,-7.0361
5344,ETHUSDT,SELL,1791216352295,2695.635,-1.5210,1.9290,5.7871
5345,ETHUSDT,BUY,1791216361528,2695.4849999999997,-2.0775,-7.5682,0.7791
5346,ETHUSDT,BUY,1791216362048,2695.3050000000003,-3.0794,-6.9009,1.4470
5347,BTCUSDT,BUY,1791216362404,85267.725,-1.3745,-5.5965,-2.2365
5348,BTCUSDT,BUY,1791216362621,85267.245,-1.7568,-5.7748,-2.1802
5349,BTCUSDT,BUY,1791216363079,85262.005,-1.8766,-5.1606,-1.5658
5350,ETHUSDT,BUY,1791216363580,2694.475,-2.6721,-3.8226,4.5278
5351,BTCUSDT,BUY,1791216365150,85239.985,-1.6307,-2.5786,1.0171
5352,BTCUSDT,BUY,1791216365576,85233.07500000001,-0.8201,-1.5334,1.8279
5353,ETHUSDT,BUY,1791216365811,2693.755,-0.4084,-0.7425,7.2018
5354,BTCUSDT,BUY,1791216370096,85226.08499999999,-0.7134,-0.2441,2.6483
5355,BTCUSDT,BUY,1791216372459,85220.005,-0.2347,-1.1734,3.7550
5356,BTCUSDT,SELL,1791216375473,85218.005,-0.9482,2.1533,-4.2245
5357,BTCUSDT,BUY,1791216377737,85226.08499999999,-0.2441,-3.7582,5.1264
5358,BTCUSDT,BUY,1791216381513,85220.005,-1.1734,-3.2844,6.2814
5359,BTCUSDT,BUY,1791216383948,85208.005,-0.9800,-1.8766,7.6906
5360,ETHUSDT,BUY,1791216385752,2692.565,-0.8913,-1.5227,15.8585
5361,BTCUSDT,BUY,1791216386088,85199.655,-0.1937,-0.8979,8.3498
5362,BTCUSDT,BUY,1791216387561,85198.005,-0.7031,-0.2347,7.0424
5363,BTCUSDT,BUY,1791216387898,85194.055,-0.2395,0.2289,7.5064
5364,BTCUSDT,SELL,1791216396308,85192.015,-0.4684,-2.1117,-5.9642
5365,ETHUSDT,BUY,1791216396728,2692.965,-1.7824,3.2678,10.5089
5366,BTCUSDT,SELL,1791216404564,85203.805,-0.4929,-2.3696,-4.0526
5367,BTCUSDT,SELL,1791216406766,85214.005,-0.2347,-1.4164,-2.8552
5368,BTCUSDT,SELL,1791216407946,85216.005,-0.4389,-1.1817,-2.6204
5369,BTCUSDT,SELL,1791216412770,85219.745,-0.4987,-3.3924,-1.7038
5370,ETHUSDT,SELL,1791216419664,2695.885,0.4451,0.7048,3.3013
5371,BTCUSDT,SELL,1791216433430,85252.005,-0.2346,-2.5255,-0.2358
5372,BTCUSDT,BUY,1791216444644,85273.535,-0.3213,-3.6014,-1.3533
5373,BTCUSDT,BUY,1791216446278,85270.795,-1.4999,-3.2801,-1.0320
5374,BTCUSDT,BUY,1791216452839,85249.07500000001,-0.7331,-1.2598,1.5156
5375,BTCUSDT,BUY,1791216453254,85248.655,-0.6839,-1.2106,1.5648
5376,BTCUSDT,SELL,1791216484332,85239.255,-1.9651,-1.7304,-5.0153
5377,ETHUSDT,SELL,1791216484835,2695.275,-0.2597,3.5618,-5.4540
5378,BTCUSDT,SELL,1791216484968,85248.375,-1.5977,-0.6604,-3.9449
5379,BTCUSDT,SELL,1791216485148,85250.005,-1.4065,-0.4692,-3.7537
5380,ETHUSDT,BUY,1791216488382,2694.775,-1.1504,-1.6699,6.8280
5381,ETHUSDT,BUY,1791216488678,2694.605,-0.5196,-1.0391,6.3089
5382,BTCUSDT,BUY,1791216488880,85255.38500000001,-0.1607,-0.1607,3.3570
5383,ETHUSDT,BUY,1791216488985,2694.465,0.8536,-0.5196,6.4948
5384,BTCUSDT,BUY,1791216489055,85254.625,-0.0716,-0.0716,3.4461
5385,ETHUSDT,BUY,1791216490525,2695.105,-1.4471,-2.8941,6.1593
5386,BTCUSDT,SELL,1791216500054,85254.01999999999,-0.9354,-0.9354,-5.5323
5387,ETHUSDT,SELL,1791216513410,2696.675,0.1854,1.3350,2.3733
5388,BTCUSDT,SELL,1791216513966,85269.765,-0.2627,-2.1391,-1.4354
5389,BTCUSDT,SELL,1791216515825,85272.01000000001,-2.3448,-1.8758,-0.4685
5390,BTCUSDT,BUY,1791216529510,85288.005,-0.8899,-1.1725,2.8140
5391,BTCUSDT,BUY,1791216530155,85282.805,-0.3283,-0.5617,3.4239
5392,BTCUSDT,SELL,1791216540160,85278.015,-0.4679,-1.6393,-2.3441
5393,BTCUSDT,SELL,1791216547456,85284.005,-0.2474,-2.0144,0.2345
5394,BTCUSDT,BUY,1791216548664,85286.11499999999,0.2333,1.7670,-0.4819
5395,BTCUSDT,SELL,1791216550207,85291.995,-0.7046,-1.0775,1.5418
5396,BTCUSDT,SELL,1791216550626,85293.375,-0.9157,-0.9157,1.7035
5397,BTCUSDT,SELL,1791216551501,85298.005,-0.3728,-0.3728,1.6413
5398,BTCUSDT,BUY,1791216571669,85301.185,-2.0140,-2.8018,0.3798
5399,BTCUSDT,BUY,1791216572641,85286.005,-0.4690,0.2345,2.1598
5400,ETHUSDT,BUY,1791216573904,2696.005,-0.2226,7.8264,8.6053
5401,BTCUSDT,BUY,1791216579023,85268.005,-0.4691,5.1602,6.0984
5402,BTCUSDT,BUY,1791216579220,85266.005,-0.2346,5.3949,6.3331
5403,ETHUSDT,SELL,1791216580737,2698.46,3.2796,1.0191,1.8714
5404,BTCUSDT,SELL,1791216581391,85276.005,-1.4072,-3.3661,-4.4561
5405,BTCUSDT,SELL,1791216581764,85277.285,-1.2571,-2.6642,-4.3060
5406,BTCUSDT,SELL,1791216583898,85296.005,-0.4690,-0.3259,-2.1103
5407,BTCUSDT,SELL,1791216585971,85300.005,-0.9379,0.1430,-1.1723
5408,BTCUSDT,SELL,1791216586585,85302.005,-1.1723,0.3775,-0.9378
5409,BTCUSDT,SELL,1791216586998,85308.005,-0.4689,1.0808,0.1383
5410,BTCUSDT,BUY,1791216591952,85300.005,-0.1430,-0.7034,0.6377
5411,BTCUSDT,BUY,1791216600062,85298.785,-0.5604,-2.3377,0.7808
5412,BTCUSDT,BUY,1791216604497,85294.005,-1.4069,1.8759,-0.0997
5413,BTCUSDT,BUY,1791216622966,85310.005,-0.6541,-0.6541,-1.4969
5414,BTCUSDT,SELL,1791216633173,85304.42499999999,-0.6541,-1.1230,0.6741
5415,BTCUSDT,SELL,1791216635070,85316.005,-0.4688,0.2344,3.5163
5416,ETHUSDT,BUY,1791216641615,2697.955,-0.5930,-2.0756,-3.7065
5417,BTCUSDT,BUY,1791216647106,85306.82500000001,-0.1618,-0.1618,-2.4406
5418,BTCUSDT,BUY,1791216663757,85305.445,-1.5872,-4.9153,-1.3411
5419,BTCUSDT,BUY,1791216664717,85293.155,-0.6038,-3.4751,0.0997
5420,BTCUSDT,BUY,1791216665158,85290.465,-0.2884,-2.7735,0.4151
5421,BTCUSDT,BUY,1791216668145,85286.36499999999,-0.7457,-1.6837,0.8337
5422,BTCUSDT,BUY,1791216670325,85270.005,-0.0023,2.1109,2.7524
5423,BTCUSDT,BUY,1791216670775,85269.985,-0.7588,2.1133,2.7548
5424,BTCUSDT,BUY,1791216671494,85269.985,-0.7588,3.2239,2.7548
5425,ETHUSDT,SELL,1791216675126,2696.4449999999997,2.5960,-0.7788,-6.4900
5426,BTCUSDT,SELL,1791216681661,85297.715,0.0504,-2.5112,1.3728
5427,BTCUSDT,BUY,1791216682269,85298.005,-0.0903,2.3166,-1.4068
5428,BTCUSDT,BUY,1791216682625,85297.705,-0.0551,2.1454,-1.3717
5429,BTCUSDT,SELL,1791216688801,85319.13500000001,-0.0000,3.8831,3.1798
5430,BTCUSDT,BUY,1791216702912,85298.295,-1.4408,-0.0363,-1.3693
5431,BTCUSDT,SELL,1791216707598,85286.005,-1.4047,-0.4690,-0.0715
5432,BTCUSDT,SELL,1791216707789,85287.36499999999,-1.2452,-0.3095,0.0879
5433,BTCUSDT,BUY,1791216714810,85297.985,-0.7011,-0.4666,-1.1700
5434,BTCUSDT,BUY,1791216716036,85292.005,-0.2345,0.2345,-0.4690
5435,BTCUSDT,BUY,1791216727542,85294.005,-0.0621,-0.9379,-3.1210
5436,ETHUSDT,SELL,1791216730493,2700.39,8.7210,8.8321,13.4610
5437,BTCUSDT,SELL,1791216745048,85286.005,-0.7035,-0.7035,1.7025
5438,ETHUSDT,BUY,1791216759150,2697.0150000000003,-1.7797,-0.2966,-1.1494
5439,BTCUSDT,SELL,1791216768139,85286.62,-0.1624,-0.1624,2.4148
5440,BTCUSDT,BUY,1791216780264,85288.005,-0.3517,-2.4177,-2.8421
5441,ETHUSDT,BUY,1791216794836,2696.315,-2.8928,0.1113,8.9752
5442,ETHUSDT,SELL,1791216801298,2695.565,-0.0742,-3.4872,-9.2745
5443,ETHUSDT,SELL,1791216802334,2698.67,8.6154,8.0225,2.2418
5446,BTCUSDT,SELL,1791216811164,85271.485,-0.0598,-0.0610,2.5190
5447,ETHUSDT,BUY,1791216822567,2695.885,1.9660,3.6352,8.6428
5448,BTCUSDT,BUY,1791216836773,85266.14499999999,-0.0164,-0.7201,-1.1622
5449,ETHUSDT,BUY,1791216863247,2698.4799999999996,-0.0185,-7.7266,-5.4290
5450,ETHUSDT,BUY,1791216868480,2697.085,0.0000,3.4482,-0.5562
5451,BTCUSDT,BUY,1791216869009,85262.005,-0.9324,-1.4074,-7.2717
5452,BTCUSDT,BUY,1791216869781,85260.005,-1.1729,-1.1729,-7.0373
5453,ETHUSDT,BUY,1791216871215,2697.315,-2.8918,3.3367,-4.4118
5454,ETHUSDT,SELL,1791216871496,2696.535,-0.0000,-6.8977,-4.0237
5455,ETHUSDT,BUY,1791216873868,2696.395,6.5643,6.7498,2.3735
5456,ETHUSDT,SELL,1791216884651,2698.215,-0.1482,-1.4825,3.1873
5457,ETHUSDT,BUY,1791216886590,2698.215,-0.8895,1.4825,-4.1138
5458,ETHUSDT,SELL,1791216886881,2700.98,11.1256,8.7561,12.4214
5459,BTCUSDT,SELL,1791216887351,85250.005,-0.1548,-0.7308,7.0428
5460,BTCUSDT,SELL,1791216893940,85251.32500000001,-0.5759,-1.2528,7.7794
5461,BTCUSDT,BUY,1791216908195,85262.005,-0.4351,-6.0988,-9.3828
5462,BTCUSDT,BUY,1791216910170,85258.295,-0.7378,-5.6640,-11.8909
5463,BTCUSDT,BUY,1791216913360,85252.0,-2.5800,-5.8315,-7.0913
5464,BTCUSDT,BUY,1791216914708,85226.005,-1.8774,-2.8160,-3.9894
5465,BTCUSDT,BUY,1791216923200,85210.005,-0.9389,-0.9389,0.0000
5466,BTCUSDT,BUY,1791216942804,85204.005,-0.4695,-2.2299,-8.1487
5467,ETHUSDT,BUY,1791216945155,2697.205,-0.3708,-3.2256,-34.2206
5468,BTCUSDT,BUY,1791216945992,85192.005,-0.2395,0.0000,-5.1155
5469,ETHUSDT,BUY,1791216947365,2697.625,-2.2983,-4.7820,-28.2656
5470,BTCUSDT,BUY,1791216950407,85187.225,-0.2606,-0.2254,-2.8437
5471,ETHUSDT,BUY,1791216961980,2696.205,-1.2239,-2.4479,-21.3634
5472,BTCUSDT,BUY,1791216965037,85185.015,-0.0622,1.5026,-5.0701
5473,BTCUSDT,BUY,1791216967043,85184.485,-0.0563,3.5312,-4.5360
5474,BTCUSDT,SELL,1791216970366,85156.91500000001,-2.2417,-6.7699,0.5766
5475,BTCUSDT,SELL,1791216970710,85158.315,-3.0167,-6.6053,0.0364
5476,BTCUSDT,SELL,1791216971238,85174.095,-1.3983,-4.7514,1.3784
5477,BTCUSDT,SELL,1791216971679,85183.545,-0.9391,-3.6016,2.4794
5478,BTCUSDT,SELL,1791216971873,85184.015,-0.8840,-3.5464,2.5345
5479,BTCUSDT,SELL,1791216972296,85186.005,-0.6503,-3.3128,2.7681
5480,BTCUSDT,SELL,1791216975063,85197.815,-1.9660,0.2852,5.1328
5481,BTCUSDT,SELL,1791216975249,85200.005,-1.7089,0.5423,5.3897
5482,BTCUSDT,SELL,1791216975897,85202.845,-1.3755,0.8756,5.7228
5483,BTCUSDT,BUY,1791216981412,85214.565,-0.0399,-2.2508,-7.1960
5484,BTCUSDT,BUY,1791216995839,85172.005,-0.7045,-2.7685,-2.8178
5485,BTCUSDT,BUY,1791216998589,85161.35500000001,-2.3332,-0.4133,-2.3332
5486,BTCUSDT,BUY,1791216999404,85150.005,-1.3629,0.9196,-1.0006
5487,BTCUSDT,SELL,1791217001833,85131.845,-0.3207,-4.2299,-1.1324
5488,BTCUSDT,SELL,1791217004089,85135.935,-0.9867,-4.2368,-0.6507
5489,ETHUSDT,SELL,1791217006758,2691.0550000000003,4.0876,-1.6908,20.9583
5490,BTCUSDT,SELL,1791217010357,85161.36499999999,-0.3100,1.6569,1.7097
5491,BTCUSDT,SELL,1791217012291,85167.85500000001,-0.4873,2.5855,2.4716
5492,BTCUSDT,SELL,1791217012558,85168.005,-0.4697,2.6031,2.4892
5493,BTCUSDT,SELL,1791217012980,85170.005,-0.2348,3.3087,3.4924
5494,ETHUSDT,SELL,1791217013317,2691.795,0.2972,6.6127,28.3268
5495,ETHUSDT,BUY,1791217013467,2691.855,-0.5201,-6.8354,-28.4562
5496,BTCUSDT,BUY,1791217014189,85172.005,-0.9393,-3.5434,-4.5778
5497,BTCUSDT,BUY,1791217014545,85170.63500000001,-0.8395,-3.3826,-4.4170
5498,BTCUSDT,BUY,1791217016215,85160.005,0.0000,-1.6628,-3.0789
5499,BTCUSDT,BUY,1791217021568,85147.205,-0.1609,1.7875,-1.3048
5500,BTCUSDT,SELL,1791217025078,85141.82500000001,-0.4722,-1.4400,0.6636
5501,BTCUSDT,SELL,1791217029480,85147.205,-1.2684,-0.3887,-0.3288
5502,BTCUSDT,SELL,1791217029889,85147.255,-1.2625,-0.3829,-0.3230
5503,BTCUSDT,SELL,1791217032572,85166.005,1.1448,1.4983,2.2415
5504,BTCUSDT,BUY,1791217034074,85154.405,-0.0376,-0.1362,-0.8948
5505,BTCUSDT,BUY,1791217035981,85154.08499999999,-0.4192,-0.4192,-0.8573
5506,BTCUSDT,SELL,1791217041063,85150.515,-0.3206,-0.8796,0.4380
5507,BTCUSDT,BUY,1791217045952,85151.88500000001,-0.4005,-0.4557,-0.5989
5508,BTCUSDT,SELL,1791217048598,85148.475,-0.6495,0.8209,0.1985
5509,BTCUSDT,SELL,1791217048893,85148.475,-0.6495,0.8209,0.1985
5510,BTCUSDT,SELL,1791217049127,85149.205,-1.0335,0.9066,0.2842
5511,BTCUSDT,BUY,1791217052304,85150.565,-0.2454,-1.0675,-2.1985
5512,BTCUSDT,BUY,1791217055597,85148.475,-0.8209,-1.2120,0.0869
5513,BTCUSDT,SELL,1791217067801,85142.755,-0.8515,0.9490,-4.8448
5514,BTCUSDT,SELL,1791217068265,85146.775,-0.3793,1.4211,-4.3724
5515,BTCUSDT,SELL,1791217068705,85148.465,-0.1809,1.4528,-4.1739
5516,ETHUSDT,BUY,1791217073119,2684.17,0.0931,-0.5775,8.4011
5517,BTCUSDT,SELL,1791217075874,85133.01999999999,-0.1016,-0.3706,-5.7539
5518,ETHUSDT,SELL,1791217077396,2684.285,-0.1118,-0.7823,-6.9478
5519,ETHUSDT,BUY,1791217078006,2684.395,-0.1118,1.0058,5.1781
5520,ETHUSDT,SELL,1791217079184,2684.395,1.0058,-1.7881,-5.6251
5521,ETHUSDT,BUY,1791217080154,2684.185,-1.2294,3.0177,6.5942
5522,ETHUSDT,BUY,1791217080597,2684.125,-1.0059,3.2413,6.9296
5523,ETHUSDT,SELL,1791217082256,2683.865,-0.5589,-2.1983,-7.9363
5524,ETHUSDT,SELL,1791217082535,2683.875,-0.5589,-1.8257,-7.8990
5525,ETHUSDT,SELL,1791217083562,2684.025,-0.3726,-1.2668,-7.8241
5526,ETHUSDT,SELL,1791217083941,2684.045,-0.3353,-1.1922,-7.7495
5527,ETHUSDT,SELL,1791217084964,2684.135,-0.9128,-1.1922,-8.3081
5528,ETHUSDT,SELL,1791217085182,2684.275,-0.4098,-0.7451,-7.8233
5529,ETHUSDT,SELL,1791217085442,2684.295,-0.3353,-0.7078,-7.7488
5530,ETHUSDT,SELL,1791217085761,2684.365,-0.0745,-1.2293,-7.5251
5531,ETHUSDT,SELL,1791217086046,2684.38,-0.2421,-1.1735,-7.4691
5532,ETHUSDT,SELL,1791217088184,2684.665,-0.7822,-0.1117,-6.9655
5533,ETHUSDT,SELL,1791217089880,2684.915,-0.0000,0.8194,-2.8679
5534,BTCUSDT,BUY,1791217090700,85150.005,-0.3629,-0.3782,0.4698
5535,ETHUSDT,BUY,1791217091179,2684.915,-1.7133,-0.8194,2.3092
5536,ETHUSDT,BUY,1791217092298,2684.455,-0.3353,0.8940,3.8742
5537,BTCUSDT,BUY,1791217092666,85146.91500000001,-0.0153,-0.0153,0.8327
5538,ETHUSDT,SELL,1791217095399,2684.4849999999997,-0.7823,-0.7823,-4.3584
5539,BTCUSDT,BUY,1791217112646,85131.845,-0.2161,5.6571,3.0611
5540,BTCUSDT,SELL,1791217114460,85130.005,-1.2452,-6.3432,-1.3896
5541,ETHUSDT,SELL,1791217114718,2684.7650000000003,-1.8996,-7.5612,-0.9684
5542,BTCUSDT,SELL,1791217116937,85158.005,-0.5684,-3.0531,1.8988
5543,BTCUSDT,SELL,1791217117170,85160.01000000001,-0.3329,-2.8176,2.1342
5544,ETHUSDT,SELL,1791217121156,2686.395,-0.1861,-0.1117,6.0676
5545,BTCUSDT,SELL,1791217121208,85172.685,-0.6246,-1.3291,3.5892
5546,ETHUSDT,SELL,1791217122447,2686.51,-1.0609,0.3164,7.9471
5547,BTCUSDT,SELL,1791217122676,85180.005,-0.4696,-0.4696,4.5985
5548,ETHUSDT,SELL,1791217123294,2686.7349999999997,-0.2233,1.1538,10.3099
5549,ETHUSDT,BUY,1791217126983,2686.425,0.0000,-0.2233,-9.1572
5550,ETHUSDT,BUY,1791217136886,2686.575,-2.9405,-0.7072,-6.9978
5551,BTCUSDT,BUY,1791217137464,85172.505,-0.4685,-1.2974,-4.3183
5552,BTCUSDT,BUY,1791217138541,85168.515,-0.0599,-0.8289,-3.8500
5553,BTCUSDT,SELL,1791217144304,85158.005,-0.4051,0.4697,2.6175
5554,BTCUSDT,SELL,1791217144673,85160.005,-0.1703,0.7046,2.8523
5555,ETHUSDT,SELL,1791217148007,2686.385,-0.1489,3.5364,3.1269
5556,BTCUSDT,BUY,1791217150337,85158.005,-0.4697,-0.4697,-2.6175
5557,ETHUSDT,BUY,1791217158412,2685.435,-0.1117,0.1862,-1.1916
5558,ETHUSDT,SELL,1791217168179,2685.355,-0.4841,1.0055,3.2398
5559,BTCUSDT,SELL,1791217171433,85154.005,-0.7034,1.3963,3.3422
5560,BTCUSDT,BUY,1791217171999,85159.995,-0.4345,-2.1125,-4.0453
5561,BTCUSDT,BUY,1791217173522,85149.545,-0.9055,-1.6230,-3.6242
5562,BTCUSDT,SELL,1791217177946,85141.83499999999,-0.3136,0.7176,2.7190
5563,ETHUSDT,BUY,1791217179229,2685.415,-1.5268,-5.8092,-4.8037
5564,ETHUSDT,BUY,1791217181129,2684.885,-1.8995,-1.5643,-1.5271
5565,ETHUSDT,SELL,1791217190110,2683.855,-2.2729,-3.1298,-2.3101
5566,ETHUSDT,SELL,1791217202555,2684.875,-0.0000,-1.6761,-1.1919
5567,ETHUSDT,SELL,1791217204048,2684.875,-0.4469,-1.6761,-2.0858
5568,ETHUSDT,BUY,1791217218951,2684.9049999999997,-0.8566,-1.5643,-1.3408
5569,BTCUSDT,BUY,1791217219173,85135.715,-0.5450,-1.1946,-3.3077
5570,BTCUSDT,BUY,1791217232826,85125.545,-0.8059,-0.8059,-4.9750
5571,ETHUSDT,BUY,1791217232880,2684.4849999999997,-0.5215,-0.0373,-2.6821
5572,ETHUSDT,BUY,1791217239441,2684.125,1.3040,1.3040,1.2295
5573,ETHUSDT,SELL,1791217240285,2684.0950000000003,-1.4157,-1.4157,-1.3412
5574,BTCUSDT,BUY,1791217244790,85118.685,-0.4323,-1.0198,-0.4570
5575,ETHUSDT,SELL,1791217245224,2684.355,-0.4470,-0.1863,-2.2352
5576,BTCUSDT,BUY,1791217251346,85112.005,-0.2350,0.2456,1.7377
5577,ETHUSDT,SELL,1791217260381,2684.395,-1.4156,-4.4703,0.3353
5578,ETHUSDT,SELL,1791217260892,2684.475,-2.6821,-4.1721,0.6333
5579,BTCUSDT,SELL,1791217261203,85110.995,-1.4311,-1.7883,1.2913
5580,ETHUSDT,SELL,1791217261690,2684.965,-0.9311,-2.3464,2.4581
5581,ETHUSDT,SELL,1791217263681,2685.315,-1.0427,-0.2234,4.1336
5582,BTCUSDT,BUY,1791217275005,85118.975,-0.5651,-4.1918,-4.0461
5583,BTCUSDT,BUY,1791217275194,85118.10500000001,-0.4629,-4.0896,-3.9439
5584,BTCUSDT,BUY,1791217277262,85111.045,-0.1210,-4.1463,-1.8670
5585,ETHUSDT,BUY,1791217280503,2682.6899999999996,-2.4416,1.3979,5.5355
5586,BTCUSDT,BUY,1791217281250,85058.82500000001,0.3844,1.9904,2.1033
5587,BTCUSDT,SELL,1791217283215,85071.905,-1.3389,-1.6915,0.5137
5588,BTCUSDT,BUY,1791217286299,85080.85500000001,-0.5994,1.4351,-2.9631
5589,ETHUSDT,SELL,1791217287894,2683.065,-0.0000,-4.1743,-1.4536
5590,BTCUSDT,SELL,1791217292585,85079.275,-0.9133,-2.4953,5.4385
5591,BTCUSDT,SELL,1791217292929,85083.195,-0.6817,-2.0345,5.8989
5592,BTCUSDT,SELL,1791217293405,85086.295,-0.7957,-2.2283,6.2631
5593,BTCUSDT,SELL,1791217293632,85087.045,-0.7075,-2.1402,6.3511
5594,BTCUSDT,SELL,1791217294204,85090.245,-0.3314,-2.8852,6.7270
5595,BTCUSDT,SELL,1791217297963,85093.065,-0.8743,-4.1108,5.5657
5596,BTCUSDT,SELL,1791217303633,85105.255,-1.1210,-1.0023,5.3193
5597,BTCUSDT,SELL,1791217304145,85110.005,-1.3218,-0.4441,5.8771
5598,BTCUSDT,BUY,1791217308194,85128.045,-0.4805,-2.6818,-8.6341
5599,BTCUSDT,BUY,1791217308453,85127.815,-1.0478,-2.6548,-8.6071
5600,BTCUSDT,BUY,1791217312205,85125.39499999999,-0.6907,-4.5909,-10.0628
5601,BTCUSDT,BUY,1791217315183,85113.785,-0.4735,-1.6977,-9.2347
5602,BTCUSDT,BUY,1791217318556,85105.215,-0.6110,-0.7814,-7.6940
5603,BTCUSDT,BUY,1791217321970,85095.11499999999,-1.0341,0.2444,-7.9711
5604,BTCUSDT,SELL,1791217325091,85098.565,-0.0012,1.6487,10.6747
5605,BTCUSDT,BUY,1791217332155,85097.195,-0.1622,-2.4067,-9.6560
5606,BTCUSDT,BUY,1791217337302,85095.155,-1.0741,-5.7970,-9.1568
5607,BTCUSDT,BUY,1791217337535,85094.375,-0.9883,-5.7195,-9.0652
5608,BTCUSDT,BUY,1791217338095,85089.735,-0.7075,-6.3980,-8.7237
5609,BTCUSDT,BUY,1791217343036,85071.16500000001,-0.4267,-4.4857,-10.2832
5610,BTCUSDT,BUY,1791217347622,85045.705,-1.4933,0.0000,-5.8862
5611,ETHUSDT,BUY,1791217348687,2683.4449999999997,-0.7453,-1.7142,-12.8566
5612,ETHUSDT,SELL,1791217355074,2682.635,-1.5656,-2.8330,9.0210
5613,BTCUSDT,SELL,1791217355535,85033.005,-1.4935,-3.4340,3.6715
5614,BTCUSDT,SELL,1791217355904,85034.375,-1.3324,-3.2728,3.5209
5615,BTCUSDT,SELL,1791217356362,85035.995,-1.1419,-3.0822,3.7114
5616,ETHUSDT,SELL,1791217357198,2683.105,0.4472,-1.0808,9.9512
5617,BTCUSDT,SELL,1791217358571,85045.705,-0.3198,-1.0394,3.5992
5618,BTCUSDT,SELL,1791217358940,85046.195,-1.6215,-0.5597,3.4087
5619,BTCUSDT,SELL,1791217359737,85048.43,-1.3586,-0.2969,3.4233
5621,BTCUSDT,BUY,1791217370603,85048.67499999999,-1.0512,-2.5150,0.3704
5623,BTCUSDT,BUY,1791217372468,85035.515,-1.2360,-1.2360,1.9180
5624,BTCUSDT,SELL,1791217374290,85026.375,-1.5713,2.5145,-2.9932
5627,BTCUSDT,BUY,1791217379695,85039.735,-1.4640,-3.3867,1.4217
5628,BTCUSDT,BUY,1791217380249,85032.995,-0.6715,-2.1133,2.2144
5629,BTCUSDT,BUY,1791217382088,85027.285,-0.7503,-1.4419,2.8861
5620,ETHUSDT,BUY,1791217369330,2683.225,-2.2734,-5.7394,-2.7206
5622,ETHUSDT,BUY,1791217371929,2682.315,-1.1557,-3.0943,0.6711
5625,ETHUSDT,BUY,1791217376781,2682.005,-0.1119,-4.9590,1.8270
5626,ETHUSDT,SELL,1791217377873,2681.975,1.0813,5.7048,-1.9389
5630,BTCUSDT,BUY,1791217384151,85004.995,0.3212,1.5905,10.6958
5631,BTCUSDT,SELL,1791217384155,85004.995,-0.3212,-1.5905,-10.6958
5632,ETHUSDT,SELL,1791217384442,2680.635,-0.1865,-0.2984,-15.2576
5633,ETHUSDT,SELL,1791217385187,2680.685,0.8207,-0.1119,-15.0708
5634,ETHUSDT,BUY,1791217388076,2680.435,-1.6602,0.1492,16.0049
5635,ETHUSDT,BUY,1791217388894,2680.105,-1.4179,1.3805,17.2381
5636,ETHUSDT,SELL,1791217389661,2679.6549999999997,-1.9405,-2.7615,-18.9203
5637,ETHUSDT,BUY,1791217390887,2680.175,-0.0373,0.1866,16.9765
5638,ETHUSDT,SELL,1791217391443,2679.915,-0.9702,-0.8582,-17.9483
5639,ETHUSDT,SELL,1791217391785,2680.165,-0.0373,0.1492,-17.0139
5640,BTCUSDT,SELL,1791217393718,85015.025,-0.4105,4.5257,-8.8608
5641,BTCUSDT,BUY,1791217397555,85017.235,-0.2035,-2.5395,10.1603
5642,BTCUSDT,BUY,1791217401748,85000.045,-0.5435,0.3659,12.9600
5645,BTCUSDT,SELL,1791217409555,84999.875,-0.3859,-2.2871,-13.6988
5646,ETHUSDT,BUY,1791217411645,2680.215,0.0000,5.6339,16.8270
5647,BTCUSDT,BUY,1791217412154,85003.155,-0.3706,3.5046,13.3124
5648,BTCUSDT,SELL,1791217414988,85000.015,-0.5200,-4.8329,-13.8118
5649,BTCUSDT,SELL,1791217418898,85015.095,-0.9645,-4.3204,-13.7387
5650,ETHUSDT,SELL,1791217422699,2681.785,-1.4543,-2.6475,-16.5934
5651,ETHUSDT,SELL,1791217423139,2681.915,-0.9695,-2.1626,-16.1079
5652,BTCUSDT,SELL,1791217425745,85042.155,-1.1371,-1.1371,-8.8944
5653,BTCUSDT,SELL,1791217426409,85050.89499999999,-0.1093,-0.1093,-7.8659
5654,BTCUSDT,SELL,1791217457016,85090.36499999999,-1.5572,-3.0497,-2.9016
5655,BTCUSDT,SELL,1791217457203,85091.725,-1.3973,-2.8898,-2.7417
5656,ETHUSDT,SELL,1791217458054,2684.885,-1.4526,-0.3352,-3.8363
5657,BTCUSDT,SELL,1791217459727,85106.525,-0.4324,-1.1503,-1.0023
5658,BTCUSDT,SELL,1791217462532,85113.545,-0.7296,-0.3254,-0.9940
5659,ETHUSDT,BUY,1791217469863,2684.975,-0.9311,4.6928,7.6351
5660,ETHUSDT,SELL,1791217474555,2684.7349999999997,-4.3580,-5.1402,-7.5240
5661,BTCUSDT,SELL,1791217474946,85116.315,-0.6062,-0.8588,-2.0701
5662,BTCUSDT,SELL,1791217475156,85117.41500000001,-0.4770,-0.0446,-1.9408
5663,ETHUSDT,SELL,1791217493280,2686.1949999999997,-0.1489,-0.1489,-4.3184
5664,BTCUSDT,BUY,1791217500166,85130.35500000001,-0.5298,1.9828,-0.5216
5665,ETHUSDT,SELL,1791217505611,2685.9449999999997,-1.0797,1.4520,-4.8028
5666,BTCUSDT,SELL,1791217506087,85128.22,-0.7794,1.5465,-0.8534
5667,ETHUSDT,SELL,1791217507141,2686.325,-0.9306,2.4197,-3.3875
5668,ETHUSDT,SELL,1791217508142,2686.575,-1.6750,2.4567,-3.5361
5669,ETHUSDT,BUY,1791217509478,2687.0150000000003,-1.2653,-4.0938,3.5727
5670,BTCUSDT,BUY,1791217512107,85147.015,-1.5244,-2.9373,1.5256
5671,BTCUSDT,BUY,1791217512488,85139.11499999999,-0.6084,-2.0097,2.6885
5672,BTCUSDT,BUY,1791217513364,85134.035,-1.5705,-0.9620,3.5203
5673,BTCUSDT,BUY,1791217513539,85133.935,-1.5587,-0.9491,3.5333
5674,ETHUSDT,BUY,1791217514273,2686.245,-2.5686,2.0847,7.5570
5675,BTCUSDT,BUY,1791217514335,85122.005,-0.8165,0.9022,5.4040
5676,BTCUSDT,BUY,1791217514567,85120.66500000001,-0.6591,1.2852,5.5615
5677,BTCUSDT,BUY,1791217514975,85115.705,-0.0764,1.8680,6.1446
5678,BTCUSDT,SELL,1791217521106,85115.055,-0.8165,-2.2182,-6.9259
5679,BTCUSDT,SELL,1791217521933,85115.715,-0.7390,-2.1406,-6.8483
5680,BTCUSDT,SELL,1791217523134,85122.015,-0.9011,-1.4003,-6.1077
5681,BTCUSDT,SELL,1791217523336,85123.375,-0.7413,-1.2406,-5.9478
5682,BTCUSDT,SELL,1791217523717,85125.86499999999,-0.6743,-0.9480,-5.6552
5683,ETHUSDT,SELL,1791217524121,2686.415,-2.1218,-1.2656,-8.5616
5684,ETHUSDT,SELL,1791217527653,2686.9849999999997,-0.1489,-0.1489,-6.3640
5685,BTCUSDT,SELL,1791217528183,85131.60500000001,-0.2737,-0.2737,-3.5709
5686,ETHUSDT,SELL,1791217545351,2687.025,-2.3446,1.3026,-6.6989
5687,BTCUSDT,SELL,1791217545747,85139.35500000001,-1.2509,-0.9255,-4.5396
5688,ETHUSDT,SELL,1791217546096,2687.175,-1.7863,1.8607,-6.1403
5689,ETHUSDT,BUY,1791217553587,2687.315,-0.7070,-1.7117,6.4377
5690,BTCUSDT,BUY,1791217553687,85149.33499999999,-0.2466,-2.4298,3.9636
5691,BTCUSDT,BUY,1791217556545,85147.235,-0.5250,-1.3800,5.0231
5692,BTCUSDT,BUY,1791217557520,85144.505,-0.8139,-1.0594,5.3439
5693,BTCUSDT,BUY,1791217557805,85141.405,-0.7775,-0.6953,5.7082
5694,BTCUSDT,BUY,1791217558396,85140.41500000001,-0.7611,0.1163,5.9654
5695,BTCUSDT,BUY,1791217558742,85137.57500000001,-0.5368,1.3566,7.3328
5696,BTCUSDT,BUY,1791217559196,85134.705,-1.0325,1.6938,7.6702
5697,BTCUSDT,BUY,1791217559375,85133.935,-0.9420,1.7842,7.7607
5698,BTCUSDT,BUY,1791217559755,85133.005,-0.8328,2.4667,7.8700
5699,BTCUSDT,BUY,1791217559927,85131.845,-0.6966,2.6030,8.0064
5700,BTCUSDT,SELL,1791217563953,85128.64499999999,-0.8035,-4.3887,-8.3826
5701,BTCUSDT,SELL,1791217564298,85130.005,-0.6437,-4.4638,-8.2227
5702,BTCUSDT,SELL,1791217571095,85154.005,-0.7046,-2.3487,-6.5763
5703,BTCUSDT,SELL,1791217571497,85158.005,-0.4697,-1.8789,-3.9480
5704,BTCUSDT,SELL,1791217573622,85164.015,-0.4685,-1.1730,-2.2275
5705,BTCUSDT,BUY,1791217584784,85174.005,-1.0966,-0.0012,1.5040
5706,BTCUSDT,BUY,1791217585458,85166.005,-0.4697,0.9382,2.7581
5707,BTCUSDT,BUY,1791217586153,85164.66500000001,-0.3123,1.0955,2.9155
5708,BTCUSDT,SELL,1791217592518,85170.17499999999,-0.4485,-1.6320,-0.0012
5709,BTCUSDT,SELL,1791217597500,85176.005,-0.2348,-0.4156,3.5620
5710,BTCUSDT,SELL,1791217599199,85178.005,-0.4696,-0.1808,3.7968
5711,ETHUSDT,SELL,1791217599288,2689.175,-0.2603,1.3015,5.6151
5712,BTCUSDT,BUY,1791217605044,85178.275,-0.0317,0.5647,-4.3274
5713,BTCUSDT,SELL,1791217618386,85190.005,-1.1738,-3.5215,3.2868
5714,ETHUSDT,SELL,1791217625248,2689.245,-2.7889,1.0784,4.2019
5715,BTCUSDT,SELL,1791217625451,85200.005,-1.1737,3.3275,4.6209
5716,ETHUSDT,BUY,1791217629399,2690.2650000000003,-0.3717,-4.8694,-7.9918
5717,BTCUSDT,BUY,1791217631172,85210.005,-2.5009,-4.2706,-5.6331
5718,ETHUSDT,BUY,1791217631746,2689.415,-1.3386,-1.7104,-3.2721
5719,BTCUSDT,BUY,1791217631966,85191.625,-0.3439,-1.9532,-3.4769
5720,ETHUSDT,BUY,1791217632967,2689.0550000000003,-0.1859,-0.3719,-4.2022
5721,BTCUSDT,BUY,1791217634956,85171.655,0.0000,1.7799,-4.2444
5722,BTCUSDT,SELL,1791217645450,85186.815,-0.3146,3.2118,6.0232
5723,ETHUSDT,BUY,1791217646865,2689.535,-2.1193,-5.8003,-8.0683
5724,BTCUSDT,BUY,1791217647204,85189.495,-1.8629,-5.6439,-6.3376
5725,BTCUSDT,BUY,1791217650168,85171.655,-0.1726,-3.0515,-4.2444
5726,BTCUSDT,BUY,1791217652669,85170.185,-0.7573,-2.8789,-4.0718
5727,BTCUSDT,BUY,1791217652850,85169.64499999999,-0.6939,-2.8156,-4.0085
5728,BTCUSDT,SELL,1791217657287,85141.41500000001,-0.4992,-0.0000,1.5128
5729,BTCUSDT,SELL,1791217670827,85144.625,-1.0030,-2.0412,1.0711
5730,ETHUSDT,SELL,1791217671286,2687.865,-1.6370,-1.6370,2.8647
5731,BTCUSDT,SELL,1791217671334,85148.715,-1.5608,-1.5608,1.5514
5732,ETHUSDT,BUY,1791217681668,2688.3050000000003,-1.8599,0.8556,-4.0918
5733,BTCUSDT,BUY,1791217681910,85160.63500000001,-1.2729,0.1609,-2.9509
5734,BTCUSDT,SELL,1791217683404,85149.795,-1.2731,0.4850,1.6782
5735,ETHUSDT,SELL,1791217683631,2687.8050000000003,-0.6697,1.5998,2.2323
5736,BTCUSDT,SELL,1791217683711,85153.195,-0.8737,1.0663,2.0774
5737,BTCUSDT,SELL,1791217684216,85157.39499999999,-0.3805,2.5705,2.5705
5738,ETHUSDT,SELL,1791217684309,2687.8450000000003,-1.0045,1.7486,2.3811
5739,ETHUSDT,BUY,1791217691984,2688.525,-2.2317,-4.3146,-0.5579
5740,ETHUSDT,BUY,1791217692742,2688.105,-2.7157,-2.7529,1.0044
5741,BTCUSDT,BUY,1791217692909,85149.805,-1.6794,-1.6794,2.0000
5742,ETHUSDT,BUY,1791217693143,2687.925,-2.0462,-2.0834,1.6742
5743,BTCUSDT,BUY,1791217693549,85145.66500000001,-1.1932,-1.1932,2.4863
5744,ETHUSDT,BUY,1791217723335,2687.365,-0.6326,-0.5954,2.0094
5745,ETHUSDT,SELL,1791217745534,2687.205,-2.0839,-4.3540,-1.9351
5746,BTCUSDT,SELL,1791217745897,85135.505,-1.2662,-3.6800,-1.4307
5747,BTCUSDT,SELL,1791217757411,85166.83499999999,-0.9699,0.0423,-0.0000
5748,ETHUSDT,BUY,1791217759570,2688.635,-1.8597,-3.0871,-0.7811
5749,BTCUSDT,BUY,1791217759818,85175.095,-1.2950,-2.4362,-0.9698
5750,BTCUSDT,BUY,1791217785153,85149.015,-1.0405,-1.5855,-1.5855
5751,BTCUSDT,BUY,1791217794629,85137.04999999999,-0.1803,1.2492,-2.1160
5752,ETHUSDT,SELL,1791217797276,2687.4049999999997,-0.6698,-1.1907,0.2605
5753,BTCUSDT,SELL,1791217809720,85157.405,-1.0627,-1.1074,-1.1074
5754,ETHUSDT,SELL,1791217812150,2687.865,-2.0834,-2.0834,-2.3439
5755,ETHUSDT,SELL,1791217812400,2687.895,-1.9718,-1.9718,-2.2322
5756,BTCUSDT,SELL,1791217812522,85166.455,-0.0446,-0.0446,-0.0446
5757,ETHUSDT,BUY,1791217823016,2688.425,-2.3062,-1.3763,1.2647
5758,BTCUSDT,SELL,1791217833814,85152.14499999999,-1.0722,1.7709,-4.9887
5759,BTCUSDT,SELL,1791217833980,85154.125,-0.8397,2.1854,-4.7561
5760,BTCUSDT,BUY,1791217841072,85150.305,-0.3682,-3.6723,5.3658
5761,BTCUSDT,BUY,1791217842094,85147.16500000001,-1.0464,-3.3037,5.7360
5762,BTCUSDT,BUY,1791217842656,85143.64499999999,-0.7728,-2.8904,6.1496
5763,ETHUSDT,BUY,1791217842901,2687.125,-0.8931,-0.9676,10.7178
5764,BTCUSDT,BUY,1791217842939,85139.235,-0.4369,-2.3726,7.5136
5765,ETHUSDT,BUY,1791217844030,2686.885,-0.1861,-0.0744,12.5796
5766,ETHUSDT,SELL,1791217845800,2686.855,-0.0000,-0.0372,-11.9098
5767,BTCUSDT,BUY,1791217846649,85135.515,-0.3700,-0.6096,8.5887
5768,BTCUSDT,BUY,1791217850063,85132.36499999999,-1.5658,1.3250,8.1591
5769,ETHUSDT,SELL,1791217852343,2686.865,-0.0000,-4.4290,-11.0166
5770,BTCUSDT,SELL,1791217856660,85130.32500000001,-0.1609,-3.6802,-9.1930
5771,ETHUSDT,SELL,1791217860826,2687.2650000000003,-2.9398,-4.5771,-11.1638
5772,BTCUSDT,SELL,1791217862253,85158.535,-0.3664,-0.9747,-5.8420
5773,BTCUSDT,SELL,1791217886780,85175.33499999999,-1.2257,-2.4256,-5.2856
5774,BTCUSDT,SELL,1791217887280,85183.045,-0.3205,-1.5203,-4.3800
5775,ETHUSDT,BUY,1791217895277,2690.075,-0.5204,-0.0743,0.2974
5776,ETHUSDT,BUY,1791217895453,2689.965,-0.1115,0.3346,0.7063
5777,ETHUSDT,BUY,1791217904829,2690.2650000000003,-0.7806,-0.3345,-0.4089
5778,ETHUSDT,BUY,1791217907825,2689.9849999999997,-0.7807,1.0409,-0.3346
5779,BTCUSDT,SELL,1791217912844,85201.82500000001,-0.7934,0.4906,-0.8662
5780,ETHUSDT,SELL,1791217921631,2690.275,-0.8178,-3.5684,0.5204
5781,BTCUSDT,BUY,1791217922188,85208.57500000001,-0.0340,2.7638,0.0739
5782,BTCUSDT,SELL,1791217928162,85223.63500000001,-0.9962,-1.5923,1.6932
5783,BTCUSDT,BUY,1791217934074,85263.14499999999,-1.5481,-5.0186,-5.6695
5784,ETHUSDT,BUY,1791217934486,2691.645,-1.1517,-4.2353,-7.1332
5785,BTCUSDT,BUY,1791217934767,85253.255,-0.3883,-3.8591,-4.6696
5786,ETHUSDT,BUY,1791217935297,2691.5950000000003,-1.8205,-4.0496,-6.9476
5787,ETHUSDT,BUY,1791217935739,2691.335,-2.1922,-3.0840,-5.9822
5788,ETHUSDT,BUY,1791217936137,2691.145,-1.4864,-2.3782,-5.2766
5789,BTCUSDT,BUY,1791217937327,85243.10500000001,-0.6921,-2.6688,-3.4795
5790,ETHUSDT,BUY,1791217939805,2690.7349999999997,-0.8548,-2.1184,-1.5237
5791,BTCUSDT,BUY,1791217950526,85212.535,-0.4013,0.7370,-1.1571
5792,BTCUSDT,SELL,1791217953808,85209.11499999999,-1.2780,-0.2253,0.7558
5793,BTCUSDT,SELL,1791217953964,85210.485,-1.1172,-0.0645,0.9166
5794,ETHUSDT,SELL,1791217954433,2690.1549999999997,-0.0000,-0.0000,2.8251
5795,BTCUSDT,BUY,1791217958980,85220.005,-0.1396,-1.2673,-3.2938
5796,BTCUSDT,BUY,1791217993898,85217.495,-0.4753,-0.9728,1.0397
5797,BTCUSDT,BUY,1791217994084,85214.805,-0.1596,-1.2545,1.3554
5799,BTCUSDT,BUY,1791218003833,85213.445,-1.2639,-1.2639,1.5150
5800,ETHUSDT,BUY,1791218017001,2689.3450000000003,-0.1116,-0.6693,5.7263
5801,BTCUSDT,SELL,1791218019914,85191.935,-0.7184,-0.3627,-6.1755
5802,BTCUSDT,SELL,1791218031576,85195.025,-0.3557,-2.6375,-4.5871
5803,ETHUSDT,BUY,1791218064934,2690.545,0.2973,1.2637,1.6354
5804,BTCUSDT,SELL,1791218065868,85226.14499999999,-0.9340,-0.9340,-3.0296
5805,ETHUSDT,SELL,1791218068470,2690.725,-0.4088,-0.5946,-0.8920
5806,ETHUSDT,SELL,1791218074796,2690.835,-0.1858,2.6757,-0.4831
5807,BTCUSDT,SELL,1791218077471,85234.11499999999,-0.5937,0.5995,-4.1627
5808,ETHUSDT,SELL,1791218079492,2690.885,-0.1858,1.5980,-2.2669
5809,BTCUSDT,BUY,1791218083358,85235.83499999999,-0.8013,-0.2030,4.4969
5810,BTCUSDT,BUY,1791218111144,85276.36499999999,-0.3248,-2.1964,0.0715
5811,BTCUSDT,BUY,1791218115782,85273.595,-1.0144,-2.5365,-0.1419
5812,ETHUSDT,BUY,1791218117062,2691.3050000000003,-0.6317,-1.2633,4.9790
5813,BTCUSDT,BUY,1791218124983,85257.63500000001,-0.6650,-0.6650,1.1553
5814,BTCUSDT,SELL,1791218135210,85251.965,-2.0680,-2.9325,-1.1202
5815,ETHUSDT,SELL,1791218135516,2691.255,-2.9354,-3.9387,-4.0502
5816,BTCUSDT,SELL,1791218135576,85257.63500000001,-1.4028,-2.2672,-0.4551
5817,ETHUSDT,BUY,1791218136691,2691.925,-0.4458,3.3433,1.5231
5818,ETHUSDT,SELL,1791218141518,2691.495,-2.6008,-4.4585,-2.7866
5819,BTCUSDT,SELL,1791218143734,85274.16500000001,-0.3284,-1.3885,2.3207
5820,BTCUSDT,BUY,1791218148938,85286.005,-0.6203,-1.0588,-3.7087
5821,ETHUSDT,SELL,1791218153510,2692.565,-0.7056,-0.5942,1.3370
5822,ETHUSDT,SELL,1791218153866,2692.5950000000003,-0.5942,-0.4828,1.4484
5823,BTCUSDT,BUY,1791218158136,85286.005,-1.0588,-1.0588,-3.8306
5824,ETHUSDT,SELL,1791218165601,2692.745,-0.5199,0.3714,2.0054
5825,ETHUSDT,BUY,1791218172468,2692.755,0.0000,-0.4456,-2.6367
5826,BTCUSDT,BUY,1791218182947,85274.86499999999,-0.8654,-1.5655,-4.2990
5827,BTCUSDT,BUY,1791218196609,85261.515,-0.0047,-0.8374,-3.2312
5828,ETHUSDT,BUY,1791218200396,2692.335,-0.3343,-1.2257,-1.0028
5829,BTCUSDT,BUY,1791218227776,85251.975,-0.9607,-1.6152,-0.0704
5830,ETHUSDT,BUY,1791218228266,2692.125,-0.8915,-0.2972,0.7429
5831,ETHUSDT,BUY,1791218228925,2692.005,1.1887,0.1486,1.1887
5832,ETHUSDT,BUY,1791218231659,2692.085,-0.1486,1.7459,0.8915
5833,BTCUSDT,SELL,1791218243886,85238.205,-0.6546,-1.4325,-4.0217
5834,BTCUSDT,SELL,1791218246373,85243.785,-0.7778,1.1520,-3.3668
5835,BTCUSDT,SELL,1791218247095,85249.055,-0.1595,1.7701,-2.7484
5836,BTCUSDT,BUY,1791218255167,85245.98000000001,-0.9977,-1.4095,5.1633
5837,ETHUSDT,BUY,1791218255644,2692.525,-1.2999,-1.7084,1.8570
5838,BTCUSDT,BUY,1791218255831,85245.155,-1.3127,-1.3127,4.3897
5839,ETHUSDT,BUY,1791218293538,2692.225,0.0000,1.3372,6.3145
5840,BTCUSDT,SELL,1791218295528,85255.015,-2.5359,-2.0491,-2.6438
5841,BTCUSDT,SELL,1791218295719,85258.42499999999,-2.1359,-1.6491,-2.2438
5842,BTCUSDT,SELL,1791218295934,85263.435,-1.5481,-1.0614,-1.6560
5843,BTCUSDT,BUY,1791218299954,85276.63500000001,-0.4867,-0.0352,0.1079
5844,BTCUSDT,SELL,1791218310553,85276.33499999999,-0.8912,-0.3682,-0.1431
5845,BTCUSDT,SELL,1791218310967,85279.48000000001,-0.5224,-0.1601,0.2257
5846,BTCUSDT,SELL,1791218320647,85279.475,-0.1606,-0.0891,-1.0894
5847,BTCUSDT,BUY,1791218324278,85285.515,-0.0821,-0.6191,-0.4127
5848,ETHUSDT,SELL,1791218332149,2693.315,-0.0743,-0.0743,-1.0396
5849,BTCUSDT,BUY,1791218372407,85277.545,-0.7352,0.5218,-3.3092
5850,BTCUSDT,BUY,1791218372638,85274.065,0.7235,0.9299,-2.9012
5851,BTCUSDT,SELL,1791218373430,85271.275,-1.0508,-1.2572,2.5741
5852,BTCUSDT,BUY,1791218381352,85288.755,-0.7926,-0.7926,-4.6231
5853,ETHUSDT,BUY,1791218381793,2693.935,-1.2621,-1.2621,-7.9438
5854,BTCUSDT,BUY,1791218412841,85271.275,-0.5019,-2.5741,-1.8236
5855,ETHUSDT,BUY,1791218419951,2692.225,-0.1857,-1.5972,-3.1944
5856,BTCUSDT,BUY,1791218421592,85253.63500000001,-0.2651,-0.5056,-1.4627
5857,ETHUSDT,BUY,1791218445825,2691.795,-0.9287,-1.4488,-2.3776
5858,ETHUSDT,BUY,1791218455830,2691.4049999999997,-0.2972,1.5977,-0.9660
5859,BTCUSDT,SELL,1791218470864,85253.64,-0.2446,1.4633,6.2642
5860,ETHUSDT,BUY,1791218471383,2692.215,-1.6343,-3.1573,-5.5345
5862,BTCUSDT,BUY,1791218473282,85255.72,-0.7970,-2.5212,-6.5081
5861,ETHUSDT,BUY,1791218473276,2691.775,-0.9288,-2.1919,-4.6438
5863,BTCUSDT,BUY,1791218473930,85251.38500000001,-0.9865,-2.0129,-5.9999
5864,BTCUSDT,BUY,1791218474387,85248.91500000001,-0.6968,-1.7232,-5.7103
5865,ETHUSDT,BUY,1791218475954,2691.5150000000003,-0.5573,-1.2261,-3.6782
5866,ETHUSDT,BUY,1791218486389,2691.185,-0.7432,-2.3038,-4.1617
5867,ETHUSDT,BUY,1791218487427,2690.9849999999997,-0.3716,-1.5608,-3.4188
5868,BTCUSDT,BUY,1791218487747,85213.89499999999,-0.1960,-0.1960,-1.6030
5869,BTCUSDT,BUY,1791218554998,85200.225,-0.7007,-1.0282,-1.5258
5870,BTCUSDT,BUY,1791218566976,85191.465,-0.1221,-0.4660,-1.5800
5871,BTCUSDT,SELL,1791218585186,85180.005,-0.9897,-0.9897,1.1728
5872,ETHUSDT,SELL,1791218599926,2689.895,-1.6729,0.7807,2.1562
5873,ETHUSDT,SELL,1791218600091,2690.075,-1.0037,1.4498,2.8252
5876,BTCUSDT,BUY,1791218607366,85191.16500000001,-0.0869,-0.4625,-2.9581
5877,BTCUSDT,BUY,1791218622968,85187.22,-1.0676,-1.2872,-2.4951
5878,ETHUSDT,BUY,1791218623326,2689.685,-0.2974,-1.2641,-1.1897
5879,BTCUSDT,BUY,1791218624836,85178.125,-0.0141,-0.2195,-1.4276
5880,BTCUSDT,BUY,1791218627543,85178.005,-0.2055,-0.2055,-1.4135
5881,BTCUSDT,BUY,1791218641632,85176.255,-0.5624,-0.7338,0.2055
5882,BTCUSDT,BUY,1791218646515,85170.005,0.0000,-0.4743,-0.2513
5883,ETHUSDT,BUY,1791218654086,2689.315,0.0000,-0.0372,0.4462
5884,BTCUSDT,SELL,1791218690316,85178.005,-0.9897,-1.1740,1.1083
5885,BTCUSDT,SELL,1791218692763,85186.435,-0.5494,0.9896,2.0978
5886,ETHUSDT,BUY,1791218699924,2689.7349999999997,-0.1859,-2.5653,-1.1897
5887,BTCUSDT,BUY,1791218700702,85188.005,-1.1739,-2.3642,-2.6025
5889,BTCUSDT,BUY,1791218704409,85178.005,-1.1904,-1.8784,-1.4288
5888,ETHUSDT,BUY,1791218704400,2689.425,-1.4129,0.0372,-0.0372
5890,BTCUSDT,SELL,1791218713091,85156.685,-0.6247,-2.0351,-2.0339
5891,BTCUSDT,SELL,1791218713987,85160.775,-0.1444,-1.5547,-1.5535
5892,BTCUSDT,BUY,1791218741670,85174.005,-0.6387,-0.6387,4.9452
5893,BTCUSDT,SELL,1791218765018,85165.83499999999,-0.9593,-1.4695,-5.5703
5894,BTCUSDT,SELL,1791218774308,85174.005,-0.9393,-1.4089,-4.4615
5895,ETHUSDT,SELL,1791218776794,2689.835,-0.1487,-0.1487,-5.9483
5896,BTCUSDT,SELL,1791218787953,85186.005,-1.6693,-3.7365,-2.5838
5897,ETHUSDT,SELL,1791218788156,2689.9449999999997,-2.1190,-3.3458,-3.8663
5898,BTCUSDT,SELL,1791218793234,85200.225,-0.3897,-1.8650,-0.9143
5899,ETHUSDT,SELL,1791218793863,2690.5150000000003,-1.1894,-0.1487,-1.7469
5900,ETHUSDT,BUY,1791218798105,2691.0550000000003,-0.9662,-1.8580,-0.2601
5901,ETHUSDT,BUY,1791218799567,2690.795,-0.7804,-0.8919,0.7061
5902,ETHUSDT,BUY,1791218799884,2690.585,0.0000,-0.1115,1.4867
5903,BTCUSDT,SELL,1791218808137,85216.125,-0.2007,-1.6288,3.0429
5904,BTCUSDT,SELL,1791218810152,85217.83499999999,-1.4281,-1.2227,3.2435
5905,ETHUSDT,SELL,1791218810177,2690.565,-2.4530,-2.7132,0.7805
5906,ETHUSDT,BUY,1791218817660,2691.385,1.0032,-1.4862,-3.7899
5907,ETHUSDT,BUY,1791218820716,2691.285,-0.2229,-1.1147,-3.4184
5908,ETHUSDT,BUY,1791218837211,2691.435,-1.6720,-1.6720,-6.7622
5909,BTCUSDT,BUY,1791218862356,85190.82500000001,-0.0740,-0.0740,2.1986
5910,BTCUSDT,BUY,1791218892730,85186.035,-1.4427,-1.4427,4.2225
5911,ETHUSDT,BUY,1791218894749,2690.205,-0.1859,-0.8178,6.4307
5912,ETHUSDT,SELL,1791218899480,2689.62,-1.3571,-4.7033,-7.9379
5913,ETHUSDT,SELL,1791218908519,2689.9849999999997,-3.3457,-5.3160,-5.7249
5914,BTCUSDT,SELL,1791218909343,85185.445,-0.5576,-2.8303,-4.0570
5915,BTCUSDT,SELL,1791218913293,85190.82500000001,-2.1986,-2.1986,-3.4253
5916,ETHUSDT,SELL,1791218913611,2690.8900000000003,-0.3902,-1.9510,-2.3598
5917,ETHUSDT,BUY,1791218923899,2691.415,-0.2229,-0.2229,-0.1858
5918,BTCUSDT,SELL,1791218940483,85212.015,-0.2335,-0.4682,1.0351
5919,ETHUSDT,SELL,1791218940547,2691.4449999999997,-1.8206,-1.8206,-0.0743
5920,BTCUSDT,SELL,1791218949913,85214.015,-0.2335,-1.4059,0.2359
5921,ETHUSDT,BUY,1791218959949,2691.755,-0.8545,-0.8545,0.6687
5922,ETHUSDT,BUY,1791218960300,2691.7349999999997,-0.7802,-0.7802,0.7430
5923,ETHUSDT,BUY,1791218960676,2691.525,0.0000,0.0000,1.5233
5924,BTCUSDT,BUY,1791218975322,85220.005,-0.9235,-1.9725,-0.4694
5925,BTCUSDT,BUY,1791218980806,85212.13500000001,-0.1150,-1.0491,2.0971
5926,BTCUSDT,BUY,1791218981348,85211.16500000001,-0.0012,-0.9353,2.2110
5927,BTCUSDT,BUY,1791218981542,85211.15,0.0006,-0.9336,2.2127
5928,BTCUSDT,BUY,1791218983199,85207.945,-0.4612,-0.5575,2.5890
5929,BTCUSDT,BUY,1791218984227,85204.005,-0.0951,-0.0951,3.0515
5930,BTCUSDT,BUY,1791218984396,85203.495,-0.0352,-0.0352,3.1114
5931,BTCUSDT,SELL,1791219006707,85195.235,-0.9343,-1.9684,-5.4897
5932,ETHUSDT,SELL,1791219007389,2691.6949999999997,-0.8916,-0.8916,-6.3529
5933,BTCUSDT,SELL,1791219035775,85216.005,-0.6959,-1.6429,-4.7491
5934,BTCUSDT,SELL,1791219061348,85230.015,-0.2335,-1.4068,-7.3706
5935,BTCUSDT,SELL,1791219066204,85232.005,-1.1733,-1.6426,-7.9771
5936,ETHUSDT,SELL,1791219066384,2693.315,-0.3342,-1.8564,-6.7575
5937,ETHUSDT,SELL,1791219071608,2693.475,-1.2252,-1.8192,-6.0145
5938,BTCUSDT,SELL,1791219071645,85242.005,-0.4693,-1.4078,-6.8030
5939,BTCUSDT,SELL,1791219071809,85244.005,-0.2346,-1.1731,-6.5682
5940,BTCUSDT,SELL,1791219083891,85254.005,-0.2264,-0.2264,-5.3558
5941,BTCUSDT,SELL,1791219097680,85256.475,-0.1795,-3.6701,-3.9328
5942,BTCUSDT,SELL,1791219102561,85260.005,-1.1717,-4.0816,-4.1684
5943,BTCUSDT,SELL,1791219103381,85268.005,-0.2334,-3.1430,-3.2298
5944,BTCUSDT,SELL,1791219107396,85284.455,-0.6508,-1.2136,-2.0367
5945,BTCUSDT,SELL,1791219108561,85290.005,-0.5628,-0.5628,-1.3859
5946,BTCUSDT,SELL,1791219124375,85292.845,-0.8383,-0.7996,-1.0528
5947,BTCUSDT,SELL,1791219124578,85294.805,-0.6085,-0.5698,-0.8230
5948,ETHUSDT,SELL,1791219145401,2695.0950000000003,-0.1484,-2.2263,-2.2263
5949,ETHUSDT,SELL,1791219164767,2695.6949999999997,-0.3710,-0.3710,1.4097
5950,ETHUSDT,SELL,1791219180109,2695.975,-0.1855,0.6677,0.7048
5951,ETHUSDT,BUY,1791219184003,2696.025,-0.8531,-1.2240,-1.4095
5953,BTCUSDT,BUY,1791219192353,85301.82500000001,-0.4806,-0.9883,-0.9167
5952,ETHUSDT,BUY,1791219192344,2695.795,-0.2968,-0.3709,0.6306
5954,ETHUSDT,BUY,1791219192550,2695.715,-0.0371,-0.0742,0.9274
5955,ETHUSDT,BUY,1791219193579,2695.705,-0.0371,-0.0371,0.9645
5958,BTCUSDT,BUY,1791219205610,85293.39499999999,-0.7703,-0.7703,0.2955
5959,ETHUSDT,SELL,1791219207879,2695.4049999999997,-0.4452,-0.4452,-2.3002
5960,ETHUSDT,BUY,1791219222256,2695.525,-0.7791,-0.7791,4.2663
5961,BTCUSDT,SELL,1791219234750,85286.82500000001,-0.6930,-0.9966,-1.0658
5962,BTCUSDT,BUY,1791219237807,85297.225,-0.2228,-0.2228,-0.1536
5963,BTCUSDT,SELL,1791219261502,85294.005,-0.2239,-0.2239,0.9379
5964,BTCUSDT,SELL,1791219273814,85297.225,-0.3247,-1.0293,2.5206
5965,ETHUSDT,BUY,1791219291737,2696.625,-0.4821,-3.0038,-1.7800
5966,ETHUSDT,SELL,1791219314457,2696.4049999999997,-0.7046,3.5603,0.9642
5967,BTCUSDT,BUY,1791219319639,85288.155,-0.2521,-1.4574,-0.8313
5968,BTCUSDT,BUY,1791219322025,85280.475,-0.8771,-0.5570,0.0692
5969,ETHUSDT,BUY,1791219322318,2695.8050000000003,-0.4451,0.3709,1.2612
5970,BTCUSDT,SELL,1791219325758,85272.995,-0.1173,-0.3201,-0.9464
5971,BTCUSDT,SELL,1791219326640,85273.89499999999,-0.2146,-0.2146,-0.8408
5972,BTCUSDT,SELL,1791219336937,85275.725,-0.0328,-0.2674,-1.7262
5973,BTCUSDT,SELL,1791219387455,85281.065,-0.8138,-1.0999,-1.1011
5974,BTCUSDT,SELL,1791219388047,85281.9,-1.6434,-1.0020,-1.0031
5975,BTCUSDT,SELL,1791219388619,85288.005,-0.9274,-0.2861,-0.4479
5976,ETHUSDT,SELL,1791219388663,2696.875,0.7045,1.6686,1.0753
5977,BTCUSDT,SELL,1791219405153,85290.455,-0.0422,-0.0422,-0.0000
5978,BTCUSDT,SELL,1791219429417,85290.815,-0.6085,-0.3740,-0.6085
5979,ETHUSDT,BUY,1791219439337,2696.785,-0.1854,-0.7416,-0.1854
5980,ETHUSDT,BUY,1791219440796,2696.7349999999997,-0.8900,-0.5562,0.0000
5981,BTCUSDT,SELL,1791219448070,85290.455,-0.1606,-0.0000,-2.0577
5982,ETHUSDT,BUY,1791219452361,2696.565,0.0000,-1.3350,1.6317
5983,ETHUSDT,BUY,1791219460036,2696.205,0.0000,-0.2225,2.9671
5984,ETHUSDT,BUY,1791219462463,2696.205,-0.2225,-0.2225,2.9671
5985,BTCUSDT,SELL,1791219482523,85290.455,-0.1606,-1.3542,-3.7320
5986,BTCUSDT,SELL,1791219490585,85296.005,-0.4889,-0.9379,-3.0810
5987,BTCUSDT,BUY,1791219496732,85302.005,-0.3763,0.7034,2.3774
5988,BTCUSDT,SELL,1791219498571,85298.795,-0.6108,-1.0797,-2.7538
5989,BTCUSDT,BUY,1791219560033,85322.28,-0.5878,-2.8451,-3.3139
5990,ETHUSDT,BUY,1791219561453,2697.625,-1.5199,-4.3371,-4.2630
5991,ETHUSDT,BUY,1791219562975,2697.215,-2.1504,-2.8177,-2.7436
5992,ETHUSDT,BUY,1791219563168,2697.065,-1.5943,-2.2617,-2.1876
5993,BTCUSDT,SELL,1791219566389,85293.195,-0.5639,-0.7246,1.5523
5994,ETHUSDT,SELL,1791219573230,2696.455,-1.0013,-1.0013,-0.0742
5995,ETHUSDT,BUY,1791219591314,2696.725,-1.9283,-1.9283,0.7046
5996,BTCUSDT,BUY,1791219605876,85295.33499999999,-0.1337,-0.1559,-3.1866
5997,ETHUSDT,BUY,1791219606456,2696.205,-0.1113,0.7047,0.0000
5998,BTCUSDT,BUY,1791219609852,85294.195,-1.1947,-0.0223,-3.0530
5999,ETHUSDT,SELL,1791219612158,2696.005,-1.2611,-1.7433,-0.7418
6000,BTCUSDT,SELL,1791219612528,85280.015,-0.7024,-1.0542,1.3907
6001,ETHUSDT,SELL,1791219615118,2696.3450000000003,-0.1854,-0.4821,0.5563
6002,BTCUSDT,BUY,1791219622881,85282.515,0.0000,-0.3002,-1.6838
6003,ETHUSDT,BUY,1791219652117,2696.8050000000003,-0.7787,-2.2249,-0.0371
6004,BTCUSDT,BUY,1791219661680,85270.35500000001,-0.0410,-0.2580,1.2067
6005,BTCUSDT,SELL,1791219691286,85268.16,-0.9200,-0.9200,0.9153
6006,ETHUSDT,SELL,1791219708386,2696.325,-1.7431,-1.7431,3.3008
6007,BTCUSDT,BUY,1791219731350,85278.235,-0.2615,-1.1515,-6.5187
6008,BTCUSDT,BUY,1791219747439,85268.41500000001,-0.5160,-0.9453,-6.0374
6009,ETHUSDT,BUY,1791219752580,2695.775,-0.1484,-1.2612,-6.4174
6010,BTCUSDT,BUY,1791219757557,85260.35500000001,-0.2545,-0.2756,-5.8738
6011,BTCUSDT,BUY,1791219761809,85258.185,-0.0211,-0.0211,-5.6194
6012,BTCUSDT,BUY,1791219773504,85252.435,-0.2850,-0.2850,-3.0803
6013,ETHUSDT,BUY,1791219775919,2695.0550000000003,-0.1855,-4.3413,0.3710
6014,BTCUSDT,BUY,1791219786288,85228.005,-0.6289,-0.6289,2.0146
6015,ETHUSDT,SELL,1791219789348,2693.865,-0.7795,0.1485,-4.2690
6018,ETHUSDT,SELL,1791219803325,2693.825,-0.8167,-0.8167,-1.9675
6019,ETHUSDT,SELL,1791219831011,2694.0950000000003,-2.9323,-3.4149,0.0742
6020,BTCUSDT,SELL,1791219834786,85226.17499999999,-1.6227,-2.2294,-0.8460
6021,ETHUSDT,SELL,1791219835913,2695.0950000000003,-2.1150,0.2968,3.7847
6022,ETHUSDT,SELL,1791219836361,2695.535,-0.4823,1.9291,5.4164
6023,ETHUSDT,BUY,1791219860840,2694.715,-0.8164,-1.3359,-3.7110
6024,ETHUSDT,BUY,1791219861391,2694.575,-0.8165,-0.8165,-2.6720
6025,BTCUSDT,BUY,1791219861825,85245.17499999999,-0.1361,-0.1361,-2.5374
6026,BTCUSDT,BUY,1791219884505,85238.345,0.0000,-0.5819,-0.9796
6027,BTCUSDT,BUY,1791219887842,85238.345,-0.6675,-0.5819,-0.9796
6028,ETHUSDT,BUY,1791219888132,2694.165,-0.3341,-0.3341,-1.9672
6029,BTCUSDT,SELL,1791219889613,85232.655,-0.0856,-0.0856,0.3121
6030,ETHUSDT,BUY,1791219901063,2694.075,-1.5219,-1.7817,-1.6332
6031,ETHUSDT,BUY,1791219902204,2693.665,-0.2599,-0.2599,-0.2970
6032,ETHUSDT,SELL,1791219921127,2693.715,-0.5197,-1.8562,-1.8190
6033,BTCUSDT,SELL,1791219921852,85223.545,-0.7568,-0.7568,-1.8117
6034,BTCUSDT,SELL,1791219922151,85223.58499999999,-0.7521,-0.7521,-1.8070
6035,ETHUSDT,SELL,1791219922152,2693.855,-0.4826,-1.3364,-1.2993
6036,ETHUSDT,BUY,1791219947185,2693.685,-0.1856,-0.1856,1.7819
6037,BTCUSDT,SELL,1791219970874,85228.025,-1.1710,-1.2860,-3.7922
6038,BTCUSDT,SELL,1791219971237,85233.38500000001,-0.5420,-0.6570,-3.1631
6039,BTCUSDT,BUY,1791219999794,85248.005,-0.2323,-0.5525,3.2845
6040,BTCUSDT,BUY,1791220002865,85246.025,-0.4012,-0.3202,3.5169
6041,BTCUSDT,SELL,1791220022616,85243.295,-0.5514,-2.4295,-3.1744
6042,ETHUSDT,SELL,1791220022761,2694.635,-1.0391,-2.9689,-0.8907
6043,BTCUSDT,SELL,1791220030169,85254.005,-0.7437,-1.1730,-1.9178
6044,ETHUSDT,BUY,1791220058326,2695.675,-0.4823,-2.4484,-4.1548
6045,ETHUSDT,BUY,1791220064063,2695.545,-1.0758,-2.3001,-1.8549
6046,ETHUSDT,BUY,1791220080724,2694.925,-0.1855,-0.1855,1.8924
6047,ETHUSDT,BUY,1791220094384,2694.875,-0.3711,-1.1874,-1.6698
6048,ETHUSDT,BUY,1791220097084,2694.775,-0.3711,-0.8164,-2.4863
6049,ETHUSDT,BUY,1791220098050,2694.725,-0.1855,-0.6309,-2.3008
6050,ETHUSDT,SELL,1791220119823,2694.625,-1.5587,-1.5587,4.1935
6051,ETHUSDT,SELL,1791220139588,2695.3050000000003,-0.4823,1.9664,6.0476
6052,BTCUSDT,BUY,1791220144328,85270.35500000001,-0.6251,-0.6251,-4.6874
6053,BTCUSDT,BUY,1791220154956,85265.025,-1.7616,-3.8715,-4.0626
6054,BTCUSDT,BUY,1791220156578,85248.005,-0.1748,-1.8757,-2.0669
6055,ETHUSDT,BUY,1791220158131,2694.105,-1.2991,-2.2642,0.2969
6056,BTCUSDT,BUY,1791220158204,85246.505,-0.9279,-1.6998,-1.8910
6057,ETHUSDT,BUY,1791220158770,2693.785,-0.1114,-1.0766,1.4849
6058,BTCUSDT,BUY,1791220160170,85238.595,-0.7720,-0.7720,-0.9632
6059,ETHUSDT,BUY,1791220160242,2693.605,-0.4084,-0.4084,2.1532
6060,BTCUSDT,BUY,1791220160499,85235.985,-0.4658,-0.4658,-0.6570
6061,BTCUSDT,BUY,1791220196244,85230.39,-0.0006,-0.0006,-0.0452
6062,BTCUSDT,BUY,1791220266476,85230.005,-0.2171,-0.4224,-0.9187
6063,ETHUSDT,SELL,1791220286881,2694.1549999999997,-0.6310,-3.2663,-3.5262
6064,BTCUSDT,SELL,1791220289963,85217.32500000001,-0.5691,-0.5691,-1.4105
6065,BTCUSDT,SELL,1791220339287,85222.17499999999,-0.9047,-0.8413,1.3940
6066,BTCUSDT,BUY,1791220354741,85229.345,-0.8612,-1.8972,-0.8624
6067,BTCUSDT,BUY,1791220361504,85220.14499999999,-0.8179,-1.1558,1.0784
6068,BTCUSDT,BUY,1791220366062,85210.295,0.0000,0.0000,2.2345
6071,BTCUSDT,SELL,1791220412651,85219.805,-0.2570,-1.1183,-3.7785
6072,ETHUSDT,SELL,1791220412662,2695.2650000000003,-0.1855,-0.5194,-5.0830
6073,BTCUSDT,SELL,1791220416893,85221.995,-0.8613,-0.8613,-3.5214
6074,ETHUSDT,BUY,1791220443055,2695.6549999999997,-1.2242,0.1484,3.9694
6075,ETHUSDT,BUY,1791220443920,2695.585,-0.9645,0.4081,4.2291
6076,BTCUSDT,SELL,1791220455956,85229.33499999999,-1.7212,-2.6599,-4.3025
6077,ETHUSDT,SELL,1791220455991,2695.8050000000003,-1.9660,-3.2643,-4.8223
6078,BTCUSDT,SELL,1791220456124,85229.995,-1.6438,-2.5824,-4.2250
6079,ETHUSDT,SELL,1791220511241,2696.725,-0.1854,-4.9690,-8.1580
6080,BTCUSDT,SELL,1791220518261,85274.005,-1.1715,-1.1715,-3.8265
6081,BTCUSDT,SELL,1791220518646,85276.01000000001,-0.9364,-0.9364,-3.5913
6082,ETHUSDT,SELL,1791220518655,2697.825,-0.8896,0.3336,-2.5576
6083,ETHUSDT,SELL,1791220518824,2697.865,-0.7413,0.4819,-2.4834
6084,ETHUSDT,SELL,1791220519565,2697.955,-0.4077,0.8154,-2.8540
6085,ETHUSDT,BUY,1791220545551,2697.725,-0.4078,1.2603,6.2275
6086,BTCUSDT,SELL,1791220551219,85285.975,-0.9415,-1.6439,-3.5199
6087,ETHUSDT,SELL,1791220551505,2697.895,-0.6301,-3.0394,-6.4495
6088,BTCUSDT,SELL,1791220551569,85292.005,-0.2345,-1.1724,-2.8127
6089,ETHUSDT,SELL,1791220564090,2698.715,-0.1112,-1.0375,-3.4090
6090,BTCUSDT,SELL,1791220572493,85314.005,-0.2344,0.8639,-0.9248
6091,ETHUSDT,SELL,1791220572562,2698.935,-0.2223,0.5928,-2.5936
6092,ETHUSDT,BUY,1791220575118,2698.995,-2.8159,-0.8151,3.7051
6093,BTCUSDT,BUY,1791220576268,85308.0,-0.1600,-0.1600,2.8971
6094,ETHUSDT,BUY,1791220599707,2698.715,-0.0371,3.4090,4.4095
6095,BTCUSDT,SELL,1791220605114,85308.01000000001,-0.9360,-0.9360,-0.7027
6096,ETHUSDT,BUY,1791220639116,2699.995,-0.3704,-0.3333,0.6296
6097,BTCUSDT,BUY,1791220646350,85332.715,-1.3641,-1.3641,-0.5520
6098,ETHUSDT,BUY,1791220646405,2699.895,-0.3704,0.0370,-0.1111
6099,ETHUSDT,BUY,1791220665664,2699.685,-0.1852,-0.0741,-1.5557
6100,BTCUSDT,SELL,1791220676502,85324.39499999999,-0.4231,-1.6279,0.7313
6101,BTCUSDT,BUY,1791220679652,85342.375,-0.4792,-0.4792,-2.6212
6102,ETHUSDT,SELL,1791220692447,2699.995,-0.6296,0.4815,0.5185
6103,BTCUSDT,SELL,1791220699746,85338.285,-0.4793,1.2046,0.2578
6104,ETHUSDT,BUY,1791220701978,2700.005,-0.5185,0.2963,-0.5556
6105,BTCUSDT,BUY,1791220702213,85332.065,-0.4758,-0.4758,0.4723
6106,ETHUSDT,SELL,1791220710779,2699.865,-0.8149,-0.8149,0.7037
6107,ETHUSDT,BUY,1791220721128,2700.085,-2.5555,-3.0369,-2.2222
6108,ETHUSDT,BUY,1791220721582,2699.975,-2.1482,-2.6297,-1.8148
6109,BTCUSDT,BUY,1791220721885,85325.35500000001,-0.6270,-0.8438,-0.6094
6110,BTCUSDT,BUY,1791220729128,85320.005,-0.2168,-0.2168,-0.6294
6111,BTCUSDT,SELL,1791220739529,85318.155,-1.2893,-2.4297,-0.4501
6112,ETHUSDT,SELL,1791220739574,2699.275,-1.7783,-2.5192,-1.2596
6113,ETHUSDT,SELL,1791220741682,2699.815,-1.3334,-0.1482,0.7408
6114,BTCUSDT,BUY,1791220747959,85339.88500000001,-0.1172,-0.4453,-2.0963
6115,BTCUSDT,BUY,1791220753104,85338.32500000001,-0.2625,-0.2613,-1.5995
6116,BTCUSDT,BUY,1791220784279,85319.525,-0.5731,-0.5731,-0.3938
6117,BTCUSDT,SELL,1791220798193,85314.63500000001,-0.8627,-0.8627,1.7148
6118,BTCUSDT,SELL,1791220808560,85321.995,-0.3141,-0.3141,2.4167
6119,BTCUSDT,BUY,1791220820469,85324.67499999999,-0.9974,-0.9974,-2.5409
6120,BTCUSDT,BUY,1791220844801,85316.16500000001,-0.7537,-1.5425,-1.5437
6121,BTCUSDT,BUY,1791220852616,85307.82500000001,-0.5650,-0.9167,-0.9167
6122,BTCUSDT,BUY,1791220855363,85303.005,-0.3517,-0.3517,-0.3517
6123,BTCUSDT,SELL,1791220867057,85300.005,-0.1606,-0.3505,-0.0000
6124,ETHUSDT,BUY,1791220870600,2698.955,0.0000,0.5928,-0.4817
6125,ETHUSDT,BUY,1791220974439,2699.495,-1.1113,-1.1113,0.4816
6127,BTCUSDT,BUY,1791221037488,85320.91500000001,-0.2215,-0.2215,1.5342
6128,ETHUSDT,BUY,1791221099448,2699.975,-1.1111,1.0741,-0.2222
6129,ETHUSDT,BUY,1791221113985,2700.2650000000003,-1.4073,-1.7406,-2.7405
6130,BTCUSDT,BUY,1791221114958,85346.005,-0.2343,-1.1717,0.4687
6131,ETHUSDT,SELL,1791221116891,2699.895,-0.7408,0.3704,1.3704
6132,BTCUSDT,BUY,1791221122531,85341.375,-0.6292,0.3082,1.0112
6133,BTCUSDT,BUY,1791221138271,85344.005,-0.2215,-0.2215,1.6404
6134,BTCUSDT,SELL,1791221159184,85349.125,-0.1031,-0.1031,-0.8729
6135,BTCUSDT,SELL,1791221192109,85356.57500000001,-0.1675,-0.1675,-0.4007
6136,ETHUSDT,BUY,1791221196888,2699.9049999999997,-0.7778,-0.7778,1.5556
6137,BTCUSDT,SELL,1791221239686,85356.57500000001,-0.4007,-0.4007,-1.1048
6138,BTCUSDT,BUY,1791221256105,85359.995,-0.2109,-0.9360,0.7041
6139,BTCUSDT,BUY,1791221264457,85358.195,-0.7252,-0.7252,0.9150
6140,ETHUSDT,BUY,1791221264567,2700.325,-0.1111,-0.1111,1.7776
6141,ETHUSDT,SELL,1791221275043,2700.295,-0.5925,-0.5925,-0.5925
6142,BTCUSDT,SELL,1791221285186,85353.375,-0.7756,-0.7756,-1.4797
6143,ETHUSDT,SELL,1791221291236,2700.455,-0.4444,-1.2961,-0.0000
6144,ETHUSDT,SELL,1791221387389,2700.6549999999997,-0.4443,-1.2590,2.4068
6145,ETHUSDT,SELL,1791221395065,2700.775,-0.8146,-0.8146,4.5542
6146,BTCUSDT,BUY,1791221422792,85370.33499999999,-0.4498,-0.4498,-2.5032
6147,ETHUSDT,BUY,1791221427295,2700.995,-0.5924,-2.3325,-5.3684
6148,ETHUSDT,BUY,1791221446446,2700.365,-1.3332,-3.0366,-3.8143
6149,BTCUSDT,BUY,1791221465085,85350.935,-0.2308,-0.2308,-0.2308
6150,BTCUSDT,SELL,1791221536535,85348.965,-0.3855,-0.3855,5.7364
6151,ETHUSDT,SELL,1791221546541,2700.005,-1.3333,-1.3333,6.5926
6152,ETHUSDT,BUY,1791221570190,2700.315,-2.0368,-2.7775,-5.1846
6153,BTCUSDT,BUY,1791221572305,85353.625,-0.8623,-1.2817,-6.9851
6154,BTCUSDT,BUY,1791221578341,85342.995,-0.0363,-0.0363,-3.8773
6156,BTCUSDT,BUY,1791221593332,85312.405,-1.4535,-5.7788,-0.8955
6155,ETHUSDT,BUY,1791221593296,2699.185,-0.8892,-3.5566,1.2967
6157,ETHUSDT,BUY,1791221600551,2698.225,0.0000,0.0000,3.7432
6158,BTCUSDT,BUY,1791221601506,85269.875,-0.7939,-0.7939,3.7680
6161,BTCUSDT,SELL,1791221615198,85263.10500000001,-0.1056,-1.9821,-6.2043
6162,ETHUSDT,SELL,1791221621494,2698.495,-1.5564,-1.5564,-5.5957
6163,BTCUSDT,SELL,1791221624273,85278.005,-0.2345,-2.8143,-4.6905
6164,ETHUSDT,SELL,1791221631543,2698.915,-1.5191,-3.6681,-9.3000
6165,BTCUSDT,SELL,1791221632077,85291.35500000001,-0.5452,-2.4258,-4.0637
6166,BTCUSDT,SELL,1791221635114,85304.005,-0.2345,-0.9425,-2.5802
6167,ETHUSDT,SELL,1791221638320,2699.9049999999997,-0.9630,0.2593,-3.3705
6168,BTCUSDT,BUY,1791221646754,85312.045,-0.3317,-1.1769,1.6375
6169,BTCUSDT,BUY,1791221649362,85309.215,-0.5216,-0.8452,1.9693
6170,ETHUSDT,BUY,1791221657472,2699.5299999999997,-1.0928,-0.0926,2.7968
6171,ETHUSDT,BUY,1791221657826,2698.885,1.2968,2.2972,5.1873
6172,ETHUSDT,SELL,1791221658023,2698.885,-1.2968,-2.2972,-5.1873
6173,ETHUSDT,SELL,1791221661726,2699.315,-0.7039,-0.7039,-3.5935
6174,BTCUSDT,SELL,1791221667095,85303.795,-0.9671,-1.6658,-1.6670
6175,BTCUSDT,SELL,1791221676067,85316.005,-0.2344,-0.2344,0.3622
6176,ETHUSDT,SELL,1791221678696,2699.925,-0.2963,-3.7038,1.5186
6177,ETHUSDT,SELL,1791221690718,2700.925,-1.8512,0.4073,4.4429
6178,BTCUSDT,SELL,1791221690788,85318.005,-0.9377,-0.9388,0.9377
6179,BTCUSDT,SELL,1791221691902,85326.015,-0.0000,-0.0000,1.8763
6180,ETHUSDT,BUY,1791221710424,2700.675,-0.4443,-1.4441,-3.4436
6181,ETHUSDT,BUY,1791221710665,2700.605,-0.1851,-1.1849,-3.1845
6182,ETHUSDT,BUY,1791221728352,2700.045,-0.1111,-1.9629,-0.1852
6183,BTCUSDT,BUY,1791221730115,85318.015,-0.5978,-0.9388,-1.1440
6184,ETHUSDT,BUY,1791221738121,2699.5950000000003,-0.4075,0.4816,1.4817
6185,ETHUSDT,BUY,1791221738310,2699.565,-0.2963,0.5927,1.5928
6186,ETHUSDT,BUY,1791221739097,2699.5150000000003,-0.1111,0.7779,1.7781
6187,ETHUSDT,SELL,1791221785103,2699.745,-0.9260,-0.9260,3.0003
6188,BTCUSDT,SELL,1791221791058,85308.255,-0.1606,-0.6740,-0.5169
6190,ETHUSDT,SELL,1791373476839,2575.3199999999997,-0.5242,-0.4465,0.3301
6191,ETHUSDT,SELL,1791373477724,2575.395,-0.2330,-0.1553,0.6213
6192,BTCUSDT,BUY,1791373492947,83651.995,-0.1841,0.2965,-3.5839
6193,BTCUSDT,SELL,1791373497475,83650.455,-0.4806,-0.4806,3.3999
6194,ETHUSDT,BUY,1791373501397,2575.435,-0.3883,-0.0388,-6.4067
6195,ETHUSDT,SELL,1791373506889,2575.34,-0.3301,-0.3301,6.0380
6196,ETHUSDT,BUY,1791373526739,2575.325,-0.3495,-0.3495,-2.4463
6197,BTCUSDT,BUY,1791373526796,83642.005,-0.4782,-0.4782,-1.9129
6198,BTCUSDT,BUY,1791373527088,83640.005,-0.2391,-0.2391,-1.6738
6199,BTCUSDT,BUY,1791373541614,83638.005,-0.5512,-1.9118,-0.0012
6200,BTCUSDT,BUY,1791373542480,83636.005,-0.3121,-1.6727,0.2379
6201,ETHUSDT,BUY,1791373543441,2575.2349999999997,-1.3203,-4.3103,-0.5048
6202,BTCUSDT,BUY,1791373546316,83632.005,-0.1674,-1.1945,0.5560
6203,ETHUSDT,BUY,1791373547984,2574.7349999999997,-1.7089,-2.3692,1.4370
6204,BTCUSDT,BUY,1791373547994,83630.60500000001,-0.5500,-1.0271,0.7234
6205,BTCUSDT,BUY,1791373548216,83630.005,-0.4783,-0.9554,0.7952
6206,ETHUSDT,BUY,1791373548246,2574.525,-0.8934,-1.5537,2.2528
6207,BTCUSDT,BUY,1791373551107,83626.005,-0.4771,-0.4771,1.2735
6225,BTCUSDT,SELL,1791373702140,83654.695,-1.3341,3.0710,6.0594
6226,BTCUSDT,BUY,1791373705356,83639.63500000001,-0.1949,0.2893,-4.9773
6227,ETHUSDT,BUY,1791373705571,2576.135,-0.0776,-2.0573,-6.4438
6228,ETHUSDT,BUY,1791373707289,2576.105,-1.9409,-1.9409,-6.3274
6229,BTCUSDT,BUY,1791373708006,83638.005,-1.2399,-0.8907,-4.5446
6230,BTCUSDT,SELL,1791373710950,83627.63500000001,-0.1638,-0.3492,3.3039
6231,BTCUSDT,SELL,1791373712290,83629.005,-0.1028,-0.1196,3.4677
6232,BTCUSDT,BUY,1791373722239,83630.555,-0.0658,-1.4337,-1.1120
6233,BTCUSDT,BUY,1791373724949,83630.0,-1.0445,-1.3673,-1.0457
6235,BTCUSDT,BUY,1791373726038,83621.265,-0.3229,-0.3229,-0.0012
6234,ETHUSDT,BUY,1791373726034,2575.215,-1.1261,-1.1261,0.5436
6236,BTCUSDT,BUY,1791373746702,83616.015,-0.2404,-0.2404,0.6267
6237,ETHUSDT,SELL,1791373768894,2574.475,-0.1554,-3.4182,-3.6512
6238,BTCUSDT,SELL,1791373775541,83600.005,-0.5969,-2.5419,-1.7883
6239,BTCUSDT,SELL,1791373777513,83604.995,-0.8385,-1.9449,-1.1913
6240,ETHUSDT,SELL,1791373829570,2575.575,-0.3883,-2.6014,4.9698
6241,BTCUSDT,SELL,1791373839311,83614.955,-0.6016,0.5011,4.7336
6242,ETHUSDT,BUY,1791373841556,2576.245,-1.5915,-0.9704,-9.5100
6243,BTCUSDT,BUY,1791373842591,83619.975,-1.5654,-1.1014,-5.3337
6244,BTCUSDT,BUY,1791373843340,83610.005,-0.3732,0.0909,-4.1418
6245,BTCUSDT,SELL,1791373848329,83606.88500000001,-0.4641,-0.4641,3.7688
6246,ETHUSDT,BUY,1791373857424,2575.995,-0.8929,-2.2516,-5.0854
6247,ETHUSDT,BUY,1791373863268,2575.7650000000003,-1.3976,-2.9506,-5.9788
6248,ETHUSDT,BUY,1791373863511,2575.645,-0.9318,-2.4848,-5.5132
6249,ETHUSDT,BUY,1791373872348,2575.395,-1.5143,-2.3686,-2.9898
6250,ETHUSDT,BUY,1791373880890,2575.005,-0.8544,-3.1068,-1.4757
6251,BTCUSDT,BUY,1791373885425,83609.94,-1.1883,-3.3411,-0.1477
6252,ETHUSDT,BUY,1791373886341,2574.785,-1.9031,-3.6508,0.3107
6253,BTCUSDT,BUY,1791373892958,83585.63500000001,-0.1950,-1.2275,2.7600
6254,BTCUSDT,BUY,1791373897101,83582.005,-0.7932,-0.7932,3.2004
6255,ETHUSDT,SELL,1791373909360,2573.795,-1.5930,-2.2146,-5.9834
6256,ETHUSDT,SELL,1791373909727,2574.105,-0.3885,-1.0101,-4.7784
6257,BTCUSDT,SELL,1791373911210,83587.935,-0.9655,0.2309,-2.7313
6258,BTCUSDT,SELL,1791373911932,83589.995,-1.6760,0.4773,-2.4847
6259,ETHUSDT,SELL,1791373911954,2574.205,-1.8647,0.7769,-4.3897
6260,ETHUSDT,SELL,1791373922155,2574.005,-0.8547,-2.4087,-5.1670
6261,ETHUSDT,SELL,1791373923089,2574.0550000000003,-0.6604,-2.2144,-4.9727
6262,ETHUSDT,SELL,1791373923735,2574.225,-0.0000,-1.5539,-4.3120
6263,BTCUSDT,SELL,1791373928467,83586.005,-0.2393,-2.2875,-2.9622
6264,BTCUSDT,SELL,1791373929893,83588.005,-0.7178,-2.0481,-2.7229
6265,ETHUSDT,SELL,1791373929901,2574.225,-1.5539,-1.5539,-5.3220
6266,BTCUSDT,SELL,1791373931650,83594.005,-0.4785,-1.7585,0.4785
6267,BTCUSDT,SELL,1791373932484,83596.005,-0.2392,-1.5192,0.9570
6268,BTCUSDT,SELL,1791373934268,83598.005,-0.2392,-1.2799,1.1962
6269,BTCUSDT,SELL,1791373937040,83604.005,-0.1340,-0.5622,2.1530
6270,BTCUSDT,SELL,1791373955449,83608.705,-0.0060,-0.0060,-2.3084
6271,ETHUSDT,SELL,1791373968489,2575.065,-1.0485,-1.0485,-6.2134
6272,ETHUSDT,BUY,1791373989992,2575.5950000000003,-2.6402,-1.9025,6.5616
6273,ETHUSDT,BUY,1791373990546,2575.335,-1.6309,-0.5048,8.4649
6274,BTCUSDT,BUY,1791373992354,83590.005,-0.2393,0.9319,5.5031
6275,ETHUSDT,SELL,1791373996474,2574.915,-0.7379,-3.0292,-11.5344
6276,ETHUSDT,SELL,1791374000472,2575.105,-2.2523,-4.4658,-10.7957
6277,BTCUSDT,SELL,1791374001026,83586.005,-1.1964,-4.1885,-8.3746
6278,ETHUSDT,SELL,1791374001106,2575.325,-1.3979,-3.6112,-9.9405
6279,BTCUSDT,SELL,1791374006299,83608.705,-0.2464,-2.3084,-6.3749
6281,BTCUSDT,SELL,1791374008012,83610.765,-1.2259,-2.0619,-6.1284
6280,ETHUSDT,SELL,1791374008006,2575.6949999999997,-2.1742,-3.7660,-9.6673
6282,ETHUSDT,SELL,1791374012751,2576.255,-1.5915,-1.5915,-6.5599
6283,BTCUSDT,BUY,1791374039470,83634.36499999999,-0.4795,0.0000,3.6660
6284,ETHUSDT,SELL,1791374041311,2576.665,-1.6688,-3.2988,-2.7943
6285,BTCUSDT,SELL,1791374041471,83630.35500000001,-0.4795,-0.6756,-4.1456
6286,ETHUSDT,SELL,1791374041595,2576.965,-0.5045,-2.1343,-1.6298
6287,ETHUSDT,SELL,1791374050093,2577.285,-0.8924,-2.3280,0.2716
6288,BTCUSDT,SELL,1791374050164,83634.36499999999,-0.1961,-2.0637,-2.1080
6289,BTCUSDT,SELL,1791374056484,83646.89499999999,-0.1327,-1.8064,-0.3718
6290,BTCUSDT,SELL,1791374059196,83648.005,-0.4328,-1.6737,-0.2391
6291,BTCUSDT,SELL,1791374060330,83651.625,-0.5236,-1.2409,0.1937
6292,BTCUSDT,SELL,1791374065470,83656.005,-0.7172,-0.7172,-1.0758
6293,ETHUSDT,BUY,1791374068093,2578.185,-0.8921,-2.0169,0.0000
6294,ETHUSDT,BUY,1791374082353,2577.665,-0.4267,-0.4267,2.0173
6295,ETHUSDT,BUY,1791374094459,2577.5550000000003,-0.6595,-0.6595,1.4355
6296,BTCUSDT,BUY,1791374104442,83665.005,-0.3586,-1.7929,0.1482
6297,BTCUSDT,BUY,1791374110725,83651.995,-0.2379,0.0012,1.9139
6298,ETHUSDT,SELL,1791374125888,2577.815,-1.4353,-1.4353,-0.7371
6299,BTCUSDT,BUY,1791374141799,83674.005,-0.2390,-3.3463,2.8037
6300,BTCUSDT,BUY,1791374143314,83672.005,-0.2390,-2.6269,3.0428
6302,BTCUSDT,BUY,1791374145210,83670.005,-2.8684,-2.3880,3.2819
6301,ETHUSDT,BUY,1791374145190,2577.865,-2.8318,0.2328,1.0474
6303,BTCUSDT,BUY,1791374145761,83658.005,-1.4344,-0.9539,4.7168
6304,ETHUSDT,BUY,1791374145790,2577.415,0.2716,1.9787,3.5307
6305,BTCUSDT,SELL,1791374162045,83650.025,-1.9390,-2.1494,-8.0634
6306,ETHUSDT,BUY,1791374163548,2578.325,-0.2715,-1.2411,0.7757
6307,ETHUSDT,BUY,1791374164079,2578.255,0.0000,-0.9696,1.0472
6308,ETHUSDT,BUY,1791374173062,2578.255,-0.9696,-0.9696,1.0472
6309,BTCUSDT,SELL,1791374184135,83671.955,-0.4828,-1.4043,-3.3524
6310,ETHUSDT,BUY,1791374197972,2578.465,-1.5901,0.2327,-2.1331
6311,ETHUSDT,BUY,1791374198583,2578.135,-0.3103,1.5127,-0.8533
6312,BTCUSDT,SELL,1791374207664,83697.465,-2.3908,-2.3908,-0.5424
6313,BTCUSDT,SELL,1791374208543,83713.235,-0.5065,-0.5065,0.9473
6314,BTCUSDT,BUY,1791374233951,83724.065,-0.8373,-2.8737,-1.6017
6315,BTCUSDT,BUY,1791374234283,83720.005,-0.3524,-2.3889,-1.0392
6316,ETHUSDT,BUY,1791374234289,2578.5150000000003,-0.0776,-1.9779,0.0388
6317,ETHUSDT,BUY,1791374234645,2578.505,-0.0388,-1.9391,0.0776
6318,BTCUSDT,BUY,1791374244815,83700.005,-1.1947,-1.1947,4.0251
6319,ETHUSDT,BUY,1791374245094,2578.005,-0.9697,-0.3491,3.2971
6320,ETHUSDT,SELL,1791374252319,2577.645,-0.1940,-1.0475,-4.8494
6321,ETHUSDT,SELL,1791374262851,2577.915,-0.7370,-2.3663,-5.0428
6322,ETHUSDT,SELL,1791374268463,2578.115,-1.5903,-1.5903,-4.2667
6323,BTCUSDT,SELL,1791374268493,83702.005,-0.3943,-0.4779,-4.3810
6324,BTCUSDT,SELL,1791374272466,83705.305,-0.0836,-0.0836,-3.9866
6325,BTCUSDT,SELL,1791374284869,83706.005,-0.0203,-0.6332,-3.9029
6326,BTCUSDT,SELL,1791374285940,83706.17499999999,-0.2186,-2.3690,-3.8826
6327,BTCUSDT,SELL,1791374293312,83708.005,-0.3942,-4.0725,-3.6639
6328,BTCUSDT,SELL,1791374295506,83711.305,-1.7560,-2.6747,-3.2696
6331,BTCUSDT,SELL,1791374300711,83742.08,-0.0018,1.0013,0.4066
6332,BTCUSDT,SELL,1791374311925,83733.695,-0.7536,-0.5947,-1.9395
6333,ETHUSDT,SELL,1791374312372,2578.895,-0.4265,-1.2408,-1.2408
6334,BTCUSDT,SELL,1791374314146,83740.005,-0.8096,0.1588,-1.1858
6335,ETHUSDT,SELL,1791374314611,2579.005,-1.0469,-0.8143,-0.8143
6336,ETHUSDT,SELL,1791374314991,2579.1949999999997,-0.3102,-0.0775,-0.0775
6337,BTCUSDT,SELL,1791374364895,83745.815,-0.4920,-0.4991,-1.6944
6339,BTCUSDT,BUY,1791374375534,83749.995,0.0000,-1.1761,-3.3218
6338,ETHUSDT,BUY,1791374375529,2579.215,1.3570,-1.0468,-5.0015
6340,ETHUSDT,SELL,1791374376135,2578.8050000000003,-1.0470,-0.5429,3.6839
6341,BTCUSDT,SELL,1791374376143,83740.005,-1.1882,-0.0167,3.1048
6342,BTCUSDT,BUY,1791374377121,83749.995,-1.1761,-1.1761,-5.9690
6343,BTCUSDT,BUY,1791374401208,83740.14499999999,-0.4944,-0.7332,-8.1371
6344,ETHUSDT,BUY,1791374404642,2578.525,-0.4266,-0.7369,-7.1746
6345,BTCUSDT,BUY,1791374410320,83736.005,-0.2388,2.3873,-7.6431
6346,BTCUSDT,SELL,1791374416111,83734.005,-1.9096,-3.1051,7.4044
6347,ETHUSDT,SELL,1791374417819,2578.34,-0.7951,-1.0278,8.0478
6348,BTCUSDT,SELL,1791374422981,83758.005,-0.2388,2.3878,16.0223
6349,BTCUSDT,SELL,1791374423866,83759.995,-0.0012,2.6254,17.1263
6350,BTCUSDT,SELL,1791374424428,83760.005,-0.0000,3.2510,17.1275
6351,ETHUSDT,SELL,1791374429666,2578.605,-0.7756,4.8476,10.1218
6352,ETHUSDT,BUY,1791374431651,2578.8050000000003,-3.3349,-5.6228,-10.8965
6353,BTCUSDT,BUY,1791374431902,83752.005,-1.6716,-8.8356,-16.0139
6354,ETHUSDT,BUY,1791374431941,2578.685,-2.8697,-5.1577,-10.4317
6355,BTCUSDT,BUY,1791374436108,83714.85500000001,-1.7739,-3.4928,-12.0468
6356,ETHUSDT,BUY,1791374436411,2577.855,-1.9396,-2.9094,-7.5256
6357,BTCUSDT,BUY,1791374436762,83707.265,-1.1062,-2.5864,-11.1412
6358,ETHUSDT,BUY,1791374437395,2577.415,-0.2328,-1.2028,-5.8198
6359,ETHUSDT,BUY,1791374442411,2577.355,-0.9700,-2.6384,-3.5696
6360,BTCUSDT,SELL,1791374444513,83677.33499999999,-0.9895,0.6370,5.6563
6361,BTCUSDT,BUY,1791374447965,83685.60500000001,-0.9882,-1.6251,-6.6439
6362,BTCUSDT,BUY,1791374449862,83677.33499999999,-0.3980,-0.6370,-5.6563
6363,BTCUSDT,BUY,1791374450790,83676.005,-0.4780,-0.4780,-5.4974
6364,ETHUSDT,BUY,1791374472811,2576.675,-2.9107,-2.6779,-0.2717
6365,ETHUSDT,SELL,1791374476832,2575.925,-1.3199,-0.2717,-0.4270
6366,ETHUSDT,SELL,1791374477192,2576.045,-0.8540,0.1941,0.0388
6367,BTCUSDT,SELL,1791374480466,83672.005,-0.4709,6.4681,6.5852
6368,ETHUSDT,SELL,1791374483493,2575.7349999999997,-0.6212,-1.0094,-3.6494
6369,ETHUSDT,SELL,1791374484377,2575.895,-0.3882,-0.3882,-3.0281
6370,BTCUSDT,SELL,1791374488471,83616.545,-0.1603,0.3038,-3.2840
6371,BTCUSDT,SELL,1791374500402,83614.005,-1.9136,-1.9136,-3.3487
6372,BTCUSDT,SELL,1791374523558,83636.005,-1.6727,-0.2391,0.9242
6373,ETHUSDT,SELL,1791374527333,2576.435,-0.6598,1.2808,-1.7078
6374,BTCUSDT,BUY,1791374533908,83638.005,-0.9553,-0.2391,0.0968
6375,ETHUSDT,BUY,1791374533936,2576.5950000000003,-1.4748,0.3105,2.0958
6376,ETHUSDT,BUY,1791374534812,2576.365,-1.2809,1.2032,2.9887
6377,ETHUSDT,BUY,1791374535099,2576.215,-0.6987,1.7856,3.5711
6378,BTCUSDT,SELL,1791374541311,83630.005,-0.7174,-1.4349,-1.0534
6379,BTCUSDT,SELL,1791374548375,83642.01000000001,-0.7155,0.7179,0.3820
6380,ETHUSDT,SELL,1791374548412,2577.075,-0.4268,0.4656,-0.2328
6381,BTCUSDT,BUY,1791374550567,83647.995,-1.4334,-0.7161,-1.0975
6382,BTCUSDT,BUY,1791374551193,83645.315,-1.1130,-0.3957,-0.7771
6383,ETHUSDT,SELL,1791374556576,2576.605,-1.3584,-1.0479,-2.0570
6384,BTCUSDT,SELL,1791374558972,83636.005,-0.7174,0.9242,-0.3360
6385,BTCUSDT,BUY,1791374566174,83639.58499999999,-1.3522,-1.3522,0.0490
6386,ETHUSDT,SELL,1791374588276,2576.88,-0.9896,-0.9896,-0.6791
6387,ETHUSDT,SELL,1791374621635,2577.135,-1.3581,0.3104,0.5044
6388,BTCUSDT,BUY,1791374624172,83647.755,-0.9265,-0.9277,0.1088
6389,ETHUSDT,BUY,1791374651742,2577.455,-0.1164,-0.5432,-2.0175
6390,ETHUSDT,BUY,1791374668744,2577.125,-0.4656,-0.4656,0.9313
6391,BTCUSDT,BUY,1791374671531,83652.83499999999,-0.3383,-0.4985,1.5744
6392,ETHUSDT,BUY,1791374698335,2577.5150000000003,-2.0562,-2.4830,-2.0174
6393,ETHUSDT,BUY,1791374698829,2577.3450000000003,-1.3968,-1.8236,-1.3580
6394,ETHUSDT,BUY,1791374706710,2576.975,-0.3881,2.6776,-1.7462
6395,BTCUSDT,SELL,1791374714272,83656.16500000001,-1.1996,-1.1762,1.9329
6396,ETHUSDT,BUY,1791374725545,2577.665,-1.1638,-1.9009,-4.4226
6397,ETHUSDT,BUY,1791374762663,2576.755,-0.8926,-0.8926,0.8538
6398,ETHUSDT,SELL,1791374790387,2576.535,-0.7762,-0.7762,-1.5525
6399,BTCUSDT,SELL,1791374790389,83639.995,-0.3216,-0.3216,-0.2403
6400,ETHUSDT,SELL,1791374790953,2576.665,-0.2717,-1.1255,-1.0479
6401,BTCUSDT,SELL,1791374801429,83651.515,-1.1452,-1.1452,1.5182
6402,BTCUSDT,BUY,1791374818734,83649.045,-0.1148,-0.1243,-1.8805
6403,BTCUSDT,BUY,1791374844716,83646.005,-0.4782,-0.7173,1.4203
6404,BTCUSDT,BUY,1791374857915,83639.995,-0.1411,-0.2379,3.1098
6405,ETHUSDT,SELL,1791374871679,2576.9449999999997,-1.5522,-1.5522,-11.8357
6406,ETHUSDT,SELL,1791374884670,2577.3450000000003,-1.5520,-4.7724,-8.8851
6407,BTCUSDT,SELL,1791374888327,83633.32,-2.3585,-2.9372,-4.8647
6408,BTCUSDT,SELL,1791374888726,83641.315,-1.5172,-1.9811,-3.9084
6409,BTCUSDT,SELL,1791374889336,83653.045,-0.1148,-0.5786,-2.5056
6412,ETHUSDT,SELL,1791374912294,2578.575,-1.6288,-5.5069,-5.3518
6413,BTCUSDT,SELL,1791374919550,83666.005,-1.4343,-1.4343,1.6016
6414,BTCUSDT,SELL,1791374920164,83668.005,-1.1952,-1.1952,1.8406
6415,ETHUSDT,BUY,1791374932978,2579.995,-0.5039,-1.3954,-1.1628
6416,ETHUSDT,BUY,1791374933988,2579.865,-0.8915,-0.8915,-0.8915
6417,BTCUSDT,BUY,1791374934009,83678.005,-0.4780,-0.4780,-3.0354
6418,BTCUSDT,BUY,1791374974085,83672.655,-0.0777,-2.3962,-9.1607
6420,BTCUSDT,BUY,1791374978975,83666.705,-1.6853,-1.6853,-8.4502
6419,ETHUSDT,BUY,1791374978969,2579.6949999999997,-1.8994,-1.8994,-5.2332
6421,ETHUSDT,BUY,1791375011993,2579.135,-1.4734,-1.4734,-0.0388
6422,BTCUSDT,BUY,1791375024311,83620.285,-2.9036,-2.9036,1.3011
6423,ETHUSDT,BUY,1791375024327,2578.755,-1.0858,-1.0858,2.8308
6424,ETHUSDT,BUY,1791375041841,2578.3450000000003,-0.9308,1.0472,6.3995
6426,BTCUSDT,SELL,1791375050877,83596.005,-1.6747,-2.0898,-5.7299
6425,ETHUSDT,SELL,1791375050874,2578.105,-1.9782,-2.5212,-8.6886
6427,BTCUSDT,SELL,1791375070821,83620.295,-1.7759,-1.2987,-2.1275
6428,ETHUSDT,SELL,1791375071470,2579.0950000000003,-0.1163,-0.1163,-2.0938
6429,BTCUSDT,SELL,1791375071717,83634.17499999999,-0.8011,0.3611,-0.4675
6430,BTCUSDT,SELL,1791375072531,83635.155,-0.6839,0.4771,0.3420
6431,BTCUSDT,SELL,1791375084383,83631.16500000001,-0.6983,-1.4205,0.8561
6432,BTCUSDT,BUY,1791375104334,83645.11499999999,-0.1447,-0.1447,-1.9989
6433,BTCUSDT,BUY,1791375104573,83643.905,0.0000,0.0000,-1.8543
6434,ETHUSDT,SELL,1791375107971,2580.135,-0.8139,-0.8139,1.6278
6435,BTCUSDT,SELL,1791375119056,83643.905,-0.7293,0.6958,1.8543
6436,BTCUSDT,BUY,1791375126538,83652.595,-1.7346,-2.4267,-3.8935
6438,BTCUSDT,BUY,1791375126921,83648.005,-1.1859,-1.8781,-3.3450
6437,ETHUSDT,BUY,1791375126921,2580.465,-1.7826,-4.3403,-2.9840
6439,ETHUSDT,BUY,1791375135230,2579.635,-0.2714,-1.6669,0.2326
6440,ETHUSDT,BUY,1791375136893,2579.565,-1.3956,0.5815,0.5040
6441,BTCUSDT,BUY,1791375137358,83632.295,-0.5130,-0.9912,-1.4671
6442,ETHUSDT,BUY,1791375137412,2579.3450000000003,-0.5428,1.4345,1.3569
6443,ETHUSDT,BUY,1791375137564,2579.325,-0.4652,1.5120,1.4345
6444,BTCUSDT,BUY,1791375139856,83628.005,-0.2846,0.2069,-0.3348
6445,ETHUSDT,SELL,1791375145710,2579.205,-1.9774,-1.9774,-1.8998
6446,BTCUSDT,SELL,1791375148899,83624.005,-0.6852,-0.6852,-0.6649
6447,BTCUSDT,BUY,1791375163303,83629.735,-0.1602,-0.1602,2.4238
6448,ETHUSDT,BUY,1791375170791,2579.715,-0.0775,-0.0775,2.9073
6449,BTCUSDT,SELL,1791375212700,83633.64499999999,-1.1156,-1.9562,-2.0422
6450,ETHUSDT,SELL,1791375213172,2579.7650000000003,-1.7056,-3.2561,-6.4735
6451,BTCUSDT,BUY,1791375213309,83639.64499999999,0.3981,1.2386,1.3247
6452,BTCUSDT,SELL,1791375216274,83642.98000000001,-0.6008,-0.6008,-0.9260
6453,ETHUSDT,SELL,1791375218090,2580.535,-0.2713,0.2713,-3.4876
6454,ETHUSDT,BUY,1791375223633,2580.605,-0.5425,-0.5425,3.2163
6455,BTCUSDT,BUY,1791375223726,83650.005,-0.2391,-0.2391,0.0861
6456,ETHUSDT,BUY,1791375223846,2580.525,-0.2325,-0.2325,3.5264
6457,BTCUSDT,SELL,1791375244976,83648.005,-0.8058,-0.3252,-3.3462
6458,ETHUSDT,BUY,1791375252032,2581.135,-2.0146,0.3874,11.1966
6459,ETHUSDT,BUY,1791375252861,2581.065,-1.7435,0.6586,11.4681
6460,ETHUSDT,SELL,1791375255431,2580.615,-2.4025,-2.4025,-14.3764
6461,BTCUSDT,SELL,1791375299234,83650.725,-0.6312,-3.0221,0.5643
6462,ETHUSDT,SELL,1791375303747,2582.065,-5.3058,-7.5908,-0.7358
6463,BTCUSDT,SELL,1791375306139,83676.005,-0.0012,0.9549,8.9476
6464,BTCUSDT,BUY,1791375306532,83685.08499999999,-1.0838,-2.0398,-10.0317
6465,ETHUSDT,SELL,1791375310026,2583.625,-1.5482,-1.0450,7.0057
6466,BTCUSDT,BUY,1791375314681,83676.005,-0.9549,-2.0627,-8.9476
6467,ETHUSDT,BUY,1791375314685,2584.745,-1.6249,-4.2171,-11.6066
6468,BTCUSDT,BUY,1791375318670,83668.015,-1.0566,-1.4307,-8.5588
6469,ETHUSDT,BUY,1791375318688,2584.325,-0.9287,-2.3217,-12.1889
6470,ETHUSDT,BUY,1791375318907,2584.205,-0.6965,-1.8574,-11.7251
6471,ETHUSDT,SELL,1791375319355,2584.065,1.3158,1.3158,11.1839
6472,ETHUSDT,BUY,1791375319699,2584.085,-1.3931,-1.3931,-11.2612
6473,ETHUSDT,BUY,1791375321671,2583.725,-0.2709,-0.2709,-10.3726
6474,BTCUSDT,BUY,1791375322869,83659.17499999999,-0.0514,-0.3741,-7.5031
6475,ETHUSDT,BUY,1791375340507,2583.825,-0.6579,-0.1935,-9.7143
6476,ETHUSDT,SELL,1791375343731,2583.6549999999997,-0.5032,-0.4258,9.3279
6477,BTCUSDT,BUY,1791375346021,83656.045,-0.7220,-0.7220,-7.2523
6478,ETHUSDT,BUY,1791375346060,2583.785,-0.5031,-0.9289,-9.8305
6479,ETHUSDT,SELL,1791375348458,2583.4849999999997,-1.1225,-0.0387,8.6705
6480,ETHUSDT,BUY,1791375353850,2583.7650000000003,-0.8515,-5.8442,-10.2564
6481,BTCUSDT,BUY,1791375356697,83650.005,-0.4782,-5.8422,-6.5308
6482,BTCUSDT,BUY,1791375377439,83601.13500000001,-0.5658,-0.5658,-1.8086
6483,BTCUSDT,SELL,1791375397199,83590.14499999999,-0.7489,-0.6257,3.1702
6484,BTCUSDT,BUY,1791375403311,83596.405,-0.1232,-0.1232,-5.1856
6485,BTCUSDT,BUY,1791375431336,83595.375,-0.6256,-1.1197,-0.8816
6486,ETHUSDT,SELL,1791375465844,2578.4849999999997,-1.9779,-5.8562,1.6676
6487,ETHUSDT,SELL,1791375466505,2578.925,-0.2714,-4.1490,3.3735
6488,BTCUSDT,SELL,1791375472270,83559.995,-0.4368,-2.3899,2.0345
6489,ETHUSDT,SELL,1791375472423,2579.585,-1.5894,-0.3489,5.9700
6490,BTCUSDT,SELL,1791375473049,83563.64499999999,-0.0000,-1.9530,2.4712
6491,ETHUSDT,BUY,1791375476576,2579.995,-1.7054,1.3178,-7.5582
6492,BTCUSDT,BUY,1791375476779,83572.005,-0.1651,1.9145,-2.5499
6493,BTCUSDT,SELL,1791375481691,83576.005,-0.4738,-1.4358,3.0284
6494,ETHUSDT,SELL,1791375484999,2579.675,-2.5585,-1.7832,6.3186
6495,ETHUSDT,BUY,1791375496211,2579.935,-1.8993,-4.7288,-4.5738
6496,BTCUSDT,BUY,1791375496546,83576.535,-0.7813,-3.0906,-0.5157
6497,BTCUSDT,BUY,1791375498448,83570.005,-0.2393,-2.7857,0.2656
6500,BTCUSDT,BUY,1791375507682,83550.705,-0.4764,-0.9216,0.6343
6501,ETHUSDT,BUY,1791375511691,2577.895,-0.5819,0.6207,3.3361
6502,BTCUSDT,BUY,1791375511879,83543.725,-0.0862,-0.1484,1.4699
6503,ETHUSDT,BUY,1791375532670,2578.045,-1.7067,-0.0388,1.0473
6504,ETHUSDT,SELL,1791375534159,2577.605,-1.7070,-1.7070,-2.7545
6505,ETHUSDT,BUY,1791375541293,2578.045,-0.0388,2.7540,-1.0473
6506,BTCUSDT,SELL,1791375548282,83550.695,-2.0060,-2.5769,1.0437
6507,ETHUSDT,SELL,1791375548293,2578.045,-2.7540,-2.7540,0.4267
6508,BTCUSDT,BUY,1791375561281,83572.225,-0.7287,-1.9408,-2.4398
6509,BTCUSDT,BUY,1791375562719,83566.13500000001,-1.2122,-1.2122,-1.8692
6510,ETHUSDT,BUY,1791375586636,2578.755,-1.0858,-3.1798,-1.8614
6511,ETHUSDT,BUY,1791375586821,2578.6549999999997,-0.6980,-3.4126,-1.4736
6513,BTCUSDT,BUY,1791375595733,83550.705,-0.5625,-1.0449,-0.5625
6512,ETHUSDT,BUY,1791375595732,2578.315,-2.0944,-1.4738,0.1164
6514,ETHUSDT,BUY,1791375596656,2577.935,-0.6207,0.0000,1.5904
6515,BTCUSDT,BUY,1791375601409,83544.305,-0.2753,-0.2789,-0.9935
6516,ETHUSDT,SELL,1791375603853,2577.615,-1.2415,-2.9485,-0.6983
6517,ETHUSDT,SELL,1791375609713,2577.935,-1.7068,-3.8403,-0.5819
6518,ETHUSDT,SELL,1791375618331,2578.375,-2.1331,-0.0776,1.1247
6519,BTCUSDT,SELL,1791375618614,83542.005,-1.1767,-1.0186,0.4812
6520,ETHUSDT,SELL,1791375618746,2578.5550000000003,-1.4349,0.6205,1.8227
6521,BTCUSDT,SELL,1791375618907,83546.005,-0.6978,-0.5398,0.9600
6522,ETHUSDT,SELL,1791375618918,2578.5950000000003,-1.2798,0.7756,1.9778
6523,BTCUSDT,BUY,1791375622628,83551.83499999999,-0.1580,6.0059,-1.6577
6524,BTCUSDT,SELL,1791375629486,83550.515,-1.9844,-1.8540,1.4997
6525,ETHUSDT,SELL,1791375629771,2579.035,-1.5510,-0.8143,6.2814
6527,BTCUSDT,SELL,1791375630744,83567.095,-6.0407,1.3271,3.4834
6526,ETHUSDT,SELL,1791375630743,2579.285,-5.8543,1.5896,7.2501
6528,ETHUSDT,SELL,1791375631141,2580.4049999999997,-1.5114,5.9293,11.0835
6529,ETHUSDT,BUY,1791375632215,2580.795,-2.5961,-9.7644,-11.4693
6530,ETHUSDT,BUY,1791375632824,2580.275,-0.5813,-7.7511,-9.4564
6532,BTCUSDT,BUY,1791375634082,83591.63500000001,-2.0313,-4.9802,-5.9492
6531,ETHUSDT,BUY,1791375634078,2580.125,-2.4417,-7.1702,-8.8755
6533,BTCUSDT,BUY,1791375637632,83574.655,-1.0350,-2.9495,-4.0790
6534,BTCUSDT,BUY,1791375638179,83570.14499999999,-0.4954,-2.4100,-3.6066
6535,ETHUSDT,BUY,1791375638227,2579.495,-0.9692,-2.9075,-7.2882
6536,BTCUSDT,BUY,1791375639544,83566.005,-1.1967,-1.9147,-3.1113
6537,ETHUSDT,BUY,1791375641708,2578.5550000000003,-1.0859,0.7368,-3.6455
6538,BTCUSDT,BUY,1791375642459,83556.005,-0.7181,-0.6594,-2.2332
6539,ETHUSDT,SELL,1791375647029,2578.285,-1.7841,-0.2327,2.5986
6540,BTCUSDT,BUY,1791375653521,83550.495,-0.5374,-1.8647,-1.5739
6541,BTCUSDT,BUY,1791375657983,83546.005,-0.1975,-0.9600,-1.0366
6542,BTCUSDT,BUY,1791375659952,83544.35,-0.9989,-0.7619,-1.0228
6543,ETHUSDT,BUY,1791375660671,2578.075,-1.0861,0.0388,-2.5600
6544,ETHUSDT,BUY,1791375661705,2577.795,0.0000,1.1250,-1.4741
6545,ETHUSDT,SELL,1791375681516,2578.085,-0.1164,2.0946,2.1334
6546,ETHUSDT,BUY,1791375683841,2578.105,-0.1552,-1.0473,-1.9394
6547,BTCUSDT,SELL,1791375692508,83537.985,-0.4692,0.0766,-3.2380
6548,ETHUSDT,BUY,1791375707824,2577.605,-0.3880,-0.7371,4.2675
6549,ETHUSDT,BUY,1791375721981,2577.415,-2.0951,-2.0951,3.3367
6550,BTCUSDT,SELL,1791375736726,83518.285,-0.6142,-2.8269,-3.9417
6551,ETHUSDT,SELL,1791375736736,2576.875,-1.3582,-3.6866,-5.4329
6552,BTCUSDT,SELL,1791375743540,83534.63500000001,-0.3244,-4.8543,-1.9393
6553,ETHUSDT,SELL,1791375743972,2577.605,-0.8535,-7.3324,-2.5993
6554,ETHUSDT,SELL,1791375746926,2577.825,-1.5905,-4.7327,-3.4137
6555,ETHUSDT,SELL,1791375750352,2578.605,-0.9307,-1.7063,-2.5595
6556,BTCUSDT,SELL,1791375752868,83565.035,-1.2146,-1.7914,-1.5138
6557,ETHUSDT,SELL,1791375752884,2579.225,-1.0468,2.0161,-0.1551
6558,ETHUSDT,BUY,1791375760505,2579.045,-1.9581,-1.3183,3.0631
6559,BTCUSDT,BUY,1791375761049,83575.17499999999,0.5779,-1.3880,2.0126
6560,ETHUSDT,SELL,1791375761485,2578.525,-0.6981,0.5817,-5.0804
6561,BTCUSDT,SELL,1791375761494,83561.64499999999,-2.1972,-0.2310,-3.6320
6562,BTCUSDT,BUY,1791375763081,83580.005,-0.1460,-1.9658,1.4346
6563,BTCUSDT,BUY,1791375765972,83578.785,-0.1292,-1.8198,1.1845
6564,BTCUSDT,BUY,1791375779094,83558.005,-0.8138,-0.8138,3.3510
6565,ETHUSDT,SELL,1791375805979,2578.275,-1.6678,-6.0506,-3.0253
6566,BTCUSDT,SELL,1791375806003,83550.83499999999,-2.5697,-4.9263,-3.6792
6567,ETHUSDT,SELL,1791375809196,2578.705,-2.1716,-4.3820,-1.3573
6568,BTCUSDT,SELL,1791375813368,83580.005,-1.1965,-1.4346,1.1953
6569,ETHUSDT,BUY,1791375824652,2579.835,-1.9769,-1.9769,-5.9694
6570,BTCUSDT,BUY,1791375825038,83591.995,-0.3960,-0.3972,-4.7062
6571,ETHUSDT,BUY,1791375849567,2579.325,-0.5815,-0.7754,-7.3663
6572,BTCUSDT,BUY,1791375850101,83586.005,-0.4343,-0.4558,-8.5529
6573,BTCUSDT,BUY,1791375850998,83584.005,-0.1950,-0.2165,-7.9070
6574,ETHUSDT,BUY,1791375851005,2579.175,-0.1939,-0.1939,-7.7156
6575,ETHUSDT,BUY,1791375873756,2579.0550000000003,-0.8143,-2.9468,-7.6385
6576,ETHUSDT,BUY,1791375874095,2578.855,-0.0388,-2.1715,-6.8635
6577,ETHUSDT,BUY,1791375877392,2578.425,-0.5042,-1.4350,-5.2745
6578,BTCUSDT,SELL,1791375910025,83514.515,-0.4071,-1.8548,0.7795
6579,ETHUSDT,BUY,1791375919688,2577.585,-2.0174,-1.1639,-6.1686
6580,BTCUSDT,BUY,1791375923919,83530.005,-1.1972,-0.2239,-3.5915
6581,ETHUSDT,SELL,1791375928100,2576.725,-2.1733,-1.3195,3.1047
6582,BTCUSDT,SELL,1791375928601,83522.735,-0.8070,-0.6465,3.9199
6583,BTCUSDT,BUY,1791375933840,83529.475,-0.1604,-0.1604,-4.7265
6584,ETHUSDT,BUY,1791375947528,2576.525,-0.6986,-0.6986,-3.5707
6585,ETHUSDT,BUY,1791375960476,2576.3450000000003,0.6210,0.6210,-5.2012
6586,ETHUSDT,SELL,1791375960754,2576.105,-2.4456,-1.5527,4.2700
6588,BTCUSDT,SELL,1791375961628,83504.685,-0.3138,-0.3976,3.9136
6587,ETHUSDT,SELL,1791375961625,2576.505,-0.8927,-0.0000,5.8218
6589,ETHUSDT,BUY,1791375962893,2576.725,-0.6986,-2.5614,-6.6751
6590,ETHUSDT,BUY,1791375973384,2576.065,-0.2717,-0.2717,-4.1536
6591,BTCUSDT,BUY,1791375981321,83501.10500000001,-0.1317,-1.3305,-4.5101
6592,ETHUSDT,BUY,1791375988393,2575.925,-1.4752,-1.2423,-6.3666
6593,ETHUSDT,BUY,1791376013532,2575.605,-0.2330,-2.3295,-9.6676
6594,ETHUSDT,BUY,1791376015843,2575.545,-2.0966,-2.9897,-8.5031
6595,ETHUSDT,SELL,1791376029232,2574.775,-0.8544,1.7089,7.7288
6596,ETHUSDT,BUY,1791376037592,2574.965,-0.7379,-2.6408,-6.9127
6597,ETHUSDT,SELL,1791376053103,2574.565,-2.2528,3.7288,5.8651
6599,BTCUSDT,SELL,1791376053678,83479.92499999999,-0.9787,1.8148,-0.2492
6598,ETHUSDT,SELL,1791376053673,2574.745,-2.0973,4.4276,6.5638
6600,ETHUSDT,BUY,1791376056997,2575.025,-1.9417,-10.5630,-9.1650
6601,ETHUSDT,BUY,1791376057419,2574.895,-2.5632,-10.1363,-8.6605
6602,BTCUSDT,BUY,1791376057559,83488.095,-0.5713,-4.5623,-2.4063
6603,ETHUSDT,BUY,1791376061076,2574.2349999999997,-0.8935,-7.8081,-7.0312
6604,ETHUSDT,BUY,1791376062870,2573.925,-1.2432,-3.6132,-5.8277
6605,ETHUSDT,SELL,1791376072431,2572.755,-1.3993,-1.2438,2.5653
6606,BTCUSDT,SELL,1791376076358,83468.485,-0.1821,-0.1821,1.9744
6607,BTCUSDT,SELL,1791376078255,83474.005,-0.2396,0.7044,2.6356
6608,BTCUSDT,BUY,1791376093899,83468.125,-0.0755,2.1337,-2.6297
6609,BTCUSDT,SELL,1791376096110,83467.495,-0.4637,-2.2092,2.5543
6610,BTCUSDT,SELL,1791376097476,83473.82500000001,-0.6493,-1.4508,3.3124
6613,BTCUSDT,SELL,1791376101812,83479.245,-0.8014,-0.3306,1.1859
6614,BTCUSDT,BUY,1791376118899,83468.005,-0.4792,-1.4377,2.3147
6615,BTCUSDT,BUY,1791376119982,83464.005,-0.9585,-0.9585,2.7940
6616,ETHUSDT,BUY,1791376127547,2572.425,-0.5831,-0.5442,4.5871
6617,ETHUSDT,BUY,1791376139333,2572.275,-0.6998,1.3995,4.4708
6618,ETHUSDT,BUY,1791376139963,2572.185,-0.6998,1.7495,4.8208
6619,BTCUSDT,BUY,1791376140603,83450.005,-0.8388,0.2241,2.9778
6620,BTCUSDT,SELL,1791376147329,83443.01000000001,-1.0624,-0.3793,-1.7707
6621,ETHUSDT,SELL,1791376147370,2572.0550000000003,-2.2550,0.1944,-4.3934
6622,BTCUSDT,BUY,1791376150933,83451.875,-1.0006,2.0934,0.7082
6623,BTCUSDT,SELL,1791376152840,83443.525,-0.3176,-4.4126,-1.9750
6624,ETHUSDT,BUY,1791376154329,2572.625,-1.3216,0.2721,3.0708
6625,BTCUSDT,SELL,1791376158376,83446.17499999999,-2.7766,-4.0949,-3.0954
6626,ETHUSDT,SELL,1791376158381,2572.005,-2.4106,-3.9658,-4.1991
6627,BTCUSDT,SELL,1791376162380,83469.345,-1.3178,-1.3178,-0.5655
6628,BTCUSDT,SELL,1791376173691,83480.345,-0.1988,-0.8361,0.2803
6629,BTCUSDT,SELL,1791376184221,83487.32500000001,-0.3198,-0.0814,0.6372
6630,ETHUSDT,SELL,1791376189286,2573.605,-1.5931,0.6994,6.5667
6631,ETHUSDT,BUY,1791376198258,2573.605,-0.6994,-1.6320,-4.5850
6632,BTCUSDT,BUY,1791376200556,83476.235,-0.5067,-2.2102,-0.5079
6633,BTCUSDT,BUY,1791376201522,83474.005,-0.2612,-1.6772,-0.2408
6634,ETHUSDT,BUY,1791376209518,2573.185,-1.0104,-0.3886,4.5469
6635,ETHUSDT,SELL,1791376211380,2572.935,-0.8551,-0.5830,-3.5368
6636,BTCUSDT,SELL,1791376211425,83457.785,-0.2660,-1.7039,-6.4200
6637,BTCUSDT,SELL,1791376213276,83460.005,-1.4378,-1.6846,-5.9909
6638,BTCUSDT,SELL,1791376213820,83471.055,-0.1138,-0.3606,-4.6663
6639,ETHUSDT,BUY,1791376226901,2573.3450000000003,-4.3523,-1.8264,2.3705
6640,BTCUSDT,BUY,1791376226984,83474.065,-1.4448,0.7523,4.3055
6641,BTCUSDT,SELL,1791376229997,83472.005,-0.7188,-1.9288,-5.6067
6642,ETHUSDT,SELL,1791376230108,2572.605,0.6608,-1.7881,-8.0463
6643,ETHUSDT,BUY,1791376230451,2573.0550000000003,-2.4096,0.0389,6.2960
6644,BTCUSDT,SELL,1791376235132,83478.005,-0.2803,-0.4792,-4.5665
6645,ETHUSDT,SELL,1791376235298,2572.8450000000003,-0.1166,1.5547,-5.5192
6646,BTCUSDT,BUY,1791376247094,83476.005,-0.7188,-0.4804,5.8232
6647,ETHUSDT,BUY,1791376247098,2572.165,-0.9719,1.0497,9.9527
6648,BTCUSDT,SELL,1791376252809,83470.005,-0.2384,-1.1118,-8.2736
6649,ETHUSDT,SELL,1791376262072,2572.605,-1.3605,-4.5868,-9.5623
6650,BTCUSDT,SELL,1791376263095,83479.285,-1.8268,-3.6800,-5.0995
6651,ETHUSDT,SELL,1791376263569,2573.295,-0.8161,-1.2435,-6.1788
6652,BTCUSDT,SELL,1791376264093,83492.005,-0.9929,-2.1559,-2.9428
6653,BTCUSDT,SELL,1791376265028,83494.535,-1.2767,-1.8528,-2.6397
6654,BTCUSDT,SELL,1791376265469,83501.995,-0.3832,-0.9593,-1.7461
6655,BTCUSDT,SELL,1791376267041,83505.205,-0.3976,-0.5748,-1.3616
6656,ETHUSDT,SELL,1791376268256,2573.995,-1.3986,0.1554,-1.9037
6657,ETHUSDT,BUY,1791376270673,2574.225,-1.7093,-1.0489,-0.0388
6658,BTCUSDT,BUY,1791376270715,83516.005,-0.5556,-0.7184,-0.7172
6659,BTCUSDT,BUY,1791376272120,83511.36499999999,-0.1629,-0.1629,-0.1617
6660,BTCUSDT,SELL,1791376289783,83514.985,-0.4574,-0.1221,-3.2353
6662,BTCUSDT,BUY,1791376294482,83518.805,-0.3209,0.0395,3.2556
6661,ETHUSDT,BUY,1791376294443,2574.335,-0.2719,1.5150,3.3407
6663,BTCUSDT,SELL,1791376304091,83516.005,-0.3748,-2.4403,-3.9645
6664,BTCUSDT,SELL,1791376308665,83527.205,-1.4199,-1.0990,-2.6231
6665,ETHUSDT,SELL,1791376320627,2574.795,-1.0486,2.2526,-3.9615
6666,ETHUSDT,BUY,1791376329982,2574.415,-0.7769,-1.4372,5.0497
6667,ETHUSDT,SELL,1791376343449,2574.225,-2.9523,-3.7681,-7.6528
6668,ETHUSDT,SELL,1791376344371,2574.775,-0.8156,-1.6312,-5.5150
6669,ETHUSDT,BUY,1791376350080,2574.9799999999996,-0.0583,0.8350,5.1457
6670,ETHUSDT,BUY,1791376369036,2574.775,-0.5437,1.1652,0.9321
6671,ETHUSDT,SELL,1791376370684,2574.635,-1.7090,-4.5832,-1.4759
6672,ETHUSDT,SELL,1791376379642,2575.075,-2.8737,-2.4854,1.1650
6673,ETHUSDT,SELL,1791376384995,2575.815,-1.9800,0.3882,2.9893
6674,ETHUSDT,BUY,1791376386090,2576.315,-0.3105,-2.3289,-4.9295
6675,ETHUSDT,BUY,1791376388175,2576.215,-1.9408,-1.9408,-4.5415
6676,BTCUSDT,BUY,1791376388595,83563.185,-0.3087,1.0519,-2.3084
6677,BTCUSDT,SELL,1791376392365,83560.60500000001,-0.3088,-1.3607,1.9997
6678,ETHUSDT,SELL,1791376398630,2575.9449999999997,-0.9705,-2.5233,-0.1165
6679,ETHUSDT,SELL,1791376407844,2576.1949999999997,-1.5527,-0.0000,0.6211
6680,ETHUSDT,BUY,1791376409333,2576.5950000000003,-1.1255,-1.5524,-2.1734
6681,ETHUSDT,BUY,1791376409631,2576.3050000000003,0.0000,-0.5046,-1.0480
6682,ETHUSDT,BUY,1791376413163,2576.2650000000003,-0.2717,-2.3290,-0.9316
6683,ETHUSDT,BUY,1791376426651,2575.385,-1.0484,-2.3686,3.9217
6684,ETHUSDT,BUY,1791376427762,2575.115,-0.3883,-1.3203,4.9707
6685,ETHUSDT,BUY,1791376431931,2574.825,-0.1942,-0.1942,9.1268
6686,BTCUSDT,BUY,1791376442777,83542.005,-1.8434,0.2262,3.4689
6687,BTCUSDT,SELL,1791376443277,83518.555,-1.2213,-3.0341,-6.2776
6688,ETHUSDT,SELL,1791376443279,2574.185,-2.8747,-4.9724,-7.3810
6689,ETHUSDT,SELL,1791376457386,2575.475,-1.8637,-2.1744,-3.7275
6690,ETHUSDT,SELL,1791376457913,2575.79,-0.7182,-0.9512,-2.5041
6691,ETHUSDT,SELL,1791376458805,2575.975,-0.0000,-0.2329,-1.7857
6692,ETHUSDT,BUY,1791376461039,2575.975,-0.2329,0.2329,3.5715
6693,ETHUSDT,BUY,1791376462590,2575.9049999999997,-0.1165,0.4659,5.0079
6694,ETHUSDT,SELL,1791376466259,2575.88,-0.6017,-2.9310,-7.3179
6695,ETHUSDT,BUY,1791376472382,2576.025,0.0776,2.8726,6.0558
6696,ETHUSDT,SELL,1791376475693,2576.285,-1.3585,-0.4270,-5.0460
6697,BTCUSDT,BUY,1791376480900,83577.245,-0.6964,0.7466,6.0734
6698,BTCUSDT,SELL,1791376490790,83571.435,-1.4419,-0.2668,-9.6983
6699,BTCUSDT,BUY,1791376494731,83583.485,-1.1749,-2.0913,8.9156
6700,BTCUSDT,BUY,1791376495094,83583.255,-1.1474,-2.4383,8.9432
6701,ETHUSDT,BUY,1791376504856,2576.085,-0.2329,1.3587,13.3924
6702,ETHUSDT,SELL,1791376508256,2576.025,-1.5916,-1.5916,-13.3539
6703,BTCUSDT,SELL,1791376519203,83568.82500000001,-1.3366,-5.6456,-9.3994
6704,ETHUSDT,SELL,1791376519220,2576.435,-1.7854,-4.4635,-8.5389
6705,BTCUSDT,SELL,1791376521012,83579.995,-2.0759,-4.3084,-8.0617
6706,ETHUSDT,SELL,1791376523379,2577.775,-1.3578,0.7371,-1.8233
6707,ETHUSDT,BUY,1791376525858,2578.125,-2.0945,-2.0945,1.9394
6708,ETHUSDT,BUY,1791376526170,2577.855,-1.0474,-1.0474,2.9870
6709,ETHUSDT,SELL,1791376549001,2578.6899999999996,-1.1828,-2.4625,-1.2603
6710,ETHUSDT,SELL,1791376558484,2579.045,-1.0857,-1.6285,0.5816
6711,ETHUSDT,BUY,1791376568796,2579.465,-0.2714,-3.2177,-1.4732
6712,ETHUSDT,BUY,1791376569210,2579.465,-0.2714,-3.2177,-1.4732
6713,ETHUSDT,BUY,1791376570911,2579.385,-0.2714,-2.9077,-1.1631
6714,BTCUSDT,BUY,1791376572740,83668.005,-1.4342,-3.1075,1.2657
6715,ETHUSDT,BUY,1791376573370,2578.9449999999997,-1.0082,-2.7143,1.3959
6716,BTCUSDT,BUY,1791376581917,83647.375,-0.6420,-0.6420,6.2680
6717,ETHUSDT,SELL,1791376584437,2578.245,-1.4739,-1.4739,-6.7876
6718,BTCUSDT,SELL,1791376592201,83642.005,-0.8453,-3.5078,-9.0863
6719,BTCUSDT,SELL,1791376599029,83658.005,-0.7375,-2.0811,-7.1721
6720,ETHUSDT,SELL,1791376600496,2578.625,-1.5124,-1.5124,-5.1578
6721,ETHUSDT,BUY,1791376616974,2579.0150000000003,-0.4653,0.2714,-2.0938
6722,ETHUSDT,SELL,1791376633245,2579.09,-0.8724,-3.5090,-1.2601
6723,ETHUSDT,SELL,1791376634373,2579.315,-1.2406,-2.6364,-0.3877
6724,ETHUSDT,SELL,1791376634530,2579.3199999999997,-1.2213,-2.6170,-0.3683
6725,ETHUSDT,SELL,1791376634790,2579.495,-0.5427,-2.8688,0.3101
6726,ETHUSDT,SELL,1791376638665,2579.635,-0.0000,-3.0624,4.5355
6727,ETHUSDT,SELL,1791376644678,2579.995,-1.8217,0.1550,6.4729
6728,ETHUSDT,SELL,1791376645377,2580.4849999999997,0.0775,2.0539,8.3705
6729,ETHUSDT,BUY,1791376645580,2580.465,0.0000,-1.9764,-8.2931
6730,BTCUSDT,BUY,1791376649886,83723.705,-0.6808,-0.6808,-7.4161
6731,BTCUSDT,BUY,1791376663587,83699.67499999999,-0.9164,-3.0992,-5.9343
6732,ETHUSDT,BUY,1791376663603,2579.5550000000003,-0.5815,-4.1868,-10.1956
6733,BTCUSDT,BUY,1791376664549,83694.005,-0.2390,-2.4219,-5.2572
6734,ETHUSDT,BUY,1791376670748,2579.315,-0.8142,-3.1016,-9.9251
6735,BTCUSDT,BUY,1791376672734,83692.005,-2.1830,-2.0695,-5.2574
6736,ETHUSDT,BUY,1791376678810,2578.255,-0.2327,4.4992,-4.1889
6737,ETHUSDT,SELL,1791376686529,2579.185,-0.8918,0.2714,7.7932
6738,BTCUSDT,BUY,1791376696976,83679.64499999999,-0.9130,-2.1546,-4.0201
6739,BTCUSDT,BUY,1791376697221,83674.005,-0.4780,-1.4807,-3.3463
6742,BTCUSDT,SELL,1791376702347,83660.055,-0.1865,-1.4284,1.6794
6743,ETHUSDT,BUY,1791376707903,2578.2349999999997,-0.8921,-3.2968,-3.5683
6744,BTCUSDT,SELL,1791376710814,83661.61499999999,-1.2419,1.3877,2.3440
6745,ETHUSDT,SELL,1791376711053,2578.005,-1.0473,4.1893,2.6765
6746,BTCUSDT,BUY,1791376715426,83674.715,-0.9274,-3.1921,-4.8653
6747,BTCUSDT,BUY,1791376716835,83666.955,-1.3088,-2.2649,-3.9382
6749,BTCUSDT,BUY,1791376718557,83656.005,-0.7172,-0.7256,-2.6298
6748,ETHUSDT,BUY,1791376718549,2577.385,-0.9312,-2.4443,-3.0651
6750,ETHUSDT,BUY,1791376720501,2577.145,-0.8537,-1.5133,-2.1341
6751,ETHUSDT,BUY,1791376720704,2576.925,0.0000,-0.6597,-1.2806
6752,ETHUSDT,BUY,1791376725255,2576.92,-0.6403,0.9896,-1.7269
6753,ETHUSDT,SELL,1791376731184,2576.755,-1.6300,-1.6300,-1.2031
6754,ETHUSDT,BUY,1791376748800,2577.565,-0.5431,-0.9699,-2.6769
6755,BTCUSDT,BUY,1791376768995,83646.005,-0.2391,-1.4346,-9.8809
6756,ETHUSDT,BUY,1791376772819,2577.3050000000003,-2.7548,-3.2204,-4.7336
6757,ETHUSDT,BUY,1791376772987,2576.745,-0.5821,-1.0478,-2.5614
6758,ETHUSDT,BUY,1791376773771,2576.5950000000003,0.0000,-0.4657,-1.9794
6759,BTCUSDT,BUY,1791376782598,83634.005,-1.1957,-0.0012,-6.2558
6760,BTCUSDT,SELL,1791376787270,83624.005,-1.1946,-1.8236,5.9791
6761,ETHUSDT,SELL,1791376793743,2577.065,-0.8925,0.7373,5.0833
6762,ETHUSDT,BUY,1791376801116,2577.005,-0.5045,-0.5045,-7.5669
6763,BTCUSDT,BUY,1791376816530,83534.345,-0.2777,2.7905,0.1987
6764,BTCUSDT,SELL,1791376822770,83552.09,-0.2495,-1.9048,1.6882
6765,ETHUSDT,SELL,1791376824180,2575.425,-1.7085,-2.5627,1.1649
6766,ETHUSDT,SELL,1791376828775,2575.865,-0.8541,-0.8541,3.1058
6767,ETHUSDT,BUY,1791376841323,2576.08,-0.5241,-1.2616,-3.9401
6768,ETHUSDT,BUY,1791376844179,2575.9449999999997,-0.7376,-0.7376,-3.4162
6769,ETHUSDT,BUY,1791376874950,2575.205,-0.3107,-0.3107,-12.9310
6770,ETHUSDT,BUY,1791376887810,2575.125,-0.2330,-0.2330,-11.2616
6771,ETHUSDT,BUY,1791376904732,2575.0550000000003,-2.4077,-6.6018,-13.4366
6772,ETHUSDT,BUY,1791376904949,2575.045,-2.5631,-6.5630,-13.3978
6773,ETHUSDT,SELL,1791376923091,2572.135,-0.3110,2.6826,4.0433
6774,ETHUSDT,SELL,1791376926558,2572.215,-2.1382,1.3218,1.9827
6775,ETHUSDT,BUY,1791376928121,2572.755,-1.4381,-3.1872,-0.8551
6776,ETHUSDT,BUY,1791376928459,2572.635,-0.9718,-2.7209,-0.3887
6777,BTCUSDT,BUY,1791376931803,83510.015,-1.4382,-1.6776,2.6991
6778,BTCUSDT,SELL,1791376945410,83496.005,-1.2300,-2.4037,-4.2170
6779,ETHUSDT,SELL,1791376949308,2571.925,-3.4993,-0.9332,-2.7606
6780,ETHUSDT,BUY,1791376955207,2572.825,-0.2332,-4.7807,-0.7385
6781,BTCUSDT,BUY,1791376959941,83516.07500000001,-1.2058,-2.6426,1.8128
6782,BTCUSDT,BUY,1791376960290,83510.025,-0.4814,-1.9183,2.5374
6783,BTCUSDT,BUY,1791376960568,83506.19,-0.0222,-1.4592,2.9968
6784,BTCUSDT,BUY,1791376968084,83500.005,-0.7186,-0.0012,3.7377
6785,ETHUSDT,SELL,1791376969668,2570.175,-2.9181,-3.5795,-10.0771
6786,ETHUSDT,SELL,1791376970173,2570.785,-0.5446,-1.2059,-5.3680
6787,BTCUSDT,SELL,1791376974229,83494.005,-0.7174,-1.1642,-4.3117
6788,ETHUSDT,SELL,1791376986156,2571.465,-0.9333,-5.4444,0.3500
6789,BTCUSDT,SELL,1791376988280,83521.36499999999,-1.3398,-1.2739,0.6418
6790,BTCUSDT,SELL,1791376989310,83532.555,-0.0000,0.0658,1.9813
6791,ETHUSDT,BUY,1791376990642,2572.935,-1.3603,1.0105,-6.6850
6792,ETHUSDT,BUY,1791376991976,2572.585,-1.3994,2.3712,-5.3254
6793,BTCUSDT,BUY,1791376991993,83532.54999999999,-0.0652,-0.0652,-1.9807
6794,ETHUSDT,SELL,1791376995535,2572.2349999999997,-2.4492,-1.5551,3.9654
6795,BTCUSDT,BUY,1791377004673,83532.005,-0.0946,-0.0946,-0.7410
6796,ETHUSDT,SELL,1791377022406,2572.315,-1.7494,1.2440,10.0688
6797,ETHUSDT,BUY,1791377037732,2571.995,-0.1555,-2.9549,-9.6423
6798,BTCUSDT,BUY,1791377041525,83528.155,-0.2574,-1.4546,-1.6414
6799,BTCUSDT,BUY,1791377041730,83526.005,0.0000,-1.1972,-1.3840
6800,BTCUSDT,BUY,1791377044993,83524.66500000001,-0.3185,-1.0368,-0.4573
6801,ETHUSDT,BUY,1791377045031,2571.395,-0.0778,-0.7000,-2.9945
6802,BTCUSDT,SELL,1791377056063,83516.005,-1.1746,-0.3005,1.4369
6803,ETHUSDT,BUY,1791377065761,2571.065,-1.1668,-3.4227,-7.1955
6804,BTCUSDT,BUY,1791377077578,83518.515,-0.7795,-1.7757,-1.7757
6805,BTCUSDT,BUY,1791377077899,83514.005,-0.2395,-1.2357,-1.2357
6806,ETHUSDT,SELL,1791377078116,2569.045,-0.6228,-4.9824,-1.2845
6807,BTCUSDT,BUY,1791377079726,83503.685,0.0000,0.0000,0.0000
6808,ETHUSDT,SELL,1791377081029,2569.645,-0.3113,-1.0896,1.7901
6809,ETHUSDT,SELL,1791377085902,2569.725,-2.3349,0.3113,0.9340
6810,ETHUSDT,BUY,1791377089891,2570.315,-1.5173,-3.1125,-5.0967
6811,ETHUSDT,BUY,1791377094015,2569.885,-0.8561,3.8912,-4.5138
6812,ETHUSDT,BUY,1791377094522,2569.755,-0.4281,3.3855,-4.0082
6813,BTCUSDT,SELL,1791377102747,83514.445,-1.0872,1.2501,3.6844
6814,BTCUSDT,BUY,1791377104254,83523.51999999999,-0.3203,-2.3365,-5.9079
6815,ETHUSDT,SELL,1791377161617,2569.225,-0.8952,0.8563,8.0569
6816,ETHUSDT,BUY,1791377163540,2568.885,-0.8564,0.4671,-6.8123
6817,BTCUSDT,SELL,1791377166935,83474.015,-0.8518,1.1992,3.9905
6818,BTCUSDT,BUY,1791377175824,83481.125,-2.0508,-3.3505,-3.4882
6819,BTCUSDT,SELL,1791377184175,83449.14499999999,-0.4805,-1.3206,-1.4979
6820,ETHUSDT,SELL,1791377191831,2568.115,-0.9345,0.8567,-6.3081
6821,BTCUSDT,SELL,1791377193811,83453.155,-0.8400,-0.2061,-4.1580
6822,ETHUSDT,BUY,1791377195768,2568.615,-1.7130,-2.8031,1.2458
6823,BTCUSDT,BUY,1791377198319,83464.005,-1.6282,-1.0939,0.9585
6824,ETHUSDT,SELL,1791377200846,2567.435,-1.7917,-1.2464,-3.3496
6825,ETHUSDT,BUY,1791377209700,2567.895,-0.5452,-1.9861,10.7092
6826,BTCUSDT,SELL,1791377212591,83434.435,-1.4502,1.0583,-9.3283
6827,BTCUSDT,SELL,1791377213922,83446.535,-0.4158,2.5082,-8.2304
6828,BTCUSDT,BUY,1791377219720,83435.775,-0.4938,0.8078,8.6570
6829,BTCUSDT,BUY,1791377222387,83430.005,-0.5274,0.7192,9.3492
6830,ETHUSDT,SELL,1791377223288,2566.835,-1.1688,-4.1296,-13.2848
6831,BTCUSDT,SELL,1791377223958,83425.60500000001,-1.1627,-1.8855,-9.8771
6832,BTCUSDT,SELL,1791377224377,83428.185,-1.5007,-1.5762,-8.5631
6833,BTCUSDT,SELL,1791377225129,83435.305,-0.6472,-0.7227,-7.7090
6834,ETHUSDT,BUY,1791377227475,2567.795,-0.0389,2.6482,9.5413
6835,BTCUSDT,BUY,1791377231395,83442.515,-0.7802,2.2926,6.8442
6836,BTCUSDT,SELL,1791377232989,83436.005,-0.6388,-3.0730,-7.6250
6837,ETHUSDT,SELL,1791377235726,2567.895,-2.2587,-1.2462,-10.4755
6838,ETHUSDT,SELL,1791377236070,2568.215,-1.0124,-0.0000,-9.2282
6839,BTCUSDT,BUY,1791377238249,83473.545,-1.4256,-1.4256,3.1243
6840,ETHUSDT,BUY,1791377238598,2568.465,-0.9733,-1.2069,8.2540
6841,ETHUSDT,BUY,1791377238965,2568.215,0.0000,0.0000,9.2282
6842,BTCUSDT,SELL,1791377248581,83461.64499999999,-3.8772,-1.2413,-1.2413
6843,ETHUSDT,SELL,1791377249125,2568.215,-2.8424,-0.3115,-3.8938
6844,BTCUSDT,SELL,1791377250024,83487.475,-0.0455,1.8530,1.8530
6845,ETHUSDT,SELL,1791377250159,2568.9449999999997,-3.0752,2.5302,-1.0510
6846,ETHUSDT,BUY,1791377255316,2569.995,-4.5136,-0.1556,-3.0350
6847,BTCUSDT,BUY,1791377255513,83487.85500000001,-0.7007,0.0180,-5.1457
6848,BTCUSDT,SELL,1791377263658,83469.01000000001,-2.2661,-5.1822,2.8891
6849,ETHUSDT,SELL,1791377264250,2569.665,-1.1286,-3.8137,0.6226
6850,BTCUSDT,SELL,1791377268277,83488.005,-0.7187,-2.3956,5.5098
6851,ETHUSDT,SELL,1791377268997,2570.065,-2.2568,-1.1284,4.1244
6852,ETHUSDT,SELL,1791377269365,2570.355,-1.1282,-0.0000,4.7075
6853,BTCUSDT,SELL,1791377273889,83512.265,-0.3532,0.5101,9.0621
6854,BTCUSDT,BUY,1791377276288,83515.215,-0.8633,-1.8667,-8.2715
6855,ETHUSDT,BUY,1791377276296,2570.645,-1.1281,-1.5560,-5.2127
6856,ETHUSDT,BUY,1791377282989,2570.355,-0.4280,-0.6225,-3.4237
6857,ETHUSDT,BUY,1791377290270,2570.245,-0.1945,1.3228,-4.9023
6860,ETHUSDT,BUY,1791377301836,2570.295,-0.5447,-2.0620,-7.6645
6861,ETHUSDT,BUY,1791377302549,2570.245,-0.3502,-1.8675,-7.4701
6862,BTCUSDT,BUY,1791377302997,83499.61499999999,-1.3904,-5.9413,-7.3785
6863,BTCUSDT,BUY,1791377305178,83486.005,-1.0900,-4.9242,-5.7495
6864,BTCUSDT,BUY,1791377306789,83476.905,-0.3474,-3.8346,-4.6600
6865,ETHUSDT,SELL,1791377311239,2569.225,-2.1018,-1.0898,1.7904
6866,BTCUSDT,BUY,1791377312806,83472.005,-2.6356,-3.2478,-3.2813
6867,BTCUSDT,BUY,1791377314372,83450.005,-0.6123,-0.6123,0.0635
6868,ETHUSDT,SELL,1791377316734,2569.215,-1.1287,-0.2335,0.8563
6869,BTCUSDT,BUY,1791377326394,83444.89499999999,-0.1067,0.1486,5.8673
6870,ETHUSDT,BUY,1791377326840,2569.275,-0.9730,0.1168,0.7784
6871,BTCUSDT,BUY,1791377327401,83444.005,-0.2397,0.2553,6.7710
6872,BTCUSDT,BUY,1791377328752,83442.005,-0.7191,0.6555,7.0109
6873,ETHUSDT,BUY,1791377328760,2569.025,0.7007,1.7906,3.1140
6874,ETHUSDT,SELL,1791377329451,2569.145,-0.2335,-1.3234,-2.6468
6875,BTCUSDT,SELL,1791377330489,83436.005,-0.0695,-1.3747,-7.7305
6876,ETHUSDT,SELL,1791377332329,2569.225,-0.3114,-1.0120,1.0509
6877,BTCUSDT,SELL,1791377336004,83436.58499999999,-1.1446,-1.3052,-7.6609
6878,ETHUSDT,BUY,1791377342966,2569.475,-0.9730,-2.0627,0.4670
6879,ETHUSDT,BUY,1791377346432,2569.1549999999997,-0.6617,-3.2306,1.7126
6880,ETHUSDT,BUY,1791377353516,2568.9449999999997,-2.0242,-2.4134,0.5450
6881,ETHUSDT,SELL,1791377373840,2568.7650000000003,-0.8954,-2.7640,-3.0365
6882,BTCUSDT,SELL,1791377375386,83450.535,-0.2756,-4.0108,-4.2480
6883,BTCUSDT,SELL,1791377377223,83452.83499999999,-0.6171,-5.7122,-3.9723
6884,ETHUSDT,SELL,1791377377909,2569.2650000000003,-0.8174,-2.1796,-0.8174
6885,ETHUSDT,SELL,1791377380346,2569.925,1.7510,0.3891,2.1012
6886,BTCUSDT,SELL,1791377385847,83484.005,-1.1799,-1.9764,3.0269
6887,ETHUSDT,SELL,1791377386908,2569.475,-1.3621,2.2573,2.1405
6888,ETHUSDT,SELL,1791377387329,2569.715,-0.4281,3.1910,3.0743
6889,ETHUSDT,BUY,1791377390493,2569.825,-3.3854,-3.6189,-3.1909
6890,ETHUSDT,BUY,1791377391089,2569.455,-1.9459,-2.1795,-1.7513
6891,ETHUSDT,BUY,1791377395949,2568.955,-0.2336,2.4913,-0.8564
6892,ETHUSDT,SELL,1791377401748,2568.8599999999997,-2.8612,-0.8759,1.9659
6893,BTCUSDT,SELL,1791377402379,83494.005,-0.2731,1.4372,7.9048
6894,ETHUSDT,SELL,1791377415742,2569.465,-0.9730,0.7784,-0.7784
6895,BTCUSDT,BUY,1791377424695,83491.38500000001,-0.6444,-0.6468,-5.1957
6896,BTCUSDT,BUY,1791377429325,83486.005,-0.7187,-0.0024,-5.5099
6897,ETHUSDT,BUY,1791377430058,2569.2650000000003,-0.1946,0.4671,-1.5569
6898,BTCUSDT,SELL,1791377431992,83479.775,-0.7439,-0.7439,4.7640
6899,ETHUSDT,BUY,1791377437909,2569.475,-0.2335,-2.1405,-2.6465
6900,BTCUSDT,BUY,1791377442233,83485.985,-3.2628,-3.5910,-6.1304
6901,BTCUSDT,BUY,1791377444634,83458.735,0.0000,-1.0460,-2.8673
6902,ETHUSDT,SELL,1791377446620,2568.385,-2.1025,-1.3627,-2.3750
6903,ETHUSDT,SELL,1791377448116,2568.925,-1.5571,0.7396,-0.2725
6904,BTCUSDT,BUY,1791377450024,83460.005,-0.4793,-1.3012,-3.0194
6905,BTCUSDT,BUY,1791377450557,83459.185,-0.3810,-1.2030,-2.9212
6906,BTCUSDT,BUY,1791377461015,83449.14499999999,-2.5333,-0.0012,-1.8143
6907,ETHUSDT,BUY,1791377463697,2568.355,-0.1168,5.2952,2.2583
6908,ETHUSDT,SELL,1791377467383,2568.325,-1.9857,-5.2174,-2.3751
6909,BTCUSDT,BUY,1791377475224,83454.005,-0.7190,-0.7190,-1.3600
6910,ETHUSDT,BUY,1791377475248,2569.715,-0.1946,-0.7005,-3.0354
6911,ETHUSDT,BUY,1791377485598,2569.4849999999997,-1.2843,-2.6854,-2.9578
6912,BTCUSDT,BUY,1791377485900,83440.33499999999,0.0000,-0.0395,0.2780
6913,ETHUSDT,BUY,1791377492447,2568.855,-0.2336,0.5450,-4.2431
6914,BTCUSDT,SELL,1791377529542,83434.005,-0.4159,-1.0367,-5.1706
6915,BTCUSDT,SELL,1791377534432,83437.475,-0.6208,-0.6208,-3.8987
6916,BTCUSDT,SELL,1791377535034,83442.005,-0.0779,-0.0779,-3.3556
6917,ETHUSDT,BUY,1791377538038,2568.935,-1.0899,-4.1262,3.6980
6918,ETHUSDT,SELL,1791377544598,2568.5550000000003,-0.6619,0.7008,-5.1780
6919,ETHUSDT,BUY,1791377545783,2568.715,-3.2701,-1.3236,4.5548
6920,BTCUSDT,BUY,1791377545915,83442.655,-0.0779,-1.1781,3.9716
6921,BTCUSDT,BUY,1791377548453,83440.005,-0.8605,-0.8605,4.2893
6922,ETHUSDT,SELL,1791377553430,2567.7700000000004,-2.3561,-4.6928,-7.0684
6923,ETHUSDT,SELL,1791377560005,2568.375,-2.3361,-2.2972,-3.4263
6924,BTCUSDT,SELL,1791377560816,83436.685,-0.3979,-0.3979,0.1079
6925,ETHUSDT,SELL,1791377575611,2569.255,-1.0120,-4.7485,-2.4521
6926,BTCUSDT,SELL,1791377575614,83440.005,-1.1973,-3.5942,0.0755
6928,BTCUSDT,SELL,1791377585251,83452.91500000001,-2.0467,-2.0479,1.5470
6927,ETHUSDT,SELL,1791377585235,2569.5200000000004,-4.6896,-1.4205,-1.4205
6929,BTCUSDT,SELL,1791377587358,83469.995,-0.8566,-0.0012,3.5929
6930,ETHUSDT,BUY,1791377591092,2570.395,-1.6340,-1.9841,-1.9841
6931,ETHUSDT,SELL,1791377606708,2569.885,-1.7121,2.4515,1.6732
6932,ETHUSDT,BUY,1791377609575,2570.325,-1.7118,-4.1629,-3.4626
6933,ETHUSDT,BUY,1791377613038,2569.7349999999997,-1.4398,-1.8679,-2.6073
6934,ETHUSDT,BUY,1791377613374,2569.675,-1.6344,-1.6344,-2.3738
6935,ETHUSDT,BUY,1791377653372,2569.885,-1.6732,-0.8172,-1.7121
6936,ETHUSDT,BUY,1791377653676,2569.675,-0.8561,0.0000,-0.8951
6937,ETHUSDT,BUY,1791377665024,2569.675,-0.8561,-2.3738,-1.2453
6938,BTCUSDT,BUY,1791377669912,83440.005,-2.0973,-1.4394,2.7589
6939,BTCUSDT,SELL,1791377670810,83422.005,-0.0599,-0.7180,-4.9172
6940,BTCUSDT,SELL,1791377674543,83422.515,-0.6569,-0.6569,-5.9924
6941,ETHUSDT,BUY,1791377680111,2569.065,-1.3234,-1.3234,-1.3624
6942,ETHUSDT,SELL,1791377702075,2568.2349999999997,-2.3362,-4.7114,2.0247
6943,ETHUSDT,BUY,1791377714156,2569.4449999999997,-0.2724,-0.3503,-5.7211
6944,ETHUSDT,BUY,1791377717022,2569.355,0.0000,-0.1557,-5.3710
6945,BTCUSDT,SELL,1791377717393,83465.67499999999,-1.0028,0.5427,3.1582
6946,BTCUSDT,SELL,1791377718128,83468.17499999999,-0.7033,0.8422,3.4576
6947,BTCUSDT,SELL,1791377729770,83461.14499999999,-0.2253,-1.3611,2.6156
6948,BTCUSDT,SELL,1791377734205,83469.795,-0.3247,1.1633,3.6516
6949,ETHUSDT,BUY,1791377734985,2569.315,-0.4671,-3.3861,-5.2154
6950,BTCUSDT,BUY,1791377740136,83472.505,-1.2579,-3.1412,-0.9189
6951,ETHUSDT,BUY,1791377743738,2568.615,-0.6618,-2.5305,1.1679
6952,BTCUSDT,BUY,1791377747232,83454.005,-0.2397,-0.9251,2.0802
6953,BTCUSDT,BUY,1791377757295,83446.285,-1.7101,-0.8353,0.9263
6954,BTCUSDT,BUY,1791377758008,83432.015,0.0012,0.8750,2.6369
6955,ETHUSDT,SELL,1791377762960,2567.715,-1.0126,-1.0126,-4.1671
6956,BTCUSDT,BUY,1791377766538,83443.32500000001,-0.4806,-0.4806,-0.1582
6957,BTCUSDT,SELL,1791377797988,83439.315,-1.8097,-3.8411,-0.1726
6958,ETHUSDT,SELL,1791377809460,2568.9849999999997,-0.7396,0.7785,-1.3624
6959,BTCUSDT,BUY,1791377811889,83471.36499999999,-2.0786,-2.0798,-3.2155
6960,BTCUSDT,BUY,1791377822705,83454.005,-1.4379,-1.4379,-1.9831
6961,BTCUSDT,BUY,1791377835250,83442.005,-1.1397,-0.7682,-0.2397
6962,BTCUSDT,BUY,1791377872036,83444.525,-0.8473,-0.8473,2.1955
6963,BTCUSDT,SELL,1791377887673,83438.795,-0.1450,-0.1450,-3.5008
6964,BTCUSDT,SELL,1791377887998,83438.795,-0.1450,-0.1450,-3.5008
6965,ETHUSDT,SELL,1791377888311,2569.915,-0.3113,-0.3113,-12.6463
6968,BTCUSDT,SELL,1791377906630,83464.005,-0.9861,-0.9861,-3.1786
6969,ETHUSDT,BUY,1791377915540,2570.685,1.4004,6.6908,7.9745
6970,ETHUSDT,SELL,1791377916181,2570.625,-1.6338,-6.9244,-8.2081
6971,ETHUSDT,SELL,1791377922041,2571.005,-5.4453,-5.4453,-6.7289
6972,BTCUSDT,SELL,1791377922170,83461.82500000001,-0.1222,-0.1222,-1.8859
6973,ETHUSDT,SELL,1791377922391,2572.1549999999997,-0.9719,-0.9719,-2.2549
6974,ETHUSDT,SELL,1791377936332,2572.7650000000003,-1.5936,-2.3710,0.0777
6975,ETHUSDT,SELL,1791377938700,2573.175,-1.3990,0.0389,1.6711
6976,ETHUSDT,BUY,1791377942047,2573.535,-2.0983,-1.7486,-1.7874
6977,ETHUSDT,BUY,1791377942604,2573.455,-0.3109,-1.4378,-1.4766
6978,ETHUSDT,BUY,1791377948190,2573.205,-0.1554,-0.4663,-1.4768
6979,BTCUSDT,SELL,1791377953942,83468.005,-0.4193,-1.4365,-2.6357
6980,BTCUSDT,SELL,1791377960752,83471.505,-0.9991,-1.7371,-2.2151
6981,BTCUSDT,SELL,1791377962085,83479.845,-0.0180,0.2731,-1.2159
6982,BTCUSDT,SELL,1791377966590,83487.595,0.1904,1.2014,-0.2875
6983,ETHUSDT,BUY,1791378007449,2573.075,-0.9716,-2.9537,-9.7549
6984,ETHUSDT,BUY,1791378009652,2572.775,-1.0495,-1.7880,-11.3107
6985,ETHUSDT,BUY,1791378017076,2572.475,-0.6220,-0.6220,-14.1109
6986,BTCUSDT,BUY,1791378017114,83490.005,-0.0012,-0.0012,-3.4399
6987,ETHUSDT,SELL,1791378029383,2572.005,-1.6718,-0.6221,8.8258
6988,BTCUSDT,BUY,1791378032940,83489.995,-2.7884,-1.9739,-1.9655
6989,BTCUSDT,BUY,1791378034768,83466.715,0.0000,-0.3247,0.8231
6990,BTCUSDT,SELL,1791378036622,83466.715,-0.8147,0.3247,-1.3407
6991,BTCUSDT,SELL,1791378056200,83464.005,-1.0208,-0.2468,0.4792
6992,BTCUSDT,SELL,1791378056414,83466.005,-0.7812,-0.0072,1.4377
6993,ETHUSDT,BUY,1791378059969,2571.975,-3.6159,-8.2038,-17.8073
6994,ETHUSDT,SELL,1791378063550,2571.2650000000003,2.7224,7.5449,19.0568
6995,BTCUSDT,BUY,1791378063876,83472.525,-0.7739,-0.7751,-3.1268
6996,ETHUSDT,BUY,1791378068089,2570.565,-2.7231,-6.6522,-16.8834
6997,BTCUSDT,SELL,1791378072049,83462.775,-0.3930,0.3319,0.9501
6998,ETHUSDT,SELL,1791378072097,2569.865,2.7628,4.2415,12.7633
6999,BTCUSDT,SELL,1791378072494,83466.055,-0.0000,0.7248,2.0547
7000,ETHUSDT,BUY,1791378072796,2569.935,-2.2958,-4.5137,-13.3466
7001,ETHUSDT,BUY,1791378076332,2569.835,-3.8524,-2.6461,-17.8611
7002,ETHUSDT,SELL,1791378076626,2568.785,-0.2336,-1.4404,13.7808
7003,ETHUSDT,SELL,1791378077825,2568.855,-1.5960,-3.4257,14.5201
7004,ETHUSDT,BUY,1791378079809,2569.2650000000003,-1.9072,1.8293,-16.3082
7005,BTCUSDT,BUY,1791378079844,83461.285,-0.1534,1.4737,-2.7893
7006,ETHUSDT,SELL,1791378085222,2568.775,-1.4793,-6.9294,15.9609
7007,BTCUSDT,SELL,1791378085444,83460.005,-0.4793,-2.1447,2.8756
7008,BTCUSDT,SELL,1791378086751,83464.005,-1.1478,-1.6654,3.3547
7009,BTCUSDT,SELL,1791378095030,83473.58499999999,-0.5175,-2.4187,6.6608
7010,BTCUSDT,SELL,1791378099991,83477.905,-0.3893,-0.2911,1.4255
7011,ETHUSDT,SELL,1791378103057,2571.045,-0.7390,9.1403,32.3215
7012,BTCUSDT,BUY,1791378109299,83493.775,-1.6492,-4.7632,-0.9306
7013,ETHUSDT,BUY,1791378109356,2571.2349999999997,-2.5280,-16.5679,-31.1523
7014,ETHUSDT,BUY,1791378113210,2567.995,0.1168,-6.3474,-13.0452
7015,BTCUSDT,BUY,1791378120159,83454.005,-0.2397,-0.7261,5.3251
7016,BTCUSDT,SELL,1791378130665,83450.035,-0.5764,1.4416,-7.6657
7017,BTCUSDT,BUY,1791378132125,83454.845,-0.8196,-2.0179,7.3369
7018,BTCUSDT,BUY,1791378137145,83442.205,-0.3380,-1.4621,7.8857
7019,BTCUSDT,BUY,1791378139188,83439.38500000001,-0.1654,-1.1242,8.2239
7020,BTCUSDT,BUY,1791378143007,83438.005,-0.2397,-6.4503,8.6292
7021,BTCUSDT,BUY,1791378146879,83436.005,-0.7191,0.2397,10.4427
7022,BTCUSDT,BUY,1791378150468,83430.005,-7.0724,4.5547,11.9669
7023,BTCUSDT,BUY,1791378150955,83346.265,5.5539,16.0427,22.0262
7024,BTCUSDT,SELL,1791378151052,83353.695,-4.6621,-15.1499,-21.1328
7025,ETHUSDT,SELL,1791378175067,2563.475,-5.9295,-14.1995,-15.6818
7026,ETHUSDT,SELL,1791378184219,2566.575,-2.1040,-0.9741,-3.5845
7027,ETHUSDT,BUY,1791378195271,2566.635,-1.7533,-3.8962,-5.5325
7028,BTCUSDT,SELL,1791378216374,83534.32500000001,-0.6776,-0.8081,8.6563
7030,BTCUSDT,BUY,1791378246686,83540.155,-4.8061,-11.3885,-15.7936
7029,ETHUSDT,BUY,1791378246664,2567.755,-7.6721,-9.8919,-22.4710
7031,ETHUSDT,SELL,1791378251800,2565.79,-0.6821,3.5662,9.4903
7032,BTCUSDT,SELL,1791378252091,83499.965,6.5808,4.8228,9.3365
7033,ETHUSDT,SELL,1791378252096,2566.225,2.9226,5.2606,11.1837
7034,ETHUSDT,BUY,1791378252681,2566.495,-4.9873,-7.2472,-11.6891
7035,BTCUSDT,BUY,1791378253039,83451.305,-0.7537,1.0054,-2.7333
7036,BTCUSDT,SELL,1791378260449,83450.535,-1.0977,0.6627,-0.6543
7037,ETHUSDT,SELL,1791378263803,2564.955,-0.1170,0.2729,1.6764
7038,ETHUSDT,BUY,1791378265150,2564.865,-0.5848,1.3256,0.0780
7039,ETHUSDT,SELL,1791378269139,2564.725,-0.5849,-0.3119,-6.3165
7040,ETHUSDT,BUY,1791378276103,2565.635,-3.2351,-5.4567,1.3642
7041,ETHUSDT,SELL,1791378284230,2563.6549999999997,-2.2624,-4.2517,-4.3493
7042,ETHUSDT,SELL,1791378286217,2564.2349999999997,-0.4680,1.0919,-0.8190
7043,ETHUSDT,BUY,1791378303251,2563.105,-3.3163,2.6920,7.9981
7044,ETHUSDT,BUY,1791378303915,2562.795,-2.1071,5.7359,9.2087
7045,ETHUSDT,BUY,1791378304931,2562.255,-1.0538,6.5177,11.3182
7046,ETHUSDT,BUY,1791378305324,2562.1549999999997,-0.6635,7.4156,11.7089
7047,ETHUSDT,SELL,1791378309335,2561.9849999999997,-3.2787,-6.5184,-12.4903
7048,ETHUSDT,SELL,1791378309783,2562.665,-0.6244,-4.7607,-9.8335
7049,ETHUSDT,SELL,1791378310076,2562.7349999999997,-0.3512,-5.3849,-9.5601
7050,ETHUSDT,SELL,1791378311455,2563.245,-0.5072,-3.9793,-8.5829
7051,ETHUSDT,SELL,1791378313037,2563.495,-3.0037,-3.1988,-7.6068
7052,ETHUSDT,BUY,1791378314118,2564.255,-0.9359,1.7159,4.6407
7053,BTCUSDT,SELL,1791378314958,83437.535,-1.9979,-3.0526,-5.1715
7054,ETHUSDT,SELL,1791378314997,2563.925,-0.6240,-3.1982,-5.9284
7055,ETHUSDT,BUY,1791378316937,2564.085,-1.6770,6.8250,2.8080
7056,ETHUSDT,BUY,1791378317204,2563.975,-1.2481,7.2544,2.7301
7057,ETHUSDT,SELL,1791378323744,2564.525,-0.8579,-7.7987,-2.7685
7058,BTCUSDT,SELL,1791378324632,83460.005,-2.6360,-4.3134,-0.5955
7059,ETHUSDT,SELL,1791378325084,2564.745,-2.4564,-4.8348,-2.5734
7060,ETHUSDT,SELL,1791378325455,2565.075,-1.1696,-3.5477,-1.2865
7061,ETHUSDT,SELL,1791378326553,2565.375,-3.7811,-2.3778,-0.1169
7062,BTCUSDT,SELL,1791378326592,83482.005,-1.5117,-1.6770,1.4374
7063,ETHUSDT,SELL,1791378327410,2565.835,-1.9877,-0.5846,-0.0000
7064,BTCUSDT,SELL,1791378327552,83487.655,-0.8349,-1.0001,1.0073
7065,ETHUSDT,SELL,1791378330803,2566.395,-1.8314,5.4162,-0.9352
7066,BTCUSDT,BUY,1791378332904,83506.005,-0.4802,-4.0201,-1.6226
7067,ETHUSDT,BUY,1791378334246,2566.435,-1.7534,-6.5460,0.7793
7068,BTCUSDT,BUY,1791378338454,83484.83499999999,-1.4853,-4.8907,1.2433
7069,BTCUSDT,BUY,1791378346533,83449.14499999999,-0.6159,0.3943,5.5207
7070,BTCUSDT,BUY,1791378346860,83446.005,-0.2397,1.5004,5.8972
7071,BTCUSDT,SELL,1791378354022,83444.005,-1.0103,-3.7894,-6.1370
7072,BTCUSDT,SELL,1791378360590,83467.995,-0.9141,-1.5203,-3.2611
7073,BTCUSDT,BUY,1791378366024,83475.625,-0.3774,0.5271,2.1899
7074,BTCUSDT,SELL,1791378368490,83472.475,-0.9836,1.7335,-2.4739
7075,BTCUSDT,SELL,1791378369015,83475.61499999999,-0.6074,2.5888,-2.2030
7076,BTCUSDT,BUY,1791378376442,83480.025,-2.6378,-1.8028,4.6838
7077,BTCUSDT,SELL,1791378381527,83457.965,-0.8399,-4.1326,-8.6319
7078,ETHUSDT,SELL,1791378387890,2565.855,-2.3384,-3.0399,-9.3926
7079,ETHUSDT,BUY,1791378402141,2566.635,-1.3247,-2.1429,0.4286
7080,ETHUSDT,BUY,1791378403210,2566.295,-0.3507,-0.8183,1.7535
7081,ETHUSDT,BUY,1791378405988,2566.205,-0.4676,-0.2338,2.1043
7082,ETHUSDT,BUY,1791378416284,2566.145,-0.1948,-3.8579,2.3381
7083,ETHUSDT,BUY,1791378421323,2566.0950000000003,-2.4941,-0.6235,4.3646
7084,ETHUSDT,BUY,1791378422950,2565.455,-0.5457,2.4557,7.6789
7085,ETHUSDT,BUY,1791378423896,2565.375,-0.8576,2.7676,7.9910
7086,ETHUSDT,SELL,1791378427604,2565.1549999999997,-0.5068,-6.3544,-7.4849
7087,ETHUSDT,SELL,1791378428452,2565.225,-0.8966,-6.0813,-7.2118
7088,BTCUSDT,SELL,1791378428739,83493.63500000001,-0.7617,-3.7356,-3.5152
7089,ETHUSDT,SELL,1791378428908,2565.285,-2.5338,-6.0812,-6.9778
7090,ETHUSDT,SELL,1791378430140,2565.935,-0.0000,-4.7156,-4.4428
7091,BTCUSDT,SELL,1791378435261,83499.995,-2.2910,-6.2287,-1.4994
7092,ETHUSDT,SELL,1791378438729,2566.785,-1.4025,-5.7660,1.2467
7093,ETHUSDT,SELL,1791378446007,2568.0150000000003,-0.9735,4.9455,2.2975
7094,ETHUSDT,SELL,1791378446801,2568.185,-0.3115,5.6071,2.9593
7095,ETHUSDT,BUY,1791378450616,2568.2650000000003,-2.4530,-5.9184,-3.2707
7096,BTCUSDT,BUY,1791378452019,83552.005,-0.2394,-3.1597,-4.7264
7097,ETHUSDT,BUY,1791378453130,2567.215,-1.8308,-1.8308,0.8180
7098,BTCUSDT,BUY,1791378453226,83548.005,-1.1251,-2.8726,-4.2479
7099,BTCUSDT,BUY,1791378453465,83546.005,-0.9576,-2.6333,-4.0086
7100,BTCUSDT,BUY,1791378461447,83530.845,-0.8189,-1.2977,0.3220
7101,ETHUSDT,SELL,1791378470651,2566.585,-0.5455,-2.4546,-6.7405
7102,BTCUSDT,SELL,1791378476640,83520.005,-0.2395,-1.1961,-2.1552
7103,ETHUSDT,SELL,1791378477766,2566.825,-1.5194,-0.9740,-6.9346
7104,BTCUSDT,SELL,1791378482266,83526.005,-0.4777,0.3616,-1.9156
7105,BTCUSDT,BUY,1791378487166,83529.995,-0.8392,-2.0927,2.1729
7106,ETHUSDT,BUY,1791378487242,2567.425,-1.3632,-3.7392,3.9729
7107,ETHUSDT,SELL,1791378491360,2567.075,-0.3116,0.5843,-5.3368
7108,ETHUSDT,BUY,1791378492931,2567.1549999999997,-0.7012,1.0517,4.9471
7109,ETHUSDT,BUY,1791378493516,2567.065,-0.5454,1.4024,5.2979
7110,BTCUSDT,BUY,1791378495000,83522.985,-1.2535,-1.2535,3.0123
7113,ETHUSDT,SELL,1791378514692,2567.425,-1.3243,-3.4665,8.8415
7114,ETHUSDT,SELL,1791378515174,2567.5150000000003,-0.9737,-3.1159,10.5550
7115,ETHUSDT,SELL,1791378518305,2567.855,-1.7914,-1.7914,15.8498
7116,ETHUSDT,BUY,1791378533968,2568.605,0.0000,-0.6229,-36.5957
7117,ETHUSDT,BUY,1791378543066,2568.605,-0.6229,-0.7008,-28.3422
7118,ETHUSDT,BUY,1791378555030,2568.425,-2.1025,-5.3729,-21.6086
7119,ETHUSDT,BUY,1791378557216,2567.715,-1.1294,-4.4787,-15.6949
7120,BTCUSDT,BUY,1791378558237,83534.005,-0.5710,-2.2075,-13.1683
7121,BTCUSDT,BUY,1791378558494,83533.535,-0.5148,-2.8168,-13.1121
7122,BTCUSDT,BUY,1791378564413,83529.235,-0.3867,-8.2881,-11.0033
7123,BTCUSDT,BUY,1791378565470,83526.005,-1.2499,-10.7739,-10.6171
7124,BTCUSDT,BUY,1791378568487,83515.565,-5.6277,-12.8790,-8.8079
7125,ETHUSDT,BUY,1791378568742,2565.8450000000003,-2.6892,-10.4059,-6.3137
7126,BTCUSDT,BUY,1791378569110,83474.005,-0.9584,-7.9067,-3.6958
7127,BTCUSDT,BUY,1791378574721,83460.005,-3.8342,-6.2305,0.8759
7128,ETHUSDT,BUY,1791378574738,2565.145,-2.9628,-5.3408,0.3898
7129,BTCUSDT,BUY,1791378575190,83440.64499999999,-1.9942,-6.0690,3.1963
7130,ETHUSDT,BUY,1791378575737,2564.385,-1.4818,-7.4482,3.3146
7131,BTCUSDT,SELL,1791378628495,83443.155,-0.0503,-2.8954,-6.5721
7132,ETHUSDT,SELL,1791378629743,2564.455,-1.6768,-3.0416,-5.3423
7133,BTCUSDT,SELL,1791378639972,83469.215,-1.8366,-0.3343,-4.7562
7134,ETHUSDT,SELL,1791378641046,2566.075,-1.2081,3.1566,-1.6757
7135,ETHUSDT,BUY,1791378646710,2565.465,-1.0135,-3.8200,-2.6116
7136,BTCUSDT,BUY,1791378646788,83491.315,-1.1151,-3.0315,0.3222
7137,ETHUSDT,BUY,1791378647190,2565.355,-0.5847,-3.3913,-0.3118
7138,BTCUSDT,SELL,1791378650534,83472.005,-0.3858,1.4376,-2.6356
7139,ETHUSDT,BUY,1791378654150,2565.185,-2.7288,-4.8729,0.3509
7140,BTCUSDT,BUY,1791378654253,83475.225,-1.1045,-1.8233,2.2498
7141,ETHUSDT,BUY,1791378657200,2564.4849999999997,-0.8189,-2.1447,3.9384
7143,BTCUSDT,BUY,1791378660225,83464.005,-0.4792,1.8355,3.9718
7142,ETHUSDT,BUY,1791378660211,2564.2650000000003,-1.2869,0.9749,4.7967
7144,ETHUSDT,SELL,1791378669166,2563.815,-2.7303,-3.7834,-2.1842
7145,ETHUSDT,SELL,1791378669511,2564.395,-0.4679,-1.5208,0.0780
7146,BTCUSDT,SELL,1791378669869,83474.745,-0.5487,-1.8281,-3.0261
7147,BTCUSDT,SELL,1791378672590,83479.32500000001,-0.9535,-1.4363,-2.4773
7148,BTCUSDT,SELL,1791378673489,83482.195,-0.9355,-1.0924,-2.1334
7149,BTCUSDT,SELL,1791378673729,83487.285,-0.4827,-0.4827,-0.8061
7150,BTCUSDT,SELL,1791378674675,83490.005,-0.1569,-0.1569,-0.4791
7151,ETHUSDT,SELL,1791378675567,2564.9049999999997,-0.0000,-2.0664,3.8598
7152,BTCUSDT,BUY,1791378676602,83491.315,-0.1569,0.0000,-0.3964
7153,BTCUSDT,SELL,1791378680244,83490.015,-0.1557,-2.2637,2.6362
7154,ETHUSDT,SELL,1791378681393,2564.075,-2.0670,-7.2541,3.5100
7155,ETHUSDT,SELL,1791378684594,2565.255,-0.7017,-3.5864,7.6795
7156,BTCUSDT,SELL,1791378688165,83491.315,-2.1080,-2.1080,2.7919
7157,BTCUSDT,SELL,1791378688336,83492.005,-2.0253,-2.0253,2.8745
7158,ETHUSDT,SELL,1791378688347,2565.535,-1.1304,-1.1304,8.4583
7159,BTCUSDT,SELL,1791378688884,83497.995,-1.3078,-1.3078,3.5917
7160,ETHUSDT,SELL,1791378691366,2565.935,-0.9353,-2.2214,11.3019
7161,ETHUSDT,SELL,1791378692048,2565.935,-0.9353,-2.2214,13.2116
7162,ETHUSDT,SELL,1791378700866,2565.825,-2.6502,2.1436,22.6828
7163,ETHUSDT,BUY,1791378704671,2566.395,-5.1434,-4.3641,-24.4312
7164,BTCUSDT,BUY,1791378704824,83508.91500000001,-1.7854,-1.7854,-13.7614
7165,ETHUSDT,BUY,1791378705234,2565.395,-2.3388,-0.4678,-20.5426
7166,ETHUSDT,BUY,1791378705590,2565.1549999999997,-1.4034,0.4678,-19.1411
7167,ETHUSDT,BUY,1791378705783,2565.065,-1.0526,0.8187,-18.7909
7168,ETHUSDT,SELL,1791378706792,2564.795,-1.8715,-2.7293,17.7402
7169,BTCUSDT,SELL,1791378715530,83494.005,-0.3773,-0.0000,13.6537
7170,ETHUSDT,BUY,1791378721954,2565.2650000000003,-0.9356,-1.7932,-25.0267
7171,ETHUSDT,SELL,1791378723652,2564.925,-0.3899,2.4952,22.0669
7172,ETHUSDT,BUY,1791378726345,2565.0150000000003,-2.4951,-4.2885,-20.4677
7173,ETHUSDT,SELL,1791378729594,2564.375,-2.4177,2.8467,15.5593
7174,BTCUSDT,BUY,1791378739131,83478.005,-1.1979,-1.1979,-10.9274
7175,ETHUSDT,BUY,1791378739583,2563.915,-2.8862,-2.1452,-11.2328
7176,ETHUSDT,SELL,1791378743812,2563.225,-0.3706,3.2381,8.1928
7177,BTCUSDT,BUY,1791378750157,83468.005,-0.7188,-7.1764,-9.5845
7178,ETHUSDT,BUY,1791378750262,2563.145,-0.4292,-8.5052,-6.8275
7179,ETHUSDT,BUY,1791378754628,2562.165,-3.0053,-7.9620,-1.3270
7180,ETHUSDT,BUY,1791378756342,2561.385,-1.6397,-4.4507,1.7178
7181,BTCUSDT,BUY,1791378756389,83412.955,-0.5814,-2.2730,-2.5116
7182,BTCUSDT,BUY,1791378756710,83412.005,-0.4676,-2.1592,-2.3977
7183,ETHUSDT,BUY,1791378758312,2560.965,0.0000,-3.8657,2.1867
7184,BTCUSDT,BUY,1791378760622,83408.10500000001,-1.6917,-2.5561,-1.9303
7185,BTCUSDT,BUY,1791378768859,83393.995,-0.8646,-1.6776,-0.2386
7186,BTCUSDT,BUY,1791378769477,83390.005,-0.3861,-1.4390,0.2398
7187,BTCUSDT,BUY,1791378772217,83384.005,-0.4797,-5.0369,0.9594
7188,BTCUSDT,BUY,1791378779459,83380.005,-0.2399,-0.4797,0.0000
7189,BTCUSDT,BUY,1791378781147,83378.005,-4.3177,-0.3550,0.2399
7190,BTCUSDT,SELL,1791378783079,83342.005,-1.4818,-3.9644,-4.7995
7191,BTCUSDT,SELL,1791378786202,83354.35500000001,-1.6376,-3.8906,-4.0370
7192,BTCUSDT,SELL,1791378788303,83368.005,-0.7857,-2.2527,-2.6641
7193,BTCUSDT,BUY,1791378790100,83378.005,-0.3550,1.0530,1.4644
7194,BTCUSDT,SELL,1791378795192,83380.025,-0.8107,-0.8107,-0.4773
7195,BTCUSDT,SELL,1791378809819,83380.025,-1.4368,-1.4368,-0.9571
7196,ETHUSDT,SELL,1791378809824,2561.1549999999997,-2.8503,0.6247,0.0781
7197,BTCUSDT,SELL,1791378810090,83387.83499999999,-0.5001,-0.5001,-0.0204
7198,ETHUSDT,BUY,1791378817912,2561.825,-1.1710,-4.4500,-6.4017
7199,ETHUSDT,BUY,1791378819595,2561.395,-1.5616,-2.1082,-5.5829
7200,ETHUSDT,BUY,1791378829393,2561.175,-1.5227,-4.8806,-2.4208
7201,ETHUSDT,BUY,1791378831030,2560.715,-0.8201,-1.8745,-0.7029
7202,ETHUSDT,BUY,1791378832271,2560.505,-1.6794,-0.7420,0.1172
7203,BTCUSDT,BUY,1791378832303,83392.005,-1.2375,-1.4390,-2.8780
7204,ETHUSDT,BUY,1791378832443,2560.425,-1.3670,-0.4296,0.4296
7205,ETHUSDT,BUY,1791378834180,2560.065,-0.5469,3.9452,1.8359
7206,ETHUSDT,SELL,1791378840480,2559.925,-1.4454,-4.7267,-6.2111
7207,BTCUSDT,SELL,1791378843033,83380.005,-0.7196,-0.7196,-1.1993
7208,BTCUSDT,SELL,1791378843744,83382.005,-0.4797,-0.2399,-0.9594
7209,ETHUSDT,BUY,1791378852499,2561.135,-2.3037,-2.0694,-0.3514
7210,BTCUSDT,BUY,1791378856842,83384.005,-0.7196,-0.4797,2.3985
7211,BTCUSDT,BUY,1791378860555,83378.005,-0.7196,1.1994,0.0000
7212,BTCUSDT,BUY,1791378860719,83375.765,-0.0012,1.4681,0.2687
7213,ETHUSDT,SELL,1791378861667,2560.375,-1.0936,-2.9683,-4.8430
7214,ETHUSDT,SELL,1791378867062,2561.0150000000003,-0.4686,2.5381,-3.3971
7215,BTCUSDT,SELL,1791378868792,83380.005,-0.9595,1.4392,-0.5565
7216,ETHUSDT,BUY,1791378873097,2560.975,0.0000,-3.9829,4.4124
7217,ETHUSDT,BUY,1791378874237,2560.975,-1.9133,-1.9914,4.4124
7218,BTCUSDT,SELL,1791378896894,83374.005,-0.4798,-1.9191,-3.3584
7219,BTCUSDT,SELL,1791378897813,83377.095,-1.2437,-1.2437,-2.7478
7220,BTCUSDT,SELL,1791378898129,83378.005,-1.1346,-0.0012,-2.6386
7221,ETHUSDT,SELL,1791378899697,2561.145,-1.4447,-0.7809,-5.4273
7222,ETHUSDT,BUY,1791378900270,2561.585,-0.0781,-1.1711,3.7086
7223,ETHUSDT,SELL,1791378901603,2561.565,-1.2102,2.0300,-1.8348
7224,BTCUSDT,SELL,1791378901756,83387.465,-0.3046,1.1333,-0.3046
7225,ETHUSDT,BUY,1791378905970,2561.7349999999997,-0.5855,-1.4443,1.6395
7226,BTCUSDT,BUY,1791378907702,83390.005,-1.4378,-0.6428,0.0000
7227,ETHUSDT,SELL,1791378914993,2561.045,-1.2495,-2.2647,-5.9351
7228,ETHUSDT,SELL,1791378916993,2561.885,0.7807,-0.0000,-3.9424
7230,BTCUSDT,BUY,1791378917164,83404.005,-2.3212,-2.6522,-0.9592
7229,ETHUSDT,BUY,1791378917157,2562.135,-1.7563,-0.6245,2.9663
7231,ETHUSDT,BUY,1791378917714,2561.685,0.0000,1.2882,4.7235
7232,BTCUSDT,BUY,1791378919265,83380.005,-0.2399,0.5565,2.8724
7233,BTCUSDT,SELL,1791378927113,83379.955,-0.2315,-0.5625,-2.8784
7234,ETHUSDT,SELL,1791378928584,2562.2650000000003,-1.1318,0.6635,-1.4831
7235,ETHUSDT,BUY,1791378930366,2562.5550000000003,-1.7561,-1.7561,0.3512
7236,BTCUSDT,SELL,1791378947505,83384.64499999999,-2.3170,-1.8421,-3.4659
7237,BTCUSDT,BUY,1791378959025,83400.005,-0.2398,-1.1990,1.6235
7238,BTCUSDT,BUY,1791378960709,83393.35500000001,-0.4017,0.2266,2.9559
7239,ETHUSDT,SELL,1791378964648,2562.1549999999997,-0.0000,-1.5612,-6.4009
7240,ETHUSDT,SELL,1791378974752,2562.565,-0.0000,-0.6634,-4.7218
7241,ETHUSDT,SELL,1791378976273,2562.565,-1.2878,-0.6634,-4.7218
7242,BTCUSDT,SELL,1791378976302,83395.245,-0.0911,-1.0444,-3.6885
7243,BTCUSDT,SELL,1791378978792,83399.57500000001,-0.5252,-0.5252,-3.1691
7244,ETHUSDT,BUY,1791378986345,2562.7349999999997,-0.3512,-0.7024,6.6726
7245,BTCUSDT,SELL,1791378991464,83403.955,-0.9652,-1.1498,-3.4579
7246,BTCUSDT,SELL,1791378997484,83412.005,-0.4795,-0.1846,-2.3977
7247,ETHUSDT,SELL,1791378997505,2562.5600000000004,-0.2537,0.0585,-6.8876
7248,BTCUSDT,BUY,1791378999586,83416.005,-0.2949,-0.2949,1.9181
7249,BTCUSDT,SELL,1791379000165,83410.005,-0.4244,-0.4244,-2.6376
7250,ETHUSDT,SELL,1791379010221,2562.565,-1.4048,-4.7999,-6.7901
7251,BTCUSDT,SELL,1791379019908,83413.545,-0.5347,-1.4938,-3.8039
7252,ETHUSDT,SELL,1791379039074,2564.005,-0.4290,-4.7582,-0.8970
7253,ETHUSDT,SELL,1791379041394,2564.115,-0.5850,-2.1060,-0.4680
7254,ETHUSDT,SELL,1791379041903,2564.145,-2.2230,-1.6770,-0.3510
7255,ETHUSDT,SELL,1791379042398,2564.2650000000003,-1.7549,-0.2340,0.1170
7256,ETHUSDT,SELL,1791379046628,2564.4449999999997,-3.5095,0.4679,0.7799
7257,BTCUSDT,SELL,1791379046651,83427.985,-1.6805,-0.4819,-7.3956
7258,BTCUSDT,SELL,1791379046970,83434.015,-0.9576,0.2409,-6.6723
7259,ETHUSDT,SELL,1791379046988,2565.075,-1.0526,2.9239,3.2358
7260,ETHUSDT,BUY,1791379048736,2565.3450000000003,-0.4678,-3.9761,-4.9116
7261,ETHUSDT,BUY,1791379050190,2565.215,-2.1831,-4.6390,-5.3407
7262,BTCUSDT,BUY,1791379050458,83442.005,-1.1038,-1.1984,5.7141
7263,ETHUSDT,BUY,1791379050461,2564.885,-0.8967,-3.3530,-4.0548
7264,ETHUSDT,BUY,1791379060094,2564.025,0.0000,1.0920,-1.7941
7265,BTCUSDT,SELL,1791379065557,83426.725,-0.6329,-2.0713,-6.6262
7266,BTCUSDT,SELL,1791379070103,83432.015,-1.4371,-3.0732,-5.9917
7267,BTCUSDT,SELL,1791379079901,83444.01000000001,-1.6352,-2.3950,-4.5534
7268,ETHUSDT,SELL,1791379084974,2564.525,-2.1446,1.1308,7.7207
7269,BTCUSDT,SELL,1791379086287,83460.005,-0.4781,-0.0300,-0.0300
7270,ETHUSDT,BUY,1791379088104,2564.435,0.0000,-0.7799,-9.2808
7271,ETHUSDT,BUY,1791379093680,2564.435,-0.7799,-0.7799,-11.6985
7272,BTCUSDT,BUY,1791379093705,83463.985,-0.4769,1.9194,-2.1518
7275,BTCUSDT,SELL,1791379100503,83460.255,-0.7333,-3.5262,1.7074
7276,ETHUSDT,BUY,1791379113548,2563.8050000000003,-2.1843,-1.3262,-7.8009
7277,BTCUSDT,BUY,1791379113845,83488.005,-0.4791,-0.7187,-4.1850
7278,ETHUSDT,SELL,1791379125115,2563.475,-1.3653,-1.3653,11.4688
7279,BTCUSDT,SELL,1791379135555,83482.015,-0.9188,1.6782,6.2301
7280,ETHUSDT,BUY,1791379138797,2563.7349999999997,-1.0532,-6.5529,-11.8187
7281,ETHUSDT,BUY,1791379140158,2563.465,-1.9505,-6.3586,-10.7667
7282,BTCUSDT,BUY,1791379150089,83452.14499999999,-0.4961,-0.7358,-1.5338
7283,ETHUSDT,BUY,1791379150090,2561.965,-2.0687,-2.6932,-4.9181
7284,BTCUSDT,BUY,1791379155444,83446.025,-0.9611,-0.0024,0.2361
7285,ETHUSDT,SELL,1791379156656,2560.7650000000003,-0.7420,-3.3193,-1.9525
7286,ETHUSDT,BUY,1791379157893,2560.955,0.1952,3.8267,3.0457
7287,ETHUSDT,SELL,1791379158174,2560.865,-1.6010,-4.1783,-3.3973
7288,ETHUSDT,SELL,1791379167593,2561.775,-0.6246,-0.1171,-3.3570
7289,ETHUSDT,BUY,1791379169372,2561.935,-1.4833,-3.5910,2.8494
7290,ETHUSDT,BUY,1791379170153,2561.8050000000003,-0.9759,-3.3570,3.3570
7291,BTCUSDT,BUY,1791379180507,83452.42499999999,-0.1366,-2.5643,3.0556
7292,ETHUSDT,BUY,1791379180704,2560.825,-0.7029,-2.9287,6.1699
7293,BTCUSDT,BUY,1791379186598,83446.005,-1.7952,-1.9174,3.1158
7294,ETHUSDT,BUY,1791379187208,2560.3450000000003,-1.0155,1.0155,4.9603
7295,BTCUSDT,SELL,1791379197637,83430.005,-1.1195,-1.1195,1.2729
7296,ETHUSDT,SELL,1791379197641,2560.615,-0.3515,-0.3515,-2.7728
7298,BTCUSDT,SELL,1791379211575,83439.345,-1.0367,-1.5664,3.9957
7297,ETHUSDT,SELL,1791379211571,2560.705,-2.1869,-4.0223,1.0153
7299,ETHUSDT,SELL,1791379216940,2561.275,-1.7960,-1.7960,1.4446
7300,ETHUSDT,BUY,1791379240788,2562.4049999999997,-0.3903,-6.9856,-7.1027
7301,ETHUSDT,BUY,1791379245998,2561.7349999999997,-0.4684,-1.6005,-2.7325
7302,BTCUSDT,BUY,1791379246938,83471.32500000001,-4.9502,-6.2225,-8.0027
7303,ETHUSDT,BUY,1791379248248,2560.875,-1.0153,1.7572,0.6248
7304,BTCUSDT,BUY,1791379248967,83425.995,-0.7923,-0.7923,-2.5735
7305,ETHUSDT,SELL,1791379252552,2560.7650000000003,-0.8201,-2.1868,-1.0544
7306,BTCUSDT,BUY,1791379267270,83419.38,-1.1238,-1.6033,-1.7808
7307,BTCUSDT,BUY,1791379269674,83410.0,-0.4790,-0.3207,-0.3231
7308,BTCUSDT,SELL,1791379279383,83406.005,-0.1583,-0.1583,0.1774
7309,BTCUSDT,SELL,1791379329834,83407.305,-0.3237,0.3333,3.2719
7310,ETHUSDT,SELL,1791379330588,2562.395,-1.0147,4.3319,3.7465
7311,BTCUSDT,BUY,1791379335291,83410.005,-0.6570,-0.6570,-1.9194
7312,ETHUSDT,BUY,1791379339516,2561.635,-1.3663,-2.6155,-0.8198
7313,ETHUSDT,BUY,1791379340466,2561.3050000000003,-0.1171,-1.3274,0.4685
7314,BTCUSDT,BUY,1791379349033,83404.525,-0.5419,-1.2613,-1.7409
7316,BTCUSDT,BUY,1791379352976,83400.005,-0.7194,-2.3981,-2.1583
7315,ETHUSDT,BUY,1791379352969,2560.705,-0.8591,-1.6792,1.3668
7317,ETHUSDT,BUY,1791379359129,2560.4849999999997,-0.8202,-0.1562,2.2261
7318,ETHUSDT,BUY,1791379359304,2560.355,-0.3125,0.3515,2.7340
7319,ETHUSDT,SELL,1791379367823,2560.275,-0.6640,-2.7731,-2.9294
7320,ETHUSDT,BUY,1791379378927,2560.9849999999997,-0.6638,-0.2733,0.1562
7321,BTCUSDT,SELL,1791379390140,83380.015,-0.4785,-1.6767,-1.1981
7322,BTCUSDT,SELL,1791379393886,83391.88500000001,-0.2530,-0.2542,0.2254
7323,ETHUSDT,SELL,1791379400740,2561.425,-2.3034,1.4055,0.5466
7324,ETHUSDT,BUY,1791379404109,2562.0150000000003,-1.5613,-3.7471,-5.1912
7325,ETHUSDT,BUY,1791379405595,2561.605,-0.6636,-2.1471,-3.5915
7326,BTCUSDT,SELL,1791379435446,83382.005,-0.9247,-1.4392,4.7972
7327,BTCUSDT,SELL,1791379437285,83389.715,-0.5145,-0.5145,6.6807
7328,ETHUSDT,BUY,1791379445970,2561.385,-1.4055,-0.3904,-11.5953
7329,BTCUSDT,BUY,1791379448033,83392.66500000001,-0.1607,-0.3190,-12.0118
7330,BTCUSDT,BUY,1791379448330,83392.0,-0.0809,-0.2392,-11.4585
7331,ETHUSDT,BUY,1791379448368,2560.825,-0.4295,1.7963,-8.0052
7332,BTCUSDT,BUY,1791379450135,83390.535,-0.0636,-0.0636,-11.2831
7333,ETHUSDT,SELL,1791379450610,2560.725,-0.6248,-2.1869,8.4351
7334,BTCUSDT,BUY,1791379460298,83390.005,-0.9593,-2.4931,-11.1044
7335,BTCUSDT,BUY,1791379461438,83382.005,-1.5339,-1.5339,-10.1461
7337,BTCUSDT,BUY,1791379461611,83379.005,-1.1742,-1.1742,-8.8499
7336,ETHUSDT,BUY,1791379461601,2560.9049999999997,-0.2343,-1.2496,-5.8183
7338,BTCUSDT,BUY,1791379472948,83369.205,-1.8196,-2.1939,-3.4149
7339,BTCUSDT,BUY,1791379473152,83368.015,-1.6769,-2.0511,-3.2722
7340,BTCUSDT,SELL,1791379503266,83290.85500000001,-1.0986,0.2317,1.0625
7341,ETHUSDT,SELL,1791379503382,2558.1549999999997,-2.0327,-1.2118,-5.8636
7342,ETHUSDT,SELL,1791379564617,2559.6549999999997,-1.2892,0.2344,-11.3297
7343,ETHUSDT,SELL,1791379565110,2559.975,-0.0391,1.4844,-10.0782
7344,BTCUSDT,BUY,1791379569688,83295.815,-0.1609,-3.5056,7.4662
7345,ETHUSDT,BUY,1791379571075,2559.975,-1.5235,0.0000,10.6251
7346,ETHUSDT,SELL,1791379572382,2559.59,-0.0195,-2.5590,-12.1308
7347,BTCUSDT,SELL,1791379582507,83272.005,-0.2414,-7.8634,-10.3276
7348,ETHUSDT,SELL,1791379584841,2560.615,-0.9373,-5.8189,-9.5680
7349,BTCUSDT,BUY,1791379586160,83292.005,0.0000,5.4603,7.9239
7350,BTCUSDT,SELL,1791379589046,83306.14499999999,-2.6241,-5.2637,-3.1042
7351,ETHUSDT,SELL,1791379589374,2561.6549999999997,-1.7567,-4.0989,-2.0299
7352,BTCUSDT,SELL,1791379590387,83328.005,-1.1377,-2.6390,-0.4800
7353,ETHUSDT,SELL,1791379591443,2562.105,-0.0000,-2.3418,-0.2732
7354,BTCUSDT,BUY,1791379606708,83349.98999999999,-0.9580,-0.7181,-4.5573
7355,BTCUSDT,BUY,1791379608102,83342.005,-0.2400,0.9587,-3.5996
7356,BTCUSDT,SELL,1791379612102,83340.005,-0.2376,-2.1598,3.3597
7357,BTCUSDT,SELL,1791379617951,83344.005,-1.9150,-1.6798,7.4966
7358,BTCUSDT,SELL,1791379618228,83349.995,-1.1962,-0.9610,8.2148
7359,BTCUSDT,SELL,1791379618767,83359.32500000001,-0.0768,0.1584,9.3115
7360,BTCUSDT,BUY,1791379620733,83359.965,-0.2351,-0.2351,-8.7500
7361,BTCUSDT,BUY,1791379638081,83352.005,-0.9598,-2.3995,-4.0791
7362,BTCUSDT,SELL,1791379639717,83344.005,-1.3162,1.4398,3.5995
7363,BTCUSDT,SELL,1791379641672,83356.005,-0.2399,2.8792,5.0386
7364,ETHUSDT,SELL,1791379652481,2562.175,-0.9367,1.8734,6.6350
7365,BTCUSDT,BUY,1791379658216,83336.005,-0.7200,-2.8799,-6.5038
7366,BTCUSDT,BUY,1791379658866,83334.005,-0.4800,-2.6400,-6.2639
7367,ETHUSDT,BUY,1791379658882,2562.4049999999997,-0.6244,0.0000,-7.7661
7368,BTCUSDT,BUY,1791379660155,83330.005,-1.9201,-2.1601,-5.7842
7369,BTCUSDT,BUY,1791379660332,83328.005,-1.6801,-1.9201,-5.5444
7370,ETHUSDT,BUY,1791379660339,2562.065,-1.4441,1.3271,-6.4401
7371,ETHUSDT,BUY,1791379661314,2561.8050000000003,-0.4294,2.3421,-7.6509
7372,ETHUSDT,BUY,1791379663199,2561.6949999999997,-0.1952,2.7716,-5.1138
7373,ETHUSDT,SELL,1791379664809,2561.645,-0.6246,-1.9128,4.9187
7374,BTCUSDT,SELL,1791379665146,83306.005,-0.2401,2.9386,2.9050
7375,ETHUSDT,SELL,1791379666023,2561.8050000000003,-1.6785,-0.0390,4.5281
7376,ETHUSDT,SELL,1791379668382,2562.2349999999997,-0.6635,1.6392,5.7762
7377,BTCUSDT,BUY,1791379673873,83302.005,-1.6818,-1.4405,-1.6530
7378,ETHUSDT,BUY,1791379674725,2562.295,-1.8733,-1.7562,-8.1568
7379,ETHUSDT,BUY,1791379680977,2561.795,-1.7566,-0.2342,-4.0597
7380,ETHUSDT,BUY,1791379681819,2561.3450000000003,1.9521,1.5226,-1.3665
7381,BTCUSDT,SELL,1791379683195,83280.67499999999,-1.1203,-5.9233,-3.5218
7382,BTCUSDT,SELL,1791379683838,83288.005,-0.2401,-5.0427,-3.6020
7383,ETHUSDT,SELL,1791379686099,2561.8450000000003,-2.4982,-1.7565,-0.1561
7384,BTCUSDT,SELL,1791379686595,83292.005,-0.9593,-3.8419,-4.9597
7385,BTCUSDT,SELL,1791379686862,83294.005,-0.7191,-3.1215,-4.7194
7386,ETHUSDT,BUY,1791379687624,2562.185,0.0000,0.4293,-1.1709
7387,BTCUSDT,SELL,1791379690577,83299.995,-1.4418,-1.6819,-4.0000
7388,BTCUSDT,SELL,1791379692561,83312.005,-2.1606,1.4404,-2.5579
7389,ETHUSDT,BUY,1791379693408,2562.5150000000003,-0.2732,-5.3073,-2.6536
7390,ETHUSDT,BUY,1791379694406,2562.5150000000003,-0.8585,-5.3073,-2.6536
7391,ETHUSDT,BUY,1791379698747,2562.0550000000003,-2.5761,-6.6353,0.3903
7392,BTCUSDT,BUY,1791379699058,83316.005,-0.2400,-3.1194,2.0776
7395,BTCUSDT,BUY,1791379701827,83314.005,-1.6804,-2.8795,2.8807
7396,BTCUSDT,BUY,1791379702110,83300.785,-0.0936,-1.2929,4.4681
7397,ETHUSDT,BUY,1791379703152,2561.215,-0.2343,-2.8893,2.9283
7398,BTCUSDT,BUY,1791379706075,83296.005,-0.7191,-1.7048,5.9823
7399,BTCUSDT,BUY,1791379714567,83290.015,-0.9857,-0.9857,6.7019
7400,ETHUSDT,BUY,1791379714577,2560.465,-0.1953,-0.3124,5.2725
7401,ETHUSDT,BUY,1791379720573,2560.415,-2.2262,-2.2262,5.3507
7402,ETHUSDT,BUY,1791379720985,2559.8450000000003,1.0157,0.0000,7.5786
7403,ETHUSDT,SELL,1791379722178,2560.105,-1.0937,1.0156,-6.5622
7404,ETHUSDT,SELL,1791379725864,2560.385,-1.4842,0.7030,-5.4679
7405,ETHUSDT,SELL,1791379726801,2560.665,-0.3515,1.7964,-3.5928
7406,BTCUSDT,SELL,1791379726837,83283.66500000001,-0.0408,-0.7613,-5.0838
7407,ETHUSDT,BUY,1791379727080,2560.915,-0.6248,-2.7724,2.6163
7408,ETHUSDT,BUY,1791379728820,2560.755,-1.9135,-2.1478,2.8507
7409,ETHUSDT,BUY,1791379729529,2560.385,-2.1091,-0.7030,4.2962
7410,ETHUSDT,BUY,1791379730078,2560.2650000000003,-1.6405,0.4687,4.7651
7411,ETHUSDT,SELL,1791379733357,2559.8450000000003,-1.4063,-5.5863,-6.4066
7412,BTCUSDT,SELL,1791379733424,83282.005,-0.9606,-3.3621,-5.2833
7413,BTCUSDT,SELL,1791379734228,83288.235,-0.2125,-3.5743,-4.5349
7414,ETHUSDT,SELL,1791379740561,2560.385,-2.0700,-4.4134,-4.9211
7415,ETHUSDT,SELL,1791379740864,2560.565,-1.6793,-4.9598,-4.5303
7416,BTCUSDT,SELL,1791379741138,83299.995,-1.2017,-4.0000,-3.1224
7417,ETHUSDT,SELL,1791379743817,2561.275,-1.4836,-2.1864,-1.7960
7418,BTCUSDT,SELL,1791379744342,83318.005,-1.8375,-1.8375,-2.1604
7419,ETHUSDT,SELL,1791379744848,2561.6549999999997,-0.8979,-0.7027,2.0299
7420,ETHUSDT,SELL,1791379745141,2561.675,-0.8198,-1.8738,2.6155
7421,ETHUSDT,BUY,1791379759745,2562.035,-0.1171,-1.4832,6.7915
7422,BTCUSDT,SELL,1791379760088,83333.315,-0.5628,-1.5024,-3.2016
7423,ETHUSDT,BUY,1791379768289,2561.965,-1.2100,-0.7026,12.4123
7424,BTCUSDT,BUY,1791379777375,83345.83499999999,-0.9131,-2.3792,6.4994
7425,ETHUSDT,BUY,1791379777429,2561.815,-0.1171,-0.9368,13.5060
7426,BTCUSDT,BUY,1791379777654,83339.045,-0.0984,-1.5647,6.2864
7427,BTCUSDT,BUY,1791379786450,83328.005,-0.2400,-0.2400,2.7734
7428,ETHUSDT,BUY,1791379787172,2561.585,-0.3904,0.2342,9.4863
7429,ETHUSDT,BUY,1791379797111,2561.725,-0.3123,-9.6029,11.3595
7430,ETHUSDT,BUY,1791379797691,2561.645,0.0000,-7.4561,11.3989
7431,ETHUSDT,SELL,1791379800579,2561.645,-1.4053,6.3241,-10.8914
7432,ETHUSDT,SELL,1791379801157,2561.725,-2.2641,6.6362,-10.5788
7433,BTCUSDT,SELL,1791379801178,83326.005,-1.2001,1.6813,-4.8808
7434,ETHUSDT,SELL,1791379802069,2562.005,-1.1710,5.6596,-9.4848
7435,ETHUSDT,BUY,1791379803087,2562.3050000000003,-2.3026,-3.5905,8.3128
7436,ETHUSDT,BUY,1791379803950,2561.7349999999997,-2.3422,0.1952,10.5397
7437,ETHUSDT,BUY,1791379805052,2561.135,-5.4663,2.5379,13.1192
7438,ETHUSDT,BUY,1791379805513,2560.795,-5.2327,3.8660,13.3943
7439,BTCUSDT,BUY,1791379805567,83332.005,-2.6400,0.5652,4.7257
7440,BTCUSDT,BUY,1791379806642,83310.005,-0.0912,3.8411,7.3677
7441,ETHUSDT,BUY,1791379806828,2559.455,0.7033,12.7371,18.5977
7442,ETHUSDT,SELL,1791379807199,2559.2650000000003,-1.4457,-13.4804,-19.8885
7443,ETHUSDT,SELL,1791379808511,2559.635,-1.8753,-14.5724,-21.2530
7444,BTCUSDT,SELL,1791379809493,83310.005,-0.2389,-5.9969,-11.3048
7445,ETHUSDT,SELL,1791379811757,2560.475,-2.5386,-13.7084,-15.8564
7446,BTCUSDT,SELL,1791379812306,83316.005,-1.5615,-7.9204,-9.6020
7447,ETHUSDT,SELL,1791379813406,2561.385,-1.5617,-9.0576,-12.2980
7448,BTCUSDT,SELL,1791379815185,83334.005,-0.4800,-5.7588,-6.4799
7449,BTCUSDT,SELL,1791379816522,83338.005,-2.1923,-5.2785,-6.9572
7450,ETHUSDT,SELL,1791379816559,2561.785,-5.0356,-8.4707,-13.1159
7451,BTCUSDT,SELL,1791379817191,83355.265,-0.1212,-3.2068,-4.8875
7452,ETHUSDT,SELL,1791379817294,2562.715,-2.5364,-5.3849,-9.4821
7453,BTCUSDT,SELL,1791379820429,83374.005,-0.9583,-3.1173,-5.7584
7454,BTCUSDT,BUY,1791379833428,83400.005,-0.4796,-5.1091,4.3213
7455,BTCUSDT,BUY,1791379835089,83396.005,0.4796,-4.6297,0.8921
7456,BTCUSDT,SELL,1791379835479,83394.005,-0.7195,5.1395,-1.1320
7457,BTCUSDT,BUY,1791379840223,83391.435,-5.6876,-8.8055,-1.1356
7458,BTCUSDT,BUY,1791379845399,83357.39499999999,-0.7534,-2.0862,1.0329
7459,BTCUSDT,SELL,1791379853400,83318.005,-1.9180,-5.8415,-5.8931
7460,BTCUSDT,SELL,1791379864430,83366.67499999999,-0.5650,-2.5586,-3.5182
7461,BTCUSDT,SELL,1791379866688,83371.38500000001,-1.9035,-2.9507,-4.0565
7462,BTCUSDT,BUY,1791379870692,83402.07500000001,-0.7278,2.3908,-0.4880
7463,BTCUSDT,BUY,1791379871409,83400.005,-0.4796,2.6391,-0.7194
7464,BTCUSDT,BUY,1791379874307,83390.005,-0.2398,8.2936,0.4797
7465,BTCUSDT,SELL,1791379877334,83396.005,-2.8023,-7.5735,0.2398
7466,ETHUSDT,SELL,1791379877459,2565.145,-2.4560,-9.5901,-6.0036
7467,BTCUSDT,SELL,1791379877929,83411.455,-1.0238,-5.7198,2.0920
7468,ETHUSDT,SELL,1791379878155,2565.59,-0.7211,-6.6067,-4.2680
7469,BTCUSDT,SELL,1791379878458,83419.375,-0.0743,-4.7699,3.0413
7470,BTCUSDT,SELL,1791379879460,83419.995,-0.2421,-5.8235,3.1156
7471,BTCUSDT,SELL,1791379881850,83431.845,-1.3868,-5.0532,2.9641
7472,BTCUSDT,SELL,1791379882738,83437.32500000001,-0.8006,-1.3687,1.1170
7473,ETHUSDT,SELL,1791379883796,2567.0150000000003,-0.4285,3.0385,-3.1944
7474,BTCUSDT,SELL,1791379889088,83459.16500000001,-2.0178,9.2500,3.2543
7475,BTCUSDT,BUY,1791379891734,83479.705,-3.7087,-14.4191,-5.7140
7476,ETHUSDT,BUY,1791379892150,2567.0150000000003,-1.0908,-3.7398,-1.5582
7477,BTCUSDT,BUY,1791379893134,83448.745,-2.4099,-10.1535,-2.0060
7478,BTCUSDT,BUY,1791379894148,83428.63500000001,-3.0193,-7.7455,0.4039
7479,BTCUSDT,BUY,1791379898249,83390.005,-0.9641,-4.3974,8.7876
7480,BTCUSDT,SELL,1791379898790,83377.66500000001,-0.5157,2.9180,-10.2689
7481,BTCUSDT,BUY,1791379900885,83381.965,-2.7140,-4.3307,10.2876
7482,BTCUSDT,SELL,1791379920939,83382.005,-1.9189,-1.9189,-3.9649
7483,ETHUSDT,BUY,1791379948722,2567.6549999999997,-2.4925,0.7400,-4.2451
7484,ETHUSDT,SELL,1791379952874,2566.605,-2.1819,-2.7663,0.1558
7485,ETHUSDT,SELL,1791379958822,2567.8450000000003,-0.8567,2.1808,2.0640
7486,ETHUSDT,BUY,1791379959735,2568.115,0.0000,-3.2319,-3.1151
7487,BTCUSDT,BUY,1791379959930,83469.08499999999,-0.1605,-1.3274,-2.3230
7488,BTCUSDT,BUY,1791379961122,83467.745,-0.2085,-1.1669,-1.8798
7489,ETHUSDT,BUY,1791379961128,2568.105,-0.3894,-3.1930,-1.1682
7490,ETHUSDT,BUY,1791379961333,2568.005,-4.6145,-2.8037,-0.7788
7491,BTCUSDT,BUY,1791379962227,83466.005,-1.3886,-0.9585,-1.6713
7492,BTCUSDT,BUY,1791379962518,83456.005,-0.1905,0.2396,-0.4733
7493,BTCUSDT,SELL,1791379964403,83454.41500000001,-1.5949,1.1899,-0.3882
7494,ETHUSDT,SELL,1791379964628,2567.575,-1.1684,4.3231,0.7011
7495,ETHUSDT,BUY,1791379966004,2567.875,-1.6356,-5.4909,-1.8692
7496,BTCUSDT,BUY,1791379966027,83467.725,-1.1645,-5.9568,-1.2065
7497,BTCUSDT,BUY,1791379966645,83461.08499999999,-0.3690,-5.1617,0.2025
7498,ETHUSDT,BUY,1791379974010,2567.285,-3.4667,-3.0382,1.2854
7499,ETHUSDT,BUY,1791379974355,2567.105,-2.4931,-2.3373,1.3244
7500,ETHUSDT,SELL,1791379975040,2566.395,-0.2728,-0.4286,-4.0913
7501,ETHUSDT,SELL,1791379977798,2566.475,-0.0000,-0.1169,-3.7405
7502,ETHUSDT,SELL,1791379978945,2566.4849999999997,-0.1169,-0.0779,-3.7016
7504,BTCUSDT,BUY,1791379980766,83420.005,-2.0619,0.4795,3.3985
7503,ETHUSDT,BUY,1791379980762,2566.5150000000003,-1.5196,2.1040,1.4027
7505,ETHUSDT,BUY,1791379981273,2566.3050000000003,-0.6624,1.9483,2.2211
7507,BTCUSDT,SELL,1791379989246,83406.535,-2.0946,-0.6558,-1.3752
7506,ETHUSDT,SELL,1791379989246,2566.505,-2.1430,1.5585,1.9092
7508,ETHUSDT,BUY,1791379991702,2566.8050000000003,-2.8050,0.0779,-7.7139
7509,BTCUSDT,BUY,1791379991911,83416.07500000001,-1.4470,0.5431,-1.4470
7510,BTCUSDT,SELL,1791379994845,83408.005,-1.3032,-0.4928,0.7194
7511,BTCUSDT,SELL,1791379995644,83414.85500000001,-0.8572,0.3285,1.5405
7512,ETHUSDT,SELL,1791379996588,2566.465,-1.4027,-2.4158,4.0912
7513,BTCUSDT,SELL,1791379996603,83418.875,-0.6941,-0.7480,2.0223
7514,BTCUSDT,BUY,1791379998395,83424.66500000001,-1.5175,0.0539,-2.7162
7515,ETHUSDT,BUY,1791379998939,2566.315,-0.8183,0.9742,-6.1957
7516,BTCUSDT,SELL,1791380001424,83416.36499999999,-0.9159,-1.4985,1.7215
7517,BTCUSDT,SELL,1791380002180,83420.60500000001,-0.4076,-0.9902,2.2297
7518,ETHUSDT,BUY,1791380003783,2566.825,-1.3636,0.8181,-10.0124
7519,BTCUSDT,BUY,1791380003857,83424.005,-1.4252,0.4999,-2.8769
7520,ETHUSDT,BUY,1791380007092,2567.085,-1.2855,0.1948,-12.4655
7521,ETHUSDT,BUY,1791380008250,2566.755,-0.7402,1.4805,-13.0905
7522,BTCUSDT,SELL,1791380013621,83424.33499999999,-0.4603,-3.3228,5.5535
7523,ETHUSDT,BUY,1791380015029,2567.035,-0.3116,1.4024,-15.1537
7524,ETHUSDT,SELL,1791380015740,2566.475,-2.5716,-3.5847,12.2736
7525,BTCUSDT,SELL,1791380016400,83429.685,-1.5618,-3.9662,5.9811
7526,ETHUSDT,SELL,1791380016560,2566.955,-0.7012,-1.7141,14.0634
7527,ETHUSDT,BUY,1791380021412,2567.8050000000003,-1.5967,-1.5578,-14.4871
7528,BTCUSDT,SELL,1791380024156,83452.055,-0.6710,-1.1444,7.4354
7529,ETHUSDT,SELL,1791380028454,2567.4049999999997,-0.0000,-0.1168,21.3835
7530,BTCUSDT,SELL,1791380031961,83462.775,-0.5955,4.6452,10.3963
7531,ETHUSDT,BUY,1791380032835,2567.9449999999997,-0.6231,-5.7634,-21.1453
7532,BTCUSDT,BUY,1791380033832,83467.745,-0.8962,-5.2403,-10.9911
7533,BTCUSDT,BUY,1791380034280,83461.60500000001,-0.1917,-4.2654,-10.2562
7534,ETHUSDT,BUY,1791380034311,2567.505,-0.2337,-4.0506,-20.1752
7535,ETHUSDT,BUY,1791380039956,2567.435,-2.1812,-7.2446,-25.6676
7536,BTCUSDT,BUY,1791380040003,83453.005,-0.5572,-4.9129,-14.3350
7537,ETHUSDT,BUY,1791380040499,2567.075,-2.0257,-8.7648,-24.6584
7538,BTCUSDT,BUY,1791380040503,83450.745,-1.8502,-5.6009,-14.4684
7539,ETHUSDT,SELL,1791380042036,2566.335,-0.5066,5.8839,20.3403
7540,BTCUSDT,SELL,1791380044101,83424.005,-0.2397,1.9179,12.9459
7541,ETHUSDT,BUY,1791380048696,2566.135,-1.1691,-4.6373,-23.2256
7542,ETHUSDT,BUY,1791380048850,2566.115,-2.1043,-5.4167,-22.9140
7543,ETHUSDT,BUY,1791380049608,2566.0150000000003,-4.6375,-5.3000,-22.2524
7545,BTCUSDT,BUY,1791380050037,83412.005,-0.9591,-1.1989,-14.8660
7544,ETHUSDT,BUY,1791380050020,2565.575,-2.9233,-3.5859,-20.5412
7546,ETHUSDT,SELL,1791380052111,2564.825,-2.7292,0.6628,17.0382
7547,ETHUSDT,SELL,1791380056043,2565.035,-1.4815,3.5087,18.2454
7548,ETHUSDT,BUY,1791380059111,2564.725,-0.2729,-5.1857,-17.9356
7549,BTCUSDT,BUY,1791380063046,83402.005,-0.2398,-2.8776,-16.8821
7550,ETHUSDT,BUY,1791380066060,2564.135,-0.9750,-3.1590,-20.0847
7551,BTCUSDT,SELL,1791380067899,83388.465,-0.9018,0.0552,18.0816
7552,BTCUSDT,BUY,1791380070318,83399.985,-2.4221,-0.4772,-14.5971
7553,ETHUSDT,SELL,1791380074075,2562.835,-1.2096,-0.3512,12.9154
7554,BTCUSDT,SELL,1791380075241,83378.005,-0.2135,1.3277,12.4445
7555,ETHUSDT,SELL,1791380076113,2563.325,-1.7165,6.0078,15.7218
7556,BTCUSDT,SELL,1791380076937,83379.785,-0.9859,1.6527,13.1279
7557,ETHUSDT,SELL,1791380076959,2563.375,-1.5214,6.3588,16.8528
7558,ETHUSDT,SELL,1791380080858,2563.7650000000003,-1.2482,4.7196,14.0809
7559,BTCUSDT,SELL,1791380081402,83396.005,-0.9988,2.3982,11.0413
7560,ETHUSDT,BUY,1791380082396,2564.085,-1.0530,-5.9280,-12.8311
7561,ETHUSDT,BUY,1791380083090,2563.895,-3.7833,-5.3824,-9.8288
7562,ETHUSDT,BUY,1791380083539,2563.815,-4.3685,-5.0706,-9.5171
7563,ETHUSDT,BUY,1791380084014,2563.175,-4.2525,-3.3162,-7.7638
7564,BTCUSDT,BUY,1791380085173,83370.005,-0.4798,0.5590,-4.3205
7565,ETHUSDT,SELL,1791380089593,2561.915,-2.4981,2.6933,0.1561
7566,BTCUSDT,SELL,1791380089624,83366.005,-1.1995,3.1188,0.8253
7567,BTCUSDT,SELL,1791380090277,83373.60500000001,-0.2879,4.8253,1.7368
7568,ETHUSDT,SELL,1791380090302,2562.4449999999997,-0.4683,6.2440,1.0927
7569,ETHUSDT,BUY,1791380092830,2562.5550000000003,-0.8975,-7.2974,-1.7170
7570,BTCUSDT,BUY,1791380095115,83376.005,-1.6791,-9.8350,0.4798
7571,BTCUSDT,BUY,1791380098092,83356.005,-1.9195,-8.1578,2.5313
7572,ETHUSDT,BUY,1791380098128,2561.745,-1.8347,-6.1286,2.6935
7573,BTCUSDT,BUY,1791380098588,83344.005,-0.4799,-6.7191,3.9715
7574,BTCUSDT,BUY,1791380099700,83340.005,-1.4399,-6.2395,5.0396
7575,BTCUSDT,BUY,1791380100321,83333.375,-0.6444,-5.4444,5.8920
7576,ETHUSDT,SELL,1791380100976,2560.5950000000003,-2.0308,0.8201,-7.3030
7577,ETHUSDT,SELL,1791380101158,2560.665,-1.7574,-0.1562,-8.0448
7578,ETHUSDT,BUY,1791380102591,2561.115,-1.7570,-1.9132,6.6768
7579,BTCUSDT,BUY,1791380103528,83320.005,-1.6803,-3.1205,8.9690
7580,BTCUSDT,BUY,1791380104611,83306.005,-1.4405,-1.9206,10.6511
7581,ETHUSDT,BUY,1791380104622,2560.005,0.7812,1.9141,10.3515
7582,ETHUSDT,SELL,1791380105270,2559.795,-1.6017,-2.1877,-11.6806
7583,BTCUSDT,BUY,1791380106570,83294.005,-0.7203,-2.1610,12.0057
7584,BTCUSDT,SELL,1791380110889,83288.015,-0.7192,3.1229,-9.8442
7585,BTCUSDT,BUY,1791380114042,83294.005,-0.4802,-3.9379,8.0270
7586,BTCUSDT,BUY,1791380114282,83292.005,-0.2401,-3.6978,8.2673
7587,BTCUSDT,BUY,1791380120272,83270.875,-1.1613,1.0964,9.0224
7588,BTCUSDT,BUY,1791380121149,83262.005,-0.0961,1.4412,9.1927
7589,BTCUSDT,SELL,1791380127845,83233.975,-4.0885,-6.4901,-13.6999
7590,BTCUSDT,BUY,1791380130123,83287.995,-1.6797,1.9126,10.9632
7591,BTCUSDT,BUY,1791380131261,83274.005,-1.3846,3.5930,13.5384
7592,BTCUSDT,BUY,1791380132272,83262.475,-0.0564,6.4291,14.9251
7593,BTCUSDT,BUY,1791380136266,83274.245,0.4515,6.9361,13.9011
7594,BTCUSDT,SELL,1791380136905,83264.015,-2.8800,-8.1656,-14.8912
7595,BTCUSDT,BUY,1791380140105,83308.005,-0.4897,6.1363,8.8827
7596,BTCUSDT,SELL,1791380142804,83322.005,-1.4378,-5.2867,-6.9934
7597,BTCUSDT,SELL,1791380143047,83326.005,-0.3576,-4.8064,-6.5130
7598,BTCUSDT,BUY,1791380146196,83334.005,-0.2400,5.1720,6.4535
7599,BTCUSDT,BUY,1791380147369,83332.005,0.2406,5.4121,6.6937
7600,BTCUSDT,SELL,1791380148367,83334.01000000001,-2.3706,-5.1714,-5.5782
7601,BTCUSDT,SELL,1791380148784,83341.595,-2.1034,-4.2608,-3.9164
7602,BTCUSDT,SELL,1791380149334,83348.005,-1.3342,-4.0793,-2.8795
7603,BTCUSDT,SELL,1791380149552,83353.765,-0.6394,-3.3880,-1.9483
7604,BTCUSDT,SELL,1791380152410,83359.095,-0.8349,-4.5958,1.2512
7605,BTCUSDT,SELL,1791380159120,83377.10500000001,-0.5877,-0.1079,2.2896
7606,BTCUSDT,SELL,1791380160974,83388.005,-1.1273,2.3984,0.0480
7607,BTCUSDT,BUY,1791380162595,83397.405,-0.3202,-5.2052,-1.1751
7608,BTCUSDT,SELL,1791380164735,83394.735,-1.1116,4.2689,1.0468
7609,ETHUSDT,BUY,1791380166101,2562.785,-1.8339,-8.2332,-7.6479
7610,BTCUSDT,BUY,1791380169201,83378.005,-0.6237,-3.8379,-0.4761
7611,BTCUSDT,BUY,1791380170685,83372.805,-2.7347,-3.6943,1.4909
7612,BTCUSDT,SELL,1791380172681,83353.995,-0.8242,0.9586,-3.7479
7613,ETHUSDT,SELL,1791380172952,2561.0550000000003,-0.0000,2.4990,-1.5228
7614,BTCUSDT,BUY,1791380175761,83351.985,-0.2375,-0.7174,5.0413
7615,BTCUSDT,BUY,1791380177014,83350.005,-0.2400,-0.2400,5.2789
7616,ETHUSDT,BUY,1791380177302,2560.525,-1.9527,-1.0935,4.3350
7617,BTCUSDT,BUY,1791380180496,83346.005,-0.8951,4.3865,6.9541
7618,ETHUSDT,SELL,1791380181549,2559.7349999999997,-2.6565,-6.0162,-8.4774
7619,BTCUSDT,BUY,1791380184431,83346.005,-0.2400,5.9139,7.9188
7620,BTCUSDT,SELL,1791380185707,83344.005,-0.4799,-5.7593,-8.8009
7621,ETHUSDT,SELL,1791380186415,2559.755,-1.9142,-6.1725,-11.2901
7622,ETHUSDT,SELL,1791380186856,2559.875,-1.4454,-5.6643,-10.8208
7623,ETHUSDT,SELL,1791380189017,2560.685,-0.7029,-0.9763,-7.6542
7624,BTCUSDT,SELL,1791380189910,83372.88500000001,-1.6624,-1.3338,-5.3339
7625,ETHUSDT,SELL,1791380189921,2560.815,-1.7963,-0.4686,-8.9425
7626,ETHUSDT,BUY,1791380191604,2561.275,1.0542,-1.4446,8.0429
7627,ETHUSDT,SELL,1791380192267,2561.2349999999997,-1.2104,0.7418,-8.1992
7628,BTCUSDT,SELL,1791380192282,83386.745,-1.0253,1.2652,-4.1889
7629,ETHUSDT,BUY,1791380194566,2561.545,-0.2342,-0.5856,6.9880
7630,ETHUSDT,BUY,1791380196048,2561.4849999999997,-0.6246,1.1712,9.7990
7631,BTCUSDT,BUY,1791380196080,83392.005,-0.4797,-0.5060,5.5161
7632,BTCUSDT,BUY,1791380196482,83390.005,-0.7195,-0.2662,5.7561
7633,BTCUSDT,BUY,1791380197166,83388.005,-0.4797,-0.0264,5.9961
7634,BTCUSDT,BUY,1791380200025,83384.005,-1.3336,-1.9188,4.7971
7635,ETHUSDT,BUY,1791380200571,2560.925,-0.0781,-0.5467,8.0049
7636,ETHUSDT,SELL,1791380202086,2560.9049999999997,-1.9134,1.5619,-7.4583
7637,ETHUSDT,SELL,1791380205664,2561.395,-1.5226,3.5137,-2.3815
7638,ETHUSDT,BUY,1791380208049,2561.785,-0.8978,-4.5281,-2.5373
7639,BTCUSDT,BUY,1791380208284,83384.505,-1.4991,-3.4179,-3.4179
7640,BTCUSDT,BUY,1791380209189,83374.225,-1.7439,-1.7451,-2.6651
7641,BTCUSDT,SELL,1791380217541,83348.015,-0.9586,-4.5580,3.9737
7642,BTCUSDT,SELL,1791380219149,83358.015,-1.9182,-1.9734,5.1717
7643,BTCUSDT,SELL,1791380219833,83367.995,-2.3522,-0.7209,6.3682
7644,BTCUSDT,SELL,1791380220174,83374.005,-1.6312,-1.3469,7.1965
7645,ETHUSDT,BUY,1791380223609,2561.285,-0.8980,0.6247,-12.2985
7646,ETHUSDT,BUY,1791380223829,2561.175,-0.4685,1.0542,-11.8696
7647,BTCUSDT,BUY,1791380224530,83387.60500000001,-0.1919,0.0480,-14.2755
7648,ETHUSDT,BUY,1791380225297,2561.0550000000003,0.1171,2.2647,-14.9157
7649,ETHUSDT,SELL,1791380226151,2560.825,-1.0153,-3.1630,14.0580
7650,BTCUSDT,BUY,1791380229186,83374.465,1.2918,4.1236,-18.3689
7651,BTCUSDT,SELL,1791380234788,83388.005,-0.7195,-3.5197,20.6840
7653,BTCUSDT,SELL,1791380238766,83394.005,-1.1943,-2.8000,21.0591
7652,ETHUSDT,SELL,1791380238764,2561.635,0.0390,-3.9428,19.9872
7654,BTCUSDT,SELL,1791380241469,83403.965,-0.7230,-1.6054,21.2916
7655,BTCUSDT,SELL,1791380244436,83412.005,-0.6414,-1.1593,25.0593
7656,ETHUSDT,SELL,1791380249145,2562.6549999999997,-2.1852,-1.8731,27.1203
7657,ETHUSDT,SELL,1791380250118,2563.115,-0.8583,0.5072,27.7787
7658,ETHUSDT,SELL,1791380250678,2563.215,-0.4682,0.9363,28.1678
7659,BTCUSDT,SELL,1791380254852,83421.67499999999,-1.8412,3.7952,24.0561
7660,ETHUSDT,BUY,1791380256339,2563.995,-2.3791,-9.2824,-27.9642
7661,ETHUSDT,BUY,1791380256758,2563.7650000000003,-1.4822,-8.7372,-26.5235
7662,BTCUSDT,BUY,1791380257776,83437.035,-1.0823,-9.7115,-27.0000
7663,BTCUSDT,BUY,1791380259348,83426.475,-0.9409,-8.9264,-28.5845
7664,ETHUSDT,BUY,1791380259888,2563.105,-0.5072,-9.2466,-27.1155
7665,BTCUSDT,BUY,1791380260334,83424.005,-0.7959,-8.6306,-28.2892
7666,ETHUSDT,BUY,1791380260373,2562.9849999999997,-0.0390,-8.7788,-26.6486
7667,BTCUSDT,BUY,1791380260624,83418.005,-0.0767,-7.9120,-27.5720
7668,ETHUSDT,BUY,1791380262920,2562.5550000000003,-0.8585,-7.6486,-24.7019
7669,BTCUSDT,BUY,1791380263592,83400.005,-0.7194,-7.6739,-25.4197
7670,BTCUSDT,BUY,1791380264622,83394.005,-1.1979,-6.9549,-24.7020
7671,BTCUSDT,BUY,1791380265398,83390.015,-2.1597,-6.7970,-24.2247
7672,BTCUSDT,SELL,1791380276695,83314.005,-0.1068,7.9999,17.3416
7673,BTCUSDT,BUY,1791380278690,83320.905,-0.7201,-11.2097,-19.9110
7676,ETHUSDT,SELL,1791380345679,2554.325,-0.6655,-2.6230,-1.2919
7677,ETHUSDT,SELL,1791380346982,2554.495,2.2705,-0.9395,-3.0534
7678,BTCUSDT,BUY,1791380347202,83130.14499999999,-1.2198,-2.3024,3.5920
7679,BTCUSDT,BUY,1791380347860,83124.455,-1.6181,-1.6181,6.1859
7680,ETHUSDT,BUY,1791380348210,2553.915,-2.3102,3.2108,8.8492
7681,BTCUSDT,BUY,1791380348440,83120.005,-1.0828,-1.0828,6.7216
7682,ETHUSDT,BUY,1791380348555,2553.685,0.2741,4.1117,9.7506
7683,ETHUSDT,SELL,1791380349425,2553.535,-3.0154,-4.6994,-10.3386
7684,ETHUSDT,SELL,1791380349965,2553.755,-3.9550,-5.4821,-11.0034
7685,ETHUSDT,SELL,1791380350892,2554.725,-0.7437,-1.9963,-7.2023
7686,ETHUSDT,BUY,1791380352055,2554.915,0.0000,0.6654,7.0452
7687,ETHUSDT,SELL,1791380352734,2554.8450000000003,0.9003,-0.0000,-7.3194
7688,BTCUSDT,SELL,1791380352863,83111.005,-0.2840,-0.0000,-6.4829
7689,BTCUSDT,BUY,1791380353454,83117.41500000001,-0.4873,-1.5003,5.7112
7690,ETHUSDT,BUY,1791380356413,2554.995,-1.0176,-0.6262,4.2270
7691,ETHUSDT,SELL,1791380356696,2554.375,-1.4093,-1.8008,-6.7335
7692,ETHUSDT,SELL,1791380359645,2554.7349999999997,-1.9963,-4.7754,-5.7932
7693,BTCUSDT,SELL,1791380359845,83114.32500000001,0.2394,-1.3054,-3.0368
7694,ETHUSDT,BUY,1791380360477,2555.2650000000003,-0.1174,3.8352,6.8095
7695,ETHUSDT,BUY,1791380362046,2555.225,-1.9176,6.0269,6.9661
7696,BTCUSDT,BUY,1791380363466,83104.945,-0.4741,7.5844,5.5219
7697,BTCUSDT,BUY,1791380364206,83102.595,-0.1913,7.8361,6.7074
7698,ETHUSDT,BUY,1791380364515,2554.635,-1.6049,9.3947,11.1562
7699,ETHUSDT,SELL,1791380366158,2554.635,-1.0960,-7.3983,-11.1562
7700,ETHUSDT,SELL,1791380367060,2554.835,-2.2702,-6.6149,-10.3725
7701,ETHUSDT,SELL,1791380369670,2555.955,-2.2301,0.7434,-4.1081
7702,BTCUSDT,SELL,1791380371228,83151.82500000001,-1.5778,3.3385,0.1179
7703,BTCUSDT,SELL,1791380373387,83164.945,-0.3331,6.3380,1.6954
7704,BTCUSDT,BUY,1791380373869,83176.755,-2.0787,-7.7570,-3.1151
7706,BTCUSDT,BUY,1791380374656,83167.715,-3.1467,-6.3991,-2.0284
7705,ETHUSDT,BUY,1791380374654,2557.035,-1.9945,-8.9166,-0.1173
7707,BTCUSDT,BUY,1791380375365,83151.82500000001,-1.2640,-4.6878,0.7829
7708,BTCUSDT,SELL,1791380377134,83151.815,0.3704,5.0510,2.9260
7709,ETHUSDT,SELL,1791380377292,2557.0950000000003,5.0839,10.3633,3.0112
7710,BTCUSDT,BUY,1791380377592,83157.955,-1.1087,-5.7890,-3.6641
7711,BTCUSDT,SELL,1791380377913,83146.82500000001,-0.2297,4.5750,2.3260
7712,BTCUSDT,SELL,1791380384810,83114.495,0.5631,1.6219,-6.9470
7713,BTCUSDT,BUY,1791380385173,83121.155,-1.3643,-1.8094,6.1452
7714,BTCUSDT,BUY,1791380385437,83112.845,-0.3646,-0.8097,7.1301
7715,BTCUSDT,BUY,1791380389148,83108.785,-0.9349,0.6798,8.9244
7716,BTCUSDT,SELL,1791380395098,83101.015,-0.6137,-2.4187,-11.9108
7717,BTCUSDT,SELL,1791380404003,83114.435,-0.8037,-6.0699,-7.2045
7718,BTCUSDT,SELL,1791380406977,83149.245,-3.2027,1.1642,-0.3524
7719,BTCUSDT,BUY,1791380410750,83175.525,-1.2792,-2.9684,-4.1984
7720,BTCUSDT,SELL,1791380424170,83152.515,-0.6999,0.2008,0.0036
7721,BTCUSDT,BUY,1791380428154,83158.33499999999,-0.9007,-3.7098,-0.7047
7722,BTCUSDT,SELL,1791380434730,83150.845,0.1130,-3.2195,-4.3391
7723,BTCUSDT,BUY,1791380435169,83163.505,-3.2490,1.0497,2.8161
7724,ETHUSDT,BUY,1791380435559,2557.275,-2.4636,3.8713,8.7984
7725,ETHUSDT,BUY,1791380435943,2557.0,-1.3883,4.9472,9.8749
7726,BTCUSDT,BUY,1791380435982,83146.07500000001,-1.7547,3.1306,5.8776
7727,ETHUSDT,BUY,1791380436112,2556.865,-1.4471,5.4755,10.4034
7728,ETHUSDT,SELL,1791380441955,2556.955,-2.5421,-4.6149,-10.5594
7729,ETHUSDT,SELL,1791380442291,2557.225,-1.4860,-3.5585,-9.5025
7730,BTCUSDT,SELL,1791380442700,83149.205,-2.2826,-4.9056,-7.5274
7731,BTCUSDT,SELL,1791380443565,83161.155,-1.9793,-3.4680,-6.6521
7732,BTCUSDT,SELL,1791380443912,83168.19,-0.4864,-2.6218,-5.8057
7733,BTCUSDT,BUY,1791380445208,83172.235,-0.0156,3.3377,4.7564
7734,BTCUSDT,SELL,1791380447130,83189.875,-0.0144,-0.8955,-1.0927
7735,ETHUSDT,BUY,1791380448991,2558.465,-1.2898,1.6416,0.8599
7736,BTCUSDT,BUY,1791380449099,83189.995,-1.4894,1.2009,-1.5350
7737,BTCUSDT,SELL,1791380451198,83179.655,-1.2431,-2.2830,-0.7514
7738,ETHUSDT,SELL,1791380454350,2558.715,-0.6644,2.2668,1.4851
7739,BTCUSDT,BUY,1791380455378,83199.995,-0.3209,-4.3594,-2.5829
7740,BTCUSDT,BUY,1791380461155,83199.975,-1.2007,-7.1358,-4.4700
7741,BTCUSDT,BUY,1791380462238,83189.985,-1.4882,-5.9358,-3.2696
7742,BTCUSDT,BUY,1791380465253,83170.41500000001,-2.1931,-3.5842,-0.9174
7743,BTCUSDT,SELL,1791380475758,83140.60500000001,-2.4116,-1.4277,-6.0344
7744,BTCUSDT,SELL,1791380476157,83149.985,-1.2832,-0.2995,-4.9056
7745,BTCUSDT,SELL,1791380479835,83160.655,-0.7359,-3.6375,-5.2056
7746,BTCUSDT,BUY,1791380483769,83166.775,-1.7182,2.4228,0.7431
7747,BTCUSDT,SELL,1791380488888,83160.61499999999,-3.6423,-4.1282,-2.9281
7748,BTCUSDT,BUY,1791380491833,83196.725,-1.1779,1.8114,-1.5313
7749,BTCUSDT,SELL,1791380495819,83186.92499999999,-2.0195,-1.4473,1.9102
7750,BTCUSDT,BUY,1791380496766,83205.065,-1.2163,-0.7331,-4.0899
7751,BTCUSDT,BUY,1791380497421,83200.025,-0.6106,-0.1274,-3.4844
7752,BTCUSDT,SELL,1791380500687,83194.945,-2.0254,1.6203,5.1506
7753,BTCUSDT,SELL,1791380500946,83198.655,-1.5794,1.8979,5.5962
7754,BTCUSDT,SELL,1791380501447,83206.35500000001,-0.6538,2.4577,6.5211
7755,BTCUSDT,SELL,1791380502928,83211.795,-0.5624,3.1113,7.1745
7756,BTCUSDT,BUY,1791380507833,83198.965,-1.4471,-2.4592,-6.7284
7757,BTCUSDT,BUY,1791380508443,83194.945,-2.6456,-2.9665,-6.2456
7758,ETHUSDT,BUY,1791380508481,2558.8050000000003,-1.0552,-2.5793,-1.0943
7759,ETHUSDT,BUY,1791380509127,2558.685,-0.5862,-2.1105,-0.6253
7760,BTCUSDT,SELL,1791380509404,83170.265,-0.6986,-0.0000,3.2800
7761,ETHUSDT,SELL,1791380510713,2558.605,0.8598,1.9542,0.3127
7762,BTCUSDT,SELL,1791380511090,83182.86499999999,-0.3655,2.4140,4.7919
7763,ETHUSDT,BUY,1791380511299,2559.085,-2.7354,-4.8846,-3.2043
7764,BTCUSDT,BUY,1791380520229,83170.265,-0.8994,1.0124,-3.9028
7765,BTCUSDT,SELL,1791380525264,83162.785,-0.8994,-3.3657,7.4288
7766,ETHUSDT,SELL,1791380525769,2558.435,-1.6807,-2.2670,7.4655
7767,ETHUSDT,SELL,1791380526501,2558.545,-1.2507,-1.8370,7.8951
7768,BTCUSDT,BUY,1791380529929,83190.795,-1.4557,1.5807,-10.9135
7769,ETHUSDT,BUY,1791380531759,2559.185,0.5470,2.6962,-10.3939
7770,BTCUSDT,BUY,1791380531790,83178.685,-0.0216,3.3554,-9.4592
7771,ETHUSDT,SELL,1791380533216,2559.325,1.2113,1.5238,10.9404
7772,BTCUSDT,SELL,1791380533769,83182.375,-1.0098,1.1325,9.9023
7773,ETHUSDT,SELL,1791380533779,2559.415,1.5629,1.8754,10.0414
7774,BTCUSDT,SELL,1791380537300,83190.775,-1.0121,1.5963,10.9111
7775,BTCUSDT,SELL,1791380537717,83195.41500000001,-0.4544,2.1540,11.4682
7776,ETHUSDT,BUY,1791380542190,2559.715,-3.0472,-1.9533,-10.7434
7777,BTCUSDT,BUY,1791380542284,83195.905,-2.7585,-2.0902,-11.5270
7778,ETHUSDT,BUY,1791380542452,2559.315,-1.4848,-0.3907,-9.1821
7779,BTCUSDT,BUY,1791380542497,83185.58499999999,-1.5183,-0.8499,-10.2878
7780,ETHUSDT,SELL,1791380544838,2558.935,-2.2666,-0.8597,6.6043
7781,ETHUSDT,BUY,1791380546992,2559.5150000000003,-0.5470,-1.4065,-8.4782
7782,ETHUSDT,SELL,1791380548519,2559.375,-1.3284,1.2112,9.4164
7783,BTCUSDT,SELL,1791380549252,83184.965,-0.9569,3.9514,8.0832
7784,ETHUSDT,SELL,1791380549798,2559.715,-0.1953,4.5318,10.7434
7785,BTCUSDT,BUY,1791380550945,83192.92499999999,-1.0746,-4.9079,-7.7915
7786,BTCUSDT,BUY,1791380551247,83188.92499999999,-1.2081,-4.4273,-8.2379
7787,ETHUSDT,BUY,1791380551247,2559.7650000000003,-2.1486,-4.7270,-11.6026
7788,ETHUSDT,BUY,1791380551570,2559.375,-0.6252,-2.0708,-10.0806
7789,ETHUSDT,BUY,1791380558075,2559.1549999999997,-2.3445,-3.5168,-9.4562
7790,ETHUSDT,BUY,1791380558768,2559.0550000000003,-1.9538,-2.0711,-9.2222
7791,BTCUSDT,BUY,1791380558986,83159.235,-0.8586,-1.9541,-6.9265
7792,ETHUSDT,SELL,1791380561314,2558.565,-1.0944,1.1725,8.9894
7793,ETHUSDT,BUY,1791380565291,2558.8450000000003,-2.0322,-1.5632,-11.0988
7794,ETHUSDT,SELL,1791380568387,2558.255,-1.0554,-1.0554,8.8341
7795,BTCUSDT,SELL,1791380570529,83142.985,-0.0024,1.7043,5.1694
7796,ETHUSDT,BUY,1791380570867,2558.525,-1.0162,-2.9705,-10.0839
7797,BTCUSDT,SELL,1791380571755,83143.005,-0.2538,4.1507,5.1718
7798,ETHUSDT,SELL,1791380572797,2558.395,-1.6807,6.9966,9.5763
7799,ETHUSDT,BUY,1791380574093,2558.825,-1.4851,-8.9885,-11.2552
7800,ETHUSDT,BUY,1791380577120,2558.775,-0.9770,-9.1450,-9.7312
7801,ETHUSDT,BUY,1791380580220,2558.525,-5.3156,-7.8170,-6.5272
7802,ETHUSDT,BUY,1791380580877,2557.7650000000003,-4.1051,-4.8480,-3.5578
7803,BTCUSDT,BUY,1791380581427,83116.88500000001,-1.0684,-2.0309,-2.0297
7804,BTCUSDT,BUY,1791380582400,83108.495,-0.9012,-1.0216,-1.0204
7805,ETHUSDT,BUY,1791380582445,2556.715,-0.7431,-0.7431,0.5867
7806,BTCUSDT,BUY,1791380583382,83101.025,-0.0024,-0.1227,-0.1215
7807,ETHUSDT,BUY,1791380586859,2556.525,-0.3520,2.5034,1.8384
7808,ETHUSDT,BUY,1791380587232,2556.435,0.0000,2.1906,2.1906
7809,ETHUSDT,SELL,1791380589105,2556.435,-0.3521,-1.2517,-0.9388
7810,ETHUSDT,SELL,1791380595107,2556.8450000000003,-1.5253,-1.5644,4.6542
7811,ETHUSDT,BUY,1791380596714,2557.2349999999997,-0.9385,0.4302,-5.4747
7812,ETHUSDT,SELL,1791380605403,2557.245,-0.4302,1.7597,2.5418
7813,ETHUSDT,BUY,1791380607916,2557.3450000000003,-1.4859,-2.3853,-1.6423
7814,ETHUSDT,SELL,1791380610446,2556.975,0.7040,1.0950,-2.7767
7815,BTCUSDT,BUY,1791380610963,83128.10500000001,-0.9275,-3.3803,0.6676
7816,ETHUSDT,BUY,1791380616098,2556.795,-0.2347,-2.8160,6.9227
7817,BTCUSDT,BUY,1791380616553,83101.63500000001,0.0000,-0.1961,6.3537
7818,ETHUSDT,SELL,1791380616610,2556.585,-0.5867,1.8775,-7.7447
7820,BTCUSDT,BUY,1791380620877,83101.63500000001,-0.1961,-0.1961,5.4199
7819,ETHUSDT,BUY,1791380620858,2556.6949999999997,-1.6819,-2.9335,8.0573
7821,ETHUSDT,BUY,1791380621105,2556.495,-0.8997,-2.1514,8.2144
7822,ETHUSDT,SELL,1791380625796,2556.005,-0.5477,0.2347,-6.2598
7823,ETHUSDT,SELL,1791380627338,2556.1949999999997,0.7824,-0.3521,-5.2030
7824,ETHUSDT,BUY,1791380627443,2556.1949999999997,-0.7824,0.3521,4.4206
7825,ETHUSDT,SELL,1791380636905,2555.95,-2.3670,-4.0885,-2.9148
7826,ETHUSDT,SELL,1791380638233,2556.5550000000003,-1.1343,-1.7211,-2.1122
7827,BTCUSDT,BUY,1791380641308,83113.485,-1.6207,-0.6184,-1.6231
7828,BTCUSDT,SELL,1791380644220,83100.015,-2.4043,1.5584,1.5584
7829,ETHUSDT,SELL,1791380644357,2556.815,-0.7040,4.5369,-1.8773
7830,ETHUSDT,BUY,1791380646396,2557.135,-0.5475,-5.0838,1.6425
7831,ETHUSDT,BUY,1791380648992,2556.995,-2.8549,-1.2515,5.7880
7832,ETHUSDT,BUY,1791380649199,2556.675,-1.6036,0.0000,7.0404
7833,ETHUSDT,BUY,1791380651431,2556.145,-0.5086,2.3473,11.1496
7834,BTCUSDT,BUY,1791380651674,83100.025,-0.0024,3.6955,2.5367
7835,ETHUSDT,SELL,1791380656716,2555.835,-3.2866,-2.9736,-11.7770
7836,ETHUSDT,SELL,1791380657485,2556.575,-0.3911,-1.3690,-8.8791
7837,BTCUSDT,SELL,1791380659424,83119.995,-1.2921,-0.5522,-0.8289
7838,ETHUSDT,SELL,1791380659437,2556.675,-0.2738,-1.2516,-12.1642
7839,ETHUSDT,BUY,1791380659685,2556.925,-0.7040,1.6426,11.1853
7840,ETHUSDT,BUY,1791380664230,2556.675,-0.3129,7.3924,12.1642
7841,BTCUSDT,BUY,1791380666191,83124.58499999999,-0.4596,3.5910,1.1212
7842,ETHUSDT,SELL,1791380666972,2556.605,-1.2517,-7.6664,-12.4384
7843,BTCUSDT,SELL,1791380669208,83120.765,-1.5508,-4.0507,0.9949
7844,ETHUSDT,SELL,1791380669466,2556.995,-2.6985,-6.9222,-8.2128
7845,ETHUSDT,SELL,1791380669730,2557.3450000000003,-1.3295,-5.5526,-6.8430
7846,BTCUSDT,SELL,1791380671416,83133.655,-1.8091,-1.5662,2.5453
7847,BTCUSDT,SELL,1791380671989,83137.025,-1.9738,-0.3921,2.9506
7848,BTCUSDT,SELL,1791380674221,83153.435,-0.1203,3.6006,4.6468
7849,ETHUSDT,SELL,1791380677491,2558.565,-0.7817,5.1982,1.3289
7850,BTCUSDT,BUY,1791380679926,83154.435,-0.9332,-7.9491,-6.9136
7851,BTCUSDT,BUY,1791380681669,83146.67499999999,-0.7685,-6.8566,-5.7104
7852,BTCUSDT,BUY,1791380685286,83123.495,-1.5555,-4.0698,-1.3257
7853,ETHUSDT,BUY,1791380686213,2557.605,-0.3128,-3.5580,6.5686
7854,BTCUSDT,SELL,1791380690207,83088.33499999999,-0.1601,-1.4033,-1.4972
7855,ETHUSDT,SELL,1791380698187,2556.9849999999997,-1.3297,-4.8104,-9.1123
7856,ETHUSDT,SELL,1791380701293,2557.7349999999997,-0.5865,-4.2225,-7.7412
7857,BTCUSDT,SELL,1791380701332,83099.995,0.1907,-2.5403,-1.6426
7858,BTCUSDT,BUY,1791380702320,83109.16500000001,-2.3463,1.4367,0.8591
7859,ETHUSDT,BUY,1791380702993,2557.505,-0.8211,5.8260,7.6246
7860,ETHUSDT,BUY,1791380703773,2557.295,0.0000,6.6476,8.4464
7861,BTCUSDT,SELL,1791380706778,83092.465,-1.4803,-1.6704,-2.8691
7862,ETHUSDT,SELL,1791380707215,2557.835,-1.4856,-3.9487,-7.5454
7863,BTCUSDT,SELL,1791380707350,83096.945,-0.9411,-1.1312,-2.4538
7864,ETHUSDT,SELL,1791380710459,2558.475,-2.0325,-5.1202,-5.0421
7865,BTCUSDT,SELL,1791380711125,83104.765,-1.9662,-3.3271,-1.5125
7866,BTCUSDT,BUY,1791380713578,83121.10500000001,-0.7651,1.3607,-0.1468
7867,BTCUSDT,BUY,1791380714750,83114.745,-1.0107,3.2678,-0.8542
7868,BTCUSDT,SELL,1791380715414,83105.015,-0.1600,-3.4763,-0.3225
7869,ETHUSDT,SELL,1791380717686,2558.8450000000003,-1.5632,-3.6735,-8.1677
7870,ETHUSDT,SELL,1791380719030,2559.245,-2.1100,0.5861,-6.6035
7871,BTCUSDT,SELL,1791380719189,83119.995,-0.8289,0.9023,-0.5931
7872,BTCUSDT,BUY,1791380728431,83134.375,-2.6319,-4.5023,-6.4221
7873,ETHUSDT,BUY,1791380728463,2559.785,-2.6955,-6.7974,-1.0938
7874,ETHUSDT,BUY,1791380728964,2559.255,-0.6252,-4.7279,0.9768
7875,BTCUSDT,SELL,1791380732259,83112.495,-0.2767,1.6002,8.7231
7876,BTCUSDT,BUY,1791380734565,83114.795,-1.9780,-0.2791,-9.7071
7877,ETHUSDT,BUY,1791380734569,2558.8450000000003,-1.8758,0.9770,-3.4391
7878,ETHUSDT,BUY,1791380735210,2558.495,-1.1726,2.3451,-2.0715
7879,BTCUSDT,BUY,1791380735752,83098.35500000001,-0.1697,1.6992,-9.0820
7880,ETHUSDT,BUY,1791380736147,2558.355,-0.6254,3.6351,-1.2508
7881,ETHUSDT,BUY,1791380738451,2558.205,-0.6254,3.4790,-0.6645
7882,BTCUSDT,SELL,1791380740287,83096.945,-0.2708,-0.7918,9.2603
7883,ETHUSDT,SELL,1791380740288,2558.045,-1.5246,-5.7466,0.0391
7884,ETHUSDT,SELL,1791380741381,2558.435,-1.1726,-6.0975,1.5635
7885,ETHUSDT,SELL,1791380742782,2558.775,-1.9150,-4.7679,2.4230
7886,BTCUSDT,SELL,1791380742987,83099.195,-1.5993,-2.9387,7.0289
7887,ETHUSDT,SELL,1791380746130,2559.0950000000003,-0.0000,-1.4849,5.5098
7888,ETHUSDT,BUY,1791380747278,2559.0950000000003,-0.3517,0.8597,-7.5417
7889,BTCUSDT,BUY,1791380747283,83104.155,-0.5656,-0.0084,-11.9994
7890,ETHUSDT,SELL,1791380748866,2559.0950000000003,-0.5471,-0.8597,8.3233
7891,ETHUSDT,SELL,1791380749330,2559.135,-1.4849,-1.6412,9.4954
7892,ETHUSDT,SELL,1791380751215,2559.685,-1.2111,-0.1172,12.2281
7893,BTCUSDT,BUY,1791380753869,83120.285,-0.9396,-1.6771,-15.9143
7894,ETHUSDT,BUY,1791380756044,2559.5550000000003,-0.9377,-0.3907,-17.7765
7895,ETHUSDT,SELL,1791380760131,2559.5550000000003,-0.6251,-0.8205,22.8946
7896,ETHUSDT,SELL,1791380760299,2559.755,0.1563,-0.0391,26.0962
7897,ETHUSDT,BUY,1791380760735,2559.995,-1.0938,-0.8984,-24.8047
7898,BTCUSDT,SELL,1791380764314,83106.345,-1.0083,-0.1564,22.5193
7899,BTCUSDT,SELL,1791380766889,83116.305,-0.1239,-0.5751,24.7136
7900,BTCUSDT,SELL,1791380772059,83117.33499999999,-0.3068,1.1646,27.2326
7901,BTCUSDT,BUY,1791380774094,83119.88500000001,-1.4726,-3.9473,-27.2498
7902,BTCUSDT,SELL,1791380775809,83107.695,-1.6112,3.2139,25.7870
7903,ETHUSDT,SELL,1791380776352,2560.315,-2.4216,3.1637,15.4668
7904,BTCUSDT,SELL,1791380776457,83110.995,-1.2140,3.6108,26.1770
7905,BTCUSDT,SELL,1791380778931,83121.08499999999,1.6157,5.2105,25.8551
7906,ETHUSDT,SELL,1791380779184,2560.935,1.1714,5.5839,18.5089
7907,ETHUSDT,BUY,1791380779627,2561.225,-2.6940,-6.0518,-19.0534
7908,ETHUSDT,BUY,1791380782731,2560.325,-1.9138,-6.2883,-18.3180
7909,BTCUSDT,BUY,1791380783507,83104.08499999999,-2.0468,-8.3871,-26.3621
7910,ETHUSDT,BUY,1791380783554,2560.165,-1.2890,-6.4449,-16.0537
7911,ETHUSDT,BUY,1791380785061,2559.835,-1.2891,-7.3052,-14.7666
7912,BTCUSDT,BUY,1791380788489,83080.985,-0.3864,-7.3410,-19.6122
7913,ETHUSDT,SELL,1791380789360,2559.505,-0.6642,5.7433,10.0019
7914,BTCUSDT,BUY,1791380790957,83068.065,-3.3792,-5.5256,-17.3448
7915,BTCUSDT,SELL,1791380791848,83034.36499999999,-0.0024,1.2429,13.6775
7916,BTCUSDT,SELL,1791380792309,83039.995,0.6756,0.6792,12.6469
7917,BTCUSDT,BUY,1791380792437,83039.995,-0.6756,-0.6792,-12.4530
7918,ETHUSDT,BUY,1791380793030,2558.715,-0.7816,-2.1886,-5.8232
7919,BTCUSDT,BUY,1791380794511,83034.38500000001,-1.3850,1.8824,-11.7783
7920,ETHUSDT,SELL,1791380795892,2557.965,-0.2737,1.0946,3.9875
7921,BTCUSDT,BUY,1791380796039,83022.88500000001,-0.7721,-0.1927,-10.3947
7922,BTCUSDT,SELL,1791380797354,83016.475,-0.4240,1.4503,9.6234
7923,BTCUSDT,SELL,1791380800759,83019.995,-0.4878,2.3982,12.2802
7924,BTCUSDT,SELL,1791380801721,83022.16500000001,-1.7887,2.6692,12.4340
7925,BTCUSDT,SELL,1791380801979,83024.045,-2.0163,2.8955,12.6602
7926,ETHUSDT,SELL,1791380801997,2558.035,-0.4691,6.9976,4.6520
7927,ETHUSDT,SELL,1791380802623,2558.0550000000003,-1.9937,7.7793,4.7302
7928,BTCUSDT,BUY,1791380804642,83050.015,-3.4594,-12.3516,-15.7833
7929,ETHUSDT,BUY,1791380804986,2558.115,-1.6809,-10.0074,-4.9646
7930,ETHUSDT,BUY,1791380806425,2557.685,-2.0331,-10.4782,-3.2842
7931,BTCUSDT,BUY,1791380806467,83021.285,-2.0296,-11.8921,-12.3282
7932,BTCUSDT,BUY,1791380807062,83008.095,-0.4409,-9.4798,-9.4316
7933,BTCUSDT,BUY,1791380808756,83004.435,-0.1723,-11.5090,-8.9911
7934,BTCUSDT,BUY,1791380810110,83002.005,-0.2398,-12.0467,-8.7456
7935,BTCUSDT,BUY,1791380810363,83000.005,0.0012,-12.3735,-8.5048
7936,ETHUSDT,BUY,1791380810689,2556.705,-1.3298,-11.9685,2.3077
7937,ETHUSDT,BUY,1791380811677,2556.375,-1.2127,-9.3883,1.7994
7938,BTCUSDT,BUY,1791380812747,83000.005,-1.4458,-10.1205,-14.2048
7939,ETHUSDT,BUY,1791380812748,2556.065,-0.2347,-3.3254,2.2300
7940,ETHUSDT,SELL,1791380814039,2556.0150000000003,2.1909,1.2128,-2.4648
7941,BTCUSDT,BUY,1791380814224,82988.005,-5.5430,-8.2916,-13.6164
7942,ETHUSDT,BUY,1791380814294,2555.9849999999997,-2.4257,-0.5869,2.5822
7943,BTCUSDT,BUY,1791380814446,82947.435,-0.7836,-3.4046,-8.7320
7944,ETHUSDT,SELL,1791380874626,2556.645,-0.3129,7.9792,-19.2440
7945,ETHUSDT,BUY,1791380877105,2556.2349999999997,-2.8166,-7.7849,23.3155
7946,ETHUSDT,BUY,1791380878271,2555.5150000000003,-2.0348,-6.7697,26.4526
7947,ETHUSDT,SELL,1791380879214,2554.835,-2.6225,4.1099,-31.9786
7948,BTCUSDT,SELL,1791380879285,82852.14,-0.2468,6.6172,-15.9338
7949,ETHUSDT,BUY,1791380883645,2554.725,-0.4697,2.0354,35.0331
7952,ETHUSDT,SELL,1791380939072,2562.755,-0.7219,-1.0145,12.3695
7953,BTCUSDT,BUY,1791380939847,82984.155,-1.4135,0.7821,-5.5878
7954,BTCUSDT,BUY,1791380940316,82981.945,-1.1472,-0.6556,-5.3216
7955,ETHUSDT,SELL,1791380941028,2562.6549999999997,-0.6244,2.5364,12.9943
7956,BTCUSDT,SELL,1791380942360,82965.815,-2.5312,4.2138,3.3785
7957,ETHUSDT,SELL,1791380942631,2563.035,-2.4970,5.8915,14.4750
7958,BTCUSDT,BUY,1791380943535,82986.815,-1.5063,-6.7432,-5.9082
7959,ETHUSDT,BUY,1791380943751,2563.575,0.1950,-9.0109,-16.5784
7960,BTCUSDT,SELL,1791380944686,82974.315,-0.3953,5.2378,4.4026
7961,ETHUSDT,SELL,1791380944797,2563.795,-0.0000,9.8682,17.4351
7962,BTCUSDT,BUY,1791380946194,82977.58499999999,2.6598,-4.4831,-5.9402
7963,BTCUSDT,SELL,1791380946674,82972.435,-3.2806,3.8627,5.3198
7964,BTCUSDT,BUY,1791380947750,82999.655,-1.0855,-7.1410,-8.5976
7965,BTCUSDT,BUY,1791380948469,82997.11499999999,-0.7795,-4.5182,-8.6545
7966,BTCUSDT,BUY,1791380951140,82959.57500000001,-3.4619,1.3404,-2.6266
7967,BTCUSDT,BUY,1791380951397,82953.565,-2.7377,2.0650,-1.9023
7968,BTCUSDT,BUY,1791380951785,82936.955,-0.7355,4.0682,0.1001
7969,BTCUSDT,SELL,1791380955143,82930.85500000001,-1.1492,-4.7148,-2.2850
7970,BTCUSDT,BUY,1791380955507,82943.485,-0.3737,3.1913,0.7620
7971,BTCUSDT,SELL,1791380958053,82940.38500000001,-2.3185,-5.2068,-1.9315
7972,BTCUSDT,BUY,1791380960796,82974.485,-0.4568,0.5833,-2.4538
7973,BTCUSDT,SELL,1791380963927,82962.215,-0.9330,-2.0624,-1.1113
7974,BTCUSDT,BUY,1791380968591,82995.975,-1.7121,-5.4195,4.3894
7975,BTCUSDT,BUY,1791380969325,82994.525,-1.8314,-6.9824,3.7496
7976,BTCUSDT,BUY,1791380969795,82981.765,-0.2940,-5.4458,5.9121
7977,BTCUSDT,BUY,1791380974672,82975.32500000001,-2.1898,-0.4363,8.9918
7978,BTCUSDT,BUY,1791380975190,82969.965,-2.2864,0.2097,9.3672
7979,BTCUSDT,SELL,1791380995023,82933.86499999999,-0.2773,-0.4727,-30.2639
7980,ETHUSDT,BUY,1791381004962,2559.315,-3.7510,4.4152,37.0802
7981,BTCUSDT,BUY,1791381005341,82937.785,-1.1442,1.4493,34.7441
7982,ETHUSDT,SELL,1791381010980,2558.535,-7.1134,-5.7846,-38.9285
7983,ETHUSDT,BUY,1791381012850,2560.355,-0.7421,0.0781,31.7925
7984,ETHUSDT,SELL,1791381014162,2560.17,-1.0741,0.6054,-32.7908
7985,ETHUSDT,BUY,1791381017867,2560.4449999999997,-2.3433,3.0463,32.8068
7986,ETHUSDT,SELL,1791381020811,2559.8450000000003,-2.0704,-8.2427,-37.4632
7987,BTCUSDT,SELL,1791381022246,82965.975,-0.6581,-9.8486,-33.5113
7988,BTCUSDT,BUY,1791381024969,82971.435,0.7906,9.4611,36.5294
7989,ETHUSDT,SELL,1791381025700,2559.855,-3.3205,-11.4069,-42.3071
7990,BTCUSDT,SELL,1791381026649,82987.015,-3.1089,-7.5566,-38.1975
7991,BTCUSDT,SELL,1791381027315,82999.995,-3.9048,-5.9916,-37.2928
7992,ETHUSDT,SELL,1791381027486,2560.705,-3.7880,-8.0837,-42.3321
7993,ETHUSDT,SELL,1791381029683,2561.675,-1.0930,-8.9395,-39.8567
7994,BTCUSDT,SELL,1791381029701,83025.64499999999,-0.6239,-7.1713,-33.0223
7995,BTCUSDT,SELL,1791381030941,83030.82500000001,-2.0306,-6.5470,-35.0689
7996,BTCUSDT,SELL,1791381031696,83038.275,-1.1332,-6.6090,-32.7379
7997,ETHUSDT,SELL,1791381031952,2562.46,-0.9561,-6.7318,-35.6103
7998,ETHUSDT,SELL,1791381033155,2562.705,-0.2731,-5.7751,-38.1628
7999,BTCUSDT,BUY,1791381035036,83049.935,-0.2709,11.6906,31.7929
8000,BTCUSDT,SELL,1791381036084,83047.685,-0.2456,-15.4514,-31.4602
8001,BTCUSDT,SELL,1791381043851,83148.35500000001,0.1600,-5.1474,-16.7123
8002,ETHUSDT,BUY,1791381094188,2572.475,-2.0603,-3.9262,-3.4986
8003,ETHUSDT,BUY,1791381094928,2572.415,-1.8271,-3.3432,-2.0603
8004,ETHUSDT,BUY,1791381096459,2571.895,-2.4107,0.8943,-2.1385
8005,ETHUSDT,BUY,1791381099496,2571.005,0.6223,4.9786,2.2170
8006,ETHUSDT,SELL,1791381100042,2570.495,-2.6065,-8.7532,-4.2015
8007,ETHUSDT,BUY,1791381101343,2571.16,-0.4473,7.1369,3.0920
8008,ETHUSDT,SELL,1791381101561,2570.83,-0.9141,-8.4214,-4.9984
8009,ETHUSDT,SELL,1791381103113,2571.075,-0.7779,-7.3121,-6.6509
8010,ETHUSDT,SELL,1791381103916,2571.275,-1.0890,-6.5726,-5.8726
8011,ETHUSDT,SELL,1791381104833,2571.475,-2.5277,-5.7943,-5.1721
8012,BTCUSDT,SELL,1791381104865,83287.315,-0.5403,-3.3607,-4.6598
8013,BTCUSDT,SELL,1791381105282,83289.765,-0.3686,-3.0664,-4.9598
8014,BTCUSDT,SELL,1791381106152,83291.815,-2.9751,-3.6894,-6.6513
8015,ETHUSDT,BUY,1791381108266,2572.435,-0.6414,4.8203,3.9651
8016,BTCUSDT,SELL,1791381109950,83309.36499999999,-1.2039,-1.3252,-4.5433
8017,ETHUSDT,SELL,1791381112072,2572.995,0.1555,3.9643,-1.7878
8018,ETHUSDT,BUY,1791381112500,2572.995,-0.1166,-4.0031,1.7878
8019,BTCUSDT,SELL,1791381115863,83315.305,-1.8094,1.2087,-1.3755
8020,ETHUSDT,SELL,1791381116300,2573.295,-1.3601,7.4224,-1.8653
8021,BTCUSDT,SELL,1791381116674,83325.215,-0.7033,4.9481,-0.1860
8022,ETHUSDT,BUY,1791381117473,2573.645,-0.2331,-8.9367,1.3211
8023,BTCUSDT,BUY,1791381117507,83339.405,-1.2599,-6.1999,-0.4812
8024,ETHUSDT,SELL,1791381117771,2573.585,-0.0000,8.7038,-1.5543
8026,BTCUSDT,BUY,1791381118157,83331.07500000001,-0.2604,-5.2009,0.5184
8025,ETHUSDT,BUY,1791381118156,2573.7349999999997,-0.5828,-9.3638,1.1268
8027,ETHUSDT,BUY,1791381118364,2573.675,-0.3497,-9.1309,1.3599
8028,BTCUSDT,BUY,1791381119640,83328.905,-1.0201,-7.6612,0.7788
8029,ETHUSDT,SELL,1791381120196,2572.375,-0.7386,6.7253,-6.5309
8030,ETHUSDT,BUY,1791381120938,2572.645,-1.8269,-9.8731,5.7528
8031,ETHUSDT,BUY,1791381121336,2572.565,-2.2934,-9.9123,6.5304
8032,BTCUSDT,BUY,1791381122135,83302.88500000001,-2.7730,-9.3070,4.0899
8033,ETHUSDT,BUY,1791381122593,2571.965,-1.9440,-8.9815,10.2645
8034,ETHUSDT,BUY,1791381122952,2571.635,0.4666,-7.6994,11.5491
8035,BTCUSDT,SELL,1791381123158,83279.785,-3.0560,5.9534,-6.8648
8036,ETHUSDT,SELL,1791381123477,2571.465,-1.3222,5.0166,-12.2109
8037,ETHUSDT,SELL,1791381124196,2571.755,-0.2722,7.1158,-10.0709
8038,BTCUSDT,SELL,1791381124798,83305.235,-0.0000,9.0066,-3.0502
8039,ETHUSDT,BUY,1791381125399,2571.825,-1.7108,-6.8045,8.0488
8040,BTCUSDT,BUY,1791381125921,83305.235,-2.1007,-8.3824,0.8655
8041,ETHUSDT,BUY,1791381125974,2571.605,0.5444,-5.9496,8.9049
8042,BTCUSDT,SELL,1791381126669,83282.195,-0.6652,5.6182,-2.9886
8043,BTCUSDT,BUY,1791381128157,83287.735,-2.7219,-6.9074,3.5900
8044,ETHUSDT,BUY,1791381128637,2571.215,-2.2169,-5.3282,8.8674
8045,BTCUSDT,BUY,1791381128771,83282.195,-2.0569,-7.6127,4.2554
8046,ETHUSDT,BUY,1791381128987,2570.435,0.8170,-2.9956,13.8887
8047,BTCUSDT,BUY,1791381129917,83265.065,-1.9372,-5.5570,6.3136
8048,BTCUSDT,BUY,1791381130654,83255.705,-0.8132,-4.4333,7.4385
8049,BTCUSDT,SELL,1791381132577,83225.35500000001,-0.5828,-1.7459,-12.3736
8050,BTCUSDT,SELL,1791381142030,83219.1,-3.5587,-7.5566,-15.9705
8051,BTCUSDT,SELL,1791381142326,83229.765,-3.1167,-6.2742,-14.6871
8052,BTCUSDT,SELL,1791381142969,83246.57500000001,-2.2535,-3.4728,-12.1903
8053,BTCUSDT,SELL,1791381143588,83260.88500000001,-0.5297,-2.4946,-10.4695
8054,ETHUSDT,SELL,1791381143651,2570.875,-1.0113,-2.4116,-13.8085
8055,BTCUSDT,SELL,1791381144528,83260.975,-0.8623,-3.5563,-10.4587
8056,BTCUSDT,SELL,1791381146409,83278.86499999999,-1.6211,-0.3782,-8.3082
8057,BTCUSDT,SELL,1791381147037,83281.035,-2.1097,-0.1165,-8.0475
8058,BTCUSDT,SELL,1791381147272,83284.565,-1.9415,0.3074,-7.6233
8059,BTCUSDT,SELL,1791381148182,83298.60500000001,-1.0288,0.9664,-5.0961
8060,BTCUSDT,SELL,1791381148465,83308.125,0.1140,2.1090,-3.6911
8061,BTCUSDT,BUY,1791381148990,83313.715,-1.5568,-2.7799,3.0199
8062,ETHUSDT,SELL,1791381191257,2573.585,-2.0982,-4.1188,-3.7302
8063,ETHUSDT,BUY,1791381195102,2574.125,-1.7482,1.7093,0.0000
8064,ETHUSDT,SELL,1791381195634,2573.565,-2.5257,-3.8857,-2.1760
8065,ETHUSDT,BUY,1791381197116,2574.215,-0.3885,-0.2719,-1.6704
8066,ETHUSDT,SELL,1791381204678,2574.425,-0.5438,6.5646,0.0777
8067,ETHUSDT,SELL,1791381205302,2574.565,0.0777,8.1567,0.8934
8068,ETHUSDT,BUY,1791381206849,2574.4849999999997,-1.3207,-13.2454,-2.1752
8069,ETHUSDT,BUY,1791381209654,2574.145,-1.4374,-8.8962,1.9812
8070,ETHUSDT,BUY,1791381209944,2573.8450000000003,-0.2720,-6.0998,3.1470
8071,BTCUSDT,SELL,1791381210529,83336.565,-1.1100,6.9957,-1.3775
8072,BTCUSDT,SELL,1791381210864,83338.875,-0.8327,7.2727,-1.1003
8073,ETHUSDT,SELL,1791381210880,2573.775,-1.3599,5.8280,-4.3904
8074,ETHUSDT,BUY,1791381212215,2574.125,-4.3510,-8.5077,3.0302
8075,BTCUSDT,BUY,1791381212255,83341.66500000001,-4.1684,-8.2624,0.7667
8076,ETHUSDT,BUY,1791381212611,2573.495,-1.9040,-6.0618,5.4789
8077,ETHUSDT,BUY,1791381214673,2572.7349999999997,-2.3321,-5.5194,8.4346
8078,BTCUSDT,BUY,1791381214793,83299.505,-2.9412,-3.8019,6.7828
8079,BTCUSDT,BUY,1791381215087,83287.82500000001,-1.5392,-2.4001,8.1861
8080,ETHUSDT,BUY,1791381215309,2572.46,-2.2741,-3.9845,9.5045
8081,ETHUSDT,BUY,1791381216279,2572.135,-4.1211,-2.7215,10.7693
8082,BTCUSDT,BUY,1791381216463,83269.89499999999,-1.6573,-0.4720,10.3411
8083,BTCUSDT,BUY,1791381216646,83264.10500000001,-0.9620,0.2234,11.0372
8084,BTCUSDT,SELL,1791381218440,83263.51000000001,-0.8641,0.2168,-11.1087
8085,ETHUSDT,SELL,1791381219741,2572.275,-0.0000,4.6263,-12.2071
8086,ETHUSDT,SELL,1791381276920,2574.9049999999997,-1.9807,-1.0486,0.1165
8087,BTCUSDT,BUY,1791381281240,83387.245,-1.7161,-4.1589,-5.1759
8088,ETHUSDT,BUY,1791381281632,2575.965,-1.8634,-3.3774,-4.9302
8089,ETHUSDT,BUY,1791381282086,2575.6549999999997,-1.7083,-2.1742,-4.7367
8090,ETHUSDT,BUY,1791381282335,2575.565,-1.3589,-1.8248,-5.4357
8091,BTCUSDT,BUY,1791381282340,83372.935,-0.5793,-2.4432,-4.4451
8092,ETHUSDT,BUY,1791381282640,2575.475,-1.1648,-1.4755,-5.0864
8093,BTCUSDT,BUY,1791381287739,83368.095,-0.4162,-1.2115,-3.6621
8094,ETHUSDT,BUY,1791381288377,2575.145,0.0000,1.2815,-2.9901
8095,BTCUSDT,BUY,1791381290276,83362.445,-1.1852,-1.7754,-3.8375
8096,ETHUSDT,BUY,1791381290301,2575.0950000000003,0.0000,0.7378,-4.7377
8097,ETHUSDT,SELL,1791381293556,2575.0950000000003,-1.4757,-1.7475,5.7474
8098,ETHUSDT,SELL,1791381294010,2575.145,-1.2815,-1.5533,5.9414
8099,BTCUSDT,SELL,1791381294337,83352.565,-0.6514,-1.7636,5.2104
8100,BTCUSDT,BUY,1791381298896,83357.995,-0.4403,1.1972,-6.7240
8101,ETHUSDT,BUY,1791381300425,2575.285,-0.2718,1.4756,-4.5432
8102,ETHUSDT,SELL,1791381303493,2575.215,-2.9124,0.1553,1.2814
8103,BTCUSDT,SELL,1791381303994,83353.875,-1.7516,0.3443,3.0365
8104,ETHUSDT,SELL,1791381304117,2575.545,-1.5531,2.6402,2.5626
8105,ETHUSDT,BUY,1791381305062,2575.965,-1.5528,-4.2702,-4.1926
8106,BTCUSDT,BUY,1791381305233,83368.475,-0.0600,-0.3982,-3.9175
8107,ETHUSDT,BUY,1791381310349,2575.725,-0.2329,0.1165,-2.5624
8108,ETHUSDT,BUY,1791381312365,2575.665,-1.7083,-2.7566,-1.7471
8109,ETHUSDT,BUY,1791381313396,2575.215,-2.0581,-1.0096,0.0000
8110,ETHUSDT,BUY,1791381314270,2574.855,0.0388,0.3884,1.3981
8111,BTCUSDT,BUY,1791381314336,83351.005,1.6976,-0.1248,1.4229
8112,BTCUSDT,SELL,1791381314885,83350.60500000001,-1.7456,0.0768,-1.4709
8113,ETHUSDT,SELL,1791381314984,2574.3450000000003,-2.0199,-2.7968,-4.7002
8114,ETHUSDT,SELL,1791381317941,2575.135,-1.3203,0.6990,-1.7863
8115,ETHUSDT,BUY,1791381319901,2575.7650000000003,-0.7376,-3.1447,-1.0094
8116,ETHUSDT,BUY,1791381320765,2575.755,-3.1059,-3.4941,-2.5235
8117,BTCUSDT,BUY,1791381320919,83371.495,-1.6540,-3.3573,-0.4810
8118,ETHUSDT,BUY,1791381327291,2575.065,-0.4272,-0.7378,-0.1942
8119,BTCUSDT,BUY,1791381329857,83349.965,-0.7750,-0.5435,-0.1656
8120,BTCUSDT,BUY,1791381331992,83343.505,-0.9155,-0.4331,-0.4175
8121,ETHUSDT,BUY,1791381332087,2574.8450000000003,-1.6700,-1.5923,-1.7477
8122,ETHUSDT,SELL,1791381334300,2574.415,-2.0199,0.9711,0.0777
8123,BTCUSDT,SELL,1791381334307,83335.875,-1.1472,0.6504,-0.4980
8124,ETHUSDT,BUY,1791381336065,2574.935,-0.2330,-1.1651,2.3690
8125,BTCUSDT,BUY,1791381341125,83344.095,-0.8987,-1.6366,5.6489
8126,BTCUSDT,BUY,1791381341512,83344.07500000001,-0.9839,-2.0481,5.6513
8127,BTCUSDT,BUY,1791381342040,83339.89499999999,-1.1327,-2.5786,6.1531
8128,ETHUSDT,SELL,1791381344772,2574.165,-1.8258,2.1366,-9.5565
8129,ETHUSDT,BUY,1791381346303,2574.635,-1.0099,-5.1269,8.3895
8130,BTCUSDT,BUY,1791381350250,83331.945,-0.5928,-1.6260,8.3101
8131,ETHUSDT,SELL,1791381355836,2573.255,-0.2332,-6.3344,-13.8735
8132,BTCUSDT,BUY,1791381356442,83309.13500000001,-1.0959,5.6152,9.8477
8133,ETHUSDT,SELL,1791381359116,2573.615,-0.4274,-6.4501,-10.9185
8134,ETHUSDT,BUY,1791381360359,2574.175,0.0000,3.4574,8.7407
8135,BTCUSDT,SELL,1791381361032,83318.39499999999,-0.7849,-4.7288,-7.1233
8136,ETHUSDT,SELL,1791381361315,2574.125,-0.4662,-4.2344,-7.3035
8137,ETHUSDT,SELL,1791381362275,2574.175,-2.7582,-4.0401,-5.8660
8138,BTCUSDT,SELL,1791381363163,83324.935,-0.4356,-4.5521,-5.0837
8139,ETHUSDT,SELL,1791381363235,2574.415,-1.8257,-3.1075,-4.3117
8140,BTCUSDT,SELL,1791381365380,83335.815,-0.7992,-3.2459,-2.1239
8141,BTCUSDT,BUY,1791381367445,83360.57500000001,-0.4798,1.9913,-2.4640
8142,ETHUSDT,BUY,1791381369163,2575.275,-0.8154,0.9319,-2.9511
8143,BTCUSDT,SELL,1791381371189,83357.795,-0.6082,-1.1625,1.5487
8144,ETHUSDT,SELL,1791381374415,2575.215,-1.3203,-0.6601,2.1746
8145,BTCUSDT,SELL,1791381376210,83365.455,-1.4059,-0.3755,0.9464
8146,ETHUSDT,SELL,1791381376599,2575.825,-1.3976,3.1446,3.4940
8147,BTCUSDT,SELL,1791381376655,83371.495,-0.6813,1.0015,1.6708
8148,ETHUSDT,SELL,1791381376891,2576.025,0.3882,3.9208,4.2701
8149,ETHUSDT,BUY,1791381378137,2575.5950000000003,-0.3106,-2.2519,-2.6013
8150,BTCUSDT,BUY,1791381378684,83371.495,-0.4810,-2.7479,-3.6008
8151,ETHUSDT,SELL,1791381379104,2575.505,0.2330,2.4073,2.2520
8152,ETHUSDT,BUY,1791381379902,2575.505,-1.5531,-2.4073,-2.2520
8153,ETHUSDT,SELL,1791381381946,2574.875,-1.7088,1.3593,-0.1942
8154,BTCUSDT,SELL,1791381382136,83367.245,-0.1607,3.2651,3.0911
8155,ETHUSDT,SELL,1791381383776,2575.315,-0.2718,3.5724,1.5144
8156,ETHUSDT,BUY,1791381386022,2575.385,-1.4367,0.6213,-1.7861
8157,BTCUSDT,BUY,1791381386474,83368.58499999999,-1.8268,-0.5374,-3.2518
8158,ETHUSDT,BUY,1791381388970,2575.0150000000003,-0.5049,4.7378,-0.3495
8159,ETHUSDT,BUY,1791381390386,2574.885,-0.3495,7.0294,-1.3204
8160,BTCUSDT,BUY,1791381391599,83348.58499999999,-1.0270,5.1099,0.0588
8162,BTCUSDT,SELL,1791381394350,83340.025,-1.7927,-6.1375,-3.4137
8161,ETHUSDT,SELL,1791381394316,2574.395,-2.6414,-8.6622,-2.0199
8163,ETHUSDT,SELL,1791381395041,2574.965,-2.2525,-7.3787,0.1942
8164,BTCUSDT,SELL,1791381396713,83364.10500000001,-1.4155,-3.8662,-0.8361
8165,BTCUSDT,SELL,1791381397125,83374.995,-0.1091,-2.5595,0.4702
8166,BTCUSDT,SELL,1791381398530,83379.995,-1.3408,-2.5426,1.3816
8167,ETHUSDT,SELL,1791381399822,2576.385,-1.2032,-0.6987,7.2194
8168,ETHUSDT,SELL,1791381408689,2576.875,0.3105,3.3762,13.0002
8169,BTCUSDT,BUY,1791381410931,83401.195,-0.7422,-2.8117,-10.8883
8170,BTCUSDT,BUY,1791381412516,83395.005,-0.4485,-3.3227,-10.2968
8171,ETHUSDT,SELL,1791381413871,2576.365,-1.2421,3.2604,12.1489
8172,BTCUSDT,BUY,1791381416246,83391.265,-0.6212,-5.8567,-10.9436
8173,BTCUSDT,BUY,1791381416506,83391.17499999999,-0.6104,-5.8459,-10.9328
8174,BTCUSDT,BUY,1791381418887,83378.16500000001,0.0000,-4.5731,-9.1355
8175,ETHUSDT,SELL,1791381418980,2576.01,-1.6110,5.8035,10.4619
8176,ETHUSDT,BUY,1791381420623,2576.355,-2.6006,-7.1419,-13.0029
8177,BTCUSDT,BUY,1791381420653,83378.16500000001,-1.3037,-4.5731,-9.1355
8178,ETHUSDT,BUY,1791381421331,2576.005,-1.2422,-5.4348,-11.6459
8179,BTCUSDT,BUY,1791381421336,83377.745,-1.2533,-3.6209,-9.3226
8180,ETHUSDT,BUY,1791381423425,2575.525,0.0000,-3.7274,-9.7844
8181,BTCUSDT,BUY,1791381425058,83359.91500000001,-2.0981,-0.2819,-8.3373
8182,ETHUSDT,BUY,1791381425591,2574.965,-1.6311,-0.1553,-8.3108
8183,BTCUSDT,BUY,1791381425604,83351.66500000001,-1.1086,0.7078,-7.4132
8184,BTCUSDT,BUY,1791381426666,83342.42499999999,-0.2868,1.8166,-6.3053
8185,ETHUSDT,BUY,1791381427218,2574.545,-0.1165,1.4760,-6.6808
8186,ETHUSDT,BUY,1791381432033,2574.955,-1.5146,-0.1165,-8.2720
8187,ETHUSDT,BUY,1791381432335,2574.715,-0.5826,0.8156,-7.3406
8188,ETHUSDT,SELL,1791381434233,2574.575,-1.3594,-1.3594,6.7972
8189,ETHUSDT,BUY,1791381449701,2574.835,-1.2040,-1.2040,-11.7289
8190,BTCUSDT,SELL,1791381451955,83349.07500000001,-1.8776,0.0828,11.1663
8191,ETHUSDT,SELL,1791381451998,2574.525,-1.5537,0.5826,10.5262
8192,BTCUSDT,SELL,1791381452230,83357.60500000001,-0.8542,1.8199,12.1884
8193,BTCUSDT,SELL,1791381453629,83364.725,-0.4498,2.9617,13.0415
8194,BTCUSDT,SELL,1791381455489,83368.475,-0.3119,4.2546,13.4907
8195,BTCUSDT,BUY,1791381457864,83368.475,0.0000,-5.9843,-12.9989
8196,BTCUSDT,BUY,1791381459142,83368.475,-1.6193,-5.9843,-12.9989
8197,ETHUSDT,BUY,1791381459223,2574.575,-0.1942,-4.0783,-8.3509
8198,ETHUSDT,BUY,1791381461884,2574.525,-1.8256,-4.3115,-10.6039
8199,BTCUSDT,BUY,1791381463556,83341.475,-0.4080,-3.8804,-13.8358
8200,BTCUSDT,BUY,1791381467172,83333.005,-1.7304,-3.7212,-12.8209
8201,ETHUSDT,BUY,1791381473529,2573.3050000000003,-0.3109,-1.1658,-7.2669
8202,ETHUSDT,BUY,1791381474113,2573.225,0.0000,-0.8550,-6.9563
8203,ETHUSDT,SELL,1791381476993,2573.2349999999997,-0.3109,1.5933,4.9743
8204,ETHUSDT,SELL,1791381477650,2573.315,-0.0000,1.9042,5.9845
8205,ETHUSDT,BUY,1791381480335,2573.315,-1.2047,-1.9042,-7.1892
8206,ETHUSDT,SELL,1791381494650,2572.825,-1.4381,2.4098,9.1728
8207,ETHUSDT,BUY,1791381496743,2573.025,-0.6218,-3.6533,-11.2319
8208,ETHUSDT,BUY,1791381498124,2572.825,-2.2543,-3.9256,-10.9607
8211,ETHUSDT,BUY,1791381500253,2572.225,0.0000,-1.5940,-8.1253
8212,BTCUSDT,BUY,1791381502718,83278.005,-0.0588,-2.6418,-5.9463
8213,BTCUSDT,BUY,1791381505613,83269.455,-0.6545,-1.6152,-7.4577
8214,BTCUSDT,BUY,1791381509677,83261.715,-0.4084,-0.1934,-6.5288
8215,BTCUSDT,BUY,1791381511102,83258.315,-0.2774,0.2150,-6.1207
8216,BTCUSDT,BUY,1791381511851,83256.095,-0.0108,-2.1572,-5.8542
8217,ETHUSDT,BUY,1791381512699,2571.815,-0.2333,-1.7109,-5.7158
8218,ETHUSDT,SELL,1791381513982,2571.755,-2.2553,1.4776,5.4826
8219,BTCUSDT,SELL,1791381516777,83256.005,-0.4925,3.5841,7.1683
8220,ETHUSDT,SELL,1791381516910,2572.495,-0.1166,4.3537,9.6793
8221,BTCUSDT,BUY,1791381517518,83268.845,-1.0496,-5.1256,-8.7091
8222,ETHUSDT,BUY,1791381521631,2572.275,-3.4988,-4.3541,-8.8249
8223,BTCUSDT,BUY,1791381521680,83248.905,-2.7316,-2.5105,-6.3160
8224,ETHUSDT,SELL,1791381527021,2571.375,-1.0889,-2.2556,3.3834
8225,ETHUSDT,BUY,1791381529375,2571.585,-2.9165,-0.4666,-5.8330
8226,ETHUSDT,BUY,1791381534716,2571.435,-0.6611,2.3722,-6.3778
8227,ETHUSDT,SELL,1791381535419,2571.255,-0.1556,-3.0724,5.6782
8228,ETHUSDT,BUY,1791381535800,2571.2650000000003,2.2946,3.0335,-5.7170
8229,ETHUSDT,SELL,1791381536102,2571.1949999999997,-2.9558,-3.3059,5.4449
8230,ETHUSDT,SELL,1791381536311,2571.205,-2.6447,-3.2670,5.4838
8231,ETHUSDT,BUY,1791381537602,2571.855,-1.5164,0.3888,-8.3986
8232,ETHUSDT,SELL,1791381541245,2571.465,-2.2944,1.1667,7.8943
8233,ETHUSDT,BUY,1791381546551,2572.045,-0.3499,-7.1538,-8.5146
8234,BTCUSDT,BUY,1791381548050,83267.305,-1.1049,-4.6393,-8.6072
8235,ETHUSDT,BUY,1791381548051,2571.955,-2.0996,-7.5818,-9.0593
8236,ETHUSDT,BUY,1791381549564,2571.41,-0.9528,-4.9584,-8.5362
8237,BTCUSDT,BUY,1791381553220,83254.39499999999,-1.1123,-3.1121,-8.3263
8238,ETHUSDT,BUY,1791381556709,2570.205,-0.7781,0.5447,-3.6573
8239,BTCUSDT,BUY,1791381557502,83229.935,-0.1514,-2.7130,-5.1051
8240,ETHUSDT,BUY,1791381557569,2570.135,-1.3229,0.8949,-3.3850
8241,ETHUSDT,BUY,1791381558453,2570.005,0.5058,1.7899,-2.8794
8242,BTCUSDT,BUY,1791381560757,83228.67499999999,-0.7858,-2.5616,-2.3225
8243,ETHUSDT,SELL,1791381562878,2570.605,-0.0000,1.0114,6.2631
8244,ETHUSDT,BUY,1791381564513,2570.605,-1.0114,-1.0114,-6.3020
8245,ETHUSDT,BUY,1791381564791,2570.5550000000003,-0.8169,-0.8169,-8.8697
8246,ETHUSDT,SELL,1791381567598,2570.365,0.0778,1.4006,8.1700
8247,ETHUSDT,BUY,1791381568529,2570.465,-0.4668,-1.7896,-7.8974
8248,ETHUSDT,BUY,1791381575156,2570.3450000000003,-1.3228,0.6225,-8.2479
8249,ETHUSDT,SELL,1791381582718,2570.005,-1.9455,-0.3113,9.7665
8250,ETHUSDT,SELL,1791381582880,2570.075,-1.6731,-0.0389,10.0386
8251,ETHUSDT,BUY,1791381588173,2570.505,-1.6339,-3.4624,-9.1811
8252,ETHUSDT,BUY,1791381588396,2570.3450000000003,-1.0115,-3.5404,-8.5592
8253,BTCUSDT,SELL,1791381603601,83189.91500000001,-3.8057,1.1913,7.9926
8254,ETHUSDT,SELL,1791381604345,2569.96,-0.6031,3.7549,13.7940
8255,ETHUSDT,BUY,1791381604685,2570.505,-1.5172,-5.8743,-15.9113
8256,BTCUSDT,BUY,1791381604752,83221.57500000001,-1.4576,-4.9951,-11.7938
8257,ETHUSDT,BUY,1791381605870,2570.115,-1.0116,-4.3578,-12.1395
8258,ETHUSDT,BUY,1791381606342,2569.975,-0.4669,-3.8133,-13.3075
8259,ETHUSDT,BUY,1791381607944,2569.855,-2.4904,-2.2958,-15.1760
8260,ETHUSDT,SELL,1791381616508,2568.995,-1.0510,0.8564,9.3032
8261,BTCUSDT,SELL,1791381616545,83180.005,-0.8944,1.4427,8.1053
8262,BTCUSDT,SELL,1791381620190,83187.445,-0.5061,0.8451,9.5555
8263,ETHUSDT,SELL,1791381620380,2569.785,1.3620,3.3077,12.7637
8264,ETHUSDT,BUY,1791381620777,2570.255,-3.6572,-5.1357,-14.5900
8265,ETHUSDT,BUY,1791381621002,2569.975,-2.5681,-4.0467,-13.5021
8266,BTCUSDT,BUY,1791381621666,83191.65,-1.5176,-0.6629,-10.2661
8267,BTCUSDT,BUY,1791381622069,83188.245,-1.1083,-0.2536,-9.8572
8268,ETHUSDT,SELL,1791381626213,2568.275,0.0389,1.3238,8.4882
8269,ETHUSDT,BUY,1791381627548,2568.2650000000003,0.6619,-1.4796,-10.1625
8270,ETHUSDT,SELL,1791381628486,2568.2650000000003,-0.6619,3.4654,10.7855
8272,BTCUSDT,SELL,1791381629607,83168.005,-1.4922,5.9494,10.3081
8271,ETHUSDT,SELL,1791381629605,2568.435,-1.9467,4.3996,11.4467
8273,BTCUSDT,SELL,1791381631191,83180.41500000001,-0.6877,8.2255,10.7609
8274,ETHUSDT,BUY,1791381632639,2568.935,-1.0121,-5.6054,-12.1451
8275,BTCUSDT,BUY,1791381632958,83172.005,-0.7202,-5.7856,-9.7509
8276,ETHUSDT,BUY,1791381634668,2568.5550000000003,-2.4138,-3.3482,-10.6675
8277,BTCUSDT,BUY,1791381634684,83162.005,-1.2025,-4.5838,-8.5496
8278,ETHUSDT,SELL,1791381642139,2567.115,-2.0646,3.0774,-4.4797
8279,BTCUSDT,SELL,1791381647117,83123.88500000001,-1.0394,2.7525,2.4253
8280,ETHUSDT,SELL,1791381647287,2568.145,-0.0000,6.1523,5.8797
8281,BTCUSDT,BUY,1791381649611,83132.525,-1.0357,-3.2959,-0.5233
8282,ETHUSDT,BUY,1791381650420,2568.145,-2.0248,-6.1523,-4.0107
8283,ETHUSDT,BUY,1791381651363,2567.785,-4.7122,-4.7122,-2.6093
8284,BTCUSDT,SELL,1791381659040,83100.595,-0.5451,-0.9627,2.2370
8285,BTCUSDT,SELL,1791381660328,83105.125,-0.3465,-0.4175,2.7820
8286,ETHUSDT,SELL,1791381661304,2566.565,0.5844,1.0130,4.2469
8287,ETHUSDT,BUY,1791381662001,2566.5550000000003,-0.5455,-0.9741,-4.2080
8288,BTCUSDT,SELL,1791381663163,83108.005,-1.8554,-0.0710,3.6098
8289,BTCUSDT,BUY,1791381666693,83123.42499999999,-1.7841,-1.3041,-2.9631
8290,BTCUSDT,BUY,1791381667000,83113.725,-0.6172,-0.1372,-1.7963
8291,ETHUSDT,SELL,1791381674769,2566.3050000000003,-1.1690,0.0390,4.5981
8292,BTCUSDT,SELL,1791381674791,83108.595,-0.4801,1.5113,3.6182
8293,BTCUSDT,BUY,1791381675526,83121.86499999999,-1.1164,-3.1075,-5.2140
8294,ETHUSDT,BUY,1791381676994,2566.605,-0.3896,-2.6884,-5.7664
8295,BTCUSDT,BUY,1791381683797,83100.025,-0.4801,-1.0975,-3.2515
8296,BTCUSDT,SELL,1791381694909,83090.905,-1.2805,-4.6648,-0.8545
8297,ETHUSDT,SELL,1791381697670,2566.335,-6.3125,-1.3248,2.2600
8298,BTCUSDT,SELL,1791381697714,83101.545,-5.2057,-1.1925,0.4260
8299,ETHUSDT,SELL,1791381698247,2567.255,-2.7266,1.0907,5.8428
8300,ETHUSDT,SELL,1791381699941,2568.245,-0.0779,4.3999,9.6953
8301,BTCUSDT,BUY,1791381702771,83153.405,-1.2303,-5.4045,-3.6607
8302,ETHUSDT,BUY,1791381702884,2568.035,-0.5452,-5.8410,-7.1261
8303,BTCUSDT,BUY,1791381704006,83143.17499999999,-1.6249,-4.7448,-4.5728
8304,BTCUSDT,SELL,1791381707465,83103.725,-2.3140,2.6136,-0.5800
8305,BTCUSDT,SELL,1791381708730,83122.955,-0.6280,4.9264,-0.0950
8306,BTCUSDT,BUY,1791381713918,83108.465,-1.0179,-3.6651,4.4953
8307,BTCUSDT,BUY,1791381720926,83082.005,-0.4815,0.9978,14.2016
8308,BTCUSDT,SELL,1791381724468,83078.005,-2.5025,-0.0626,-10.4781
8309,BTCUSDT,BUY,1791381731321,83090.295,-0.9977,-2.0809,12.3095
8310,BTCUSDT,SELL,1791381745726,83073.005,-0.3082,-1.9862,-12.4300
8311,BTCUSDT,BUY,1791381746133,83082.775,-0.8678,0.8100,12.3732
8312,BTCUSDT,SELL,1791381752947,83084.005,-1.5743,-4.6892,-12.0444
8313,BTCUSDT,SELL,1791381754162,83097.08499999999,-0.0000,-0.9712,-10.4685
8314,BTCUSDT,BUY,1791381754867,83100.005,-1.2635,0.2250,10.1167
8315,BTCUSDT,SELL,1791381756133,83089.505,-1.0230,-2.0388,-11.2325
8316,BTCUSDT,SELL,1791381756626,83094.525,-0.4188,-1.4345,-10.7757
8317,BTCUSDT,SELL,1791381761251,83096.015,-3.2432,-4.2168,-10.6467
8318,ETHUSDT,SELL,1791381761516,2565.755,-1.7539,-2.4164,-7.8729
8319,BTCUSDT,BUY,1791381763473,83122.965,-2.5372,2.7501,7.4011
8320,ETHUSDT,BUY,1791381763506,2566.205,-1.7536,1.2859,5.7673
8321,ETHUSDT,BUY,1791381765083,2565.755,-0.1949,5.3396,5.8852
8322,BTCUSDT,SELL,1791381767403,83106.445,-1.6328,-10.0847,-4.9070
8323,ETHUSDT,SELL,1791381767421,2565.705,-1.3641,-9.0423,-3.2740
8324,ETHUSDT,SELL,1791381768646,2566.065,-1.2081,-7.6382,-1.8706
8325,BTCUSDT,SELL,1791381768834,83123.745,-0.8794,-8.6678,-2.8247
8326,BTCUSDT,SELL,1791381771559,83131.055,-1.7767,-7.7877,-2.7342
8327,BTCUSDT,BUY,1791381774188,83145.82500000001,0.0000,2.3128,2.8228
8328,ETHUSDT,BUY,1791381774562,2566.535,2.8053,5.2600,4.0522
8329,BTCUSDT,SELL,1791381774756,83136.88500000001,-3.2958,-3.3884,-3.8984
8330,ETHUSDT,SELL,1791381775162,2567.125,-1.8698,-2.9605,-1.7529
8331,BTCUSDT,SELL,1791381775268,83145.82500000001,-2.2202,-2.3128,-2.9178
8332,ETHUSDT,SELL,1791381775511,2567.1949999999997,-2.0645,-2.6878,-2.4930
8333,BTCUSDT,SELL,1791381776355,83164.285,-3.1227,-1.5247,-0.6974
8334,BTCUSDT,SELL,1791381776630,83167.41500000001,-2.7463,-1.1483,-0.3210
8335,ETHUSDT,SELL,1791381776806,2567.725,-1.1683,-0.6231,-0.4284
8336,BTCUSDT,SELL,1791381777564,83190.255,-0.6659,0.6082,1.9437
8337,ETHUSDT,SELL,1791381778650,2568.025,-1.3629,-0.9346,-0.7009
8338,ETHUSDT,SELL,1791381780263,2568.375,-2.2972,0.4283,1.1291
8339,ETHUSDT,SELL,1791381780571,2568.9849999999997,1.9074,2.8027,3.5033
8340,ETHUSDT,BUY,1791381781450,2568.675,-3.9709,-2.8030,-3.2312
8341,BTCUSDT,BUY,1791381782080,83183.20999999999,-2.0058,0.2338,-1.1042
8342,BTCUSDT,SELL,1791381837419,83170.08499999999,-0.8897,-4.1024,6.2619
8343,BTCUSDT,SELL,1791381838029,83174.08499999999,-1.4331,-3.6213,6.7425
8344,BTCUSDT,SELL,1791381838490,83177.485,-1.0243,-3.2124,8.3532
8345,BTCUSDT,BUY,1791381840567,83186.005,-1.4401,2.1879,-9.3766
8346,ETHUSDT,BUY,1791381840899,2568.085,-0.9345,2.8036,-12.5775
8347,BTCUSDT,SELL,1791381843795,83174.025,-1.2083,-7.0431,6.4960
8348,BTCUSDT,SELL,1791381845243,83184.07500000001,-1.9379,-6.5036,7.7034
8349,ETHUSDT,SELL,1791381845352,2568.205,-2.3363,-4.9840,11.1362
8350,BTCUSDT,SELL,1791381847192,83200.195,-0.4820,-4.5649,8.8497
8351,ETHUSDT,SELL,1791381853266,2568.815,-2.6082,3.8539,12.3792
8352,BTCUSDT,SELL,1791381853415,83220.17499999999,-1.4936,3.0497,8.6421
8353,BTCUSDT,SELL,1791381855064,83232.60500000001,-0.6692,5.1182,9.6969
8354,ETHUSDT,SELL,1791381855997,2569.4849999999997,-0.9730,10.8582,13.7771
8355,BTCUSDT,BUY,1791381857277,83238.16500000001,-1.6231,-6.7469,-9.9714
8356,ETHUSDT,BUY,1791381857501,2569.725,-1.7901,-11.7911,-14.7097
8357,ETHUSDT,BUY,1791381857901,2569.635,-2.8992,-12.2196,-14.3600
8358,BTCUSDT,BUY,1791381857911,83232.63500000001,-0.9588,-7.3901,-9.3076
8359,BTCUSDT,BUY,1791381858930,83224.655,-2.2001,-6.4320,-8.3497
8360,ETHUSDT,BUY,1791381860095,2568.375,-2.1414,-8.7604,-8.1764
8361,BTCUSDT,BUY,1791381860869,83206.005,-1.3461,-6.1919,-6.5789
8362,BTCUSDT,BUY,1791381862009,83194.795,0.0000,-4.8453,-7.4187
8363,ETHUSDT,BUY,1791381863580,2567.825,-2.6871,-4.7511,-8.5286
8364,ETHUSDT,BUY,1791381865312,2566.955,-1.0129,-1.5972,-2.6491
8365,BTCUSDT,BUY,1791381891866,83130.725,-0.5678,-2.7330,-1.1813
8366,BTCUSDT,BUY,1791381892442,83130.725,-0.5678,-2.7342,-1.1813
8367,BTCUSDT,BUY,1791381895953,83120.005,-0.2406,-0.0012,0.1083
8368,BTCUSDT,SELL,1791381908731,83126.565,-2.6093,-3.4405,1.5326
8369,BTCUSDT,BUY,1791381909208,83149.57500000001,-0.1588,0.6723,-4.2995
8370,BTCUSDT,SELL,1791381915019,83148.255,-0.8310,-0.1696,7.2461
8371,BTCUSDT,BUY,1791381921457,83151.265,-2.1876,0.0878,-9.7726
8372,BTCUSDT,BUY,1791381921797,83133.07500000001,0.0000,2.6055,-7.5866
8373,BTCUSDT,SELL,1791381923818,83133.07500000001,-1.9956,-4.4194,7.5866
8374,BTCUSDT,SELL,1791381924139,83144.265,-0.6495,-3.0730,8.9315
8375,BTCUSDT,SELL,1791381928541,83141.35500000001,-1.0404,-3.1019,8.5818
8376,ETHUSDT,SELL,1791381928564,2566.505,-0.5845,-0.5065,13.9100
8377,BTCUSDT,SELL,1791381931769,83151.995,-1.0547,-1.1256,9.8603
8378,ETHUSDT,SELL,1791381933185,2566.66,-1.5779,1.5779,14.5130
8379,BTCUSDT,SELL,1791381933209,83160.765,-0.8562,-0.0709,10.1923
8380,ETHUSDT,BUY,1791381934136,2567.2349999999997,-1.5581,-5.3365,-16.7495
8381,ETHUSDT,BUY,1791381938703,2566.635,-0.9740,-5.0650,-13.5196
8382,ETHUSDT,BUY,1791381938867,2566.63,-0.9546,-5.0455,-13.5002
8383,ETHUSDT,BUY,1791381939049,2566.435,-0.1948,-4.4420,-12.7414
8384,ETHUSDT,BUY,1791381942182,2566.5550000000003,-1.1689,-4.9093,-13.2084
8385,ETHUSDT,BUY,1791381943161,2566.4049999999997,-2.1041,-4.3251,-11.6116
8386,BTCUSDT,BUY,1791381943673,83161.35500000001,-1.8458,-4.8640,-6.1098
8387,BTCUSDT,BUY,1791381943948,83158.005,-1.4430,-4.4614,-5.7072
8388,BTCUSDT,BUY,1791381947344,83138.57500000001,-0.5136,-3.2921,3.3378
8389,BTCUSDT,BUY,1791381957018,83120.905,-1.1670,0.5654,9.2468
8390,BTCUSDT,BUY,1791381957305,83116.005,-0.5775,1.1550,9.8369
8391,BTCUSDT,SELL,1791381960084,83111.205,-1.2995,-0.3152,-10.4150
8392,BTCUSDT,SELL,1791381962515,83122.005,-0.4331,1.6494,-8.6620
8393,BTCUSDT,BUY,1791381968338,83125.60500000001,-1.4171,-4.5233,13.5422
8394,BTCUSDT,BUY,1791381970886,83113.82500000001,-0.6654,-3.8285,13.9965
8395,ETHUSDT,SELL,1791381975698,2563.0550000000003,-2.4190,0.4682,-16.9329
8396,BTCUSDT,BUY,1791381979460,83088.005,-0.4814,-2.1664,19.9788
8397,BTCUSDT,BUY,1791381980856,83084.005,-1.6850,-1.6850,20.4612
8398,BTCUSDT,SELL,1791382005749,83145.805,-1.8810,-5.7838,-5.5818
8399,BTCUSDT,SELL,1791382007127,83161.445,-0.5868,-4.3674,-3.7000
8400,ETHUSDT,SELL,1791382035897,2567.395,-2.0643,-2.0643,-0.0000
8401,ETHUSDT,SELL,1791382036870,2567.745,-0.0000,-0.7010,2.5703
8402,ETHUSDT,SELL,1791382042609,2567.745,-0.7010,3.0766,5.7638
8403,ETHUSDT,BUY,1791382049755,2567.925,-4.9846,-4.2447,-4.6341
8404,ETHUSDT,BUY,1791382050150,2567.745,-3.0766,-4.3618,-3.9334
8405,ETHUSDT,SELL,1791382053276,2566.955,-0.3896,3.3113,1.5583
8406,ETHUSDT,BUY,1791382054743,2567.0550000000003,-0.3896,-3.7007,-1.0907
8407,ETHUSDT,BUY,1791382060043,2566.835,-2.3375,-2.2206,0.6233
8408,ETHUSDT,BUY,1791382060614,2566.5150000000003,-1.5975,-0.9741,4.3249
8409,BTCUSDT,SELL,1791382067958,83192.215,-0.4279,-2.5327,-6.5355
8410,BTCUSDT,SELL,1791382073394,83195.775,-2.1047,-4.5579,-6.8657
8411,BTCUSDT,SELL,1791382080584,83213.285,-0.9446,-4.3923,-4.7601
8412,ETHUSDT,SELL,1791382080781,2567.1949999999997,-1.6750,-5.5313,-2.3761
8413,BTCUSDT,SELL,1791382081499,83215.625,-1.4228,-4.1110,-4.4787
8414,BTCUSDT,SELL,1791382081928,83221.14499999999,-1.0646,-3.4474,-3.8151
8415,BTCUSDT,SELL,1791382087727,83233.695,-1.2795,0.9239,-4.3084
8416,ETHUSDT,SELL,1791382089121,2568.13,-1.8885,4.4196,-2.1222
8417,BTCUSDT,BUY,1791382092146,83249.83499999999,-0.8745,-5.5051,2.3688
8418,ETHUSDT,BUY,1791382096039,2567.395,-1.2074,-4.4013,2.3759
8419,BTCUSDT,BUY,1791382097424,83228.005,-0.2403,-2.1663,2.6433
8422,BTCUSDT,BUY,1791382099171,83226.005,-1.5284,-1.1355,2.6284
8423,ETHUSDT,BUY,1791382099345,2566.995,-2.1815,-1.0129,2.9607
8424,BTCUSDT,BUY,1791382099959,83213.285,0.0000,0.3930,2.7303
8425,BTCUSDT,SELL,1791382106583,83201.495,-1.0192,-1.9146,-4.1466
8426,ETHUSDT,SELL,1791382106725,2566.2650000000003,-1.8315,-2.7667,-5.0268
8427,BTCUSDT,SELL,1791382110654,83216.555,-1.2149,-1.9179,-2.1979
8428,ETHUSDT,SELL,1791382110894,2566.855,-0.1948,-2.6492,-2.1037
8429,BTCUSDT,BUY,1791382111329,83228.005,-1.2712,-0.3124,0.8218
8430,ETHUSDT,BUY,1791382112123,2566.9049999999997,-1.3635,2.4543,1.0129
8431,BTCUSDT,SELL,1791382120084,83217.42499999999,-0.9589,-3.5041,-1.2581
8432,ETHUSDT,SELL,1791382120098,2567.0,-2.0841,-5.8239,-0.0974
8433,ETHUSDT,SELL,1791382120531,2567.625,0.3505,-4.4788,2.3368
8434,BTCUSDT,BUY,1791382120786,83232.515,-0.8542,1.6904,-0.5551
8435,ETHUSDT,SELL,1791382123482,2567.535,-1.7916,-4.5569,1.9863
8436,ETHUSDT,SELL,1791382123796,2567.625,-1.4410,-4.2062,2.3368
8437,BTCUSDT,SELL,1791382123803,83225.405,-1.0333,-3.3031,-0.2992
8438,BTCUSDT,SELL,1791382133189,83246.58499999999,-0.7580,-2.5731,0.1105
8439,ETHUSDT,BUY,1791382134969,2568.705,-1.4015,-0.1168,-4.0098
8440,BTCUSDT,BUY,1791382140637,83252.89499999999,0.0000,2.0011,1.8150
8441,ETHUSDT,BUY,1791382140640,2568.025,0.7788,2.5311,0.7009
8442,ETHUSDT,SELL,1791382140930,2567.8050000000003,-1.6356,-3.3881,-1.5578
8443,ETHUSDT,SELL,1791382143014,2568.2349999999997,-1.7132,-1.7522,0.7787
8444,BTCUSDT,BUY,1791382154218,83269.555,-2.3478,-2.9531,-4.5095
8445,ETHUSDT,BUY,1791382154449,2568.675,-2.6083,-3.6595,-6.3846
8446,ETHUSDT,BUY,1791382155409,2568.0950000000003,-0.3505,-2.1027,-4.1276
8447,BTCUSDT,BUY,1791382159131,83250.005,-1.6817,-1.8210,-3.2853
8448,ETHUSDT,SELL,1791382160354,2567.325,-2.7655,-0.2727,3.2329
8449,BTCUSDT,SELL,1791382160469,83236.005,-0.9611,0.1394,1.6820
8450,ETHUSDT,SELL,1791382160901,2567.825,-0.8178,1.6746,5.1795
8451,ETHUSDT,SELL,1791382161072,2567.915,-0.4673,2.0250,5.5298
8453,BTCUSDT,BUY,1791382164147,83248.295,-1.4775,-3.5664,-4.3592
8452,ETHUSDT,BUY,1791382164144,2568.035,-1.8691,-4.2445,-5.9968
8455,BTCUSDT,BUY,1791382166898,83235.985,-0.1370,-0.9719,-2.8810
8454,ETHUSDT,BUY,1791382166893,2567.505,-1.6358,-1.5190,-4.4791
8456,ETHUSDT,SELL,1791382167852,2567.0150000000003,-1.4803,-0.3896,2.0257
8457,ETHUSDT,BUY,1791382171231,2567.395,-1.7527,-1.4411,-3.5055
8458,ETHUSDT,BUY,1791382171395,2567.325,-1.4801,-1.1685,-3.2329
8459,BTCUSDT,BUY,1791382172164,83225.39499999999,-0.8159,0.3004,-0.4073
8460,BTCUSDT,SELL,1791382175701,83218.60500000001,-0.2139,-2.5715,3.1964
8461,ETHUSDT,SELL,1791382184219,2567.025,-1.0518,-2.5321,5.2201
8462,ETHUSDT,SELL,1791382186176,2567.4849999999997,-0.7400,-2.1422,7.0108
8463,BTCUSDT,SELL,1791382195009,83250.005,-0.7207,-2.1622,4.4841
8464,ETHUSDT,SELL,1791382195060,2567.675,-1.4020,-1.4020,8.6460
8465,BTCUSDT,SELL,1791382196922,83260.005,-0.5537,-0.7999,5.6846
8466,ETHUSDT,BUY,1791382198476,2568.225,-0.0779,-4.1274,-11.7591
8467,ETHUSDT,BUY,1791382205346,2568.035,-1.5966,-3.8940,-11.4484
8468,BTCUSDT,BUY,1791382207106,83266.66500000001,-2.7214,-4.4027,-9.4480
8469,ETHUSDT,BUY,1791382207408,2567.605,-1.7137,-2.2200,-12.7746
8470,BTCUSDT,BUY,1791382208948,83244.005,-0.4805,-1.9221,-8.0054
8471,ETHUSDT,BUY,1791382213509,2567.165,-0.5064,-2.6099,-11.6081
8472,BTCUSDT,BUY,1791382213989,83232.755,-0.0901,-2.4930,-5.6168
8473,BTCUSDT,BUY,1791382216732,83232.005,-0.4806,-2.4029,-5.5267
8474,ETHUSDT,BUY,1791382217558,2567.035,-1.1687,-2.1036,-9.8557
8475,BTCUSDT,BUY,1791382217582,83230.005,-0.2403,-2.1627,-5.2866
8476,ETHUSDT,BUY,1791382219870,2566.725,-0.8961,-0.8961,-9.4673
8477,BTCUSDT,SELL,1791382230078,83212.005,-1.2017,2.8842,2.4191
8478,BTCUSDT,BUY,1791382232823,83222.005,-1.6822,-2.0271,-0.4806
8479,ETHUSDT,BUY,1791382234426,2565.9449999999997,-2.7280,-1.0133,-0.6236
8480,ETHUSDT,BUY,1791382234985,2565.755,-2.9231,-0.2728,0.1169
8481,BTCUSDT,SELL,1791382249986,83205.13500000001,-0.9062,0.5480,-6.9515
8482,ETHUSDT,BUY,1791382258209,2565.435,-1.3253,-4.3268,6.9774
8483,BTCUSDT,BUY,1791382267308,83187.985,-1.2766,-0.2380,11.6844
8484,ETHUSDT,BUY,1791382268389,2564.325,-0.8189,-0.1170,11.3480
8485,BTCUSDT,BUY,1791382269161,83177.36499999999,-0.1635,1.0375,12.9627
8486,BTCUSDT,SELL,1791382273299,83174.005,-1.4428,-1.4416,-13.3672
8487,ETHUSDT,SELL,1791382273299,2563.8450000000003,-2.5743,-1.7552,-12.4032
8488,ETHUSDT,SELL,1791382287670,2564.295,-0.3900,-5.8106,-10.6462
8489,BTCUSDT,SELL,1791382288869,83188.005,-0.4652,-4.8084,-11.0593
8490,ETHUSDT,SELL,1791382290015,2564.395,-1.2869,-7.7601,-10.1778
8491,ETHUSDT,SELL,1791382291139,2564.725,-2.6124,-6.4724,-8.8898
8492,BTCUSDT,SELL,1791382291649,83205.905,-0.8136,-4.5790,-10.0005
8493,ETHUSDT,SELL,1791382291650,2564.995,-1.5595,-5.4191,-7.9142
8494,BTCUSDT,SELL,1791382291917,83210.17499999999,-0.9410,-4.0656,-10.2932
8495,BTCUSDT,SELL,1791382292780,83212.67499999999,-0.6405,-3.7651,-11.5920
8496,BTCUSDT,SELL,1791382296864,83220.32500000001,-0.9229,-5.1249,-5.9685
8497,ETHUSDT,SELL,1791382299378,2566.3050000000003,-0.3117,-2.1432,-2.1432
8498,ETHUSDT,BUY,1791382311865,2566.725,-0.2727,1.9870,-3.5064
8499,ETHUSDT,SELL,1791382313534,2566.2650000000003,-1.8704,-3.7798,1.7146
8500,ETHUSDT,SELL,1791382315149,2566.865,-0.5454,-1.4414,3.5841
8501,ETHUSDT,SELL,1791382317129,2567.0150000000003,-0.8181,-0.8570,3.8566
8502,BTCUSDT,SELL,1791382317710,83279.275,-0.5680,-0.7097,2.7942
8503,ETHUSDT,SELL,1791382321216,2567.2349999999997,-0.0000,-0.0000,6.4661
8504,ETHUSDT,BUY,1791382331429,2567.2349999999997,-0.8180,-0.8180,-7.4399
8505,ETHUSDT,BUY,1791382331638,2567.145,-0.4674,-0.4674,-7.0896
8506,BTCUSDT,BUY,1791382336311,83285.185,-0.3014,-0.6220,-5.4067
8507,BTCUSDT,BUY,1791382338195,83282.67499999999,-0.3206,-0.3206,-5.1055
8508,BTCUSDT,SELL,1791382352208,83295.82500000001,-0.7900,3.1010,5.9811
8509,ETHUSDT,SELL,1791382352218,2567.355,-0.7011,2.1423,8.2965
8510,BTCUSDT,BUY,1791382353024,83309.13500000001,-1.4392,-4.6982,-7.5778
8511,ETHUSDT,BUY,1791382358848,2567.145,-1.1297,-4.4797,-11.8030
8512,ETHUSDT,BUY,1791382361550,2566.855,-0.1948,-4.0127,-12.3887
8514,BTCUSDT,BUY,1791382364956,83269.995,-1.9203,-1.9227,-8.4052
8513,ETHUSDT,BUY,1791382364948,2566.8050000000003,-2.8440,-3.3505,-12.8175
8515,BTCUSDT,BUY,1791382365964,83254.005,-0.3952,0.0000,-6.4862
8516,BTCUSDT,BUY,1791382366947,83252.005,-0.6654,0.2402,-6.2461
8517,BTCUSDT,BUY,1791382370238,83246.455,-0.0541,1.1472,-5.5798
8519,BTCUSDT,BUY,1791382371433,83246.005,-0.2403,-0.9610,-5.5258
8518,ETHUSDT,BUY,1791382371425,2565.995,-0.6625,-2.1824,-9.6649
8520,BTCUSDT,SELL,1791382375512,83253.985,-0.0024,1.9194,6.7264
8521,BTCUSDT,SELL,1791382377576,83254.005,-0.2402,1.9218,6.7288
8522,ETHUSDT,BUY,1791382379609,2566.025,-1.3640,-2.7280,-12.3927
8523,BTCUSDT,BUY,1791382380329,83256.005,-2.1620,-2.1620,-7.9274
8524,ETHUSDT,BUY,1791382386109,2565.435,-0.4288,-0.4288,-11.8498
8525,ETHUSDT,SELL,1791382402800,2565.325,-1.7152,0.3898,11.7334
8526,ETHUSDT,SELL,1791382403125,2565.705,-0.2339,1.8708,13.2127
8527,BTCUSDT,BUY,1791382410807,83262.005,-1.9216,-6.7258,-10.0586
8528,BTCUSDT,BUY,1791382411272,83250.005,-0.4805,-6.0060,-8.6186
8529,BTCUSDT,BUY,1791382415180,83246.005,-1.0811,-5.5258,-8.1385
8530,BTCUSDT,BUY,1791382417316,83232.005,-2.1626,-3.8447,-4.7542
8531,ETHUSDT,BUY,1791382417319,2564.525,-1.5207,-3.9384,-7.0968
8532,ETHUSDT,BUY,1791382418245,2564.315,-0.7799,-3.1197,-6.2785
8533,ETHUSDT,BUY,1791382421629,2563.675,-0.6241,-0.6241,-2.4964
8534,ETHUSDT,BUY,1791382434988,2563.5150000000003,-2.6136,-4.3690,-4.4860
8535,ETHUSDT,BUY,1791382449328,2562.395,-0.9756,-1.5220,-0.1171
8536,ETHUSDT,SELL,1791382451252,2562.145,-0.8196,-0.6635,0.5464
8537,BTCUSDT,SELL,1791382452244,83161.685,-1.5776,-0.3331,-0.3343
8538,BTCUSDT,SELL,1791382453775,83174.805,-1.1506,1.1301,2.3950
8539,ETHUSDT,BUY,1791382456431,2562.3450000000003,-1.3269,0.6244,-1.3269
8540,ETHUSDT,SELL,1791382461474,2562.315,-0.0000,-0.7415,1.2098
8541,BTCUSDT,SELL,1791382465073,83165.41,-1.9028,-1.5445,0.0715
8542,BTCUSDT,BUY,1791382467004,83181.225,-0.0673,1.3477,-3.0319
8543,BTCUSDT,BUY,1791382468845,83180.66500000001,-0.2897,1.4150,-2.9646
8544,ETHUSDT,BUY,1791382474908,2562.815,-0.4292,-0.8584,-0.9755
8545,ETHUSDT,SELL,1791382479077,2562.705,-1.2877,0.5853,2.6534
8546,ETHUSDT,BUY,1791382483916,2563.035,-1.7167,-2.0288,-6.9449
8547,BTCUSDT,BUY,1791382486466,83193.255,-0.8715,-1.8030,-6.4008
8548,ETHUSDT,BUY,1791382486528,2562.5950000000003,-0.1561,-0.8975,-8.3119
8549,ETHUSDT,BUY,1791382492498,2562.5550000000003,-0.1561,-0.7414,-6.5560
8550,ETHUSDT,BUY,1791382507184,2562.795,-1.4047,-3.0826,-15.2958
8551,ETHUSDT,BUY,1791382508184,2562.435,-0.2732,-1.6781,-14.2833
8552,ETHUSDT,SELL,1791382508523,2562.395,0.1171,1.5220,12.6054
8553,ETHUSDT,BUY,1791382510162,2562.365,-1.4050,-1.4050,-11.1225
8554,BTCUSDT,SELL,1791382514794,83154.88500000001,-0.1335,-1.1942,6.3592
8555,ETHUSDT,SELL,1791382528208,2562.145,-1.1709,0.4684,12.3334
8556,BTCUSDT,SELL,1791382530204,83160.375,-1.7376,-0.9061,11.3480
8557,ETHUSDT,SELL,1791382530362,2562.455,-1.3659,3.7854,13.5027
8558,BTCUSDT,SELL,1791382530371,83165.35500000001,-1.1387,0.4028,12.1878
8559,ETHUSDT,BUY,1791382535512,2562.565,-2.5365,-6.1657,-13.6582
8560,BTCUSDT,BUY,1791382535538,83174.82500000001,-0.2369,-3.9459,-14.2856
8561,BTCUSDT,BUY,1791382536516,83172.85500000001,0.0000,-3.9496,-12.3983
8562,ETHUSDT,SELL,1791382536713,2561.915,-0.4294,5.6598,9.4851
8563,BTCUSDT,BUY,1791382539137,83172.85500000001,-0.5038,-3.9496,-10.1319
8564,ETHUSDT,BUY,1791382543894,2561.355,-1.4445,-1.7959,-3.9432
8565,ETHUSDT,SELL,1791382551200,2560.465,-0.8983,9.6857,0.8202
8566,BTCUSDT,SELL,1791382552459,83140.005,-0.2406,9.6223,3.8489
8567,BTCUSDT,BUY,1791382555882,83140.005,-3.5422,-7.3936,-1.9245
8568,ETHUSDT,BUY,1791382560777,2558.585,-1.8760,5.2764,7.1524
8569,ETHUSDT,SELL,1791382561250,2557.9849999999997,-0.4691,-7.8187,-9.4997
8570,ETHUSDT,BUY,1791382562443,2557.9849999999997,-0.8210,8.2878,11.4543
8571,BTCUSDT,SELL,1791382564567,83056.41500000001,-1.8758,-5.4890,-9.9583
8572,ETHUSDT,SELL,1791382621709,2560.415,-1.9528,-2.4996,-8.2409
8573,ETHUSDT,SELL,1791382622395,2560.775,-1.6792,-1.0934,-6.8339
8574,ETHUSDT,SELL,1791382623130,2560.915,-0.9762,-0.5467,-6.2868
8575,BTCUSDT,SELL,1791382623166,83141.875,-0.7253,0.4655,-0.7373
8576,ETHUSDT,BUY,1791382624116,2561.205,-0.5857,-0.5857,5.1538
8577,BTCUSDT,SELL,1791382627133,83139.125,0.1347,0.8967,-0.8396
8578,BTCUSDT,BUY,1791382628060,83142.57500000001,-0.5497,-2.1613,0.4246
8579,BTCUSDT,BUY,1791382635430,83138.005,-0.7217,-0.2406,-7.4575
8580,BTCUSDT,BUY,1791382639010,83124.60500000001,-1.2752,1.8514,-5.8466
8581,BTCUSDT,SELL,1791382645203,83131.32500000001,-1.0429,-2.2374,8.4998
8582,BTCUSDT,SELL,1791382645422,83132.005,-0.9611,-2.1556,8.5815
8583,ETHUSDT,SELL,1791382646551,2561.2650000000003,-0.5076,-1.9912,5.2708
8585,BTCUSDT,SELL,1791382652270,83139.975,-0.2406,1.4397,9.5393
8584,ETHUSDT,SELL,1791382652256,2561.4049999999997,-0.7027,0.9370,5.1925
8586,BTCUSDT,SELL,1791382652565,83141.975,-0.0000,1.6803,9.7797
8587,ETHUSDT,SELL,1791382653988,2561.585,-0.7417,2.3813,8.8227
8588,BTCUSDT,SELL,1791382654006,83141.975,-0.9562,1.9208,11.7811
8589,ETHUSDT,BUY,1791382658895,2561.585,0.0000,-1.6786,-6.5975
8590,ETHUSDT,BUY,1791382661724,2561.585,-1.6396,0.9760,-3.3183
8591,ETHUSDT,BUY,1791382663516,2561.165,-0.7418,2.1865,-1.6789
8592,ETHUSDT,SELL,1791382668271,2560.9849999999997,-1.6009,-1.0933,2.9286
8593,ETHUSDT,SELL,1791382668971,2561.1549999999997,-0.9371,-2.6160,3.5921
8594,BTCUSDT,SELL,1791382670193,83126.005,-1.0346,-1.2030,7.0375
8595,ETHUSDT,SELL,1791382670982,2561.395,-1.7178,-1.6788,4.5288
8596,ETHUSDT,BUY,1791382673077,2561.835,-2.2640,2.6934,-6.2455
8597,BTCUSDT,BUY,1791382673659,83140.005,-0.4811,1.1932,-9.3024
8598,ETHUSDT,SELL,1791382678342,2561.2650000000003,-2.1864,-3.1625,4.5290
8599,ETHUSDT,SELL,1791382681292,2561.825,-2.7324,0.1171,7.3776
8600,ETHUSDT,SELL,1791382681479,2562.315,-0.8196,2.3807,9.2885
8601,BTCUSDT,BUY,1791382692470,83118.005,-2.4062,-5.0531,-10.3143
8602,ETHUSDT,BUY,1791382692807,2561.215,-1.2494,-3.4359,-9.8781
8603,BTCUSDT,BUY,1791382693932,83096.005,-2.4069,-3.5682,-6.7392
8604,ETHUSDT,BUY,1791382694077,2560.885,-2.1477,-3.7878,-6.8336
8605,BTCUSDT,BUY,1791382694382,83080.005,-0.4815,-1.6430,-4.8146
8608,ETHUSDT,BUY,1791382703804,2560.335,-1.6404,-3.9448,-5.6633
8609,BTCUSDT,BUY,1791382704904,83066.35500000001,-0.6850,-2.6882,-5.3259
8610,ETHUSDT,BUY,1791382708271,2560.145,-0.2734,-0.9765,-4.4529
8611,BTCUSDT,BUY,1791382713924,83046.005,-0.2384,3.4065,-1.2054
8612,ETHUSDT,SELL,1791382717370,2559.685,-0.8204,-2.6175,5.3522
8613,BTCUSDT,SELL,1791382718099,83044.025,-0.4793,-1.9243,3.8558
8614,ETHUSDT,SELL,1791382718193,2559.785,-0.8204,-1.7580,5.7427
8615,ETHUSDT,SELL,1791382719170,2559.895,-3.2814,-1.3282,3.8283
8616,BTCUSDT,SELL,1791382719532,83058.005,-1.1438,-1.1438,5.5106
8617,BTCUSDT,SELL,1791382722254,83069.965,-0.5212,0.2961,7.2180
8618,BTCUSDT,SELL,1791382724039,83074.295,-0.2022,1.4000,8.9426
8619,ETHUSDT,BUY,1791382725974,2560.4849999999997,-0.5077,-1.4841,-6.5222
8620,BTCUSDT,BUY,1791382725991,83066.17499999999,-0.7428,-0.4226,-7.9659
8621,BTCUSDT,BUY,1791382727353,83060.005,0.0000,0.3203,-8.3939
8622,BTCUSDT,BUY,1791382732412,83067.505,-0.5827,-1.6252,-5.9590
8623,ETHUSDT,BUY,1791382733910,2560.2349999999997,-0.5078,-3.7106,-4.1402
8624,ETHUSDT,BUY,1791382738820,2560.105,-0.6640,-5.5857,-0.3125
8625,BTCUSDT,SELL,1791382740267,83054.005,-0.4792,2.6164,2.4285
8626,BTCUSDT,BUY,1791382742107,83057.985,-0.7200,-3.0954,-2.9076
8627,ETHUSDT,BUY,1791382742135,2559.935,-2.1094,-4.8829,0.3516
8628,ETHUSDT,SELL,1791382746813,2559.355,-1.3285,-0.4298,-1.2112
8629,BTCUSDT,SELL,1791382746818,83044.005,-0.9621,-0.9959,2.2229
8630,BTCUSDT,BUY,1791382748250,83051.995,-2.3744,0.0337,-3.1848
8631,ETHUSDT,BUY,1791382748250,2559.685,-3.9067,-0.8595,1.7580
8632,BTCUSDT,SELL,1791382753506,83026.015,-1.6850,-0.9623,-3.6109
8633,ETHUSDT,SELL,1791382753544,2558.685,-1.7587,-1.2506,-12.1156
8634,ETHUSDT,SELL,1791382753774,2558.835,-1.1724,-0.1954,-11.5678
8635,BTCUSDT,BUY,1791382755494,83057.985,-0.6875,-4.3187,1.6880
8636,ETHUSDT,BUY,1791382761050,2559.465,-1.3675,-1.3675,11.1351
8637,BTCUSDT,BUY,1791382761077,83052.945,-1.3172,-2.0409,1.8133
8638,ETHUSDT,BUY,1791382763250,2559.115,-0.8987,-0.4689,12.5043
8639,BTCUSDT,BUY,1791382766454,83038.32500000001,-0.2806,-1.2428,3.8139
8640,ETHUSDT,BUY,1791382772417,2559.105,-0.4298,-1.8757,15.6305
8641,BTCUSDT,BUY,1791382774449,83035.995,-0.2216,-4.3343,7.9496
8642,BTCUSDT,BUY,1791382775672,83034.155,-0.7407,-4.1128,8.0112
8643,ETHUSDT,BUY,1791382775787,2558.7650000000003,-1.7587,0.1954,17.8993
8644,BTCUSDT,BUY,1791382776671,83028.005,-1.9271,-3.3724,8.1900
8645,ETHUSDT,SELL,1791382778864,2558.315,-1.3290,-1.9544,-17.0816
8646,ETHUSDT,BUY,1791382780352,2558.645,-0.0782,2.0714,16.6104
8647,ETHUSDT,BUY,1791382783344,2558.625,-0.7426,2.1496,17.0404
8648,ETHUSDT,SELL,1791382785425,2558.415,-1.5635,-5.0031,-18.4489
8649,BTCUSDT,SELL,1791382787482,82990.285,-0.9483,-5.2476,-12.6521
8650,BTCUSDT,SELL,1791382788799,82998.16,-0.6862,-4.2983,-11.7021
8651,ETHUSDT,SELL,1791382788919,2558.815,-1.4069,-4.7288,-16.8828
8652,BTCUSDT,SELL,1791382789495,83000.005,-1.9578,-4.0759,-11.4795
8653,BTCUSDT,SELL,1791382789817,83003.85500000001,-1.7047,-3.6119,-11.0152
8654,ETHUSDT,SELL,1791382789827,2558.915,-1.0161,-4.3378,-16.4914
8655,BTCUSDT,SELL,1791382794629,83018.005,-0.9082,-0.9082,-9.2570
8656,BTCUSDT,SELL,1791382795202,83019.36499999999,-0.7444,-0.7444,-9.0931
8657,BTCUSDT,SELL,1791382796789,83025.545,-0.9985,-0.0000,-10.4137
8658,ETHUSDT,BUY,1791382803126,2559.915,-0.9766,5.7814,14.0630
8659,BTCUSDT,SELL,1791382808845,83025.545,-1.4959,-5.1141,-12.7262
8660,ETHUSDT,SELL,1791382809951,2560.545,-1.0154,-6.0143,-16.0513
8661,ETHUSDT,SELL,1791382811374,2560.815,-2.2649,-5.8575,-14.9952
8662,BTCUSDT,BUY,1791382812372,83054.795,-0.0951,1.5905,9.3288
8663,ETHUSDT,SELL,1791382813364,2561.395,-3.2014,-3.5918,-12.7274
8665,BTCUSDT,BUY,1791382816854,83072.005,-0.4815,1.7996,6.0189
8664,ETHUSDT,BUY,1791382816793,2562.215,-1.6392,1.1123,6.6349
8666,ETHUSDT,SELL,1791382817919,2561.795,-1.1320,-3.8645,-8.2754
8667,ETHUSDT,SELL,1791382820586,2562.085,-0.8977,-3.9811,-6.0888
8668,BTCUSDT,SELL,1791382824410,83066.005,-0.4803,-4.3339,-5.2970
8669,ETHUSDT,SELL,1791382826692,2562.205,-2.2637,-4.2932,-6.4398
8670,BTCUSDT,SELL,1791382827950,83090.35500000001,-1.1602,1.6933,-1.3046
8671,BTCUSDT,SELL,1791382828349,83092.015,-0.9604,1.8931,-1.1048
8672,BTCUSDT,SELL,1791382834024,83100.995,0.0385,0.7714,-0.9771
8674,BTCUSDT,BUY,1791382835776,83100.67499999999,-0.5620,0.4825,0.0626
8673,ETHUSDT,BUY,1791382835771,2563.435,-0.5071,-1.1703,2.5747
8675,BTCUSDT,BUY,1791382837310,83094.67499999999,-2.2131,0.0734,0.2250
8676,ETHUSDT,BUY,1791382837384,2562.815,-0.7414,1.2486,4.5263
8677,ETHUSDT,SELL,1791382839964,2562.685,-0.8195,-1.7560,-5.0338
8678,ETHUSDT,BUY,1791382841506,2562.885,-1.6388,0.9755,4.2530
8679,ETHUSDT,SELL,1791382844413,2562.9849999999997,-0.5853,-0.7413,-5.4234
8680,BTCUSDT,BUY,1791382846030,83104.685,-1.1311,-0.4212,3.2874
8681,BTCUSDT,SELL,1791382855260,83094.85500000001,-0.7618,-2.5080,-8.5384
8682,BTCUSDT,SELL,1791382856775,83110.005,-0.3453,-1.1587,-7.2193
8683,BTCUSDT,SELL,1791382859872,83110.215,-0.1576,-2.6543,-7.7451
8684,ETHUSDT,SELL,1791382863589,2563.5150000000003,-1.5604,-4.4470,-8.8940
8685,BTCUSDT,SELL,1791382864573,83111.525,-0.5017,-2.4966,-5.9053
8686,ETHUSDT,SELL,1791382868111,2564.105,-2.1450,0.7410,-1.5600
8687,BTCUSDT,SELL,1791382869390,83131.205,-0.1287,2.6007,-0.0529
8688,BTCUSDT,BUY,1791382875232,83128.005,-0.6917,-3.2251,3.1277
8689,BTCUSDT,BUY,1791382879522,83109.57500000001,-1.0083,-1.0083,5.3460
8690,BTCUSDT,SELL,1791382884248,83101.195,-0.0000,-0.9531,-7.9903
8691,ETHUSDT,SELL,1791382884258,2563.645,-1.2482,-1.7553,-7.8404
8692,ETHUSDT,BUY,1791382885077,2564.165,-1.2090,-0.2730,5.8889
8693,BTCUSDT,BUY,1791382885119,83110.005,-1.0600,-0.1071,6.9294
8694,BTCUSDT,SELL,1791382889949,83101.195,-1.2731,0.5596,-10.6870
8695,BTCUSDT,SELL,1791382890186,83104.36499999999,-0.8916,0.9410,-10.3051
8696,ETHUSDT,SELL,1791382893053,2563.855,-0.9361,-1.1701,-9.6729
8697,ETHUSDT,BUY,1791382896439,2564.0950000000003,-0.4680,3.5100,4.9920
8698,BTCUSDT,BUY,1791382897338,83096.545,0.0000,4.5513,9.7549
8699,ETHUSDT,SELL,1791382902374,2563.975,-0.7020,-5.9673,-3.6272
8700,BTCUSDT,SELL,1791382903850,83105.845,-0.9819,-4.8324,-2.6665
8701,BTCUSDT,SELL,1791382904673,83110.005,-1.4439,-5.3219,-2.1658
8702,BTCUSDT,SELL,1791382905664,83120.495,-1.6687,-5.9564,-0.9035
8703,BTCUSDT,SELL,1791382906461,83132.015,-0.2827,-4.5698,0.4824
8704,BTCUSDT,SELL,1791382910209,83136.005,-1.2028,-4.6406,-0.0000
8705,ETHUSDT,SELL,1791382910354,2564.995,-1.9883,-3.8986,-0.0000
8706,ETHUSDT,SELL,1791382910562,2565.465,-0.1559,-2.0659,1.8320
8707,ETHUSDT,BUY,1791382923237,2565.955,-1.4420,-1.9486,-6.8201
8708,ETHUSDT,BUY,1791382923601,2565.795,-1.3251,-1.3251,-6.1969
8709,ETHUSDT,BUY,1791382924494,2565.505,-1.4032,-0.2339,-4.5605
8710,ETHUSDT,BUY,1791382926109,2565.135,-2.4560,1.0526,-1.8323
8711,BTCUSDT,BUY,1791382926685,83142.695,-0.5641,1.3603,-2.7290
8712,ETHUSDT,SELL,1791382929859,2564.505,-1.9107,-2.8855,-1.6377
8713,BTCUSDT,SELL,1791382931030,83138.005,-1.9245,-3.3679,2.1651
8714,ETHUSDT,SELL,1791382931781,2564.995,-1.7934,-3.5478,-0.0000
8715,ETHUSDT,BUY,1791382942920,2565.885,-0.8964,1.7538,0.4287
8716,BTCUSDT,BUY,1791382942947,83172.13500000001,-0.5459,2.6619,-1.2264
8717,ETHUSDT,SELL,1791382948231,2565.995,-1.3250,2.6111,1.4030
8718,BTCUSDT,SELL,1791382948242,83175.765,-1.7120,-0.0289,2.5921
8719,ETHUSDT,BUY,1791382953386,2566.335,-1.0911,-7.7542,-3.7797
8720,ETHUSDT,BUY,1791382955124,2566.0550000000003,-2.6500,-6.9367,-3.8581
8721,BTCUSDT,BUY,1791382955328,83188.66500000001,-1.3295,-7.2919,-6.2689
8722,BTCUSDT,BUY,1791382957839,83177.60500000001,-1.2022,-5.9631,-5.7227
8723,ETHUSDT,BUY,1791382957906,2565.375,-0.5067,-4.2879,-2.0270
8724,BTCUSDT,BUY,1791382958687,83176.005,-1.2035,-5.7709,-6.0077
8725,ETHUSDT,BUY,1791382958688,2565.325,-0.6237,-1.9101,-1.8321
8726,BTCUSDT,BUY,1791382960193,83165.995,-1.3720,-3.6060,-5.0489
8727,BTCUSDT,BUY,1791382961122,83154.60500000001,-0.0722,-2.2368,-3.6799
8728,BTCUSDT,BUY,1791382961870,83154.005,-1.9193,-2.1647,-3.6078
8729,BTCUSDT,BUY,1791382963594,83133.305,-0.6375,0.3248,-2.7763
8730,ETHUSDT,BUY,1791382963715,2564.325,-0.1950,2.6128,0.3120
8731,ETHUSDT,SELL,1791382963952,2564.225,-0.1950,-3.0029,-0.7020
8732,ETHUSDT,SELL,1791382968441,2564.275,-2.8078,-2.5348,-3.4708
8733,BTCUSDT,SELL,1791382968695,83128.005,-0.9624,-0.4812,-0.9624
8734,BTCUSDT,BUY,1791382976234,83136.005,-0.4811,-2.3937,0.0000
8735,ETHUSDT,BUY,1791382976237,2564.995,-0.2729,-1.2866,0.3509
8736,BTCUSDT,BUY,1791382981352,83121.985,-0.2394,-0.2382,1.6867
8737,BTCUSDT,BUY,1791382982435,83119.985,-1.6302,0.6978,2.6492
8738,ETHUSDT,SELL,1791382984300,2564.205,-1.7939,-3.0809,-5.1478
8739,ETHUSDT,SELL,1791382984793,2564.335,-1.2869,-2.5738,-4.6406
8740,BTCUSDT,SELL,1791382986255,83116.10500000001,-0.4692,-3.5974,-5.3467
8741,BTCUSDT,SELL,1791382995257,83125.785,-2.4325,-4.3488,-6.6526
8742,ETHUSDT,SELL,1791382995268,2565.0,-1.5789,-4.7368,-4.0741
8743,BTCUSDT,SELL,1791383005866,83161.935,-0.5531,3.0567,0.4858
8745,BTCUSDT,BUY,1791383007360,83160.60500000001,-0.7696,-2.8968,-1.9180
8744,ETHUSDT,BUY,1791383007349,2566.085,-1.7536,-3.9749,-2.8058
8746,BTCUSDT,BUY,1791383007711,83157.755,-0.6915,-3.0965,-1.5753
8747,BTCUSDT,BUY,1791383008394,83154.205,-0.2646,-3.3865,-1.1485
8748,ETHUSDT,BUY,1791383014151,2565.365,-1.1694,-2.3388,0.0000
8749,BTCUSDT,BUY,1791383017830,83132.005,-0.7181,0.4812,3.3573
8750,BTCUSDT,BUY,1791383019860,83124.545,-0.0650,1.3787,4.2539
8751,BTCUSDT,BUY,1791383022553,83124.005,-1.6578,1.4436,4.3188
8752,ETHUSDT,SELL,1791383024479,2564.7650000000003,-0.7018,-1.2477,-4.3669
8753,ETHUSDT,SELL,1791383024743,2564.8450000000003,-0.3899,-0.9357,-4.0548
8754,BTCUSDT,SELL,1791383025491,83130.475,-0.5870,-0.6652,-4.0334
8755,ETHUSDT,SELL,1791383026629,2564.9449999999997,-0.8577,-0.5458,-3.6648
8756,ETHUSDT,BUY,1791383032713,2565.165,-0.3119,0.7407,6.5103
8757,ETHUSDT,SELL,1791383042344,2565.085,-1.0526,-3.7426,-7.2122
8758,BTCUSDT,SELL,1791383045434,83149.965,-1.2724,-3.7426,-8.2453
8759,ETHUSDT,BUY,1791383057350,2565.835,-0.1559,-1.8318,7.1712
8760,BTCUSDT,BUY,1791383058603,83177.07500000001,-1.5810,-3.8977,6.9094
8761,ETHUSDT,BUY,1791383062863,2565.825,-1.2861,-1.7928,8.5742
8762,BTCUSDT,BUY,1791383066264,83157.89499999999,-1.5922,-1.4310,10.1878
8763,BTCUSDT,SELL,1791383070777,83144.655,-0.1612,-1.8342,-12.5480
8764,ETHUSDT,SELL,1791383075630,2565.365,-0.6237,-2.0270,-11.7722
8765,ETHUSDT,BUY,1791383078877,2565.995,-1.8316,1.7147,7.8332
8766,ETHUSDT,SELL,1791383083921,2565.525,-1.4032,-5.1062,-3.1183
8767,BTCUSDT,SELL,1791383087332,83164.005,-2.2221,-2.2221,-2.8937
8768,BTCUSDT,SELL,1791383087630,83166.005,-1.9816,-1.9816,-1.7195
8769,ETHUSDT,SELL,1791383091528,2566.635,-0.7792,-0.5065,3.0000
8770,ETHUSDT,BUY,1791383095484,2566.835,-0.2338,1.0908,-3.7790
8771,BTCUSDT,SELL,1791383101370,83182.485,-2.1050,-5.6863,3.6642
8772,ETHUSDT,SELL,1791383101513,2566.725,-0.8182,-3.3116,6.7401
8773,BTCUSDT,SELL,1791383102881,83199.995,-1.5998,-3.6058,5.7680
8775,BTCUSDT,SELL,1791383103787,83205.82500000001,-1.5263,-3.4517,6.7087
8774,ETHUSDT,SELL,1791383103785,2566.935,-0.7012,-2.8828,7.7914
8776,BTCUSDT,SELL,1791383106427,83220.005,-1.1752,-1.7472,9.1072
8777,ETHUSDT,SELL,1791383125084,2568.0299999999997,-0.7983,-2.2780,10.4165
8778,BTCUSDT,SELL,1791383125122,83238.035,-0.5502,-1.7047,9.1160
8779,BTCUSDT,SELL,1791383126824,83242.61499999999,-0.7652,-0.4072,9.6657
8780,ETHUSDT,BUY,1791383136479,2568.315,-1.1681,-7.2032,-11.7976
8781,ETHUSDT,BUY,1791383139061,2568.005,-3.6604,-8.3333,-10.5919
8782,BTCUSDT,BUY,1791383140744,83214.005,-1.4421,-5.3741,-9.1331
8783,ETHUSDT,BUY,1791383141958,2566.8450000000003,-2.0258,-3.8179,-9.0773
8784,ETHUSDT,BUY,1791383142350,2566.465,-0.5455,-2.3378,-7.5980
8785,BTCUSDT,BUY,1791383142412,83202.005,-0.5505,-3.9326,-8.4133
8786,ETHUSDT,BUY,1791383147213,2566.465,-1.5196,-5.0264,-8.6111
8787,BTCUSDT,SELL,1791383150213,83162.065,-0.8682,1.2097,4.1690
8788,BTCUSDT,BUY,1791383152942,83169.285,-0.8681,-2.0777,-5.0367
8789,BTCUSDT,BUY,1791383153409,83164.455,-0.0409,-1.7375,-4.4562
8790,BTCUSDT,SELL,1791383154028,83162.065,-0.2465,1.6907,4.0956
8791,BTCUSDT,BUY,1791383155811,83164.11499999999,-0.7347,-2.3929,-1.1351
8792,ETHUSDT,BUY,1791383158985,2565.175,-0.7017,-1.5204,0.5458
8793,BTCUSDT,BUY,1791383163314,83152.005,-0.4810,-0.5340,-3.1268
8794,BTCUSDT,SELL,1791383168591,83144.215,-0.4029,-2.1577,2.4307
8795,ETHUSDT,SELL,1791383169363,2564.785,-1.4816,-3.1582,0.2339
8796,BTCUSDT,SELL,1791383176941,83149.42499999999,-1.5310,-1.5310,3.0571
8797,ETHUSDT,SELL,1791383192144,2565.035,-2.4561,2.0273,5.1461
8798,BTCUSDT,SELL,1791383192570,83170.58499999999,-0.2657,4.6387,5.8410
8799,BTCUSDT,BUY,1791383198349,83171.455,-2.8159,-6.6429,-8.1098
8800,BTCUSDT,BUY,1791383199275,83152.805,-1.5393,-3.0558,-5.8687
8801,BTCUSDT,BUY,1791383200399,83140.005,-0.2406,-1.5167,-4.3300
8802,BTCUSDT,BUY,1791383202037,83136.005,-0.4811,-1.0357,-4.2725
8803,BTCUSDT,SELL,1791383208656,83116.205,-1.3463,-4.3072,7.4835
8804,ETHUSDT,SELL,1791383211340,2564.355,-2.4178,-3.0807,7.4483
8805,BTCUSDT,SELL,1791383213811,83127.39499999999,-0.7952,0.1672,8.8286
8807,BTCUSDT,SELL,1791383215346,83136.005,-2.2457,1.2028,9.8634
8806,ETHUSDT,SELL,1791383215346,2564.975,-2.3392,0.9747,9.5907
8808,ETHUSDT,SELL,1791383215650,2565.375,-0.7796,2.5337,11.1485
8809,ETHUSDT,BUY,1791383217466,2565.565,-0.9744,-3.2741,-11.8882
8810,BTCUSDT,BUY,1791383221550,83138.725,-0.8071,-1.7705,-10.1902
8811,BTCUSDT,BUY,1791383222579,83132.015,-0.7229,-0.9635,-9.3839
8812,ETHUSDT,BUY,1791383222694,2564.925,-0.7797,-0.7797,-11.6962
8813,ETHUSDT,BUY,1791383223755,2564.725,0.0000,-2.8073,-10.9173
8814,ETHUSDT,BUY,1791383233451,2564.165,-0.6240,-0.6240,-9.5158
8815,BTCUSDT,BUY,1791383256610,83122.005,-2.1655,-8.1807,-11.0681
8816,BTCUSDT,BUY,1791383256994,83106.005,-0.2407,-6.2571,-9.1449
8817,ETHUSDT,BUY,1791383257174,2563.71,-0.2925,-3.9591,-10.1611
8818,BTCUSDT,BUY,1791383262252,83100.0,-0.9621,-5.5349,-8.4230
8819,BTCUSDT,BUY,1791383263200,83096.005,-1.9255,-5.0544,-7.9426
8820,BTCUSDT,BUY,1791383266028,83058.005,-0.4816,-0.4816,-3.3711
8821,ETHUSDT,BUY,1791383268741,2562.625,-0.7024,-0.4292,-3.8242
8822,BTCUSDT,BUY,1791383283092,83054.005,-0.2408,-2.1673,-1.7025
8823,ETHUSDT,SELL,1791383287379,2561.295,-1.4446,-1.6788,-3.3577
8826,ETHUSDT,SELL,1791383299154,2561.725,-1.0930,1.0930,-1.3663
8827,ETHUSDT,BUY,1791383300980,2562.005,-3.0055,-2.1858,0.2732
8828,ETHUSDT,BUY,1791383304450,2561.2349999999997,-0.9761,0.8199,3.2797
8829,ETHUSDT,SELL,1791383308806,2560.9849999999997,-1.7962,-0.4686,-4.2562
8830,ETHUSDT,BUY,1791383315006,2561.435,-1.0541,-1.2883,2.4986
8831,BTCUSDT,SELL,1791383328364,83035.785,-2.4351,-1.0273,-5.6229
8832,BTCUSDT,SELL,1791383330690,83056.005,-0.0771,1.9433,-5.0460
8833,BTCUSDT,BUY,1791383334636,83056.64499999999,-0.2372,-1.0908,4.4981
8834,ETHUSDT,BUY,1791383334658,2562.125,-0.2732,-0.5074,0.6635
8835,BTCUSDT,BUY,1791383336622,83054.67499999999,-1.2474,0.7333,4.7354
8836,BTCUSDT,BUY,1791383337020,83052.005,-0.9259,1.0548,5.0571
8837,ETHUSDT,BUY,1791383337470,2562.0550000000003,-1.9516,0.3903,0.9367
8838,BTCUSDT,BUY,1791383337500,83048.745,-0.5707,1.4473,5.4498
8839,ETHUSDT,SELL,1791383343579,2561.565,-1.6787,-3.8258,1.2102
8840,BTCUSDT,SELL,1791383343616,83039.86499999999,-0.9297,-4.8964,-0.9803
8841,BTCUSDT,SELL,1791383345680,83047.58499999999,-1.5870,-3.9038,-0.0506
8842,BTCUSDT,SELL,1791383349892,83064.33499999999,-0.2010,-1.0847,1.9659
8843,BTCUSDT,SELL,1791383351446,83066.005,-2.0682,0.2408,1.4446
8844,BTCUSDT,SELL,1791383351922,83073.845,-1.1243,1.1845,2.3882
8845,BTCUSDT,SELL,1791383352168,83078.005,-0.6235,1.6852,2.8889
8846,ETHUSDT,SELL,1791383352226,2562.665,-1.0926,2.3023,5.5021
8848,BTCUSDT,BUY,1791383355312,83080.525,-0.5441,-2.2292,-3.1921
8847,ETHUSDT,BUY,1791383355299,2562.545,-1.4439,-1.8341,-5.0341
8849,BTCUSDT,BUY,1791383355712,83080.005,-0.8016,-2.1666,-3.1295
8850,BTCUSDT,BUY,1791383356327,83076.005,-0.3202,-1.6852,-2.4797
8851,BTCUSDT,BUY,1791383360257,83073.345,-1.1243,-1.3651,-1.6058
8852,ETHUSDT,SELL,1791383371628,2561.785,-1.1320,-1.1320,-4.6452
8853,BTCUSDT,SELL,1791383380048,83058.36499999999,-0.4659,-4.7617,-4.5318
8854,BTCUSDT,SELL,1791383382061,83062.235,-1.4856,-4.2956,-3.5841
8855,BTCUSDT,SELL,1791383382502,83070.005,-0.5501,-3.3598,-2.6484
8856,ETHUSDT,BUY,1791383385226,2562.075,-0.2732,0.8587,4.5276
8857,BTCUSDT,SELL,1791383385910,83077.295,-0.6235,-2.0114,-1.5299
8858,BTCUSDT,SELL,1791383388419,83082.475,-1.8584,-1.3878,1.0195
8859,ETHUSDT,SELL,1791383388621,2562.005,-1.9516,-1.1319,0.1561
8860,ETHUSDT,BUY,1791383392794,2562.285,-1.6782,-4.0198,-1.2489
8861,BTCUSDT,BUY,1791383392819,83097.91500000001,-0.4705,-6.0062,-4.5621
8862,ETHUSDT,BUY,1791383399936,2562.295,-1.3269,-4.0589,-1.2879
8863,ETHUSDT,BUY,1791383400584,2562.125,-0.7025,-3.3956,-0.6245
8864,ETHUSDT,BUY,1791383401718,2561.9449999999997,-2.6933,-2.6933,-0.9368
8865,BTCUSDT,BUY,1791383402391,83052.005,-0.4816,0.2408,-0.7224
8866,ETHUSDT,BUY,1791383402611,2561.465,-0.8198,-0.8198,0.9370
8867,BTCUSDT,SELL,1791383410772,83052.005,-0.2408,-0.9633,1.4449
8868,BTCUSDT,BUY,1791383422301,83058.67499999999,-0.5623,4.2536,1.8457
8869,ETHUSDT,SELL,1791383426492,2561.455,-1.4835,-8.4717,-6.0903
8870,BTCUSDT,SELL,1791383426585,83060.005,-0.4816,-4.3342,-3.1905
8871,BTCUSDT,SELL,1791383429470,83070.485,-2.7483,-3.0721,-1.8683
8872,ETHUSDT,SELL,1791383429540,2562.4849999999997,-3.7073,-2.9268,-1.1317
8873,ETHUSDT,BUY,1791383429958,2562.7349999999997,2.0681,1.9510,0.1561
8874,BTCUSDT,SELL,1791383430125,83078.565,-2.0992,-2.0992,-0.6548
8875,ETHUSDT,SELL,1791383430920,2562.835,-0.5463,-1.5608,-1.2096
8876,BTCUSDT,SELL,1791383430954,83093.315,-0.3237,0.1577,1.1204
8877,BTCUSDT,BUY,1791383432243,83096.005,-0.2407,-0.4814,-1.4441
8878,ETHUSDT,BUY,1791383432248,2562.965,1.4827,1.0535,0.7023
8879,BTCUSDT,SELL,1791383434460,83094.005,-0.2407,0.2407,1.2035
8880,ETHUSDT,BUY,1791383435273,2563.725,-0.3901,-1.9113,-3.1985
8881,ETHUSDT,BUY,1791383445705,2563.225,-0.4682,-4.9157,-2.5944
8882,BTCUSDT,BUY,1791383449293,83064.005,-0.4816,-0.4816,0.7223
8883,BTCUSDT,BUY,1791383458396,83066.005,-0.7223,-2.4077,2.1670
8884,BTCUSDT,BUY,1791383459245,83062.005,-0.2408,-1.9263,2.6486
8885,ETHUSDT,BUY,1791383460859,2561.965,-1.0148,-3.0836,4.8400
8886,BTCUSDT,BUY,1791383460887,83058.005,-1.4448,-2.1672,4.8159
8887,ETHUSDT,BUY,1791383461201,2561.755,-0.1952,-2.2641,5.6602
8888,ETHUSDT,BUY,1791383469287,2561.705,-2.0689,4.1769,2.8497
8889,ETHUSDT,BUY,1791383469886,2561.175,0.0000,7.1842,4.7244
8890,ETHUSDT,SELL,1791383472195,2561.185,-2.8112,-7.1451,-4.6853
8891,BTCUSDT,SELL,1791383472887,83040.005,-0.7225,-4.0944,-6.2620
8892,ETHUSDT,BUY,1791383473796,2561.9049999999997,1.8736,4.3327,0.7807
8893,ETHUSDT,SELL,1791383474535,2561.975,-1.6003,-4.0594,-1.2881
8894,BTCUSDT,SELL,1791383474634,83046.005,-1.0861,-4.8768,-4.8142
8895,ETHUSDT,SELL,1791383478997,2562.145,-3.3956,-2.4589,0.5074
8896,ETHUSDT,SELL,1791383479308,2562.775,-0.9365,-0.0000,3.7069
8897,BTCUSDT,SELL,1791383479688,83070.005,-0.4815,-1.6853,-0.4815
8898,BTCUSDT,SELL,1791383483213,83074.005,-0.7222,-1.2037,2.4075
8899,BTCUSDT,SELL,1791383483830,83078.005,-1.0231,-0.7222,2.8889
8900,ETHUSDT,BUY,1791383487860,2563.0150000000003,-0.9364,-0.4292,-5.9305
8901,ETHUSDT,BUY,1791383488815,2562.825,-0.1951,0.3122,-5.1896
8902,BTCUSDT,BUY,1791383489488,83086.005,-0.2407,-0.2407,-3.8514
8903,ETHUSDT,SELL,1791383490582,2562.775,-1.4437,-0.5073,4.9946
8904,ETHUSDT,SELL,1791383490870,2563.0550000000003,-0.3511,0.5852,6.0865
8905,ETHUSDT,BUY,1791383494196,2563.135,-0.8973,-0.8973,-2.6140
8906,BTCUSDT,BUY,1791383506772,83084.005,-0.9629,0.0000,2.4072
8907,ETHUSDT,BUY,1791383508165,2562.395,-1.6001,1.6391,2.3806
8908,ETHUSDT,BUY,1791383508526,2562.145,-1.1709,2.6150,2.4979
8909,ETHUSDT,SELL,1791383509799,2561.8500000000004,-1.5809,-3.7668,-3.6497
8910,BTCUSDT,SELL,1791383509882,83070.005,-0.8571,-1.6853,-3.1299
8911,BTCUSDT,SELL,1791383513768,83077.125,-0.1059,-4.1323,-3.2343
8912,BTCUSDT,SELL,1791383515720,83078.005,-0.7222,-2.4688,-3.8518
8913,BTCUSDT,SELL,1791383520312,83084.005,-1.9968,-0.9629,-3.3701
8914,ETHUSDT,SELL,1791383520315,2562.815,-1.5218,1.6778,-2.6143
8915,ETHUSDT,SELL,1791383520769,2563.0150000000003,-0.7413,2.4580,-1.8338
8916,ETHUSDT,SELL,1791383523252,2563.205,-2.6919,3.1991,-1.0924
8917,ETHUSDT,BUY,1791383524606,2563.885,-3.0423,-6.1625,-1.5601
8918,BTCUSDT,BUY,1791383525205,83111.86499999999,-1.6063,-3.1139,1.0636
8919,BTCUSDT,BUY,1791383527470,83098.515,-0.0614,-1.5078,2.6703
8920,ETHUSDT,BUY,1791383528960,2562.715,-1.2877,-2.3803,3.7460
8921,BTCUSDT,BUY,1791383528973,83098.005,-0.7220,-2.0404,2.7317
8922,ETHUSDT,BUY,1791383529408,2562.435,-0.1951,-2.3805,4.8391
8923,BTCUSDT,BUY,1791383533490,83086.005,-0.0024,-3.8514,3.3700
8924,BTCUSDT,SELL,1791383533878,83084.005,-0.2383,3.6108,-3.6108
8925,BTCUSDT,BUY,1791383539620,83076.005,-1.2037,-2.6482,5.9452
8926,ETHUSDT,BUY,1791383541993,2561.425,-0.1562,1.4445,11.7903
8927,ETHUSDT,SELL,1791383544040,2561.385,-0.4295,-4.2165,-12.6104
8928,ETHUSDT,SELL,1791383544269,2561.435,-0.2342,-4.0212,-12.4149
8929,BTCUSDT,SELL,1791383551250,83054.005,-0.9620,-6.7426,-12.5304
8930,ETHUSDT,SELL,1791383553192,2561.795,-2.6154,-5.1136,-10.3443
8931,BTCUSDT,SELL,1791383559006,83086.005,-2.8886,-1.2036,-4.8143
8932,ETHUSDT,SELL,1791383559022,2562.745,-2.3022,-0.1561,-3.3558
8933,BTCUSDT,SELL,1791383559660,83101.505,-1.0228,0.6618,-2.9482
8934,ETHUSDT,SELL,1791383559777,2563.165,0.5072,1.4825,-1.7166
8935,ETHUSDT,SELL,1791383561237,2563.045,-1.2095,1.8728,-2.1849
8936,ETHUSDT,BUY,1791383563033,2563.355,-0.9753,-3.0819,2.3017
8937,BTCUSDT,BUY,1791383563074,83110.005,-0.7219,-1.6845,1.9252
8938,ETHUSDT,BUY,1791383566706,2563.105,-0.3902,0.3121,0.1951
8939,ETHUSDT,SELL,1791383573686,2562.9449999999997,-0.9364,-2.1070,2.6922
8940,BTCUSDT,SELL,1791383584240,83112.015,-1.0456,-0.2394,-1.4426
8941,BTCUSDT,SELL,1791383584454,83115.10500000001,-0.6738,0.1323,-1.0708
8942,ETHUSDT,SELL,1791383585409,2563.4849999999997,-0.7412,-1.4433,-0.2731
8943,BTCUSDT,BUY,1791383589216,83120.005,-0.4812,0.6485,-0.2406
8944,ETHUSDT,BUY,1791383590474,2563.675,-1.2092,0.7021,-1.8333
8945,BTCUSDT,BUY,1791383590487,83116.005,-0.2406,1.1297,0.2406
8946,ETHUSDT,BUY,1791383591183,2563.505,-0.5461,1.3653,-1.1703
8947,BTCUSDT,SELL,1791383595249,83114.005,-1.3704,-4.8127,-3.3689
8948,ETHUSDT,SELL,1791383595249,2563.365,-1.9115,-4.8764,-4.8374
8950,BTCUSDT,SELL,1791383601713,83125.39499999999,-2.7200,-3.9314,-3.2012
8949,ETHUSDT,SELL,1791383601708,2563.855,-2.9643,-3.8224,-1.6382
8951,ETHUSDT,SELL,1791383606048,2564.615,-1.5597,2.4565,-0.4289
8952,ETHUSDT,BUY,1791383609363,2565.0150000000003,-0.6628,-5.4970,-1.1306
8953,ETHUSDT,BUY,1791383611897,2564.835,-1.5206,-3.4700,-2.1444
8954,BTCUSDT,BUY,1791383611908,83158.07500000001,-0.2489,-3.8565,0.0409
8955,ETHUSDT,BUY,1791383614819,2564.165,-0.7020,-3.9389,2.8079
8956,BTCUSDT,BUY,1791383615201,83134.005,-0.4812,-1.6840,4.8115
8957,ETHUSDT,BUY,1791383618111,2563.975,-1.4431,-3.1982,4.0952
8958,ETHUSDT,BUY,1791383624317,2563.8450000000003,-2.6913,-6.2016,2.5353
8959,BTCUSDT,BUY,1791383628580,83116.005,-2.1656,-2.6469,7.6002
8960,ETHUSDT,BUY,1791383628644,2563.1549999999997,-2.4969,-2.0678,6.9836
8961,ETHUSDT,BUY,1791383629399,2562.645,-1.9511,0.3902,8.8971
8962,ETHUSDT,SELL,1791383632404,2562.1549999999997,-0.3903,-5.4642,-8.7426
8963,BTCUSDT,SELL,1791383635045,83088.005,-0.4152,-4.3328,-8.6559
8964,ETHUSDT,SELL,1791383638069,2562.325,-3.0441,-2.4977,-7.4542
8965,BTCUSDT,SELL,1791383638770,83094.005,-1.9255,-3.1290,-6.2483
8966,ETHUSDT,SELL,1791383638861,2562.625,-1.9121,-1.0146,-6.2826
8967,BTCUSDT,SELL,1791383639464,83108.005,-0.2407,-1.2033,-4.5627
8968,ETHUSDT,SELL,1791383639489,2562.745,-1.4438,-1.7950,-4.8776
8969,ETHUSDT,SELL,1791383641814,2563.115,-1.7167,-0.3511,-2.4189
8970,ETHUSDT,BUY,1791383646718,2563.255,-1.1314,5.3058,2.2237
8971,BTCUSDT,BUY,1791383646738,83124.005,-0.4812,2.6466,2.6370
8972,ETHUSDT,SELL,1791383649021,2562.885,-1.2486,-7.4525,-4.0189
8973,ETHUSDT,SELL,1791383654280,2563.205,-5.4619,-4.1745,-0.7022
8974,BTCUSDT,SELL,1791383655021,83134.005,-1.4435,-1.8043,-0.0000
8975,ETHUSDT,SELL,1791383657185,2564.615,-0.7019,-0.4289,7.9934
8976,ETHUSDT,BUY,1791383659635,2564.625,-1.3647,0.3899,-6.2777
8977,BTCUSDT,BUY,1791383664119,83150.005,0.1924,1.9242,-1.6837
8978,BTCUSDT,SELL,1791383664985,83148.67499999999,-0.6410,-2.9189,1.5238
8979,ETHUSDT,BUY,1791383671085,2564.715,-1.6766,-0.8578,-5.8876
8980,ETHUSDT,SELL,1791383674571,2564.785,-0.8188,1.1307,6.1604
8981,ETHUSDT,SELL,1791383674828,2564.885,-0.4289,1.5205,6.5500
8982,BTCUSDT,BUY,1791383680620,83179.17499999999,-1.1024,-1.3429,-5.1407
8983,ETHUSDT,SELL,1791383685283,2564.505,-1.7157,0.4289,5.3422
8984,BTCUSDT,BUY,1791383689976,83172.005,-0.4809,-3.1357,-5.5307
8985,ETHUSDT,BUY,1791383690256,2564.5950000000003,-0.3509,-2.3396,-5.4590
8986,ETHUSDT,BUY,1791383691560,2564.505,-0.4289,-3.0025,-5.8491
8987,BTCUSDT,BUY,1791383695496,83159.92499999999,-1.9144,-1.6835,-4.0789
8988,BTCUSDT,BUY,1791383696231,83152.015,-0.7324,-0.7324,-3.1280
8989,ETHUSDT,SELL,1791383696820,2563.785,-1.7552,-0.1560,-0.1170
8990,BTCUSDT,SELL,1791383696985,83144.005,-0.2309,-0.2309,2.1649
8991,ETHUSDT,BUY,1791383700976,2563.995,-1.0140,-0.3120,-0.7020
8992,ETHUSDT,BUY,1791383706668,2563.9049999999997,0.0780,-5.2264,0.3510
8993,BTCUSDT,SELL,1791383707107,83145.92499999999,-0.2502,3.2208,4.0796
8994,ETHUSDT,SELL,1791383707289,2563.825,-0.3510,4.9145,-0.6631
8995,ETHUSDT,BUY,1791383711450,2563.915,-2.0672,-3.5103,0.3120
8996,BTCUSDT,BUY,1791383711839,83148.005,-1.6837,-1.8930,-3.2797
8997,ETHUSDT,BUY,1791383715184,2563.375,-1.2874,-1.3264,4.1352
8998,BTCUSDT,BUY,1791383716269,83126.005,-0.8253,1.2030,1.6673
8999,BTCUSDT,SELL,1791383717685,83119.14499999999,-1.5785,-2.9909,-2.4928
9000,ETHUSDT,SELL,1791383717727,2562.565,-1.7561,-2.4975,-7.2974
9001,BTCUSDT,SELL,1791383718605,83130.005,-0.2719,-1.8116,-1.1861
9002,BTCUSDT,SELL,1791383721862,83132.265,-0.4499,-1.1716,-1.4122
9003,BTCUSDT,SELL,1791383726845,83139.92499999999,-0.4907,-0.9719,-1.9678
9004,ETHUSDT,SELL,1791383736241,2563.205,-2.0287,0.2731,-6.7103
9005,ETHUSDT,BUY,1791383739208,2563.995,-2.3791,-3.1201,3.6272
9006,BTCUSDT,BUY,1791383739845,83148.005,-1.3939,-2.6459,4.3260
9007,ETHUSDT,BUY,1791383741962,2563.2349999999997,-0.3901,-0.8973,8.6609
9008,BTCUSDT,BUY,1791383742445,83132.005,-0.2406,-2.1652,8.1389
9009,BTCUSDT,BUY,1791383743722,83130.005,-0.4812,-1.0622,8.3796
9010,ETHUSDT,SELL,1791383749069,2563.135,-0.2341,-2.6530,-8.4662
9011,BTCUSDT,BUY,1791383750607,83126.005,-1.4436,0.0000,6.9774
9012,ETHUSDT,BUY,1791383750617,2563.1949999999997,-0.7413,2.4189,6.7494
9013,BTCUSDT,SELL,1791383755101,83121.17499999999,-0.5811,1.5844,-5.3933
9014,BTCUSDT,SELL,1791383755376,83122.005,-0.4812,1.6843,-5.2934
9015,ETHUSDT,SELL,1791383755377,2563.625,-0.7411,1.6383,-4.5639
9016,ETHUSDT,BUY,1791383756857,2563.815,0.0000,0.7021,3.8224
9017,BTCUSDT,BUY,1791383762305,83126.005,-1.4436,-0.6340,1.9248
9018,ETHUSDT,BUY,1791383764218,2563.755,-2.1453,0.9361,-0.5461
9019,BTCUSDT,BUY,1791383764231,83112.005,-0.4813,2.4064,2.8877
9020,BTCUSDT,SELL,1791383766006,83108.005,-0.4813,-3.8336,-3.3691
9021,BTCUSDT,SELL,1791383772464,83120.735,-0.6340,-3.7849,-2.5589
9022,BTCUSDT,SELL,1791383774066,83126.005,-0.9624,-3.1506,-3.0352
9023,BTCUSDT,SELL,1791383774931,83132.005,-0.9455,-2.4287,-1.9246
9024,ETHUSDT,BUY,1791383788322,2564.995,-0.6628,-0.2729,-4.9903
9025,ETHUSDT,BUY,1791383789527,2564.815,-1.1307,0.4289,-4.2888
9026,ETHUSDT,BUY,1791383789789,2564.525,0.0000,1.5597,-3.1585
9027,ETHUSDT,SELL,1791383801554,2565.115,-2.3781,0.7407,6.4714
9028,ETHUSDT,BUY,1791383805388,2565.715,-0.6236,-3.5857,-10.5624
9029,BTCUSDT,BUY,1791383807166,83199.66500000001,-0.6803,-4.7668,-11.9784
9030,BTCUSDT,BUY,1791383809744,83194.005,-1.2020,-5.2888,-12.7413
9031,BTCUSDT,BUY,1791383811143,83184.005,-1.4426,-4.0873,-11.5407
9032,BTCUSDT,BUY,1791383811944,83182.005,-1.2022,-4.5683,-11.3005
9033,BTCUSDT,BUY,1791383814472,83172.005,-0.7214,-4.3284,-10.0996
9034,BTCUSDT,BUY,1791383816946,83166.005,-1.4429,-3.6072,-10.7929
9035,BTCUSDT,BUY,1791383818773,83154.005,-0.4810,-2.1647,-9.3513
9036,BTCUSDT,BUY,1791383819106,83152.005,-0.2405,-1.9242,-9.1110
9037,BTCUSDT,BUY,1791383821616,83150.005,-0.9621,-1.6837,-10.3428
9038,BTCUSDT,BUY,1791383822047,83144.005,-0.2405,-0.9622,-9.6219
9039,BTCUSDT,BUY,1791383823923,83140.005,-0.4811,1.3507,-9.1412
9040,ETHUSDT,SELL,1791383831483,2563.615,-1.1312,-0.4291,5.8121
9041,ETHUSDT,SELL,1791383832041,2563.785,-0.4681,0.2340,6.4748
9042,BTCUSDT,SELL,1791383833189,83142.005,-1.1101,1.6839,8.6599
9043,BTCUSDT,SELL,1791383833379,83144.005,-0.7084,1.9244,8.9002
9044,BTCUSDT,BUY,1791383834335,83151.235,-0.3884,-2.7937,-9.7689
9045,BTCUSDT,SELL,1791383835623,83148.005,-0.0000,2.4053,9.1403
9046,ETHUSDT,BUY,1791383836275,2564.455,-1.6768,-2.8856,-9.9046
9047,BTCUSDT,BUY,1791383837627,83146.66500000001,-0.0794,-2.2442,-8.7388
9048,BTCUSDT,BUY,1791383852239,83128.005,-1.4436,-1.8730,-7.4584
9049,ETHUSDT,SELL,1791383858949,2563.115,-1.3265,2.1458,10.7681
9050,BTCUSDT,SELL,1791383859149,83116.005,-0.7086,3.3688,11.0689
9051,BTCUSDT,BUY,1791383862420,83108.935,-1.0745,-2.5184,-8.5322
9052,ETHUSDT,BUY,1791383866555,2563.005,-1.2095,-3.4335,-9.7152
9053,ETHUSDT,BUY,1791383868519,2562.6949999999997,-0.5073,-2.2242,-7.5311
9054,ETHUSDT,SELL,1791383872718,2562.575,-0.0000,3.0048,7.9217
9055,ETHUSDT,BUY,1791383873911,2562.575,-1.7560,-3.0048,-6.4388
9056,BTCUSDT,SELL,1791383897615,83072.005,-0.2408,-0.9630,5.2039
9058,BTCUSDT,SELL,1791383903047,83074.005,-1.2423,0.9630,4.4972
9059,BTCUSDT,SELL,1791383903550,83076.545,-0.9365,1.7141,4.8028
9060,BTCUSDT,BUY,1791383907071,83082.005,-0.2407,-6.9811,-6.9811
9061,BTCUSDT,BUY,1791383911746,83080.005,-1.6851,-5.0530,-6.7405
9062,ETHUSDT,BUY,1791383912791,2561.495,-0.1952,-4.4505,-4.4505
9063,BTCUSDT,BUY,1791383913838,83062.305,-1.8576,-2.9231,-2.4993
9064,ETHUSDT,BUY,1791383915830,2560.975,-2.4210,-1.1324,-1.7962
9065,ETHUSDT,BUY,1791383916110,2560.535,-0.7030,-0.0781,-0.0781
9066,BTCUSDT,SELL,1791383920941,83024.015,-1.6875,-2.1668,-1.4442
9067,BTCUSDT,SELL,1791383921281,83030.01000000001,-0.9653,-1.4447,-0.7220
9068,BTCUSDT,SELL,1791383921707,83034.005,-0.4841,-0.9635,-0.2409
9069,BTCUSDT,SELL,1791383922278,83038.025,-0.0000,-0.4793,0.2433
9070,ETHUSDT,SELL,1791383924857,2560.355,-1.2889,-2.2263,-1.7966
9071,BTCUSDT,SELL,1791383924900,83038.025,-0.4793,-1.6836,0.2433
9072,ETHUSDT,SELL,1791383927389,2560.5150000000003,-1.4450,-2.6557,-0.7030
9073,ETHUSDT,SELL,1791383933657,2560.545,-1.4841,-0.7811,1.3278
9074,BTCUSDT,SELL,1791383934758,83048.005,-0.7225,1.3679,0.9633
9075,BTCUSDT,SELL,1791383935526,83052.005,-0.2408,1.8494,1.4449
9076,ETHUSDT,BUY,1791383938213,2561.1949999999997,-0.6638,-2.6550,-3.2797
9077,BTCUSDT,BUY,1791383938548,83052.005,-0.7224,-3.8530,-1.4449
9078,ETHUSDT,BUY,1791383941899,2561.025,-0.4295,-2.3038,-2.6161
9079,ETHUSDT,BUY,1791383948299,2560.5150000000003,-0.3124,0.3515,0.4687
9080,BTCUSDT,SELL,1791383951114,83020.005,-1.0564,-1.0564,-3.6654
9081,BTCUSDT,BUY,1791383964846,83036.64499999999,-1.0405,0.5901,1.1116
9082,BTCUSDT,BUY,1791383965733,83028.775,-0.5745,1.1117,2.0595
9083,BTCUSDT,BUY,1791383966372,83028.005,-0.4818,1.2044,2.1523
9084,BTCUSDT,BUY,1791383966561,83026.005,-0.2409,1.4453,2.3932
9085,ETHUSDT,BUY,1791383966606,2560.8450000000003,-1.9134,-1.2886,-1.9134
9086,ETHUSDT,SELL,1791383973088,2560.355,-0.6640,-1.7966,-1.4842
9087,BTCUSDT,SELL,1791383973524,83037.565,-0.4793,0.1879,-2.7915
9088,ETHUSDT,SELL,1791383973651,2560.525,-0.0000,-1.1326,-0.8201
9089,BTCUSDT,BUY,1791383975525,83041.535,-0.4251,-0.6659,2.3133
9091,BTCUSDT,BUY,1791383977233,83038.005,-0.7226,0.7226,2.7385
9090,ETHUSDT,BUY,1791383977225,2560.3450000000003,-0.2734,1.6013,1.8357
9092,ETHUSDT,SELL,1791383978261,2560.275,-1.0546,-1.6404,-2.1091
9093,ETHUSDT,SELL,1791383979962,2560.545,-1.0545,1.3278,-1.0545
9094,BTCUSDT,SELL,1791383980132,83032.005,-0.4817,-0.9635,-3.6865
9095,BTCUSDT,SELL,1791383986155,83040.005,-0.4817,-0.0000,-0.1867
9096,ETHUSDT,BUY,1791383987021,2560.825,-0.5076,-1.8353,-3.9440
9097,BTCUSDT,BUY,1791383989590,83044.005,-0.4817,-0.4817,-0.2950
9098,ETHUSDT,SELL,1791383993911,2560.205,-1.0937,-0.5859,1.5233
9099,ETHUSDT,SELL,1791383994331,2560.315,-0.6640,-0.1562,1.9529
9100,ETHUSDT,BUY,1791383996890,2560.475,-0.4687,0.8983,-2.5386
9101,ETHUSDT,SELL,1791384005202,2560.355,-1.3670,-1.0936,2.2653
9102,ETHUSDT,SELL,1791384005477,2560.475,-0.8983,-0.1562,2.7339
9103,BTCUSDT,BUY,1791384015279,83050.435,-0.7742,-0.5491,-0.0518
9104,ETHUSDT,BUY,1791384015282,2560.635,-0.5077,-1.0935,-1.7183
9105,BTCUSDT,SELL,1791384024517,83044.005,-0.2252,-2.0158,0.0638
9106,BTCUSDT,SELL,1791384027307,83045.875,-0.2565,-1.7906,0.2890
9107,ETHUSDT,SELL,1791384027644,2560.355,-0.2343,-1.7966,-0.1562
9108,BTCUSDT,SELL,1791384029992,83048.005,-1.5341,-1.7592,0.5455
9109,ETHUSDT,SELL,1791384035914,2560.74,-0.2929,3.6122,1.5035
9110,BTCUSDT,SELL,1791384040730,83062.61499999999,-0.0000,2.5354,2.2405
9111,ETHUSDT,BUY,1791384040994,2560.8050000000003,-1.7573,-3.8660,-1.9916
9112,BTCUSDT,BUY,1791384041594,83062.685,-1.2858,-2.5439,-2.2489
9113,ETHUSDT,SELL,1791384045689,2559.745,-0.2735,-0.9767,-2.1487
9114,ETHUSDT,BUY,1791384056213,2559.995,-0.6641,-0.3516,0.2734
9115,BTCUSDT,BUY,1791384058388,83041.555,-0.1867,0.2312,-0.4275
9116,ETHUSDT,BUY,1791384059381,2559.825,-0.1953,0.3125,0.9376
9117,BTCUSDT,BUY,1791384059941,83040.005,-0.2408,0.4179,-0.2408
9118,ETHUSDT,SELL,1791384061102,2559.775,-0.0000,-1.6408,-1.1329
9119,BTCUSDT,SELL,1791384065653,83038.005,-0.6587,-1.4451,-0.0000
9120,ETHUSDT,SELL,1791384066542,2559.9049999999997,-0.0000,-1.1329,-1.2500
9121,BTCUSDT,BUY,1791384073711,83057.225,-0.8693,-1.6555,-1.1101
9122,ETHUSDT,SELL,1791384089624,2560.4049999999997,-0.2343,0.1953,3.6713
9123,ETHUSDT,BUY,1791384093526,2560.795,-1.7182,-1.9525,-4.9594
9124,BTCUSDT,BUY,1791384094180,83045.38500000001,-0.1662,-0.1662,-2.8310
9125,ETHUSDT,BUY,1791384099792,2560.355,-0.2343,-0.2343,-3.4761
9126,BTCUSDT,BUY,1791384112010,83052.005,-0.7224,-1.6857,-5.7795
9127,ETHUSDT,BUY,1791384112571,2560.295,-0.4296,-0.8983,-4.0620
9128,BTCUSDT,BUY,1791384115510,83040.005,-0.2408,-0.2408,-4.3353
9129,ETHUSDT,SELL,1791384130911,2560.225,-0.7031,-1.4452,3.7887
9130,ETHUSDT,SELL,1791384133144,2560.755,-0.2343,2.5774,3.4755
9131,BTCUSDT,BUY,1791384134560,83048.005,-0.3083,-2.8899,-4.6973
9132,BTCUSDT,BUY,1791384136290,83045.445,-0.6575,-3.3042,-3.9436
9133,ETHUSDT,BUY,1791384140991,2560.5950000000003,-1.9527,-4.4130,-2.8509
9134,BTCUSDT,BUY,1791384141477,83028.005,-0.2409,-1.2044,-1.8440
9135,ETHUSDT,BUY,1791384144776,2560.0950000000003,-1.0156,-2.2265,-1.5624
9136,ETHUSDT,SELL,1791384145271,2559.465,-1.4456,-0.2344,-0.8986
9137,ETHUSDT,BUY,1791384146597,2559.835,-1.4454,-1.4454,-0.5469
9138,ETHUSDT,BUY,1791384147413,2559.535,-0.2735,-0.2735,-0.3516
9140,BTCUSDT,BUY,1791384162222,83021.875,-1.4297,-2.1524,-2.8330
9139,ETHUSDT,BUY,1791384162221,2559.465,-1.5628,-0.8205,-0.8205
9141,BTCUSDT,BUY,1791384163438,83010.005,-0.5626,-0.7228,-1.4034
9142,ETHUSDT,SELL,1791384163970,2559.175,-0.2345,-0.3126,-0.3126
9143,BTCUSDT,BUY,1791384171441,83005.33499999999,-0.1602,-0.1602,-0.8409
9144,BTCUSDT,BUY,1791384182882,83004.005,-0.3614,-0.0012,-1.0120
9145,ETHUSDT,SELL,1791384191782,2559.255,-2.3835,-1.7193,-0.0000
9146,ETHUSDT,SELL,1791384191990,2559.465,-1.5628,-0.8986,0.8205
9147,BTCUSDT,SELL,1791384192797,83002.005,-0.2398,-1.2879,0.7711
9148,BTCUSDT,SELL,1791384194798,83008.995,-0.4457,-0.8445,2.0468
9149,BTCUSDT,SELL,1791384194950,83010.005,-0.3241,-0.5626,2.1684
9150,ETHUSDT,BUY,1791384201628,2559.855,-0.6250,-1.6017,-3.2814
9151,BTCUSDT,SELL,1791384204539,83012.695,0.0831,1.0468,5.4233
9152,BTCUSDT,BUY,1791384207134,83010.005,-0.7228,-1.4034,-1.0589
9153,BTCUSDT,BUY,1791384240707,82998.345,-0.3301,-0.3301,-0.7241
9155,BTCUSDT,BUY,1791384255073,82992.005,-0.4374,-1.2182,-0.3543
9154,ETHUSDT,BUY,1791384255064,2559.145,-0.5080,0.5471,2.0710
9156,BTCUSDT,BUY,1791384255295,82988.375,-0.5567,-0.7808,0.0831
9157,BTCUSDT,BUY,1791384258351,82980.005,-2.2825,3.1333,1.2852
9158,BTCUSDT,SELL,1791384260026,82961.065,-0.3544,-5.6581,-4.1429
9159,BTCUSDT,SELL,1791384261119,82964.005,-0.4424,-5.9279,-3.7884
9160,ETHUSDT,SELL,1791384265350,2559.285,-0.4689,-2.3053,-2.8133
9161,BTCUSDT,SELL,1791384266295,82989.295,-1.4363,-2.8787,-0.7399
9162,ETHUSDT,SELL,1791384266794,2559.4049999999997,-0.5861,-2.4224,-2.3443
9163,BTCUSDT,SELL,1791384268159,83004.005,-0.2410,-2.0541,1.0325
9165,BTCUSDT,SELL,1791384269430,83006.005,-0.8650,-2.1685,0.4530
9164,ETHUSDT,SELL,1791384269429,2559.5600000000004,-0.7618,-2.8325,-0.8400
9166,ETHUSDT,SELL,1791384273722,2559.825,-0.1953,-1.5235,-0.7032
9167,BTCUSDT,SELL,1791384279304,83021.055,-0.3553,0.8492,-1.2214
9168,ETHUSDT,BUY,1791384281825,2560.285,-0.2734,-3.3199,1.1717
9169,BTCUSDT,BUY,1791384285235,83019.505,-0.1807,-3.2727,2.5681
9170,BTCUSDT,BUY,1791384291381,83014.005,-0.9637,-2.6104,2.7574
9171,ETHUSDT,BUY,1791384292403,2559.425,-0.6251,-0.1172,2.8522
9172,BTCUSDT,BUY,1791384292730,83006.005,-0.7228,-1.6469,3.7214
9173,ETHUSDT,SELL,1791384302392,2559.295,-0.3907,-1.4848,-3.3603
9174,ETHUSDT,SELL,1791384306142,2559.395,-1.0940,-1.1722,-2.9695
9175,BTCUSDT,SELL,1791384308526,82992.015,-0.0386,-0.4121,-5.4077
9176,BTCUSDT,SELL,1791384318337,82989.995,-0.6555,-0.6555,-7.7383
9177,ETHUSDT,SELL,1791384328043,2559.435,-1.3284,-2.2271,-3.9853
9178,ETHUSDT,SELL,1791384329737,2559.775,-0.8985,-0.8985,-2.6565
9179,BTCUSDT,SELL,1791384338014,83021.055,-1.2214,-1.9079,0.3674
9180,BTCUSDT,SELL,1791384338379,83028.715,-0.2987,-0.9852,1.3778
9181,BTCUSDT,SELL,1791384342485,83031.195,-1.1598,-0.6865,3.7564
9182,ETHUSDT,BUY,1791384345437,2560.815,-2.5773,-2.5773,-6.6776
9183,ETHUSDT,SELL,1791384369698,2560.455,-0.8983,-2.1090,4.8819
9184,BTCUSDT,SELL,1791384378421,83054.215,-0.0987,2.0842,7.3446
9185,ETHUSDT,BUY,1791384397647,2560.455,-1.7184,-5.2725,-4.6476
9186,BTCUSDT,BUY,1791384398105,83018.005,-1.0660,-2.6500,-3.5137
9187,ETHUSDT,BUY,1791384398605,2560.225,-2.8123,-4.3746,-3.7497
9188,BTCUSDT,BUY,1791384399020,83012.005,-1.2046,-1.9274,-2.7912
9189,ETHUSDT,BUY,1791384399032,2560.0150000000003,-1.9922,-3.5547,-2.9297
9190,ETHUSDT,BUY,1791384399392,2559.685,-0.7032,-2.2659,-1.6408
9191,BTCUSDT,BUY,1791384418253,83006.005,-2.1414,-3.9696,-2.0685
9192,BTCUSDT,BUY,1791384419217,83004.255,-2.1987,-3.7588,-1.8577
9193,ETHUSDT,BUY,1791384419227,2559.165,0.6643,0.1563,0.7815
9194,ETHUSDT,SELL,1791384419571,2559.005,-1.4850,-0.7816,-1.4068
9195,BTCUSDT,BUY,1791384426258,82997.755,-2.9760,-2.8615,-0.8518
9196,BTCUSDT,SELL,1791384435808,82973.06,-1.8012,-1.3806,-2.1242
9197,BTCUSDT,BUY,1791384439128,82993.215,-1.0483,0.3916,-0.3048
9198,BTCUSDT,SELL,1791384446237,82984.515,-1.4400,-1.0496,-2.0570
9199,BTCUSDT,SELL,1791384446558,82986.41500000001,-1.2110,-0.8206,-1.8280
9200,ETHUSDT,SELL,1791384449891,2559.615,-0.7814,1.3674,-3.5943
